m,lam,f,Jstar,Jsize,mu,vpi,parity
1,2,1,0,1,0,0,0
1,1|1,1,0,1,0,0,0
2,4,1,0,1,0,0,0
2,3|1,3,0,1,0,0,0
2,2|2,2,0|2,2,2,inf,0
2,2|1|1,3,0,1,0,0,0
2,1|1|1|1,1,0,1,0,0,0
3,6,1,0,1,0,0,0
3,5|1,5,0,1,0,0,0
3,4|2,9,0,1,0,0,0
3,4|1|1,10,0|2,2,2,3,0
3,3|3,5,0,1,0,0,0
3,3|2|1,16,3,1,5,5,1
3,3|1|1|1,10,0|2,2,2,3,0
3,2|2|2,5,0,1,0,0,0
3,2|2|1|1,9,0,1,0,0,0
3,2|1|1|1|1,5,0,1,0,0,0
3,1|1|1|1|1|1,1,0,1,0,0,0
4,8,1,0,1,0,0,0
4,7|1,7,0,1,0,0,0
4,6|2,20,0|2,2,4,6,0
4,6|1|1,21,0,1,0,0,0
4,5|3,28,0|2,2,4,6,0
4,5|2|1,64,3,1,9,9,1
4,5|1|1|1,35,0,1,0,0,0
4,4|4,14,0,1,2,2,0
4,4|3|1,70,0,1,2,2,0
4,4|2|2,56,0|4,2,6,8,0
4,4|2|1|1,90,0,1,2,2,0
4,4|1|1|1|1,35,0,1,0,0,0
4,3|3|2,42,0,1,2,2,0
4,3|3|1|1,56,0|4,2,6,8,0
4,3|2|2|1,70,0,1,2,2,0
4,3|2|1|1|1,64,3,1,9,9,1
4,3|1|1|1|1|1,21,0,1,0,0,0
4,2|2|2|2,14,0,1,2,2,0
4,2|2|2|1|1,28,0|2,2,4,6,0
4,2|2|1|1|1|1,20,0|2,2,4,6,0
4,2|1|1|1|1|1|1,7,0,1,0,0,0
4,1|1|1|1|1|1|1|1,1,0,1,0,0,0
5,10,1,0,1,0,0,0
5,9|1,9,0,1,0,0,0
5,8|2,35,0,1,0,0,0
5,8|1|1,36,0|2,2,4,5,0
5,7|3,75,0,1,0,0,0
5,7|2|1,160,3,1,7,7,1
5,7|1|1|1,84,0|2,2,4,5,0
5,6|4,90,0,1,2,2,0
5,6|3|1,315,0,1,0,0,0
5,6|2|2,225,0,1,0,0,0
5,6|2|1|1,350,0,1,2,2,0
5,6|1|1|1|1,126,0,1,2,2,0
5,5|5,42,0,1,2,2,0
5,5|4|1,288,3,1,7,7,1
5,5|3|2,450,0,1,2,2,0
5,5|3|1|1,567,0,1,0,0,0
5,5|2|2|1,525,0,1,0,0,0
5,5|2|1|1|1,448,3|5,2,9,11,1
5,5|1|1|1|1|1,126,0,1,2,2,0
5,4|4|2,252,0|2,2,4,5,0
5,4|4|1|1,300,0|2,2,4,5,0
5,4|3|3,210,0,1,2,2,0
5,4|3|2|1,768,5,1,11,11,1
5,4|3|1|1|1,525,0,1,0,0,0
5,4|2|2|2,300,0|2,2,4,5,0
5,4|2|2|1|1,567,0,1,0,0,0
5,4|2|1|1|1|1,350,0,1,2,2,0
5,4|1|1|1|1|1|1,84,0|2,2,4,5,0
5,3|3|3|1,210,0,1,2,2,0
5,3|3|2|2,252,0|2,2,4,5,0
5,3|3|2|1|1,450,0,1,2,2,0
5,3|3|1|1|1|1,225,0,1,0,0,0
5,3|2|2|2|1,288,3,1,7,7,1
5,3|2|2|1|1|1,315,0,1,0,0,0
5,3|2|1|1|1|1|1,160,3,1,7,7,1
5,3|1|1|1|1|1|1|1,36,0|2,2,4,5,0
5,2|2|2|2|2,42,0,1,2,2,0
5,2|2|2|2|1|1,90,0,1,2,2,0
5,2|2|2|1|1|1|1,75,0,1,0,0,0
5,2|2|1|1|1|1|1|1,35,0,1,0,0,0
5,2|1|1|1|1|1|1|1|1,9,0,1,0,0,0
5,1|1|1|1|1|1|1|1|1|1,1,0,1,0,0,0
6,12,1,0,1,0,0,0
6,11|1,11,0,1,0,0,0
6,10|2,54,0|2,2,2,6,0
6,10|1|1,55,0,1,0,0,0
6,9|3,154,0|2,2,2,6,0
6,9|2|1,320,3,1,9,9,1
6,9|1|1|1,165,0,1,0,0,0
6,8|4,275,0,1,0,0,0
6,8|3|1,891,0,1,0,0,0
6,8|2|2,616,0|4,2,6,8,0
6,8|2|1|1,945,0,1,0,0,0
6,8|1|1|1|1,330,0,1,2,2,0
6,7|5,297,0,1,0,0,0
6,7|4|1,1408,3|5,2,11,12,1
6,7|3|2,1925,0,1,0,0,0
6,7|3|1|1,2376,0|4,2,6,8,0
6,7|2|2|1,2079,0,1,0,0,0
6,7|2|1|1|1,1728,3,1,9,9,1
6,7|1|1|1|1|1,462,0,1,2,2,0
6,6|6,132,0|2,2,4,9,0
6,6|5|1,1155,0,1,0,0,0
6,6|4|2,2673,0,1,0,0,0
6,6|4|1|1,3080,0|4,2,6,8,0
6,6|3|3,1650,0|2,2,2,6,0
6,6|3|2|1,5632,5,1,13,13,1
6,6|3|1|1|1,3696,0|2|4|6,4,8,15,0
6,6|2|2|2,1925,0,1,0,0,0
6,6|2|2|1|1,3564,0|2,2,4,9,0
6,6|2|1|1|1|1,2100,0|2,2,4,8,0
6,6|1|1|1|1|1|1,462,0,1,2,2,0
6,5|5|2,1320,0|4,2,6,8,0
6,5|5|1|1,1485,0,1,0,0,0
6,5|4|3,2112,3,1,9,9,1
6,5|4|2|1,5775,0,1,0,0,0
6,5|4|1|1|1,3520,3,1,9,9,1
6,5|3|3|1,4158,0|2,2,2,6,0
6,5|3|2|2,4455,0,1,0,0,0
6,5|3|2|1|1,7700,0|2,2,4,8,0
6,5|3|1|1|1|1,3564,0|2,2,4,9,0
6,5|2|2|2|1,3520,3,1,9,9,1
6,5|2|2|1|1|1,3696,0|2|4|6,4,8,15,0
6,5|2|1|1|1|1|1,1728,3,1,9,9,1
6,5|1|1|1|1|1|1|1,330,0,1,2,2,0
6,4|4|4,462,0,1,2,2,0
6,4|4|3|1,2970,0,1,2,2,0
6,4|4|2|2,2640,0|2|4|6,4,8,12,0
6,4|4|2|1|1,4455,0,1,0,0,0
6,4|4|1|1|1|1,1925,0,1,0,0,0
6,4|3|3|2,2970,0,1,2,2,0
6,4|3|3|1|1,4158,0|2,2,2,6,0
6,4|3|2|2|1,5775,0,1,0,0,0
6,4|3|2|1|1|1,5632,5,1,13,13,1
6,4|3|1|1|1|1|1,2079,0,1,0,0,0
6,4|2|2|2|2,1485,0,1,0,0,0
6,4|2|2|2|1|1,3080,0|4,2,6,8,0
6,4|2|2|1|1|1|1,2376,0|4,2,6,8,0
6,4|2|1|1|1|1|1|1,945,0,1,0,0,0
6,4|1|1|1|1|1|1|1|1,165,0,1,0,0,0
6,3|3|3|3,462,0,1,2,2,0
6,3|3|3|2|1,2112,3,1,9,9,1
6,3|3|3|1|1|1,1650,0|2,2,2,6,0
6,3|3|2|2|2,1320,0|4,2,6,8,0
6,3|3|2|2|1|1,2673,0,1,0,0,0
6,3|3|2|1|1|1|1,1925,0,1,0,0,0
6,3|3|1|1|1|1|1|1,616,0|4,2,6,8,0
6,3|2|2|2|2|1,1155,0,1,0,0,0
6,3|2|2|2|1|1|1,1408,3|5,2,11,12,1
6,3|2|2|1|1|1|1|1,891,0,1,0,0,0
6,3|2|1|1|1|1|1|1|1,320,3,1,9,9,1
6,3|1|1|1|1|1|1|1|1|1,55,0,1,0,0,0
6,2|2|2|2|2|2,132,0|2,2,4,9,0
6,2|2|2|2|2|1|1,297,0,1,0,0,0
6,2|2|2|2|1|1|1|1,275,0,1,0,0,0
6,2|2|2|1|1|1|1|1|1,154,0|2,2,2,6,0
6,2|2|1|1|1|1|1|1|1|1,54,0|2,2,2,6,0
6,2|1|1|1|1|1|1|1|1|1|1,11,0,1,0,0,0
6,1|1|1|1|1|1|1|1|1|1|1|1,1,0,1,0,0,0
7,14,1,0,1,0,0,0
7,13|1,13,0,1,0,0,0
7,12|2,77,0,1,0,0,0
7,12|1|1,78,0|2,2,2,3,0
7,11|3,273,0,1,0,0,0
7,11|2|1,560,3,1,5,5,1
7,11|1|1|1,286,0|2,2,2,3,0
7,10|4,637,0,1,0,0,0
7,10|3|1,2002,0,1,2,2,0
7,10|2|2,1365,0,1,0,0,0
7,10|2|1|1,2079,0,1,0,0,0
7,10|1|1|1|1,715,0,1,0,0,0
7,9|5,1001,0,1,0,0,0
7,9|4|1,4368,3,1,5,5,1
7,9|3|2,5733,0,1,0,0,0
7,9|3|1|1,7007,0,1,0,0,0
7,9|2|2|1,6006,0,1,2,2,0
7,9|2|1|1|1,4928,3|5,2,9,15,1
7,9|1|1|1|1|1,1287,0,1,0,0,0
7,8|6,1001,0,1,0,0,0
7,8|5|1,6006,0|2,2,2,3,0
7,8|4|2,12012,0|2,2,4,5,0
7,8|4|1|1,13650,0|2,2,2,3,0
7,8|3|3,7007,0,1,0,0,0
7,8|3|2|1,23296,5,1,11,11,1
7,8|3|1|1|1,15015,0,1,0,0,0
7,8|2|2|2,7644,0|2,2,4,5,0
7,8|2|2|1|1,14014,0,1,2,2,0
7,8|2|1|1|1|1,8085,0,1,0,0,0
7,8|1|1|1|1|1|1,1716,0|2,2,4,5,0
7,7|7,429,0,1,0,0,0
7,7|6|1,4576,3,1,7,7,1
7,7|5|2,14014,0|2,2,2,3,0
7,7|5|1|1,15444,0|2,2,4,5,0
7,7|4|3,16016,3,1,5,5,1
7,7|4|2|1,42042,0|2,2,2,3,0
7,7|4|1|1|1,24960,3|7,2,11,13,1
7,7|3|3|1,27027,0,1,0,0,0
7,7|3|2|2,28028,0|2,2,4,5,0
7,7|3|2|1|1,47775,0,1,0,0,0
7,7|3|1|1|1|1,21450,0,1,2,2,0
7,7|2|2|2|1,20384,3,1,7,7,1
7,7|2|2|1|1|1,21021,0,1,0,0,0
7,7|2|1|1|1|1|1,9504,3,1,7,7,1
7,7|1|1|1|1|1|1|1,1716,0|2,2,4,5,0
7,6|6|2,6435,0,1,0,0,0
7,6|6|1|1,7007,0,1,0,0,0
7,6|5|3,15015,0,1,0,0,0
7,6|5|2|1,36608,5,1,11,11,1
7,6|5|1|1|1,21021,0,1,0,0,0
7,6|4|4,9009,0,1,0,0,0
7,6|4|3|1,50050,0,1,2,2,0
7,6|4|2|2,42042,0|2,2,2,3,0
7,6|4|2|1|1,69498,0,1,2,2,0
7,6|4|1|1|1|1,28665,0,1,0,0,0
7,6|3|3|2,35035,0,1,0,0,0
7,6|3|3|1|1,48048,0|2|4|6,4,8,12,0
7,6|3|2|2|1,63063,0,1,0,0,0
7,6|3|2|1|1|1,59904,5|7,2,13,15,1
7,6|3|1|1|1|1|1,21021,0,1,0,0,0
7,6|2|2|2|2,14014,0,1,2,2,0
7,6|2|2|2|1|1,28665,0,1,0,0,0
7,6|2|2|1|1|1|1,21450,0,1,2,2,0
7,6|2|1|1|1|1|1|1,8085,0,1,0,0,0
7,6|1|1|1|1|1|1|1|1,1287,0,1,0,0,0
7,5|5|4,6006,0,1,2,2,0
7,5|5|3|1,27027,0,1,0,0,0
7,5|5|2|2,21450,0|2,2,2,3,0
7,5|5|2|1|1,35035,0,1,0,0,0
7,5|5|1|1|1|1,14014,0,1,2,2,0
7,5|4|4|1,21021,0,1,0,0,0
7,5|4|3|2,48048,3,1,5,5,1
7,5|4|3|1|1,64064,3|5,2,9,13,1
7,5|4|2|2|1,68640,3,1,7,7,1
7,5|4|2|1|1|1,63063,0,1,0,0,0
7,5|4|1|1|1|1|1,20384,3,1,7,7,1
7,5|3|3|3,15015,0,1,0,0,0
7,5|3|3|2|1,64064,3|5,2,9,13,1
7,5|3|3|1|1|1,48048,0|2|4|6,4,8,12,0
7,5|3|2|2|2,35035,0,1,0,0,0
7,5|3|2|2|1|1,69498,0,1,2,2,0
7,5|3|2|1|1|1|1,47775,0,1,0,0,0
7,5|3|1|1|1|1|1|1,14014,0,1,2,2,0
7,5|2|2|2|2|1,21021,0,1,0,0,0
7,5|2|2|2|1|1|1,24960,3|7,2,11,13,1
7,5|2|2|1|1|1|1|1,15015,0,1,0,0,0
7,5|2|1|1|1|1|1|1|1,4928,3|5,2,9,15,1
7,5|1|1|1|1|1|1|1|1|1,715,0,1,0,0,0
7,4|4|4|2,12012,0|2,2,4,5,0
7,4|4|4|1|1,15015,0,1,0,0,0
7,4|4|3|3,12012,0|2,2,4,5,0
7,4|4|3|2|1,48048,3,1,5,5,1
7,4|4|3|1|1|1,35035,0,1,0,0,0
7,4|4|2|2|2,21450,0|2,2,2,3,0
7,4|4|2|2|1|1,42042,0|2,2,2,3,0
7,4|4|2|1|1|1|1,28028,0|2,2,4,5,0
7,4|4|1|1|1|1|1|1,7644,0|2,2,4,5,0
7,4|3|3|3|1,21021,0,1,0,0,0
7,4|3|3|2|2,27027,0,1,0,0,0
7,4|3|3|2|1|1,50050,0,1,2,2,0
7,4|3|3|1|1|1|1,27027,0,1,0,0,0
7,4|3|2|2|2|1,36608,5,1,11,11,1
7,4|3|2|2|1|1|1,42042,0|2,2,2,3,0
7,4|3|2|1|1|1|1|1,23296,5,1,11,11,1
7,4|3|1|1|1|1|1|1|1,6006,0,1,2,2,0
7,4|2|2|2|2|2,7007,0,1,0,0,0
7,4|2|2|2|2|1|1,15444,0|2,2,4,5,0
7,4|2|2|2|1|1|1|1,13650,0|2,2,2,3,0
7,4|2|2|1|1|1|1|1|1,7007,0,1,0,0,0
7,4|2|1|1|1|1|1|1|1|1,2079,0,1,0,0,0
7,4|1|1|1|1|1|1|1|1|1|1,286,0|2,2,2,3,0
7,3|3|3|3|2,6006,0,1,2,2,0
7,3|3|3|3|1|1,9009,0,1,0,0,0
7,3|3|3|2|2|1,15015,0,1,0,0,0
7,3|3|3|2|1|1|1,16016,3,1,5,5,1
7,3|3|3|1|1|1|1|1,7007,0,1,0,0,0
7,3|3|2|2|2|2,6435,0,1,0,0,0
7,3|3|2|2|2|1|1,14014,0|2,2,2,3,0
7,3|3|2|2|1|1|1|1,12012,0|2,2,4,5,0
7,3|3|2|1|1|1|1|1|1,5733,0,1,0,0,0
7,3|3|1|1|1|1|1|1|1|1,1365,0,1,0,0,0
7,3|2|2|2|2|2|1,4576,3,1,7,7,1
7,3|2|2|2|2|1|1|1,6006,0|2,2,2,3,0
7,3|2|2|2|1|1|1|1|1,4368,3,1,5,5,1
7,3|2|2|1|1|1|1|1|1|1,2002,0,1,2,2,0
7,3|2|1|1|1|1|1|1|1|1|1,560,3,1,5,5,1
7,3|1|1|1|1|1|1|1|1|1|1|1,78,0|2,2,2,3,0
7,2|2|2|2|2|2|2,429,0,1,0,0,0
7,2|2|2|2|2|2|1|1,1001,0,1,0,0,0
7,2|2|2|2|2|1|1|1|1,1001,0,1,0,0,0
7,2|2|2|2|1|1|1|1|1|1,637,0,1,0,0,0
7,2|2|2|1|1|1|1|1|1|1|1,273,0,1,0,0,0
7,2|2|1|1|1|1|1|1|1|1|1|1,77,0,1,0,0,0
7,2|1|1|1|1|1|1|1|1|1|1|1|1,13,0,1,0,0,0
7,1|1|1|1|1|1|1|1|1|1|1|1|1|1,1,0,1,0,0,0
8,16,1,0,1,0,0,0
8,15|1,15,0,1,0,0,0
8,14|2,104,0|2,2,6,8,0
8,14|1|1,105,0,1,0,0,0
8,13|3,440,0|2,2,6,8,0
8,13|2|1,896,3,1,11,11,1
8,13|1|1|1,455,0,1,0,0,0
8,12|4,1260,0,1,4,4,0
8,12|3|1,3900,0,1,4,4,0
8,12|2|2,2640,0|4,2,8,10,0
8,12|2|1|1,4004,0,1,4,4,0
8,12|1|1|1|1,1365,0,1,0,0,0
8,11|5,2548,0,1,4,4,0
8,11|4|1,10752,3|5,2,15,16,1
8,11|3|2,13860,0,1,4,4,0
8,11|3|1|1,16848,0|4,2,8,10,0
8,11|2|2|1,14300,0,1,4,4,0
8,11|2|1|1|1,11648,3,1,11,11,1
8,11|1|1|1|1|1,3003,0,1,0,0,0
8,10|6,3640,0|2,2,6,8,0
8,10|5|1,20020,0,1,4,4,0
8,10|4|2,38220,0,1,4,4,0
8,10|4|1|1,43120,0|4,2,8,10,0
8,10|3|3,21840,0|2,2,8,10,0
8,10|3|2|1,71680,5,1,17,17,1
8,10|3|1|1|1,45760,0|2|4|6,4,12,21,0
8,10|2|2|2,23100,0,1,4,4,0
8,10|2|2|1|1,42120,0|2,2,6,8,0
8,10|2|1|1|1|1,24024,0|2,2,6,8,0
8,10|1|1|1|1|1|1,5005,0,1,0,0,0
8,9|7,3432,0|2,2,6,8,0
8,9|6|1,24960,3,1,11,11,1
8,9|5|2,65520,0|4,2,8,10,0
8,9|5|1|1,71500,0,1,4,4,0
8,9|4|3,69888,3,1,13,13,1
8,9|4|2|1,180180,0,1,4,4,0
8,9|4|1|1|1,105600,3,1,11,11,1
8,9|3|3|1,112112,0|2,2,8,10,0
8,9|3|2|2,114660,0,1,4,4,0
8,9|3|2|1|1,194040,0|2,2,6,8,0
8,9|3|1|1|1|1,85800,0|2,2,6,8,0
8,9|2|2|2|1,80640,3,1,13,13,1
8,9|2|2|1|1|1,82368,0|2|4|6,4,12,21,0
8,9|2|1|1|1|1|1,36608,3,1,13,13,1
8,9|1|1|1|1|1|1|1,6435,0,1,0,0,0
8,8|8,1430,0,1,2,2,0
8,8|7|1,18018,0,1,2,2,0
8,8|6|2,68640,0|4,2,10,12,0
8,8|6|1|1,73710,0,1,2,2,0
8,8|5|3,112112,0|4,2,8,10,0
8,8|5|2|1,266240,5|7,2,19,20,1
8,8|5|1|1|1,150150,0,1,2,2,0
8,8|4|4,60060,0,1,4,4,0
8,8|4|3|1,318500,0,1,4,4,0
8,8|4|2|2,262080,0|2|4|6,4,12,16,0
8,8|4|2|1|1,429000,0,1,6,6,0
8,8|4|1|1|1|1,173250,0,1,2,2,0
8,8|3|3|2,206388,0,1,4,4,0
8,8|3|3|1|1,280280,0|2,2,6,8,0
8,8|3|2|2|1,360360,0,1,6,6,0
8,8|3|2|1|1|1,337920,5,1,17,17,1
8,8|3|1|1|1|1|1,115830,0,1,2,2,0
8,8|2|2|2|2,76440,0,1,6,6,0
8,8|2|2|2|1|1,155232,0|4,2,10,12,0
8,8|2|2|1|1|1|1,114400,0|4,2,10,12,0
8,8|2|1|1|1|1|1|1,42042,0,1,2,2,0
8,8|1|1|1|1|1|1|1|1,6435,0,1,0,0,0
8,7|7|2,30030,0,1,2,2,0
8,7|7|1|1,32032,0|4,2,10,12,0
8,7|6|3,91520,3,1,11,11,1
8,7|6|2|1,210210,0,1,2,2,0
8,7|6|1|1|1,116480,3,1,13,13,1
8,7|5|4,100100,0,1,4,4,0
8,7|5|3|1,416988,0,1,4,4,0
8,7|5|2|2,320320,0|2|4|6,4,12,16,0
8,7|5|2|1|1,515970,0,1,2,2,0
8,7|5|1|1|1|1,200200,0,1,6,6,0
8,7|4|4|1,240240,0|4,2,8,10,0
8,7|4|3|2,512512,3|5,2,15,16,1
8,7|4|3|1|1,673920,3,1,11,11,1
8,7|4|2|2|1,698880,3|5,2,15,16,1
8,7|4|2|1|1|1,630630,0,1,2,2,0
8,7|4|1|1|1|1|1,197120,3|5,2,15,16,1
8,7|3|3|3,140140,0,1,4,4,0
8,7|3|3|2|1,582400,3,1,13,13,1
8,7|3|3|1|1|1,429000,0|2,2,6,8,0
8,7|3|2|2|2,305760,0|4,2,10,12,0
8,7|3|2|2|1|1,600600,0,1,6,6,0
8,7|3|2|1|1|1|1,404250,0,1,2,2,0
8,7|3|1|1|1|1|1|1,114400,0|4,2,10,12,0
8,7|2|2|2|2|1,168168,0,1,6,6,0
8,7|2|2|2|1|1|1,197120,3|5,2,15,16,1
8,7|2|2|1|1|1|1|1,115830,0,1,2,2,0
8,7|2|1|1|1|1|1|1|1,36608,3,1,13,13,1
8,7|1|1|1|1|1|1|1|1|1,5005,0,1,0,0,0
8,6|6|4,51480,0|2,2,6,8,0
8,6|6|3|1,200200,0|2,2,6,8,0
8,6|6|2|2,150150,0,1,2,2,0
8,6|6|2|1|1,240240,0|2,2,8,10,0
8,6|6|1|1|1|1,91728,0|2,2,8,10,0
8,6|5|5,36036,0,1,4,4,0
8,6|5|4|1,292864,5,1,17,17,1
8,6|5|3|2,500500,0,1,4,4,0
8,6|5|3|1|1,648648,0|2,2,6,8,0
8,6|5|2|2|1,630630,0,1,2,2,0
8,6|5|2|1|1|1,559104,5,1,17,17,1
8,6|5|1|1|1|1|1,168168,0,1,6,6,0
8,6|4|4|2,336336,0|4,2,8,10,0
8,6|4|4|1|1,411840,0|2|4|6,4,12,19,0
8,6|4|3|3,300300,0,1,4,4,0
8,6|4|3|2|1,1153152,3,1,11,11,1
8,6|4|3|1|1|1,819000,0|2,2,6,8,0
8,6|4|2|2|2,480480,0|4,2,10,12,0
8,6|4|2|2|1|1,928746,0,1,2,2,0
8,6|4|2|1|1|1|1,600600,0,1,6,6,0
8,6|4|1|1|1|1|1|1,155232,0|4,2,10,12,0
8,6|3|3|3|1,360360,0|2,2,6,8,0
8,6|3|3|2|2,448448,0|2|4|6,4,12,19,0
8,6|3|3|2|1|1,819000,0|2,2,6,8,0
8,6|3|3|1|1|1|1,429000,0|2,2,6,8,0
8,6|3|2|2|2|1,559104,5,1,17,17,1
8,6|3|2|2|1|1|1,630630,0,1,2,2,0
8,6|3|2|1|1|1|1|1,337920,5,1,17,17,1
8,6|3|1|1|1|1|1|1|1,82368,0|2|4|6,4,12,21,0
8,6|2|2|2|2|2,91728,0|2,2,8,10,0
8,6|2|2|2|2|1|1,200200,0,1,6,6,0
8,6|2|2|2|1|1|1|1,173250,0,1,2,2,0
8,6|2|2|1|1|1|1|1|1,85800,0|2,2,6,8,0
8,6|2|1|1|1|1|1|1|1|1,24024,0|2,2,6,8,0
8,6|1|1|1|1|1|1|1|1|1|1,3003,0,1,0,0,0
8,5|5|5|1,60060,0,1,4,4,0
8,5|5|4|2,231660,0,1,4,4,0
8,5|5|4|1|1,280280,0|2,2,6,8,0
8,5|5|3|3,171600,0|4,2,8,10,0
8,5|5|3|2|1,640640,3,1,11,11,1
8,5|5|3|1|1|1,448448,0|2|4|6,4,12,19,0
8,5|5|2|2|2,250250,0,1,2,2,0
8,5|5|2|2|1|1,480480,0|4,2,10,12,0
8,5|5|2|1|1|1|1,305760,0|4,2,10,12,0
8,5|5|1|1|1|1|1|1,76440,0,1,6,6,0
8,5|4|4|3,180180,0,1,4,4,0
8,5|4|4|2|1,549120,3,1,13,13,1
8,5|4|4|1|1|1,360360,0|2,2,6,8,0
8,5|4|3|3|1,549120,3,1,13,13,1
8,5|4|3|2|2,640640,3,1,11,11,1
8,5|4|3|2|1|1,1153152,3,1,11,11,1
8,5|4|3|1|1|1|1,582400,3,1,13,13,1
8,5|4|2|2|2|1,630630,0,1,2,2,0
8,5|4|2|2|1|1|1,698880,3|5,2,15,16,1
8,5|4|2|1|1|1|1|1,360360,0,1,6,6,0
8,5|4|1|1|1|1|1|1|1,80640,3,1,13,13,1
8,5|3|3|3|2,280280,0|2,2,6,8,0
8,5|3|3|3|1|1,411840,0|2|4|6,4,12,19,0
8,5|3|3|2|2|1,648648,0|2,2,6,8,0
8,5|3|3|2|1|1|1,673920,3,1,11,11,1
8,5|3|3|1|1|1|1|1,280280,0|2,2,6,8,0
8,5|3|2|2|2|2,240240,0|2,2,8,10,0
8,5|3|2|2|2|1|1,515970,0,1,2,2,0
8,5|3|2|2|1|1|1|1,429000,0,1,6,6,0
8,5|3|2|1|1|1|1|1|1,194040,0|2,2,6,8,0
8,5|3|1|1|1|1|1|1|1|1,42120,0|2,2,6,8,0
8,5|2|2|2|2|2|1,116480,3,1,13,13,1
8,5|2|2|2|2|1|1|1,150150,0,1,2,2,0
8,5|2|2|2|1|1|1|1|1,105600,3,1,11,11,1
8,5|2|2|1|1|1|1|1|1|1,45760,0|2|4|6,4,12,21,0
8,5|2|1|1|1|1|1|1|1|1|1,11648,3,1,11,11,1
8,5|1|1|1|1|1|1|1|1|1|1|1,1365,0,1,0,0,0
8,4|4|4|4,24024,0,1,6,6,0
8,4|4|4|3|1,180180,0,1,4,4,0
8,4|4|4|2|2,171600,0|4,2,8,10,0
8,4|4|4|2|1|1,300300,0,1,4,4,0
8,4|4|4|1|1|1|1,140140,0,1,4,4,0
8,4|4|3|3|2,231660,0,1,4,4,0
8,4|4|3|3|1|1,336336,0|4,2,8,10,0
8,4|4|3|2|2|1,500500,0,1,4,4,0
8,4|4|3|2|1|1|1,512512,3|5,2,15,16,1
8,4|4|3|1|1|1|1|1,206388,0,1,4,4,0
8,4|4|2|2|2|2,150150,0,1,2,2,0
8,4|4|2|2|2|1|1,320320,0|2|4|6,4,12,16,0
8,4|4|2|2|1|1|1|1,262080,0|2|4|6,4,12,16,0
8,4|4|2|1|1|1|1|1|1,114660,0,1,4,4,0
8,4|4|1|1|1|1|1|1|1|1,23100,0,1,4,4,0
8,4|3|3|3|3,60060,0,1,4,4,0
8,4|3|3|3|2|1,292864,5,1,17,17,1
8,4|3|3|3|1|1|1,240240,0|4,2,8,10,0
8,4|3|3|2|2|2,200200,0|2,2,6,8,0
8,4|3|3|2|2|1|1,416988,0,1,4,4,0
8,4|3|3|2|1|1|1|1,318500,0,1,4,4,0
8,4|3|3|1|1|1|1|1|1,112112,0|2,2,8,10,0
8,4|3|2|2|2|2|1,210210,0,1,2,2,0
8,4|3|2|2|2|1|1|1,266240,5|7,2,19,20,1
8,4|3|2|2|1|1|1|1|1,180180,0,1,4,4,0
8,4|3|2|1|1|1|1|1|1|1,71680,5,1,17,17,1
8,4|3|1|1|1|1|1|1|1|1|1,14300,0,1,4,4,0
8,4|2|2|2|2|2|2,32032,0|4,2,10,12,0
8,4|2|2|2|2|2|1|1,73710,0,1,2,2,0
8,4|2|2|2|2|1|1|1|1,71500,0,1,4,4,0
8,4|2|2|2|1|1|1|1|1|1,43120,0|4,2,8,10,0
8,4|2|2|1|1|1|1|1|1|1|1,16848,0|4,2,8,10,0
8,4|2|1|1|1|1|1|1|1|1|1|1,4004,0,1,4,4,0
8,4|1|1|1|1|1|1|1|1|1|1|1|1,455,0,1,0,0,0
8,3|3|3|3|3|1,36036,0,1,4,4,0
8,3|3|3|3|2|2,51480,0|2,2,6,8,0
8,3|3|3|3|2|1|1,100100,0,1,4,4,0
8,3|3|3|3|1|1|1|1,60060,0,1,4,4,0
8,3|3|3|2|2|2|1,91520,3,1,11,11,1
8,3|3|3|2|2|1|1|1,112112,0|4,2,8,10,0
8,3|3|3|2|1|1|1|1|1,69888,3,1,13,13,1
8,3|3|3|1|1|1|1|1|1|1,21840,0|2,2,8,10,0
8,3|3|2|2|2|2|2,30030,0,1,2,2,0
8,3|3|2|2|2|2|1|1,68640,0|4,2,10,12,0
8,3|3|2|2|2|1|1|1|1,65520,0|4,2,8,10,0
8,3|3|2|2|1|1|1|1|1|1,38220,0,1,4,4,0
8,3|3|2|1|1|1|1|1|1|1|1,13860,0,1,4,4,0
8,3|3|1|1|1|1|1|1|1|1|1|1,2640,0|4,2,8,10,0
8,3|2|2|2|2|2|2|1,18018,0,1,2,2,0
8,3|2|2|2|2|2|1|1|1,24960,3,1,11,11,1
8,3|2|2|2|2|1|1|1|1|1,20020,0,1,4,4,0
8,3|2|2|2|1|1|1|1|1|1|1,10752,3|5,2,15,16,1
8,3|2|2|1|1|1|1|1|1|1|1|1,3900,0,1,4,4,0
8,3|2|1|1|1|1|1|1|1|1|1|1|1,896,3,1,11,11,1
8,3|1|1|1|1|1|1|1|1|1|1|1|1|1,105,0,1,0,0,0
8,2|2|2|2|2|2|2|2,1430,0,1,2,2,0
8,2|2|2|2|2|2|2|1|1,3432,0|2,2,6,8,0
8,2|2|2|2|2|2|1|1|1|1,3640,0|2,2,6,8,0
8,2|2|2|2|2|1|1|1|1|1|1,2548,0,1,4,4,0
8,2|2|2|2|1|1|1|1|1|1|1|1,1260,0,1,4,4,0
8,2|2|2|1|1|1|1|1|1|1|1|1|1,440,0|2,2,6,8,0
8,2|2|1|1|1|1|1|1|1|1|1|1|1|1,104,0|2,2,6,8,0
8,2|1|1|1|1|1|1|1|1|1|1|1|1|1|1,15,0,1,0,0,0
8,1|1|1|1|1|1|1|1|1|1|1|1|1|1|1|1,1,0,1,0,0,0
9,18,1,0,1,0,0,0
9,17|1,17,0,1,0,0,0
9,16|2,135,0,1,0,0,0
9,16|1|1,136,0|2,2,6,7,0
9,15|3,663,0,1,0,0,0
9,15|2|1,1344,3,1,9,9,1
9,15|1|1|1,680,0|2,2,6,7,0
9,14|4,2244,0,1,4,4,0
9,14|3|1,6885,0,1,0,0,0
9,14|2|2,4641,0,1,0,0,0
9,14|2|1|1,7020,0,1,4,4,0
9,14|1|1|1|1,2380,0,1,4,4,0
9,13|5,5508,0,1,4,4,0
9,13|4|1,22848,3,1,9,9,1
9,13|3|2,29172,0,1,4,4,0
9,13|3|1|1,35343,0,1,0,0,0
9,13|2|2|1,29835,0,1,0,0,0
9,13|2|1|1|1,24192,3|5,2,11,13,1
9,13|1|1|1|1|1,6188,0,1,4,4,0
9,12|6,9996,0,1,4,4,0
9,12|5|1,53040,0|2,2,8,9,0
9,12|4|2,99144,0|2,2,6,7,0
9,12|4|1|1,111384,0|2,2,6,7,0
9,12|3|3,56100,0,1,4,4,0
9,12|3|2|1,182784,5,1,13,13,1
9,12|3|1|1|1,116025,0,1,0,0,0
9,12|2|2|2,58344,0|2,2,6,7,0
9,12|2|2|1|1,106029,0,1,0,0,0
9,12|2|1|1|1|1,60060,0,1,4,4,0
9,12|1|1|1|1|1|1,12376,0|2,2,6,7,0
9,11|7,13260,0,1,4,4,0
9,11|6|1,88128,3,1,9,9,1
9,11|5|2,219912,0|2,2,6,7,0
9,11|5|1|1,238680,0|2,2,6,7,0
9,11|4|3,228480,3,1,11,11,1
9,11|4|2|1,583440,0|2,2,8,9,0
9,11|4|1|1|1,339456,3|7,2,15,17,1
9,11|3|3|1,358020,0,1,4,4,0
9,11|3|2|2,363528,0|2,2,6,7,0
9,11|3|2|1|1,612612,0,1,4,4,0
9,11|3|1|1|1|1,268515,0,1,0,0,0
9,11|2|2|2|1,251328,3,1,9,9,1
9,11|2|2|1|1|1,255255,0,1,0,0,0
9,11|2|1|1|1|1|1,112320,3,1,9,9,1
9,11|1|1|1|1|1|1|1,19448,0|2,2,6,7,0
9,10|8,11934,0,1,2,2,0
9,10|7|1,102102,0,1,2,2,0
9,10|6|2,331500,0,1,4,4,0
9,10|6|1|1,353430,0,1,2,2,0
9,10|5|3,501228,0,1,4,4,0
9,10|5|2|1,1175040,5,1,13,13,1
9,10|5|1|1|1,656370,0,1,2,2,0
9,10|4|4,259896,0,1,6,6,0
9,10|4|3|1,1349460,0,1,4,4,0
9,10|4|2|2,1099560,0|2,2,6,7,0
9,10|4|2|1|1,1790100,0,1,4,4,0
9,10|4|1|1|1|1,714714,0,1,2,2,0
9,10|3|3|2,848232,0,1,6,6,0
9,10|3|3|1|1,1145664,0|2|4|6,4,12,16,0
9,10|3|2|2|1,1458600,0,1,6,6,0
9,10|3|2|1|1|1,1357824,5|7,2,17,21,1
9,10|3|1|1|1|1|1,459459,0,1,0,0,0
9,10|2|2|2|2,302940,0,1,4,4,0
9,10|2|2|2|1|1,612612,0,1,4,4,0
9,10|2|2|1|1|1|1,447525,0,1,0,0,0
9,10|2|1|1|1|1|1|1,162162,0,1,2,2,0
9,10|1|1|1|1|1|1|1|1,24310,0,1,2,2,0
9,9|9,4862,0,1,2,2,0
9,9|8|1,70720,3,1,9,9,1
9,9|7|2,322218,0,1,2,2,0
9,9|7|1|1,340340,0,1,4,4,0
9,9|6|3,678912,3|5|7|9,4,17,22,1
9,9|6|2|1,1531530,0,1,2,2,0
9,9|6|1|1|1,837760,3|5,2,11,13,1
9,9|5|4,649740,0,1,4,4,0
9,9|5|3|1,2625480,0,1,6,6,0
9,9|5|2|2,1989000,0|2,2,6,7,0
9,9|5|2|1|1,3180870,0,1,2,2,0
9,9|5|1|1|1|1,1215500,0,1,4,4,0
9,9|4|4|1,1429428,0,1,4,4,0
9,9|4|3|2,2970240,3,1,11,11,1
9,9|4|3|1|1,3877632,3|5,2,13,15,1
9,9|4|2|2|1,3965760,3,1,9,9,1
9,9|4|2|1|1|1,3544398,0,1,2,2,0
9,9|4|1|1|1|1|1,1089088,3,1,9,9,1
9,9|3|3|3,779688,0,1,6,6,0
9,9|3|3|2|1,3198720,3|5,2,13,15,1
9,9|3|3|1|1|1,2333760,0|2|4|6,4,12,16,0
9,9|3|2|2|2,1649340,0,1,4,4,0
9,9|3|2|2|1|1,3222180,0,1,4,4,0
9,9|3|2|1|1|1|1,2144142,0,1,2,2,0
9,9|3|1|1|1|1|1|1,595595,0,1,0,0,0
9,9|2|2|2|2|1,875160,0,1,6,6,0
9,9|2|2|2|1|1|1,1018368,3|7,2,15,17,1
9,9|2|2|1|1|1|1|1,590733,0,1,0,0,0
9,9|2|1|1|1|1|1|1|1,183040,3|5,2,13,15,1
9,9|1|1|1|1|1|1|1|1|1,24310,0,1,2,2,0
9,8|8|2,136136,0|2,2,6,7,0
9,8|8|1|1,143208,0|2,2,6,7,0
9,8|7|3,510510,0,1,2,2,0
9,8|7|2|1,1131520,5,1,15,15,1
9,8|7|1|1|1,612612,0,1,4,4,0
9,8|6|4,787644,0,1,4,4,0
9,8|6|3|1,2923830,0,1,2,2,0
9,8|6|2|2,2148120,0|2,2,6,7,0
9,8|6|2|1|1,3403400,0,1,6,6,0
9,8|6|1|1|1|1,1272348,0,1,4,4,0
9,8|5|5,408408,0|2,2,6,7,0
9,8|5|4|1,3055104,5,1,13,13,1
9,8|5|3|2,5012280,0|2,2,6,7,0
9,8|5|3|1|1,6432426,0,1,2,2,0
9,8|5|2|2|1,6126120,0|2,2,6,7,0
9,8|5|2|1|1|1,5361664,5|9,2,19,21,1
9,8|5|1|1|1|1|1,1575288,0|2,2,6,7,0
9,8|4|4|2,3007368,0|2,2,6,7,0
9,8|4|4|1|1,3646500,0,1,4,4,0
9,8|4|3|3,2598960,0|2,2,8,9,0
9,8|4|3|2|1,9801792,3,1,9,9,1
9,8|4|3|1|1|1,6872250,0,1,2,2,0
9,8|4|2|2|2,3978000,0|2,2,8,9,0
9,8|4|2|2|1|1,7634088,0|2,2,6,7,0
9,8|4|2|1|1|1|1,4862000,0|2,2,8,9,0
9,8|4|1|1|1|1|1|1,1225224,0|2,2,6,7,0
9,8|3|3|3|1,2858856,0,1,6,6,0
9,8|3|3|2|2,3508596,0,1,4,4,0
9,8|3|3|2|1|1,6361740,0,1,4,4,0
9,8|3|3|1|1|1|1,3281850,0,1,2,2,0
9,8|3|2|2|2|1,4230144,5,1,15,15,1
9,8|3|2|2|1|1|1,4725864,0|2,2,6,7,0
9,8|3|2|1|1|1|1|1,2489344,5,1,15,15,1
9,8|3|1|1|1|1|1|1|1,590733,0,1,0,0,0
9,8|2|2|2|2|2,659736,0,1,6,6,0
9,8|2|2|2|2|1|1,1432080,0|2,2,8,9,0
9,8|2|2|2|1|1|1|1,1225224,0|2,2,6,7,0
9,8|2|2|1|1|1|1|1|1,595595,0,1,0,0,0
9,8|2|1|1|1|1|1|1|1|1,162162,0,1,2,2,0
9,8|1|1|1|1|1|1|1|1|1|1,19448,0|2,2,6,7,0
9,7|7|4,364650,0,1,2,2,0
9,7|7|3|1,1312740,0,1,4,4,0
9,7|7|2|2,952952,0|2,2,6,7,0
9,7|7|2|1|1,1503684,0,1,4,4,0
9,7|7|1|1|1|1,556920,0,1,6,6,0
9,7|6|5,466752,3,1,9,9,1
9,7|6|4|1,2756754,0,1,2,2,0
9,7|6|3|2,4200768,3,1,9,9,1
9,7|6|3|1|1,5346432,3|5,2,11,13,1
9,7|6|2|2|1,4950400,3,1,11,11,1
9,7|6|2|1|1|1,4288284,0,1,4,4,0
9,7|6|1|1|1|1|1,1233792,3,1,11,11,1
9,7|5|5|1,1575288,0|2,2,6,7,0
9,7|5|4|2,5250960,0|2,2,8,9,0
9,7|5|4|1|1,6265350,0,1,2,2,0
9,7|5|3|3,3675672,0|2,2,6,7,0
9,7|5|3|2|1,13366080,3,1,9,9,1
9,7|5|3|1|1|1,9189180,0,1,4,4,0
9,7|5|2|2|2,5012280,0|2,2,6,7,0
9,7|5|2|2|1|1,9529520,0|2,2,8,9,0
9,7|5|2|1|1|1|1,5937624,0|2,2,6,7,0
9,7|5|1|1|1|1|1|1,1432080,0|2,2,8,9,0
9,7|4|4|3,2858856,0|2,2,6,7,0
9,7|4|4|2|1,8486400,3|7,2,15,17,1
9,7|4|4|1|1|1,5469750,0,1,2,2,0
9,7|4|3|3|1,8019648,3,1,9,9,1
9,7|4|3|2|2,9165312,3|7,2,15,17,1
9,7|4|3|2|1|1,16336320,3,1,9,9,1
9,7|4|3|1|1|1|1,8078400,3,1,9,9,1
9,7|4|2|2|2|1,8576568,0|2,2,6,7,0
9,7|4|2|2|1|1|1,9382912,3|5|7|9,4,17,21,1
9,7|4|2|1|1|1|1|1,4725864,0|2,2,6,7,0
9,7|4|1|1|1|1|1|1|1,1018368,3|7,2,15,17,1
9,7|3|3|3|2,3508596,0,1,4,4,0
9,7|3|3|3|1|1,5105100,0,1,4,4,0
9,7|3|3|2|2|1,7876440,0,1,6,6,0
9,7|3|3|2|1|1|1,8078400,3,1,9,9,1
9,7|3|3|1|1|1|1|1,3281850,0,1,2,2,0
9,7|3|2|2|2|2,2784600,0,1,6,6,0
9,7|3|2|2|2|1|1,5937624,0|2,2,6,7,0
9,7|3|2|2|1|1|1|1,4862000,0|2,2,8,9,0
9,7|3|2|1|1|1|1|1|1,2144142,0,1,2,2,0
9,7|3|1|1|1|1|1|1|1|1,447525,0,1,0,0,0
9,7|2|2|2|2|2|1,1233792,3,1,11,11,1
9,7|2|2|2|2|1|1|1,1575288,0|2,2,6,7,0
9,7|2|2|2|1|1|1|1|1,1089088,3,1,9,9,1
9,7|2|2|1|1|1|1|1|1|1,459459,0,1,0,0,0
9,7|2|1|1|1|1|1|1|1|1|1,112320,3,1,9,9,1
9,7|1|1|1|1|1|1|1|1|1|1|1,12376,0|2,2,6,7,0
9,6|6|6,87516,0,1,4,4,0
9,6|6|5|1,1021020,0,1,4,4,0
9,6|6|4|2,2756754,0,1,2,2,0
9,6|6|4|1|1,3267264,0|2|4|6,4,12,16,0
9,6|6|3|3,1823250,0,1,2,2,0
9,6|6|3|2|1,6534528,3|5,2,11,13,1
9,6|6|3|1|1|1,4455360,0|2|4|6,4,12,16,0
9,6|6|2|2|2,2382380,0,1,4,4,0
9,6|6|2|2|1|1,4511052,0,1,4,4,0
9,6|6|2|1|1|1|1,2784600,0,1,6,6,0
9,6|6|1|1|1|1|1|1,659736,0,1,6,6,0
9,6|5|5|2,2042040,0|2,2,6,7,0
9,6|5|5|1|1,2362932,0,1,4,4,0
9,6|5|4|3,3734016,5,1,13,13,1
9,6|5|4|2|1,10720710,0,1,2,2,0
9,6|5|4|1|1|1,6789120,5|7,2,17,24,1
9,6|5|3|3|1,8270262,0,1,2,2,0
9,6|5|3|2|2,9189180,0,1,4,4,0
9,6|5|3|2|1|1,16243500,0,1,4,4,0
9,6|5|3|1|1|1|1,7876440,0,1,6,6,0
9,6|5|2|2|2|1,7920640,5,1,15,15,1
9,6|5|2|2|1|1|1,8576568,0|2,2,6,7,0
9,6|5|2|1|1|1|1|1,4230144,5,1,15,15,1
9,6|5|1|1|1|1|1|1|1,875160,0,1,6,6,0
9,6|4|4|4,1021020,0,1,4,4,0
9,6|4|4|3|1,7088796,0,1,4,4,0
9,6|4|4|2|2,6534528,0|8,2,14,20,0
9,6|4|4|2|1|1,11277630,0,1,2,2,0
9,6|4|4|1|1|1|1,5105100,0,1,4,4,0
9,6|4|3|3|2,7876440,0,1,6,6,0
9,6|4|3|3|1|1,11277630,0,1,2,2,0
9,6|4|3|2|2|1,16243500,0,1,4,4,0
9,6|4|3|2|1|1|1,16336320,3,1,9,9,1
9,6|4|3|1|1|1|1|1,6361740,0,1,4,4,0
9,6|4|2|2|2|2,4511052,0,1,4,4,0
9,6|4|2|2|2|1|1,9529520,0|2,2,8,9,0
9,6|4|2|2|1|1|1|1,7634088,0|2,2,6,7,0
9,6|4|2|1|1|1|1|1|1,3222180,0,1,4,4,0
9,6|4|1|1|1|1|1|1|1|1,612612,0,1,4,4,0
9,6|3|3|3|3,1429428,0,1,4,4,0
9,6|3|3|3|2|1,6789120,5|7,2,17,24,1
9,6|3|3|3|1|1|1,5469750,0,1,2,2,0
9,6|3|3|2|2|2,4455360,0|2|4|6,4,12,16,0
9,6|3|3|2|2|1|1,9189180,0,1,4,4,0
9,6|3|3|2|1|1|1|1,6872250,0,1,2,2,0
9,6|3|3|1|1|1|1|1|1,2333760,0|2|4|6,4,12,16,0
9,6|3|2|2|2|2|1,4288284,0,1,4,4,0
9,6|3|2|2|2|1|1|1,5361664,5|9,2,19,21,1
9,6|3|2|2|1|1|1|1|1,3544398,0,1,2,2,0
9,6|3|2|1|1|1|1|1|1|1,1357824,5|7,2,17,21,1
9,6|3|1|1|1|1|1|1|1|1|1,255255,0,1,0,0,0
9,6|2|2|2|2|2|2,556920,0,1,6,6,0
9,6|2|2|2|2|2|1|1,1272348,0,1,4,4,0
9,6|2|2|2|2|1|1|1|1,1215500,0,1,4,4,0
9,6|2|2|2|1|1|1|1|1|1,714714,0,1,2,2,0
9,6|2|2|1|1|1|1|1|1|1|1,268515,0,1,0,0,0
9,6|2|1|1|1|1|1|1|1|1|1|1,60060,0,1,4,4,0
9,6|1|1|1|1|1|1|1|1|1|1|1|1,6188,0,1,4,4,0
9,5|5|5|3,875160,0|2,2,6,7,0
9,5|5|5|2|1,2333760,3,1,9,9,1
9,5|5|5|1|1|1,1429428,0,1,4,4,0
9,5|5|4|4,787644,0,1,4,4,0
9,5|5|4|3|1,5105100,0,1,4,4,0
9,5|5|4|2|2,4594590,0,1,2,2,0
9,5|5|4|2|1|1,7876440,0,1,6,6,0
9,5|5|4|1|1|1|1,3508596,0,1,4,4,0
9,5|5|3|3|2,4594590,0,1,2,2,0
9,5|5|3|3|1|1,6534528,0|8,2,14,20,0
9,5|5|3|2|2|1,9189180,0,1,4,4,0
9,5|5|3|2|1|1|1,9165312,3|7,2,15,17,1
9,5|5|3|1|1|1|1|1,3508596,0,1,4,4,0
9,5|5|2|2|2|2,2382380,0,1,4,4,0
9,5|5|2|2|2|1|1,5012280,0|2,2,6,7,0
9,5|5|2|2|1|1|1|1,3978000,0|2,2,8,9,0
9,5|5|2|1|1|1|1|1|1,1649340,0,1,4,4,0
9,5|5|1|1|1|1|1|1|1|1,302940,0,1,4,4,0
9,5|4|4|4|1,1867008,3|5,2,13,15,1
9,5|4|4|3|2,5105100,0,1,4,4,0
9,5|4|4|3|1|1,7088796,0,1,4,4,0
9,5|4|4|2|2|1,8270262,0,1,2,2,0
9,5|4|4|2|1|1|1,8019648,3,1,9,9,1
9,5|4|4|1|1|1|1|1,2858856,0,1,6,6,0
9,5|4|3|3|3,2333760,3,1,9,9,1
9,5|4|3|3|2|1,10720710,0,1,2,2,0
9,5|4|3|3|1|1|1,8486400,3|7,2,15,17,1
9,5|4|3|2|2|2,6534528,3|5,2,11,13,1
9,5|4|3|2|2|1|1,13366080,3,1,9,9,1
9,5|4|3|2|1|1|1|1,9801792,3,1,9,9,1
9,5|4|3|1|1|1|1|1|1,3198720,3|5,2,13,15,1
9,5|4|2|2|2|2|1,4950400,3,1,11,11,1
9,5|4|2|2|2|1|1|1,6126120,0|2,2,6,7,0
9,5|4|2|2|1|1|1|1|1,3965760,3,1,9,9,1
9,5|4|2|1|1|1|1|1|1|1,1458600,0,1,6,6,0
9,5|4|1|1|1|1|1|1|1|1|1,251328,3,1,9,9,1
9,5|3|3|3|3|1,2362932,0,1,4,4,0
9,5|3|3|3|2|2,3267264,0|2|4|6,4,12,16,0
9,5|3|3|3|2|1|1,6265350,0,1,2,2,0
9,5|3|3|3|1|1|1|1,3646500,0,1,4,4,0
9,5|3|3|2|2|2|1,5346432,3|5,2,11,13,1
9,5|3|3|2|2|1|1|1,6432426,0,1,2,2,0
9,5|3|3|2|1|1|1|1|1,3877632,3|5,2,13,15,1
9,5|3|3|1|1|1|1|1|1|1,1145664,0|2|4|6,4,12,16,0
9,5|3|2|2|2|2|2,1503684,0,1,4,4,0
9,5|3|2|2|2|2|1|1,3403400,0,1,6,6,0
9,5|3|2|2|2|1|1|1|1,3180870,0,1,2,2,0
9,5|3|2|2|1|1|1|1|1|1,1790100,0,1,4,4,0
9,5|3|2|1|1|1|1|1|1|1|1,612612,0,1,4,4,0
9,5|3|1|1|1|1|1|1|1|1|1|1,106029,0,1,0,0,0
9,5|2|2|2|2|2|2|1,612612,0,1,4,4,0
9,5|2|2|2|2|2|1|1|1,837760,3|5,2,11,13,1
9,5|2|2|2|2|1|1|1|1|1,656370,0,1,2,2,0
9,5|2|2|2|1|1|1|1|1|1|1,339456,3|7,2,15,17,1
9,5|2|2|1|1|1|1|1|1|1|1|1,116025,0,1,0,0,0
9,5|2|1|1|1|1|1|1|1|1|1|1|1,24192,3|5,2,11,13,1
9,5|1|1|1|1|1|1|1|1|1|1|1|1|1,2380,0,1,4,4,0
9,4|4|4|4|2,787644,0,1,4,4,0
9,4|4|4|4|1|1,1021020,0,1,4,4,0
9,4|4|4|3|3,875160,0|2,2,6,7,0
9,4|4|4|3|2|1,3734016,5,1,13,13,1
9,4|4|4|3|1|1|1,2858856,0|2,2,6,7,0
9,4|4|4|2|2|2,1823250,0,1,2,2,0
9,4|4|4|2|2|1|1,3675672,0|2,2,6,7,0
9,4|4|4|2|1|1|1|1,2598960,0|2,2,8,9,0
9,4|4|4|1|1|1|1|1|1,779688,0,1,6,6,0
9,4|4|3|3|3|1,2042040,0|2,2,6,7,0
9,4|4|3|3|2|2,2756754,0,1,2,2,0
9,4|4|3|3|2|1|1,5250960,0|2,2,8,9,0
9,4|4|3|3|1|1|1|1,3007368,0|2,2,6,7,0
9,4|4|3|2|2|2|1,4200768,3,1,9,9,1
9,4|4|3|2|2|1|1|1,5012280,0|2,2,6,7,0
9,4|4|3|2|1|1|1|1|1,2970240,3,1,11,11,1
9,4|4|3|1|1|1|1|1|1|1,848232,0,1,6,6,0
9,4|4|2|2|2|2|2,952952,0|2,2,6,7,0
9,4|4|2|2|2|2|1|1,2148120,0|2,2,6,7,0
9,4|4|2|2|2|1|1|1|1,1989000,0|2,2,6,7,0
9,4|4|2|2|1|1|1|1|1|1,1099560,0|2,2,6,7,0
9,4|4|2|1|1|1|1|1|1|1|1,363528,0|2,2,6,7,0
9,4|4|1|1|1|1|1|1|1|1|1|1,58344,0|2,2,6,7,0
9,4|3|3|3|3|2,1021020,0,1,4,4,0
9,4|3|3|3|3|1|1,1575288,0|2,2,6,7,0
9,4|3|3|3|2|2|1,2756754,0,1,2,2,0
9,4|3|3|3|2|1|1|1,3055104,5,1,13,13,1
9,4|3|3|3|1|1|1|1|1,1429428,0,1,4,4,0
9,4|3|3|2|2|2|2,1312740,0,1,4,4,0
9,4|3|3|2|2|2|1|1,2923830,0,1,2,2,0
9,4|3|3|2|2|1|1|1|1,2625480,0,1,6,6,0
9,4|3|3|2|1|1|1|1|1|1,1349460,0,1,4,4,0
9,4|3|3|1|1|1|1|1|1|1|1,358020,0,1,4,4,0
9,4|3|2|2|2|2|2|1,1131520,5,1,15,15,1
9,4|3|2|2|2|2|1|1|1,1531530,0,1,2,2,0
9,4|3|2|2|2|1|1|1|1|1,1175040,5,1,13,13,1
9,4|3|2|2|1|1|1|1|1|1|1,583440,0|2,2,8,9,0
9,4|3|2|1|1|1|1|1|1|1|1|1,182784,5,1,13,13,1
9,4|3|1|1|1|1|1|1|1|1|1|1|1,29835,0,1,0,0,0
9,4|2|2|2|2|2|2|2,143208,0|2,2,6,7,0
9,4|2|2|2|2|2|2|1|1,340340,0,1,4,4,0
9,4|2|2|2|2|2|1|1|1|1,353430,0,1,2,2,0
9,4|2|2|2|2|1|1|1|1|1|1,238680,0|2,2,6,7,0
9,4|2|2|2|1|1|1|1|1|1|1|1,111384,0|2,2,6,7,0
9,4|2|2|1|1|1|1|1|1|1|1|1|1,35343,0,1,0,0,0
9,4|2|1|1|1|1|1|1|1|1|1|1|1|1,7020,0,1,4,4,0
9,4|1|1|1|1|1|1|1|1|1|1|1|1|1|1,680,0|2,2,6,7,0
9,3|3|3|3|3|3,87516,0,1,4,4,0
9,3|3|3|3|3|2|1,466752,3,1,9,9,1
9,3|3|3|3|3|1|1|1,408408,0|2,2,6,7,0
9,3|3|3|3|2|2|2,364650,0,1,2,2,0
9,3|3|3|3|2|2|1|1,787644,0,1,4,4,0
9,3|3|3|3|2|1|1|1|1,649740,0,1,4,4,0
9,3|3|3|3|1|1|1|1|1|1,259896,0,1,6,6,0
9,3|3|3|2|2|2|2|1,510510,0,1,2,2,0
9,3|3|3|2|2|2|1|1|1,678912,3|5|7|9,4,17,22,1
9,3|3|3|2|2|1|1|1|1|1,501228,0,1,4,4,0
9,3|3|3|2|1|1|1|1|1|1|1,228480,3,1,11,11,1
9,3|3|3|1|1|1|1|1|1|1|1|1,56100,0,1,4,4,0
9,3|3|2|2|2|2|2|2,136136,0|2,2,6,7,0
9,3|3|2|2|2|2|2|1|1,322218,0,1,2,2,0
9,3|3|2|2|2|2|1|1|1|1,331500,0,1,4,4,0
9,3|3|2|2|2|1|1|1|1|1|1,219912,0|2,2,6,7,0
9,3|3|2|2|1|1|1|1|1|1|1|1,99144,0|2,2,6,7,0
9,3|3|2|1|1|1|1|1|1|1|1|1|1,29172,0,1,4,4,0
9,3|3|1|1|1|1|1|1|1|1|1|1|1|1,4641,0,1,0,0,0
9,3|2|2|2|2|2|2|2|1,70720,3,1,9,9,1
9,3|2|2|2|2|2|2|1|1|1,102102,0,1,2,2,0
9,3|2|2|2|2|2|1|1|1|1|1,88128,3,1,9,9,1
9,3|2|2|2|2|1|1|1|1|1|1|1,53040,0|2,2,8,9,0
9,3|2|2|2|1|1|1|1|1|1|1|1|1,22848,3,1,9,9,1
9,3|2|2|1|1|1|1|1|1|1|1|1|1|1,6885,0,1,0,0,0
9,3|2|1|1|1|1|1|1|1|1|1|1|1|1|1,1344,3,1,9,9,1
9,3|1|1|1|1|1|1|1|1|1|1|1|1|1|1|1,136,0|2,2,6,7,0
9,2|2|2|2|2|2|2|2|2,4862,0,1,2,2,0
9,2|2|2|2|2|2|2|2|1|1,11934,0,1,2,2,0
9,2|2|2|2|2|2|2|1|1|1|1,13260,0,1,4,4,0
9,2|2|2|2|2|2|1|1|1|1|1|1,9996,0,1,4,4,0
9,2|2|2|2|2|1|1|1|1|1|1|1|1,5508,0,1,4,4,0
9,2|2|2|2|1|1|1|1|1|1|1|1|1|1,2244,0,1,4,4,0
9,2|2|2|1|1|1|1|1|1|1|1|1|1|1|1,663,0,1,0,0,0
9,2|2|1|1|1|1|1|1|1|1|1|1|1|1|1|1,135,0,1,0,0,0
9,2|1|1|1|1|1|1|1|1|1|1|1|1|1|1|1|1,17,0,1,0,0,0
9,1|1|1|1|1|1|1|1|1|1|1|1|1|1|1|1|1|1,1,0,1,0,0,0
10,20,1,0,1,0,0,0
10,19|1,19,0,1,0,0,0
10,18|2,170,0|2,2,2,8,0
10,18|1|1,171,0,1,0,0,0
10,17|3,950,0|2,2,2,8,0
10,17|2|1,1920,3,1,11,11,1
10,17|1|1|1,969,0,1,0,0,0
10,16|4,3705,0,1,0,0,0
10,16|3|1,11305,0,1,0,0,0
10,16|2|2,7600,0|4,2,8,10,0
10,16|2|1|1,11475,0,1,0,0,0
10,16|1|1|1|1,3876,0,1,4,4,0
10,15|5,10659,0,1,0,0,0
10,15|4|1,43776,3|5,2,13,14,1
10,15|3|2,55575,0,1,0,0,0
10,15|3|1|1,67184,0|4,2,8,10,0
10,15|2|2|1,56525,0,1,0,0,0
10,15|2|1|1|1,45696,3,1,11,11,1
10,15|1|1|1|1|1,11628,0,1,4,4,0
10,14|6,23256,0|2,2,6,10,0
10,14|5|1,121125,0,1,0,0,0
10,14|4|2,223839,0,1,0,0,0
10,14|4|1|1,250800,0|4,2,8,10,0
10,14|3|3,125970,0|2,2,2,8,0
10,14|3|2|1,408576,5,1,15,15,1
10,14|3|1|1|1,258400,0|2|4|6,4,10,19,0
10,14|2|2|2,129675,0,1,0,0,0
10,14|2|2|1|1,235144,0|2,2,6,10,0
10,14|2|1|1|1|1,132600,0|2,2,6,12,0
10,14|1|1|1|1|1|1,27132,0,1,4,4,0
10,13|7,38760,0|2,2,6,10,0
10,13|6|1,248064,3,1,13,13,1
10,13|5|2,604656,0|4,2,8,10,0
10,13|5|1|1,654075,0,1,0,0,0
10,13|4|3,620160,3,1,11,11,1
10,13|4|2|1,1574625,0,1,0,0,0
10,13|4|1|1|1,912000,3,1,11,11,1
10,13|3|3|1,959310,0|2,2,2,8,0
10,13|3|2|2,969969,0,1,0,0,0
10,13|3|2|1|1,1630200,0|2,2,6,13,0
10,13|3|1|1|1|1,710600,0|2,2,6,10,0
10,13|2|2|2|1,663936,3,1,11,11,1
10,13|2|2|1|1|1,671840,0|2|4|6,4,10,19,0
10,13|2|1|1|1|1|1,293760,3,1,11,11,1
10,13|1|1|1|1|1|1|1,50388,0,1,4,4,0
10,12|8,48450,0,1,2,2,0
10,12|7|1,377910,0,1,2,2,0
10,12|6|2,1162800,0|4,2,8,10,0
10,12|6|1|1,1234506,0,1,2,2,0
10,12|5|3,1705440,0|4,2,10,12,0
10,12|5|2|1,3969024,5|7,2,19,20,1
10,12|5|1|1|1,2204475,0,1,0,0,0
10,12|4|4,872100,0,1,4,4,0
10,12|4|3|1,4476780,0,1,4,4,0
10,12|4|2|2,3627936,0|2|4|6,4,10,14,0
10,12|4|2|1|1,5886675,0,1,0,0,0
10,12|4|1|1|1|1,2334150,0,1,2,2,0
10,12|3|3|2,2771340,0,1,4,4,0
10,12|3|3|1|1,3730650,0|2,2,2,8,0
10,12|3|2|2|1,4723875,0,1,0,0,0
10,12|3|2|1|1|1,4377600,5,1,15,15,1
10,12|3|1|1|1|1|1,1469650,0,1,2,2,0
10,12|2|2|2|2,969969,0,1,0,0,0
10,12|2|2|2|1|1,1956240,0|4,2,8,10,0
10,12|2|2|1|1|1|1,1421200,0|4,2,8,10,0
10,12|2|1|1|1|1|1|1,510510,0,1,2,2,0
10,12|1|1|1|1|1|1|1|1,75582,0,1,2,2,0
10,11|9,41990,0,1,2,2,0
10,11|8|1,413440,3|5,2,13,14,1
10,11|7|2,1598850,0,1,2,2,0
10,11|7|1|1,1679600,0|4,2,8,10,0
10,11|6|3,3100800,3,1,11,11,1
10,11|6|2|1,6928350,0,1,2,2,0
10,11|6|1|1|1,3762304,3,1,11,11,1
10,11|5|4,2848860,0,1,4,4,0
10,11|5|3|1,11337300,0,1,4,4,0
10,11|5|2|2,8527200,0|2|4|6,4,10,14,0
10,11|5|2|1|1,13579566,0,1,2,2,0
10,11|5|1|1|1|1,5143775,0,1,0,0,0
10,11|4|4|1,6046560,0|4,2,10,12,0
10,11|4|3|2,12403200,3|5,2,15,16,1
10,11|4|3|1|1,16124160,3,1,13,13,1
10,11|4|2|2|1,16372224,3|5,2,15,16,1
10,11|4|2|1|1|1,14549535,0,1,0,0,0
10,11|4|1|1|1|1|1,4426240,3|5,2,15,16,1
10,11|3|3|3,3197700,0,1,4,4,0
10,11|3|3|2|1,13023360,3,1,11,11,1
10,11|3|3|1|1|1,9447750,0|2,2,2,8,0
10,11|3|2|2|2,6651216,0|4,2,8,10,0
10,11|3|2|2|1|1,12950685,0,1,0,0,0
10,11|3|2|1|1|1|1,8558550,0,1,2,2,0
10,11|3|1|1|1|1|1|1,2351440,0|4,2,8,10,0
10,11|2|2|2|2|1,3464175,0,1,0,0,0
10,11|2|2|2|1|1|1,4012800,3|5,2,13,14,1
10,11|2|2|1|1|1|1|1,2309450,0,1,2,2,0
10,11|2|1|1|1|1|1|1|1,707200,3,1,11,11,1
10,11|1|1|1|1|1|1|1|1|1,92378,0,1,2,2,0
10,10|10,16796,0|2,2,4,11,0
10,10|9|1,277134,0,1,2,2,0
10,10|8|2,1469650,0,1,2,2,0
10,10|8|1|1,1534896,0|4,2,8,10,0
10,10|7|3,3779100,0|2,2,4,10,0
10,10|7|2|1,8268800,5,1,15,15,1
10,10|7|1|1|1,4434144,0|2|4|6,4,10,19,0
10,10|6|4,5038800,0|2,2,8,12,0
10,10|6|3|1,18314100,0|2,2,4,11,0
10,10|6|2|2,13323750,0,1,2,2,0
10,10|6|2|1|1,20995000,0|2,2,6,12,0
10,10|6|1|1|1|1,7759752,0|2,2,6,10,0
10,10|5|5,2469012,0,1,4,4,0
10,10|5|4|1,17860608,5,1,17,17,1
10,10|5|3|2,28779300,0,1,4,4,0
10,10|5|3|1|1,36732852,0|2,2,4,11,0
10,10|5|2|2|1,34641750,0,1,2,2,0
10,10|5|2|1|1|1,30098432,5,1,15,15,1
10,10|5|1|1|1|1|1,8729721,0,1,0,0,0
10,10|4|4|2,16713312,0|4,2,10,12,0
10,10|4|4|1|1,20155200,0|2|4|6,4,12,19,0
10,10|4|3|3,14244300,0,1,4,4,0
10,10|4|3|2|1,53209728,3,1,11,11,1
10,10|4|3|1|1|1,37035180,0|2,2,4,10,0
10,10|4|2|2|2,21318000,0|4,2,8,10,0
10,10|4|2|2|1|1,40738698,0,1,2,2,0
10,10|4|2|1|1|1|1,25718875,0,1,0,0,0
10,10|4|1|1|1|1|1|1,6390384,0|4,2,8,10,0
10,10|3|3|3|1,15116400,0|2,2,8,12,0
10,10|3|3|2|2,18418752,0|2|4|6,4,12,19,0
10,10|3|3|2|1|1,33256080,0|2,2,8,14,0
10,10|3|3|1|1|1|1,17005950,0|2,2,2,8,0
10,10|3|2|2|2|1,21829632,5,1,17,17,1
10,10|3|2|2|1|1|1,24249225,0,1,0,0,0
10,10|3|2|1|1|1|1|1,12646400,5,1,17,17,1
10,10|3|1|1|1|1|1|1|1,2956096,0|2|4|6,4,12,21,0
10,10|2|2|2|2|2,3325608,0|2,2,6,10,0
10,10|2|2|2|2|1|1,7194825,0,1,0,0,0
10,10|2|2|2|1|1|1|1,6113250,0,1,2,2,0
10,10|2|2|1|1|1|1|1|1,2939300,0|2,2,4,11,0
10,10|2|1|1|1|1|1|1|1|1,787644,0|2,2,4,10,0
10,10|1|1|1|1|1|1|1|1|1|1,92378,0,1,2,2,0
10,9|9|2,604656,0|4,2,8,10,0
10,9|9|1|1,629850,0,1,2,2,0
10,9|8|3,2687360,3,1,11,11,1
10,9|8|2|1,5819814,0,1,2,2,0
10,9|8|1|1|1,3100800,3,1,11,11,1
10,9|7|4,5290740,0|2,2,4,11,0
10,9|7|3|1,18475600,0|2,2,8,12,0
10,9|7|2|2,13226850,0,1,2,2,0
10,9|7|2|1|1,20721096,0|2,2,6,10,0
10,9|7|1|1|1|1,7558200,0|2,2,6,13,0
10,9|6|5,4837248,3,1,11,11,1
10,9|6|4|1,27159132,0|2,2,4,10,0
10,9|6|3|2,40310400,3,1,11,11,1
10,9|6|3|1|1,50935808,3|5|7|9,4,19,23,1
10,9|6|2|2|1,46512000,3,1,11,11,1
10,9|6|2|1|1|1,39907296,0|2|4|6,4,10,19,0
10,9|6|1|1|1|1|1,11286912,3,1,11,11,1
10,9|5|5|1,13856700,0,1,4,4,0
10,9|5|4|2,44089500,0,1,4,4,0
10,9|5|4|1|1,52229100,0|2,2,4,10,0
10,9|5|3|3,30232800,0|4,2,10,12,0
10,9|5|3|2|1,108528000,3,1,11,11,1
10,9|5|3|1|1|1,73902400,0|2|4|6,4,12,19,0
10,9|5|2|2|2,39971250,0,1,2,2,0
10,9|5|2|2|1|1,75582000,0|4,2,8,10,0
10,9|5|2|1|1|1|1,46558512,0|4,2,8,10,0
10,9|5|1|1|1|1|1|1,11022375,0,1,0,0,0
10,9|4|4|3,22221108,0,1,4,4,0
10,9|4|4|2|1,65116800,3,1,11,11,1
10,9|4|4|1|1|1,41570100,0|2,2,4,11,0
10,9|4|3|3|1,60279552,3,1,13,13,1
10,9|4|3|2|2,68217600,3,1,13,13,1
10,9|4|3|2|1|1,120931200,3,1,11,11,1
10,9|4|3|1|1|1|1,59121920,3,1,13,13,1
10,9|4|2|2|2|1,62355150,0,1,2,2,0
10,9|4|2|2|1|1|1,67721472,3|5,2,13,14,1
10,9|4|2|1|1|1|1|1,33671781,0,1,0,0,0
10,9|4|1|1|1|1|1|1|1,7113600,3,1,11,11,1
10,9|3|3|3|2,25069968,0|2,2,8,16,0
10,9|3|3|3|1|1,36279360,0|2|4|6,4,12,19,0
10,9|3|3|2|2|1,55426800,0|2,2,8,12,0
10,9|3|3|2|1|1|1,56434560,3,1,11,11,1
10,9|3|3|1|1|1|1|1,22632610,0|2,2,2,8,0
10,9|3|2|2|2|2,19186200,0|2,2,6,10,0
10,9|3|2|2|2|1|1,40738698,0,1,2,2,0
10,9|3|2|2|1|1|1|1,33067125,0,1,0,0,0
10,9|3|2|1|1|1|1|1|1,14378364,0|2,2,4,10,0
10,9|3|1|1|1|1|1|1|1|1,2939300,0|2,2,4,11,0
10,9|2|2|2|2|2|1,8186112,3,1,13,13,1
10,9|2|2|2|2|1|1|1,10392525,0,1,0,0,0
10,9|2|2|2|1|1|1|1|1,7113600,3,1,11,11,1
10,9|2|2|1|1|1|1|1|1|1,2956096,0|2|4|6,4,12,21,0
10,9|2|1|1|1|1|1|1|1|1|1,707200,3,1,11,11,1
10,9|1|1|1|1|1|1|1|1|1|1|1,75582,0,1,2,2,0
10,8|8|4,2309450,0,1,2,2,0
10,8|8|3|1,7936110,0,1,2,2,0
10,8|8|2|2,5643456,0|2|4|6,4,12,16,0
10,8|8|2|1|1,8817900,0,1,4,4,0
10,8|8|1|1|1|1,3197700,0,1,4,4,0
10,8|7|5,4157010,0,1,2,2,0
10,8|7|4|1,21498880,5,1,15,15,1
10,8|7|3|2,30862650,0,1,2,2,0
10,8|7|3|1|1,38798760,0|2,2,6,10,0
10,8|7|2|2|1,34918884,0,1,4,4,0
10,8|7|2|1|1|1,29767680,5,1,17,17,1
10,8|7|1|1|1|1|1,8314020,0,1,4,4,0
10,8|6|6,2217072,0|4,2,8,10,0
10,8|6|5|1,22044750,0,1,2,2,0
10,8|6|4|2,55099278,0,1,2,2,0
10,8|6|4|1|1,64664600,0|2,2,6,13,0
10,8|6|3|3,35271600,0|4,2,8,10,0
10,8|6|3|2|1,124156032,3,1,11,11,1
10,8|6|3|1|1|1,83566560,0|2|4|6,4,10,22,0
10,8|6|2|2|2,44089500,0,1,4,4,0
10,8|6|2|2|1|1,82884384,0|4,2,10,12,0
10,8|6|2|1|1|1|1,50388000,0|4,2,10,12,0
10,8|6|1|1|1|1|1|1,11639628,0,1,4,4,0
10,8|5|5|2,30232800,0|2|4|6,4,10,14,0
10,8|5|5|1|1,34641750,0,1,2,2,0
10,8|5|4|3,51597312,5|7,2,19,20,1
10,8|5|4|2|1,145495350,0,1,2,2,0
10,8|5|4|1|1|1,90956800,5,1,15,15,1
10,8|5|3|3|1,108636528,0|4,2,8,10,0
10,8|5|3|2|2,119041650,0,1,2,2,0
10,8|5|3|2|1|1,208916400,0|4,2,8,10,0
10,8|5|3|1|1|1|1,99768240,0|4,2,8,10,0
10,8|5|2|2|2|1,99225600,5|7,2,19,20,1
10,8|5|2|2|1|1|1,106419456,0|2|8|10,4,16,23,0
10,8|5|2|1|1|1|1|1,51597312,5|7,2,19,20,1
10,8|5|1|1|1|1|1|1|1,10392525,0,1,0,0,0
10,8|4|4|4,12345060,0,1,4,4,0
10,8|4|4|3|1,83140200,0,1,6,6,0
10,8|4|4|2|2,75582000,0|4,2,8,10,0
10,8|4|4|2|1|1,129506850,0,1,2,2,0
10,8|4|4|1|1|1|1,57736250,0,1,2,2,0
10,8|4|3|3|2,88179000,0,1,6,6,0
10,8|4|3|3|1|1,125349840,0|4,2,8,10,0
10,8|4|3|2|2|1,178053750,0,1,2,2,0
10,8|4|3|2|1|1|1,177365760,3|5,2,13,14,1
10,8|4|3|1|1|1|1|1,67897830,0,1,2,2,0
10,8|4|2|2|2|2,47965500,0,1,4,4,0
10,8|4|2|2|2|1|1,100776000,0|2|4|6,4,12,16,0
10,8|4|2|2|1|1|1|1,79814592,0|2|4|6,4,12,16,0
10,8|4|2|1|1|1|1|1|1,33067125,0,1,0,0,0
10,8|4|1|1|1|1|1|1|1|1,6113250,0,1,2,2,0
10,8|3|3|3|3,14814072,0,1,6,6,0
10,8|3|3|3|2|1,69457920,5,1,17,17,1
10,8|3|3|3|1|1|1,55426800,0|4,2,8,10,0
10,8|3|3|2|2|2,44767800,0|2,2,6,10,0
10,8|3|3|2|2|1|1,91832130,0,1,2,2,0
10,8|3|3|2|1|1|1|1,67897830,0,1,2,2,0
10,8|3|3|1|1|1|1|1|1,22632610,0|2,2,2,8,0
10,8|3|2|2|2|2|1,41570100,0,1,4,4,0
10,8|3|2|2|2|1|1|1,51597312,5|7,2,19,20,1
10,8|3|2|2|1|1|1|1|1,33671781,0,1,0,0,0
10,8|3|2|1|1|1|1|1|1|1,12646400,5,1,17,17,1
10,8|3|1|1|1|1|1|1|1|1|1,2309450,0,1,2,2,0
10,8|2|2|2|2|2|2,5116320,0|4,2,10,12,0
10,8|2|2|2|2|2|1|1,11639628,0,1,4,4,0
10,8|2|2|2|2|1|1|1|1,11022375,0,1,0,0,0
10,8|2|2|2|1|1|1|1|1|1,6390384,0|4,2,8,10,0
10,8|2|2|1|1|1|1|1|1|1|1,2351440,0|4,2,8,10,0
10,8|2|1|1|1|1|1|1|1|1|1|1,510510,0,1,2,2,0
10,8|1|1|1|1|1|1|1|1|1|1|1|1,50388,0,1,4,4,0
10,7|7|6,1385670,0,1,2,2,0
10,7|7|5|1,11085360,0|4,2,8,10,0
10,7|7|4|2,25865840,0|4,2,8,10,0
10,7|7|4|1|1,30232800,0|2|4|6,4,10,21,0
10,7|7|3|3,16166150,0,1,2,2,0
10,7|7|3|2|1,56434560,3,1,11,11,1
10,7|7|3|1|1|1,37791000,0|2,2,6,12,0
10,7|7|2|2|2,19752096,0|4,2,10,12,0
10,7|7|2|2|1|1,37035180,0,1,4,4,0
10,7|7|2|1|1|1|1,22383900,0,1,4,4,0
10,7|7|1|1|1|1|1|1,5116320,0|4,2,10,12,0
10,7|6|6|1,7482618,0,1,2,2,0
10,7|6|5|2,35473152,3|5,2,13,14,1
10,7|6|5|1|1,40310400,3,1,11,11,1
10,7|6|4|3,48498450,0,1,2,2,0
10,7|6|4|2|1,134368000,3,1,13,13,1
10,7|6|4|1|1|1,83140200,0|2,2,6,10,0
10,7|6|3|3|1,94057600,3,1,11,11,1
10,7|6|3|2|2,101582208,3,1,11,11,1
10,7|6|3|2|1|1,177365760,3,1,13,13,1
10,7|6|3|1|1|1|1,83721600,3,1,11,11,1
10,7|6|2|2|2|1,81477396,0,1,4,4,0
10,7|6|2|2|1|1|1,86822400,3|5,2,15,16,1
10,7|6|2|1|1|1|1|1,41570100,0,1,4,4,0
10,7|6|1|1|1|1|1|1|1,8186112,3,1,13,13,1
10,7|5|5|3,31039008,0|2|4|6,4,10,14,0
10,7|5|5|2|1,80620800,3|5,2,13,14,1
10,7|5|5|1|1|1,48498450,0,1,2,2,0
10,7|5|4|4,24942060,0,1,4,4,0
10,7|5|4|3|1,154313250,0,1,2,2,0
10,7|5|4|2|2,136047600,0|4,2,8,10,0
10,7|5|4|2|1|1,230945000,0,1,6,6,0
10,7|5|4|1|1|1|1,100727550,0,1,2,2,0
10,7|5|3|3|2,128564982,0,1,2,2,0
10,7|5|3|3|1|1,181060880,0|4,2,8,10,0
10,7|5|3|2|2|1,249420600,0,1,6,6,0
10,7|5|3|2|1|1|1,245583360,3|5,2,15,16,1
10,7|5|3|1|1|1|1|1,91832130,0,1,2,2,0
10,7|5|2|2|2|2,61725300,0,1,4,4,0
10,7|5|2|2|2|1|1,128931264,0|2|4|6,4,12,16,0
10,7|5|2|2|1|1|1|1,100776000,0|2|4|6,4,12,16,0
10,7|5|2|1|1|1|1|1|1,40738698,0,1,2,2,0
10,7|5|1|1|1|1|1|1|1|1,7194825,0,1,0,0,0
10,7|4|4|4|1,40310400,3,1,11,11,1
10,7|4|4|3|2,105814800,0|4,2,8,10,0
10,7|4|4|3|1|1,145495350,0,1,2,2,0
10,7|4|4|2|2|1,166280400,0|4,2,8,10,0
10,7|4|4|2|1|1|1,159174400,3|5,2,13,14,1
10,7|4|4|1|1|1|1|1,55426800,0|4,2,8,10,0
10,7|4|3|3|3,45147648,3|5,2,15,16,1
10,7|4|3|3|2|1,203693490,0,1,2,2,0
10,7|4|3|3|1|1|1,159174400,3|5,2,13,14,1
10,7|4|3|2|2|2,120931200,3,1,11,11,1
10,7|4|3|2|2|1|1,245583360,3|5,2,15,16,1
10,7|4|3|2|1|1|1|1,177365760,3|5,2,13,14,1
10,7|4|3|1|1|1|1|1|1,56434560,3,1,11,11,1
10,7|4|2|2|2|2|1,86822400,3|5,2,15,16,1
10,7|4|2|2|2|1|1|1,106419456,0|2|8|10,4,16,23,0
10,7|4|2|2|1|1|1|1|1,67721472,3|5,2,13,14,1
10,7|4|2|1|1|1|1|1|1|1,24249225,0,1,0,0,0
10,7|4|1|1|1|1|1|1|1|1|1,4012800,3|5,2,13,14,1
10,7|3|3|3|3|1,38798760,0,1,6,6,0
10,7|3|3|3|2|2,52907400,0|2,2,6,10,0
10,7|3|3|3|2|1|1,100727550,0,1,2,2,0
10,7|3|3|3|1|1|1|1,57736250,0,1,2,2,0
10,7|3|3|2|2|2|1,83721600,3,1,11,11,1
10,7|3|3|2|2|1|1|1,99768240,0|4,2,8,10,0
10,7|3|3|2|1|1|1|1|1,59121920,3,1,13,13,1
10,7|3|3|1|1|1|1|1|1|1,17005950,0|2,2,2,8,0
10,7|3|2|2|2|2|2,22383900,0,1,4,4,0
10,7|3|2|2|2|2|1|1,50388000,0|4,2,10,12,0
10,7|3|2|2|2|1|1|1|1,46558512,0|4,2,8,10,0
10,7|3|2|2|1|1|1|1|1|1,25718875,0,1,0,0,0
10,7|3|2|1|1|1|1|1|1|1|1,8558550,0,1,2,2,0
10,7|3|1|1|1|1|1|1|1|1|1|1,1421200,0|4,2,8,10,0
10,7|2|2|2|2|2|2|1,8314020,0,1,4,4,0
10,7|2|2|2|2|2|1|1|1,11286912,3,1,11,11,1
10,7|2|2|2|2|1|1|1|1|1,8729721,0,1,0,0,0
10,7|2|2|2|1|1|1|1|1|1|1,4426240,3|5,2,15,16,1
10,7|2|2|1|1|1|1|1|1|1|1|1,1469650,0,1,2,2,0
10,7|2|1|1|1|1|1|1|1|1|1|1|1,293760,3,1,11,11,1
10,7|1|1|1|1|1|1|1|1|1|1|1|1|1,27132,0,1,4,4,0
10,6|6|6|2,6928350,0,1,2,2,0
10,6|6|6|1|1,7759752,0|2,2,6,10,0
10,6|6|5|3,20785050,0,1,2,2,0
10,6|6|5|2|1,53209728,3,1,11,11,1
10,6|6|5|1|1|1,31744440,0|2,2,6,10,0
10,6|6|4|4,13856700,0|2,2,4,11,0
10,6|6|4|3|1,83140200,0|2,2,6,12,0
10,6|6|4|2|2,72424352,0|2|4|6,4,10,21,0
10,6|6|4|2|1|1,122442840,0|2,2,6,10,0
10,6|6|4|1|1|1|1,52907400,0|2,2,6,10,0
10,6|6|3|3|2,64664600,0|2,2,6,10,0
10,6|6|3|3|1|1,90698400,0|2|4|6,4,10,22,0
10,6|6|3|2|2|1,123450600,0|2,2,6,13,0
10,6|6|3|2|1|1|1,120931200,3,1,11,11,1
10,6|6|3|1|1|1|1|1,44767800,0|2,2,6,10,0
10,6|6|2|2|2|2,29628144,0|2,2,8,14,0
10,6|6|2|2|2|1|1,61725300,0,1,4,4,0
10,6|6|2|2|1|1|1|1,47965500,0,1,4,4,0
10,6|6|2|1|1|1|1|1|1,19186200,0|2,2,6,10,0
10,6|6|1|1|1|1|1|1|1|1,3325608,0|2,2,6,10,0
10,6|5|5|4,13856700,0,1,4,4,0
10,6|5|5|3|1,67343562,0,1,2,2,0
10,6|5|5|2|2,55426800,0|4,2,8,10,0
10,6|5|5|2|1|1,92587950,0,1,2,2,0
10,6|5|5|1|1|1|1,38798760,0,1,6,6,0
10,6|5|4|4|1,58198140,0|2,2,4,11,0
10,6|5|4|3|2,141892608,5,1,15,15,1
10,6|5|4|3|1|1,193489920,5,1,15,15,1
10,6|5|4|2|2|1,214988800,5,1,17,17,1
10,6|5|4|2|1|1|1,203693490,0,1,2,2,0
10,6|5|4|1|1|1|1|1,69457920,5,1,17,17,1
10,6|5|3|3|3,48498450,0,1,2,2,0
10,6|5|3|3|2|1,214988800,5,1,17,17,1
10,6|5|3|3|1|1|1,166280400,0|4,2,8,10,0
10,6|5|3|2|2|2,123450600,0|2,2,6,13,0
10,6|5|3|2|2|1|1,249420600,0,1,6,6,0
10,6|5|3|2|1|1|1|1,178053750,0,1,2,2,0
10,6|5|3|1|1|1|1|1|1,55426800,0|2,2,8,12,0
10,6|5|2|2|2|2|1,81477396,0,1,4,4,0
10,6|5|2|2|2|1|1|1,99225600,5|7,2,19,20,1
10,6|5|2|2|1|1|1|1|1,62355150,0,1,2,2,0
10,6|5|2|1|1|1|1|1|1|1,21829632,5,1,17,17,1
10,6|5|1|1|1|1|1|1|1|1|1,3464175,0,1,0,0,0
10,6|4|4|4|2,44341440,0|2|4|6,4,12,21,0
10,6|4|4|4|1|1,56686500,0|2,2,4,10,0
10,6|4|4|3|3,46558512,0|4,2,8,10,0
10,6|4|4|3|2|1,193489920,5,1,15,15,1
10,6|4|4|3|1|1|1,145495350,0,1,2,2,0
10,6|4|4|2|2|2,90698400,0|2|4|6,4,10,22,0
10,6|4|4|2|2|1|1,181060880,0|4,2,8,10,0
10,6|4|4|2|1|1|1|1,125349840,0|4,2,8,10,0
10,6|4|4|1|1|1|1|1|1,36279360,0|2|4|6,4,12,19,0
10,6|4|3|3|3|1,92587950,0,1,2,2,0
10,6|4|3|3|2|2,122442840,0|2,2,6,10,0
10,6|4|3|3|2|1|1,230945000,0,1,6,6,0
10,6|4|3|3|1|1|1|1,129506850,0,1,2,2,0
10,6|4|3|2|2|2|1,177365760,3,1,13,13,1
10,6|4|3|2|2|1|1|1,208916400,0|4,2,8,10,0
10,6|4|3|2|1|1|1|1|1,120931200,3,1,11,11,1
10,6|4|3|1|1|1|1|1|1|1,33256080,0|2,2,8,14,0
10,6|4|2|2|2|2|2,37035180,0,1,4,4,0
10,6|4|2|2|2|2|1|1,82884384,0|4,2,10,12,0
10,6|4|2|2|2|1|1|1|1,75582000,0|4,2,8,10,0
10,6|4|2|2|1|1|1|1|1|1,40738698,0,1,2,2,0
10,6|4|2|1|1|1|1|1|1|1|1,12950685,0,1,0,0,0
10,6|4|1|1|1|1|1|1|1|1|1|1,1956240,0|4,2,8,10,0
10,6|3|3|3|3|2,31744440,0|2,2,6,10,0
10,6|3|3|3|3|1|1,48498450,0,1,2,2,0
10,6|3|3|3|2|2|1,83140200,0|2,2,6,10,0
10,6|3|3|3|2|1|1|1,90956800,5,1,15,15,1
10,6|3|3|3|1|1|1|1|1,41570100,0|2,2,4,11,0
10,6|3|3|2|2|2|2,37791000,0|2,2,6,12,0
10,6|3|3|2|2|2|1|1,83566560,0|2|4|6,4,10,22,0
10,6|3|3|2|2|1|1|1|1,73902400,0|2|4|6,4,12,19,0
10,6|3|3|2|1|1|1|1|1|1,37035180,0|2,2,4,10,0
10,6|3|3|1|1|1|1|1|1|1|1,9447750,0|2,2,2,8,0
10,6|3|2|2|2|2|2|1,29767680,5,1,17,17,1
10,6|3|2|2|2|2|1|1|1,39907296,0|2|4|6,4,10,19,0
10,6|3|2|2|2|1|1|1|1|1,30098432,5,1,15,15,1
10,6|3|2|2|1|1|1|1|1|1|1,14549535,0,1,0,0,0
10,6|3|2|1|1|1|1|1|1|1|1|1,4377600,5,1,15,15,1
10,6|3|1|1|1|1|1|1|1|1|1|1|1,671840,0|2|4|6,4,10,19,0
10,6|2|2|2|2|2|2|2,3197700,0,1,4,4,0
10,6|2|2|2|2|2|2|1|1,7558200,0|2,2,6,13,0
10,6|2|2|2|2|2|1|1|1|1,7759752,0|2,2,6,10,0
10,6|2|2|2|2|1|1|1|1|1|1,5143775,0,1,0,0,0
10,6|2|2|2|1|1|1|1|1|1|1|1,2334150,0,1,2,2,0
10,6|2|2|1|1|1|1|1|1|1|1|1|1,710600,0|2,2,6,10,0
10,6|2|1|1|1|1|1|1|1|1|1|1|1|1,132600,0|2,2,6,12,0
10,6|1|1|1|1|1|1|1|1|1|1|1|1|1|1,11628,0,1,4,4,0
10,5|5|5|5,1662804,0,1,4,4,0
10,5|5|5|4|1,17736576,3,1,11,11,1
10,5|5|5|3|2,34641750,0,1,2,2,0
10,5|5|5|3|1|1,46558512,0|4,2,8,10,0
10,5|5|5|2|2|1,48498450,0,1,2,2,0
10,5|5|5|2|1|1|1,45147648,3|5,2,15,16,1
10,5|5|5|1|1|1|1|1,14814072,0,1,6,6,0
10,5|5|4|4|2,34918884,0|2,2,4,10,0
10,5|5|4|4|1|1,44341440,0|2|4|6,4,12,21,0
10,5|5|4|3|3,34641750,0,1,2,2,0
10,5|5|4|3|2|1,141892608,5,1,15,15,1
10,5|5|4|3|1|1|1,105814800,0|4,2,8,10,0
10,5|5|4|2|2|2,64664600,0|2,2,6,10,0
10,5|5|4|2|2|1|1,128564982,0,1,2,2,0
10,5|5|4|2|1|1|1|1,88179000,0,1,6,6,0
10,5|5|4|1|1|1|1|1|1,25069968,0|2,2,8,16,0
10,5|5|3|3|3|1,55426800,0|4,2,8,10,0
10,5|5|3|3|2|2,72424352,0|2|4|6,4,10,21,0
10,5|5|3|3|2|1|1,136047600,0|4,2,8,10,0
10,5|5|3|3|1|1|1|1,75582000,0|4,2,8,10,0
10,5|5|3|2|2|2|1,101582208,3,1,11,11,1
10,5|5|3|2|2|1|1|1,119041650,0,1,2,2,0
10,5|5|3|2|1|1|1|1|1,68217600,3,1,13,13,1
10,5|5|3|1|1|1|1|1|1|1,18418752,0|2|4|6,4,12,19,0
10,5|5|2|2|2|2|2,19752096,0|4,2,10,12,0
10,5|5|2|2|2|2|1|1,44089500,0,1,4,4,0
10,5|5|2|2|2|1|1|1|1,39971250,0,1,2,2,0
10,5|5|2|2|1|1|1|1|1|1,21318000,0|4,2,8,10,0
10,5|5|2|1|1|1|1|1|1|1|1,6651216,0|4,2,8,10,0
10,5|5|1|1|1|1|1|1|1|1|1|1,969969,0,1,0,0,0
10,5|4|4|4|3,17736576,3,1,11,11,1
10,5|4|4|4|2|1,58198140,0|2,2,4,11,0
10,5|4|4|4|1|1|1,40310400,3,1,11,11,1
10,5|4|4|3|3|1,67343562,0,1,2,2,0
10,5|4|4|3|2|2,83140200,0|2,2,6,12,0
10,5|4|4|3|2|1|1,154313250,0,1,2,2,0
10,5|4|4|3|1|1|1|1,83140200,0,1,6,6,0
10,5|4|4|2|2|2|1,94057600,3,1,11,11,1
10,5|4|4|2|2|1|1|1,108636528,0|4,2,8,10,0
10,5|4|4|2|1|1|1|1|1,60279552,3,1,13,13,1
10,5|4|4|1|1|1|1|1|1|1,15116400,0|2,2,8,12,0
10,5|4|3|3|3|2,53209728,3,1,11,11,1
10,5|4|3|3|3|1|1,80620800,3|5,2,13,14,1
10,5|4|3|3|2|2|1,134368000,3,1,13,13,1
10,5|4|3|3|2|1|1|1,145495350,0,1,2,2,0
10,5|4|3|3|1|1|1|1|1,65116800,3,1,11,11,1
10,5|4|3|2|2|2|2,56434560,3,1,11,11,1
10,5|4|3|2|2|2|1|1,124156032,3,1,11,11,1
10,5|4|3|2|2|1|1|1|1,108528000,3,1,11,11,1
10,5|4|3|2|1|1|1|1|1|1,53209728,3,1,11,11,1
10,5|4|3|1|1|1|1|1|1|1|1,13023360,3,1,11,11,1
10,5|4|2|2|2|2|2|1,34918884,0,1,4,4,0
10,5|4|2|2|2|2|1|1|1,46512000,3,1,11,11,1
10,5|4|2|2|2|1|1|1|1|1,34641750,0,1,2,2,0
10,5|4|2|2|1|1|1|1|1|1|1,16372224,3|5,2,15,16,1
10,5|4|2|1|1|1|1|1|1|1|1|1,4723875,0,1,0,0,0
10,5|4|1|1|1|1|1|1|1|1|1|1|1,663936,3,1,11,11,1
10,5|3|3|3|3|3,7759752,0|2,2,6,10,0
10,5|3|3|3|3|2|1,40310400,3,1,11,11,1
10,5|3|3|3|3|1|1|1,34641750,0,1,2,2,0
10,5|3|3|3|2|2|2,30232800,0|2|4|6,4,10,21,0
10,5|3|3|3|2|2|1|1,64664600,0|2,2,6,13,0
10,5|3|3|3|2|1|1|1|1,52229100,0|2,2,4,10,0
10,5|3|3|3|1|1|1|1|1|1,20155200,0|2|4|6,4,12,19,0
10,5|3|3|2|2|2|2|1,38798760,0|2,2,6,10,0
10,5|3|3|2|2|2|1|1|1,50935808,3|5|7|9,4,19,23,1
10,5|3|3|2|2|1|1|1|1|1,36732852,0|2,2,4,11,0
10,5|3|3|2|1|1|1|1|1|1|1,16124160,3,1,13,13,1
10,5|3|3|1|1|1|1|1|1|1|1|1,3730650,0|2,2,2,8,0
10,5|3|2|2|2|2|2|2,8817900,0,1,4,4,0
10,5|3|2|2|2|2|2|1|1,20721096,0|2,2,6,10,0
10,5|3|2|2|2|2|1|1|1|1,20995000,0|2,2,6,12,0
10,5|3|2|2|2|1|1|1|1|1|1,13579566,0,1,2,2,0
10,5|3|2|2|1|1|1|1|1|1|1|1,5886675,0,1,0,0,0
10,5|3|2|1|1|1|1|1|1|1|1|1|1,1630200,0|2,2,6,13,0
10,5|3|1|1|1|1|1|1|1|1|1|1|1|1,235144,0|2,2,6,10,0
10,5|2|2|2|2|2|2|2|1,3100800,3,1,11,11,1
10,5|2|2|2|2|2|2|1|1|1,4434144,0|2|4|6,4,10,19,0
10,5|2|2|2|2|2|1|1|1|1|1,3762304,3,1,11,11,1
10,5|2|2|2|2|1|1|1|1|1|1|1,2204475,0,1,0,0,0
10,5|2|2|2|1|1|1|1|1|1|1|1|1,912000,3,1,11,11,1
10,5|2|2|1|1|1|1|1|1|1|1|1|1|1,258400,0|2|4|6,4,10,19,0
10,5|2|1|1|1|1|1|1|1|1|1|1|1|1|1,45696,3,1,11,11,1
10,5|1|1|1|1|1|1|1|1|1|1|1|1|1|1|1,3876,0,1,4,4,0
10,4|4|4|4|4,1662804,0,1,4,4,0
10,4|4|4|4|3|1,13856700,0,1,4,4,0
10,4|4|4|4|2|2,13856700,0|2,2,4,11,0
10,4|4|4|4|2|1|1,24942060,0,1,4,4,0
10,4|4|4|4|1|1|1|1,12345060,0,1,4,4,0
10,4|4|4|3|3|2,20785050,0,1,2,2,0
10,4|4|4|3|3|1|1,31039008,0|2|4|6,4,10,14,0
10,4|4|4|3|2|2|1,48498450,0,1,2,2,0
10,4|4|4|3|2|1|1|1,51597312,5|7,2,19,20,1
10,4|4|4|3|1|1|1|1|1,22221108,0,1,4,4,0
10,4|4|4|2|2|2|2,16166150,0,1,2,2,0
10,4|4|4|2|2|2|1|1,35271600,0|4,2,8,10,0
10,4|4|4|2|2|1|1|1|1,30232800,0|4,2,10,12,0
10,4|4|4|2|1|1|1|1|1|1,14244300,0,1,4,4,0
10,4|4|4|1|1|1|1|1|1|1|1,3197700,0,1,4,4,0
10,4|4|3|3|3|3,6928350,0,1,2,2,0
10,4|4|3|3|3|2|1,35473152,3|5,2,13,14,1
10,4|4|3|3|3|1|1|1,30232800,0|2|4|6,4,10,14,0
10,4|4|3|3|2|2|2,25865840,0|4,2,8,10,0
10,4|4|3|3|2|2|1|1,55099278,0,1,2,2,0
10,4|4|3|3|2|1|1|1|1,44089500,0,1,4,4,0
10,4|4|3|3|1|1|1|1|1|1,16713312,0|4,2,10,12,0
10,4|4|3|2|2|2|2|1,30862650,0,1,2,2,0
10,4|4|3|2|2|2|1|1|1,40310400,3,1,11,11,1
10,4|4|3|2|2|1|1|1|1|1,28779300,0,1,4,4,0
10,4|4|3|2|1|1|1|1|1|1|1,12403200,3|5,2,15,16,1
10,4|4|3|1|1|1|1|1|1|1|1|1,2771340,0,1,4,4,0
10,4|4|2|2|2|2|2|2,5643456,0|2|4|6,4,12,16,0
10,4|4|2|2|2|2|2|1|1,13226850,0,1,2,2,0
10,4|4|2|2|2|2|1|1|1|1,13323750,0,1,2,2,0
10,4|4|2|2|2|1|1|1|1|1|1,8527200,0|2|4|6,4,10,14,0
10,4|4|2|2|1|1|1|1|1|1|1|1,3627936,0|2|4|6,4,10,14,0
10,4|4|2|1|1|1|1|1|1|1|1|1|1,969969,0,1,0,0,0
10,4|4|1|1|1|1|1|1|1|1|1|1|1|1,129675,0,1,0,0,0
10,4|3|3|3|3|3|1,7482618,0,1,2,2,0
10,4|3|3|3|3|2|2,11085360,0|4,2,8,10,0
10,4|3|3|3|3|2|1|1,22044750,0,1,2,2,0
10,4|3|3|3|3|1|1|1|1,13856700,0,1,4,4,0
10,4|3|3|3|2|2|2|1,21498880,5,1,15,15,1
10,4|3|3|3|2|2|1|1|1,27159132,0|2,2,4,10,0
10,4|3|3|3|2|1|1|1|1|1,17860608,5,1,17,17,1
10,4|3|3|3|1|1|1|1|1|1|1,6046560,0|4,2,10,12,0
10,4|3|3|2|2|2|2|2,7936110,0,1,2,2,0
10,4|3|3|2|2|2|2|1|1,18475600,0|2,2,8,12,0
10,4|3|3|2|2|2|1|1|1|1,18314100,0|2,2,4,11,0
10,4|3|3|2|2|1|1|1|1|1|1,11337300,0,1,4,4,0
10,4|3|3|2|1|1|1|1|1|1|1|1,4476780,0,1,4,4,0
10,4|3|3|1|1|1|1|1|1|1|1|1|1,959310,0|2,2,2,8,0
10,4|3|2|2|2|2|2|2|1,5819814,0,1,2,2,0
10,4|3|2|2|2|2|2|1|1|1,8268800,5,1,15,15,1
10,4|3|2|2|2|2|1|1|1|1|1,6928350,0,1,2,2,0
10,4|3|2|2|2|1|1|1|1|1|1|1,3969024,5|7,2,19,20,1
10,4|3|2|2|1|1|1|1|1|1|1|1|1,1574625,0,1,0,0,0
10,4|3|2|1|1|1|1|1|1|1|1|1|1|1,408576,5,1,15,15,1
10,4|3|1|1|1|1|1|1|1|1|1|1|1|1|1,56525,0,1,0,0,0
10,4|2|2|2|2|2|2|2|2,629850,0,1,2,2,0
10,4|2|2|2|2|2|2|2|1|1,1534896,0|4,2,8,10,0
10,4|2|2|2|2|2|2|1|1|1|1,1679600,0|4,2,8,10,0
10,4|2|2|2|2|2|1|1|1|1|1|1,1234506,0,1,2,2,0
10,4|2|2|2|2|1|1|1|1|1|1|1|1,654075,0,1,0,0,0
10,4|2|2|2|1|1|1|1|1|1|1|1|1|1,250800,0|4,2,8,10,0
10,4|2|2|1|1|1|1|1|1|1|1|1|1|1|1,67184,0|4,2,8,10,0
10,4|2|1|1|1|1|1|1|1|1|1|1|1|1|1|1,11475,0,1,0,0,0
10,4|1|1|1|1|1|1|1|1|1|1|1|1|1|1|1|1,969,0,1,0,0,0
10,3|3|3|3|3|3|2,1385670,0,1,2,2,0
10,3|3|3|3|3|3|1|1,2217072,0|4,2,8,10,0
10,3|3|3|3|3|2|2|1,4157010,0,1,2,2,0
10,3|3|3|3|3|2|1|1|1,4837248,3,1,11,11,1
10,3|3|3|3|3|1|1|1|1|1,2469012,0,1,4,4,0
10,3|3|3|3|2|2|2|2,2309450,0,1,2,2,0
10,3|3|3|3|2|2|2|1|1,5290740,0|2,2,4,11,0
10,3|3|3|3|2|2|1|1|1|1,5038800,0|2,2,8,12,0
10,3|3|3|3|2|1|1|1|1|1|1,2848860,0,1,4,4,0
10,3|3|3|3|1|1|1|1|1|1|1|1,872100,0,1,4,4,0
10,3|3|3|2|2|2|2|2|1,2687360,3,1,11,11,1
10,3|3|3|2|2|2|2|1|1|1,3779100,0|2,2,4,10,0
10,3|3|3|2|2|2|1|1|1|1|1,3100800,3,1,11,11,1
10,3|3|3|2|2|1|1|1|1|1|1|1,1705440,0|4,2,10,12,0
10,3|3|3|2|1|1|1|1|1|1|1|1|1,620160,3,1,11,11,1
10,3|3|3|1|1|1|1|1|1|1|1|1|1|1,125970,0|2,2,2,8,0
10,3|3|2|2|2|2|2|2|2,604656,0|4,2,8,10,0
10,3|3|2|2|2|2|2|2|1|1,1469650,0,1,2,2,0
10,3|3|2|2|2|2|2|1|1|1|1,1598850,0,1,2,2,0
10,3|3|2|2|2|2|1|1|1|1|1|1,1162800,0|4,2,8,10,0
10,3|3|2|2|2|1|1|1|1|1|1|1|1,604656,0|4,2,8,10,0
10,3|3|2|2|1|1|1|1|1|1|1|1|1|1,223839,0,1,0,0,0
10,3|3|2|1|1|1|1|1|1|1|1|1|1|1|1,55575,0,1,0,0,0
10,3|3|1|1|1|1|1|1|1|1|1|1|1|1|1|1,7600,0|4,2,8,10,0
10,3|2|2|2|2|2|2|2|2|1,277134,0,1,2,2,0
10,3|2|2|2|2|2|2|2|1|1|1,413440,3|5,2,13,14,1
10,3|2|2|2|2|2|2|1|1|1|1|1,377910,0,1,2,2,0
10,3|2|2|2|2|2|1|1|1|1|1|1|1,248064,3,1,13,13,1
10,3|2|2|2|2|1|1|1|1|1|1|1|1|1,121125,0,1,0,0,0
10,3|2|2|2|1|1|1|1|1|1|1|1|1|1|1,43776,3|5,2,13,14,1
10,3|2|2|1|1|1|1|1|1|1|1|1|1|1|1|1,11305,0,1,0,0,0
10,3|2|1|1|1|1|1|1|1|1|1|1|1|1|1|1|1,1920,3,1,11,11,1
10,3|1|1|1|1|1|1|1|1|1|1|1|1|1|1|1|1|1,171,0,1,0,0,0
10,2|2|2|2|2|2|2|2|2|2,16796,0|2,2,4,11,0
10,2|2|2|2|2|2|2|2|2|1|1,41990,0,1,2,2,0
10,2|2|2|2|2|2|2|2|1|1|1|1,48450,0,1,2,2,0
10,2|2|2|2|2|2|2|1|1|1|1|1|1,38760,0|2,2,6,10,0
10,2|2|2|2|2|2|1|1|1|1|1|1|1|1,23256,0|2,2,6,10,0
10,2|2|2|2|2|1|1|1|1|1|1|1|1|1|1,10659,0,1,0,0,0
10,2|2|2|2|1|1|1|1|1|1|1|1|1|1|1|1,3705,0,1,0,0,0
10,2|2|2|1|1|1|1|1|1|1|1|1|1|1|1|1|1,950,0|2,2,2,8,0
10,2|2|1|1|1|1|1|1|1|1|1|1|1|1|1|1|1|1,170,0|2,2,2,8,0
10,2|1|1|1|1|1|1|1|1|1|1|1|1|1|1|1|1|1|1,19,0,1,0,0,0
10,1|1|1|1|1|1|1|1|1|1|1|1|1|1|1|1|1|1|1|1,1,0,1,0,0,0
11,22,1,0,1,0,0,0
11,21|1,21,0,1,0,0,0
11,20|2,209,0,1,0,0,0
11,20|1|1,210,0|2,2,2,3,0
11,19|3,1309,0,1,0,0,0
11,19|2|1,2640,3,1,5,5,1
11,19|1|1|1,1330,0|2,2,2,3,0
11,18|4,5775,0,1,0,0,0
11,18|3|1,17556,0,1,4,4,0
11,18|2|2,11781,0,1,0,0,0
11,18|2|1|1,17765,0,1,0,0,0
11,18|1|1|1|1,5985,0,1,0,0,0
11,17|5,19019,0,1,0,0,0
11,17|4|1,77616,3,1,5,5,1
11,17|3|2,98175,0,1,0,0,0
11,17|3|1|1,118503,0,1,0,0,0
11,17|2|2|1,99484,0,1,4,4,0
11,17|2|1|1|1,80256,3|5,2,11,15,1
11,17|1|1|1|1|1,20349,0,1,0,0,0
11,16|6,48279,0,1,0,0,0
11,16|5|1,248710,0|2,2,2,3,0
11,16|4|2,456456,0|2,2,6,7,0
11,16|4|1|1,510510,0|2,2,2,3,0
11,16|3|3,256025,0,1,0,0,0
11,16|3|2|1,827904,5,1,13,13,1
11,16|3|1|1|1,522291,0,1,0,0,0
11,16|2|2|2,261800,0|2,2,6,7,0
11,16|2|2|1|1,474012,0,1,4,4,0
11,16|2|1|1|1|1,266475,0,1,0,0,0
11,16|1|1|1|1|1|1,54264,0|2,2,6,7,0
11,15|7,95931,0,1,0,0,0
11,15|6|1,601920,3,1,9,9,1
11,15|5|2,1448370,0|2,2,2,3,0
11,15|5|1|1,1563320,0|2,2,6,7,0
11,15|4|3,1474704,3,1,5,5,1
11,15|4|2|1,3730650,0|2,2,2,3,0
11,15|4|1|1|1,2154240,3|7,2,13,15,1
11,15|3|3|1,2263261,0,1,0,0,0
11,15|3|2|2,2282280,0|2,2,6,7,0
11,15|3|2|1|1,3828825,0,1,0,0,0
11,15|3|1|1|1|1,1662804,0,1,4,4,0
11,15|2|2|2|1,1552320,3,1,9,9,1
11,15|2|2|1|1|1,1566873,0,1,0,0,0
11,15|2|1|1|1|1|1,682176,3,1,9,9,1
11,15|1|1|1|1|1|1|1,116280,0|2,2,6,7,0
11,14|8,149226,0,1,2,2,0
11,14|7|1,1119195,0,1,0,0,0
11,14|6|2,3357585,0,1,0,0,0
11,14|6|1|1,3555090,0,1,2,2,0
11,14|5|3,4849845,0,1,0,0,0
11,14|5|2|1,11235840,5,1,13,13,1
11,14|5|1|1|1,6217750,0,1,2,2,0
11,14|4|4,2462229,0,1,0,0,0
11,14|4|3|1,12552540,0,1,4,4,0
11,14|4|2|2,10138590,0|2,2,2,3,0
11,14|4|2|1|1,16414860,0,1,4,4,0
11,14|4|1|1|1|1,6479550,0,1,2,2,0
11,14|3|3|2,7702695,0,1,0,0,0
11,14|3|3|1|1,10346336,0|2|4|6,4,10,14,0
11,14|3|2|2|1,13057275,0,1,0,0,0
11,14|3|2|1|1|1,12063744,5|7,2,15,17,1
11,14|3|1|1|1|1|1,4029102,0,1,2,2,0
11,14|2|2|2|2,2662660,0,1,4,4,0
11,14|2|2|2|1|1,5360355,0,1,0,0,0
11,14|2|2|1|1|1|1,3879876,0,1,4,4,0
11,14|2|1|1|1|1|1|1,1385670,0,1,2,2,0
11,14|1|1|1|1|1|1|1|1,203490,0,1,2,2,0
11,13|9,177650,0,1,2,2,0
11,13|8|1,1591744,3,1,9,9,1
11,13|7|2,5819814,0,1,2,2,0
11,13|7|1|1,6093395,0,1,0,0,0
11,13|6|3,10914816,3|5|7|9,4,17,22,1
11,13|6|2|1,24249225,0,1,0,0,0
11,13|6|1|1|1,13108480,3|5,2,13,17,1
11,13|5|4,9848916,0,1,4,4,0
11,13|5|3|1,38852055,0,1,0,0,0
11,13|5|2|2,29099070,0|2,2,2,3,0
11,13|5|2|1|1,46216170,0,1,2,2,0
11,13|5|1|1|1|1,17409700,0,1,4,4,0
11,13|4|4|1,20518575,0,1,0,0,0
11,13|4|3|2,41783280,3,1,5,5,1
11,13|4|3|1|1,54172800,3|5,2,11,16,1
11,13|4|2|2|1,54774720,3,1,9,9,1
11,13|4|2|1|1|1,48498450,0,1,2,2,0
11,13|4|1|1|1|1|1,14660800,3,1,9,9,1
11,13|3|3|3,10669659,0,1,0,0,0
11,13|3|3|2|1,43257984,3|5,2,11,16,1
11,13|3|3|1|1|1,31266400,0|2|4|6,4,10,14,0
11,13|3|2|2|2,21966945,0,1,0,0,0
11,13|3|2|2|1|1,42678636,0,1,4,4,0
11,13|3|2|1|1|1|1,28078050,0,1,2,2,0
11,13|3|1|1|1|1|1|1,7660268,0,1,4,4,0
11,13|2|2|2|2|1,11316305,0,1,0,0,0
11,13|2|2|2|1|1|1,13069056,3|7,2,13,15,1
11,13|2|2|1|1|1|1|1,7482618,0,1,2,2,0
11,13|2|1|1|1|1|1|1|1,2273920,3|5,2,11,15,1
11,13|1|1|1|1|1|1|1|1|1,293930,0,1,2,2,0
11,12|10,149226,0,1,2,2,0
11,12|9|1,1662804,0|2,2,4,5,0
11,12|8|2,7461300,0|2,2,4,5,0
11,12|8|1|1,7759752,0|2,2,6,7,0
11,12|7|3,17587350,0,1,2,2,0
11,12|7|2|1,38201856,5,1,13,13,1
11,12|7|1|1|1,20369349,0,1,0,0,0
11,12|6|4,22383900,0,1,4,4,0
11,12|6|3|1,80432814,0,1,2,2,0
11,12|6|2|2,58198140,0|2,2,4,5,0
11,12|6|2|1|1,91400925,0,1,0,0,0
11,12|6|1|1|1|1,33549516,0,1,4,4,0
11,12|5|5,10744272,0|2,2,8,9,0
11,12|5|4|1,76403712,5,1,15,15,1
11,12|5|3|2,121938960,0|2,2,8,9,0
11,12|5|3|1|1,155120427,0,1,0,0,0
11,12|5|2|2|1,145495350,0|2,2,2,3,0
11,12|5|2|1|1|1,125841408,5|9,2,19,21,1
11,12|5|1|1|1|1|1,36212176,0|2,2,8,9,0
11,12|4|4|2,69837768,0|2,2,6,7,0
11,12|4|4|1|1,83939625,0,1,0,0,0
11,12|4|3|3,59093496,0|2,2,6,7,0
11,12|4|3|2|1,219490128,3,1,5,5,1
11,12|4|3|1|1|1,152078850,0,1,2,2,0
11,12|4|2|2|2,87297210,0|2,2,2,3,0
11,12|4|2|2|1|1,166378212,0|2,2,4,5,0
11,12|4|2|1|1|1|1,104458200,0|2,2,6,7,0
11,12|4|1|1|1|1|1|1,25729704,0|2,2,6,7,0
11,12|3|3|3|1,61555725,0,1,0,0,0
11,12|3|3|2|2,74687613,0,1,0,0,0
11,12|3|3|2|1|1,134491500,0,1,4,4,0
11,12|3|3|1|1|1|1,68395250,0,1,2,2,0
11,12|3|2|2|2|1,87639552,5,1,13,13,1
11,12|3|2|2|1|1|1,96996900,0|2,2,4,5,0
11,12|3|2|1|1|1|1|1,50265600,5,1,13,13,1
11,12|3|1|1|1|1|1|1|1,11639628,0,1,4,4,0
11,12|2|2|2|2|2,13180167,0,1,0,0,0
11,12|2|2|2|2|1|1,28452424,0|2,2,6,7,0
11,12|2|2|2|1|1|1|1,24066900,0|2,2,4,5,0
11,12|2|2|1|1|1|1|1|1,11490402,0,1,2,2,0
11,12|2|1|1|1|1|1|1|1|1,3048474,0,1,2,2,0
11,12|1|1|1|1|1|1|1|1|1|1,352716,0|2,2,4,5,0
11,11|11,58786,0,1,2,2,0
11,11|10|1,1085280,3,1,7,7,1
11,11|9|2,6565944,0|2,2,6,7,0
11,11|9|1|1,6802380,0|2,2,4,5,0
11,11|8|3,19896800,3,1,7,7,1
11,11|8|2|1,42678636,0|2,2,4,5,0
11,11|8|1|1|1,22573824,3|7,2,13,15,1
11,11|7|4,33575850,0,1,2,2,0
11,11|7|3|1,115472500,0,1,4,4,0
11,11|7|2|2,82074300,0|2,2,4,5,0
11,11|7|2|1|1,128035908,0,1,4,4,0
11,11|7|1|1|1|1,46293975,0,1,0,0,0
11,11|6|5,28651392,3,1,11,11,1
11,11|6|4|1,157134978,0,1,2,2,0
11,11|6|3|2,230234400,3,1,7,7,1
11,11|6|3|1|1,289697408,3|5,2,11,16,1
11,11|6|2|2|1,262637760,3,1,9,9,1
11,11|6|2|1|1|1,224062839,0,1,0,0,0
11,11|6|1|1|1|1|1,62741952,3,1,9,9,1
11,11|5|5|1,77597520,0|2,2,8,9,0
11,11|5|4|2,241746120,0|2,2,6,7,0
11,11|5|4|1|1,285170886,0,1,2,2,0
11,11|5|3|3,164148600,0|2,2,6,7,0
11,11|5|3|2|1,584965920,3,1,7,7,1
11,11|5|3|1|1|1,396070675,0,1,0,0,0
11,11|5|2|2|2,213393180,0|2,2,4,5,0
11,11|5|2|2|1|1,402164070,0|2,2,2,3,0
11,11|5|2|1|1|1|1,246029784,0|2,2,6,7,0
11,11|5|1|1|1|1|1|1,57610280,0|2,2,6,7,0
11,11|4|4|3,118186992,0|2,2,8,9,0
11,11|4|4|2|1,343816704,3|7,2,15,17,1
11,11|4|4|1|1|1,218243025,0,1,0,0,0
11,11|4|3|3|1,315165312,3,1,11,11,1
11,11|4|3|2|2,354731520,3|7,2,15,17,1
11,11|4|3|2|1|1,626749200,3,1,5,5,1
11,11|4|3|1|1|1|1,304304000,3,1,11,11,1
11,11|4|2|2|2|1,320089770,0|2,2,2,3,0
11,11|4|2|2|1|1|1,346063872,3|5|7|9,4,17,21,1
11,11|4|2|1|1|1|1|1,170714544,0|2,2,8,9,0
11,11|4|1|1|1|1|1|1|1,35642880,3|7,2,15,17,1
11,11|3|3|3|2,128035908,0,1,4,4,0
11,11|3|3|3|1|1,184667175,0,1,0,0,0
11,11|3|3|2|2|1,280598175,0,1,0,0,0
11,11|3|3|2|1|1|1,284407200,3,1,7,7,1
11,11|3|3|1|1|1|1|1,113163050,0,1,2,2,0
11,11|3|2|2|2|2,96026931,0,1,0,0,0
11,11|3|2|2|2|1|1,203351148,0|2,2,4,5,0
11,11|3|2|2|1|1|1|1,164148600,0|2,2,6,7,0
11,11|3|2|1|1|1|1|1|1,70756686,0,1,2,2,0
11,11|3|1|1|1|1|1|1|1|1,14284998,0,1,2,2,0
11,11|2|2|2|2|2|1,40168128,3,1,9,9,1
11,11|2|2|2|2|1|1|1,50807900,0|2,2,4,5,0
11,11|2|2|2|1|1|1|1|1,34557600,3,1,7,7,1
11,11|2|2|1|1|1|1|1|1|1,14226212,0,1,4,4,0
11,11|2|1|1|1|1|1|1|1|1|1,3359200,3,1,7,7,1
11,11|1|1|1|1|1|1|1|1|1|1|1,352716,0|2,2,4,5,0
11,10|10|2,2645370,0,1,2,2,0
11,10|10|1|1,2735810,0,1,2,2,0
11,10|9|3,13579566,0,1,2,2,0
11,10|9|2|1,28940800,5,1,13,13,1
11,10|9|1|1|1,15242370,0,1,2,2,0
11,10|8|4,32332300,0,1,4,4,0
11,10|8|3|1,108785754,0,1,2,2,0
11,10|8|2|2,76602680,0|2,2,6,7,0
11,10|8|2|1|1,119041650,0,1,2,2,0
11,10|8|1|1|1|1,42678636,0,1,4,4,0
11,10|7|5,40738698,0,1,2,2,0
11,10|7|4|1,203743232,5|7|9|11,4,21,26,1
11,10|7|3|2,287260050,0,1,2,2,0
11,10|7|3|1|1,359165664,0|2|4|6,4,10,14,0
11,10|7|2|2|1,320089770,0,1,2,2,0
11,10|7|2|1|1|1,270885888,5|7,2,15,17,1
11,10|7|1|1|1|1|1,74687613,0,1,0,0,0
11,10|6|6,19399380,0,1,4,4,0
11,10|6|5|1,182801850,0,1,2,2,0
11,10|6|4|2,443201220,0,1,4,4,0
11,10|6|4|1|1,517316800,0|2|4|6,4,12,16,0
11,10|6|3|3,279798750,0,1,2,2,0
11,10|6|3|2|1,975511680,3|5,2,11,16,1
11,10|6|3|1|1|1,651819168,0|2|4|6,4,10,14,0
11,10|6|2|2|2,341976250,0,1,2,2,0
11,10|6|2|2|1|1,640179540,0,1,4,4,0
11,10|6|2|1|1|1|1,385783125,0,1,0,0,0
11,10|6|1|1|1|1|1|1,87867780,0,1,4,4,0
11,10|5|5|2,229808040,0|2,2,6,7,0
11,10|5|5|1|1,261891630,0,1,2,2,0
11,10|5|4|3,382018560,5,1,15,15,1
11,10|5|4|2|1,1066965900,0,1,4,4,0
11,10|5|4|1|1|1,662165504,5|7,2,17,19,1
11,10|5|3|3|1,785674890,0,1,2,2,0
11,10|5|3|2|2,854745210,0,1,2,2,0
11,10|5|3|2|1|1,1493752260,0,1,4,4,0
11,10|5|3|1|1|1|1,707107401,0,1,0,0,0
11,10|5|2|2|2|1,700367360,5,1,13,13,1
11,10|5|2|2|1|1|1,746876130,0|2,2,2,3,0
11,10|5|2|1|1|1|1|1,358525440,5,1,13,13,1
11,10|5|1|1|1|1|1|1|1,71131060,0,1,4,4,0
11,10|4|4|4,87744888,0,1,6,6,0
11,10|4|4|3|1,581981400,0,1,6,6,0
11,10|4|4|2|2,525275520,0|8,2,14,20,0
11,10|4|4|2|1|1,896251356,0,1,4,4,0
11,10|4|4|1|1|1|1,396070675,0,1,0,0,0
11,10|4|3|3|2,604365300,0,1,4,4,0
11,10|4|3|3|1|1,855512658,0,1,2,2,0
11,10|4|3|2|2|1,1206492210,0,1,2,2,0
11,10|4|3|2|1|1|1,1195001808,3,1,5,5,1
11,10|4|3|1|1|1|1|1,452918466,0,1,2,2,0
11,10|4|2|2|2|2,320089770,0,1,2,2,0
11,10|4|2|2|2|1|1,670273450,0|2,2,2,3,0
11,10|4|2|2|1|1|1|1,527206680,0|2,2,6,7,0
11,10|4|2|1|1|1|1|1|1,216038550,0,1,2,2,0
11,10|4|1|1|1|1|1|1|1|1,39309270,0,1,2,2,0
11,10|3|3|3|3,98489160,0,1,6,6,0
11,10|3|3|3|2|1,458422272,5|7,2,17,19,1
11,10|3|3|3|1|1|1,363738375,0,1,0,0,0
11,10|3|3|2|2|2,292653504,0|2|4|6,4,12,16,0
11,10|3|3|2|2|1|1,598321647,0,1,0,0,0
11,10|3|3|2|1|1|1|1,439338900,0,1,4,4,0
11,10|3|3|1|1|1|1|1|1,144848704,0|2|4|6,4,12,16,0
11,10|3|2|2|2|2|1,266741475,0,1,0,0,0
11,10|3|2|2|2|1|1|1,329584640,5|9,2,19,21,1
11,10|3|2|2|1|1|1|1|1,213393180,0,1,4,4,0
11,10|3|2|1|1|1|1|1|1|1,79206400,5|7,2,17,19,1
11,10|3|1|1|1|1|1|1|1|1|1,14226212,0,1,4,4,0
11,10|2|2|2|2|2|2,32008977,0,1,0,0,0
11,10|2|2|2|2|2|1|1,72625410,0,1,2,2,0
11,10|2|2|2|2|1|1|1|1,68395250,0,1,2,2,0
11,10|2|2|2|1|1|1|1|1|1,39309270,0,1,2,2,0
11,10|2|2|1|1|1|1|1|1|1|1,14284998,0,1,2,2,0
11,10|2|1|1|1|1|1|1|1|1|1|1,3048474,0,1,2,2,0
11,10|1|1|1|1|1|1|1|1|1|1|1|1,293930,0,1,2,2,0
11,9|9|4,13579566,0,1,2,2,0
11,9|9|3|1,45265220,0,1,4,4,0
11,9|9|2|2,31744440,0|2,2,6,7,0
11,9|9|2|1|1,49244580,0,1,4,4,0
11,9|9|1|1|1|1,17587350,0,1,2,2,0
11,9|8|5,31039008,3,1,7,7,1
11,9|8|4|1,149375226,0,1,2,2,0
11,9|8|3|2,206926720,3,1,11,11,1
11,9|8|3|1|1,257862528,3|5,2,11,15,1
11,9|8|2|2|1,227908800,3,1,9,9,1
11,9|8|2|1|1|1,192053862,0,1,2,2,0
11,9|8|1|1|1|1|1,52527552,3,1,9,9,1
11,9|7|6,29099070,0,1,2,2,0
11,9|7|5|1,213393180,0,1,4,4,0
11,9|7|4|2,475284810,0,1,2,2,0
11,9|7|4|1|1,551539296,0|2|4|6,4,10,14,0
11,9|7|3|3,290990700,0,1,4,4,0
11,9|7|3|2|1,1002798720,3|5,2,11,15,1
11,9|7|3|1|1|1,665121600,0|2|4|6,4,12,16,0
11,9|7|2|2|2,344712060,0,1,4,4,0
11,9|7|2|2|1|1,642824910,0,1,2,2,0
11,9|7|2|1|1|1|1,384107724,0,1,4,4,0
11,9|7|1|1|1|1|1|1,86178015,0,1,0,0,0
11,9|6|6|1,106696590,0,1,2,2,0
11,9|6|5|2,465585120,3,1,7,7,1
11,9|6|5|1|1,525275520,3|5,2,11,16,1
11,9|6|4|3,611080470,0,1,2,2,0
11,9|6|4|2|1,1671331200,3|5,2,11,16,1
11,9|6|4|1|1|1,1024287264,0|2|4|6,4,10,14,0
11,9|6|3|3|1,1146055680,3|5|7|9,4,17,22,1
11,9|6|3|2|2,1225642880,3|5,2,11,15,1
11,9|6|3|2|1|1,2128389120,3|5|7|9,4,17,22,1
11,9|6|3|1|1|1|1,993248256,3|5|7|9,4,17,22,1
11,9|6|2|2|2|1,960269310,0,1,2,2,0
11,9|6|2|2|1|1|1,1015822080,3|7,2,13,15,1
11,9|6|2|1|1|1|1|1,480134655,0,1,0,0,0
11,9|6|1|1|1|1|1|1|1,92695680,3|5,2,11,15,1
11,9|5|5|3,349188840,0|2,2,6,7,0
11,9|5|5|2|1,895356000,3,1,7,7,1
11,9|5|5|1|1|1,533482950,0,1,2,2,0
11,9|5|4|4,271591320,0,1,6,6,0
11,9|5|4|3|1,1645216650,0,1,2,2,0
11,9|5|4|2|2,1436300250,0,1,2,2,0
11,9|5|4|2|1|1,2424922500,0,1,4,4,0
11,9|5|4|1|1|1|1,1045626582,0,1,2,2,0
11,9|5|3|3|2,1329603660,0,1,4,4,0
11,9|5|3|3|1|1,1862340480,0|8,2,14,20,0
11,9|5|3|2|2|1,2540395000,0,1,6,6,0
11,9|5|3|2|1|1|1,2483120640,3|7,2,15,17,1
11,9|5|3|1|1|1|1|1,916620705,0,1,0,0,0
11,9|5|2|2|2|2,615557250,0,1,2,2,0
11,9|5|2|2|2|1|1,1280359080,0|2,2,6,7,0
11,9|5|2|2|1|1|1|1,992013750,0|2,2,2,3,0
11,9|5|2|1|1|1|1|1|1,395405010,0,1,2,2,0
11,9|5|1|1|1|1|1|1|1|1,68395250,0,1,2,2,0
11,9|4|4|4|1,401119488,3|5,2,13,17,1
11,9|4|4|3|2,1034136180,0,1,4,4,0
11,9|4|4|3|1|1,1414214802,0,1,2,2,0
11,9|4|4|2|2|1,1600448850,0,1,2,2,0
11,9|4|4|2|1|1|1,1520911392,3,1,7,7,1
11,9|4|4|1|1|1|1|1,522813291,0,1,0,0,0
11,9|4|3|3|3,429770880,3,1,11,11,1
11,9|4|3|3|2|1,1920538620,0,1,4,4,0
11,9|4|3|3|1|1|1,1489872384,3|7,2,15,17,1
11,9|4|3|2|2|2,1125590400,3|5,2,11,15,1
11,9|4|3|2|2|1|1,2276193920,3,1,11,11,1
11,9|4|3|2|1|1|1|1,1629547920,3,1,5,5,1
11,9|4|3|1|1|1|1|1|1,511230720,3|5,2,13,18,1
11,9|4|2|2|2|2|1,787913280,3,1,9,9,1
11,9|4|2|2|2|1|1|1,960269310,0|2,2,2,3,0
11,9|4|2|2|1|1|1|1|1,605011680,3,1,7,7,1
11,9|4|2|1|1|1|1|1|1|1,213393180,0,1,4,4,0
11,9|4|1|1|1|1|1|1|1|1|1,34557600,3,1,7,7,1
11,9|3|3|3|3|1,349188840,0,1,6,6,0
11,9|3|3|3|2|2,472747968,0|2|4|6,4,12,16,0
11,9|3|3|3|2|1|1,896251356,0,1,4,4,0
11,9|3|3|3|1|1|1|1,509233725,0,1,0,0,0
11,9|3|3|2|2|2|1,735385728,3|5,2,11,15,1
11,9|3|3|2|2|1|1|1,871355485,0,1,0,0,0
11,9|3|3|2|1|1|1|1|1,511230720,3|5,2,13,18,1
11,9|3|3|1|1|1|1|1|1|1,144848704,0|2|4|6,4,12,16,0
11,9|3|2|2|2|2|2,192053862,0,1,2,2,0
11,9|3|2|2|2|2|1|1,430890075,0,1,0,0,0
11,9|3|2|2|2|1|1|1|1,395405010,0,1,2,2,0
11,9|3|2|2|1|1|1|1|1|1,216038550,0,1,2,2,0
11,9|3|2|1|1|1|1|1|1|1|1,70756686,0,1,2,2,0
11,9|3|1|1|1|1|1|1|1|1|1|1,11490402,0,1,2,2,0
11,9|2|2|2|2|2|2|1,68590665,0,1,0,0,0
11,9|2|2|2|2|2|1|1|1,92695680,3|5,2,11,15,1
11,9|2|2|2|2|1|1|1|1|1,71131060,0,1,4,4,0
11,9|2|2|2|1|1|1|1|1|1|1,35642880,3|7,2,15,17,1
11,9|2|2|1|1|1|1|1|1|1|1|1,11639628,0,1,4,4,0
11,9|2|1|1|1|1|1|1|1|1|1|1|1,2273920,3|5,2,11,15,1
11,9|1|1|1|1|1|1|1|1|1|1|1|1|1,203490,0,1,2,2,0
11,8|8|6,14226212,0|2,2,4,5,0
11,8|8|5|1,96996900,0|2,2,4,5,0
11,8|8|4|2,209513304,0|2,2,6,7,0
11,8|8|4|1|1,242492250,0,1,2,2,0
11,8|8|3|3,126742616,0|2,2,6,7,0
11,8|8|3|2|1,434546112,3,1,9,9,1
11,8|8|3|1|1|1,287260050,0,1,2,2,0
11,8|8|2|2|2,148140720,0|2,2,8,9,0
11,8|8|2|2|1|1,275769648,0|2,2,8,9,0
11,8|8|2|1|1|1|1,164148600,0|2,2,6,7,0
11,8|8|1|1|1|1|1|1,36581688,0|2,2,6,7,0
11,8|7|7,9145422,0,1,2,2,0
11,8|7|6|1,118243840,5,1,13,13,1
11,8|7|5|2,407386980,0|2,2,4,5,0
11,8|7|5|1|1,457271100,0,1,4,4,0
11,8|7|4|3,496624128,5,1,13,13,1
11,8|7|4|2|1,1344377034,0,1,2,2,0
11,8|7|4|1|1|1,818611200,5|7,2,15,17,1
11,8|7|3|3|1,896251356,0,1,4,4,0
11,8|7|3|2|2,950569620,0,1,4,4,0
11,8|7|3|2|1|1,1645216650,0,1,2,2,0
11,8|7|3|1|1|1|1,762118500,0,1,4,4,0
11,8|7|2|2|2|1,729308160,5,1,15,15,1
11,8|7|2|2|1|1|1,768215448,0|2,2,6,7,0
11,8|7|2|1|1|1|1|1,360188928,5,1,15,15,1
11,8|7|1|1|1|1|1|1|1,68590665,0,1,0,0,0
11,8|6|6|2,224478540,0|2,2,4,5,0
11,8|6|6|1|1,248958710,0,1,2,2,0
11,8|6|5|3,581981400,0|2,2,6,7,0
11,8|6|5|2|1,1463267520,3,1,9,9,1
11,8|6|5|1|1|1,861780150,0,1,2,2,0
11,8|6|4|4,366648282,0,1,2,2,0
11,8|6|4|3|1,2133931800,0,1,6,6,0
11,8|6|4|2|2,1833241410,0,1,2,2,0
11,8|6|4|2|1|1,3077082756,0,1,4,4,0
11,8|6|4|1|1|1|1,1309458150,0,1,2,2,0
11,8|6|3|3|2,1584282700,0,1,4,4,0
11,8|6|3|3|1|1,2206157184,0|8,2,14,20,0
11,8|6|3|2|2|1,2961389970,0,1,2,2,0
11,8|6|3|2|1|1|1,2873325312,3|7,2,13,15,1
11,8|6|3|1|1|1|1|1,1045626582,0,1,2,2,0
11,8|6|2|2|2|2,689424120,0,1,6,6,0
11,8|6|2|2|2|1|1,1428499800,0|2,2,6,7,0
11,8|6|2|2|1|1|1|1,1097450640,0|2,2,8,9,0
11,8|6|2|1|1|1|1|1|1,430890075,0,1,0,0,0
11,8|6|1|1|1|1|1|1|1|1,72625410,0,1,2,2,0
11,8|5|5|4,271591320,0|2,2,6,7,0
11,8|5|5|3|1,1280359080,0|2,2,6,7,0
11,8|5|5|2|2,1039252500,0|2,2,4,5,0
11,8|5|5|2|1|1,1723560300,0|2,2,4,5,0
11,8|5|5|1|1|1|1,711310600,0|2,2,6,7,0
11,8|5|4|4|1,1045626582,0,1,2,2,0
11,8|5|4|3|2,2483120640,5,1,13,13,1
11,8|5|4|3|1|1,3361763328,5|9,2,19,21,1
11,8|5|4|2|2|1,3683750400,5,1,13,13,1
11,8|5|4|2|1|1|1,3456969516,0|2,2,4,5,0
11,8|5|4|1|1|1|1|1,1158789632,5,1,13,13,1
11,8|5|3|3|3,814773960,0|2,2,6,7,0
11,8|5|3|3|2|1,3565506560,5|9,2,19,21,1
11,8|5|3|3|1|1|1,2731432704,0|2|8|10,4,16,25,0
11,8|5|3|2|2|2,2010820350,0,1,2,2,0
11,8|5|3|2|2|1|1,4040613720,0|2,2,6,7,0
11,8|5|3|2|1|1|1|1,2851708860,0|2,2,4,5,0
11,8|5|3|1|1|1|1|1|1,871355485,0,1,0,0,0
11,8|5|2|2|2|2|1,1280359080,0|2,2,6,7,0
11,8|5|2|2|2|1|1|1,1547919360,5|7|9|11,4,21,25,1
11,8|5|2|2|1|1|1|1|1,960269310,0|2,2,2,3,0
11,8|5|2|1|1|1|1|1|1|1,329584640,5|9,2,19,21,1
11,8|5|1|1|1|1|1|1|1|1|1,50807900,0|2,2,4,5,0
11,8|4|4|4|2,678978300,0,1,4,4,0
11,8|4|4|4|1|1,861780150,0,1,2,2,0
11,8|4|4|3|3,698377680,0|2,2,8,9,0
11,8|4|4|3|2|1,2865139200,5,1,13,13,1
11,8|4|4|3|1|1|1,2133931800,0|2,2,6,7,0
11,8|4|4|2|2|2,1319051250,0,1,2,2,0
11,8|4|4|2|2|1|1,2618916300,0|2,2,4,5,0
11,8|4|4|2|1|1|1|1,1792502712,0|2,2,6,7,0
11,8|4|4|1|1|1|1|1|1,509233725,0,1,0,0,0
11,8|4|3|3|3|1,1316173320,0|2,2,6,7,0
11,8|4|3|3|2|2,1723560300,0,1,4,4,0
11,8|4|3|3|2|1|1,3233230000,0|2,2,8,9,0
11,8|4|3|3|1|1|1|1,1792502712,0|2,2,6,7,0
11,8|4|3|2|2|2|1,2438779200,3,1,9,9,1
11,8|4|3|2|2|1|1|1,2851708860,0|2,2,4,5,0
11,8|4|3|2|1|1|1|1|1,1629547920,3,1,5,5,1
11,8|4|3|1|1|1|1|1|1|1,439338900,0,1,4,4,0
11,8|4|2|2|2|2|2,492445800,0|2,2,6,7,0
11,8|4|2|2|2|2|1|1,1097450640,0|2,2,8,9,0
11,8|4|2|2|2|1|1|1|1,992013750,0|2,2,2,3,0
11,8|4|2|2|1|1|1|1|1|1,527206680,0|2,2,6,7,0
11,8|4|2|1|1|1|1|1|1|1|1,164148600,0|2,2,6,7,0
11,8|4|1|1|1|1|1|1|1|1|1|1,24066900,0|2,2,4,5,0
11,8|3|3|3|3|2,413654472,0,1,6,6,0
11,8|3|3|3|3|1|1,628539912,0|2,2,6,7,0
11,8|3|3|3|2|2|1,1066965900,0,1,4,4,0
11,8|3|3|3|2|1|1|1,1158789632,5,1,13,13,1
11,8|3|3|3|1|1|1|1|1,522813291,0,1,0,0,0
11,8|3|3|2|2|2|2,474858450,0,1,2,2,0
11,8|3|3|2|2|2|1|1,1045626582,0,1,2,2,0
11,8|3|3|2|2|1|1|1|1,916620705,0,1,0,0,0
11,8|3|3|2|1|1|1|1|1|1,452918466,0,1,2,2,0
11,8|3|3|1|1|1|1|1|1|1|1,113163050,0,1,2,2,0
11,8|3|2|2|2|2|2|1,360188928,5,1,15,15,1
11,8|3|2|2|2|2|1|1|1,480134655,0,1,0,0,0
11,8|3|2|2|2|1|1|1|1|1,358525440,5,1,13,13,1
11,8|3|2|2|1|1|1|1|1|1|1,170714544,0|2,2,8,9,0
11,8|3|2|1|1|1|1|1|1|1|1|1,50265600,5,1,13,13,1
11,8|3|1|1|1|1|1|1|1|1|1|1|1,7482618,0,1,2,2,0
11,8|2|2|2|2|2|2|2,36581688,0|2,2,6,7,0
11,8|2|2|2|2|2|2|1|1,86178015,0,1,0,0,0
11,8|2|2|2|2|2|1|1|1|1,87867780,0,1,4,4,0
11,8|2|2|2|2|1|1|1|1|1|1,57610280,0|2,2,6,7,0
11,8|2|2|2|1|1|1|1|1|1|1|1,25729704,0|2,2,6,7,0
11,8|2|2|1|1|1|1|1|1|1|1|1|1,7660268,0,1,4,4,0
11,8|2|1|1|1|1|1|1|1|1|1|1|1|1,1385670,0,1,2,2,0
11,8|1|1|1|1|1|1|1|1|1|1|1|1|1|1,116280,0|2,2,6,7,0
11,7|7|7|1,21339318,0,1,2,2,0
11,7|7|6|2,142262120,0|2,2,6,7,0
11,7|7|6|1|1,157134978,0,1,2,2,0
11,7|7|5|3,298750452,0|2,2,4,5,0
11,7|7|5|2|1,744936192,3|7,2,13,15,1
11,7|7|5|1|1|1,436486050,0,1,2,2,0
11,7|7|4|4,177827650,0,1,2,2,0
11,7|7|4|3|1,1018467450,0,1,2,2,0
11,7|7|4|2|2,869092224,0|8,2,14,20,0
11,7|7|4|2|1|1,1454953500,0,1,4,4,0
11,7|7|4|1|1|1|1,615557250,0,1,2,2,0
11,7|7|3|3|2,733296564,0,1,4,4,0
11,7|7|3|3|1|1,1018467450,0,1,2,2,0
11,7|7|3|2|2|1,1357956600,0,1,6,6,0
11,7|7|3|2|1|1|1,1313188800,3,1,9,9,1
11,7|7|3|1|1|1|1|1,474858450,0,1,2,2,0
11,7|7|2|2|2|2,311095512,0,1,6,6,0
11,7|7|2|2|2|1|1,643462512,0|2,2,8,9,0
11,7|7|2|2|1|1|1|1,492445800,0|2,2,6,7,0
11,7|7|2|1|1|1|1|1|1,192053862,0,1,2,2,0
11,7|7|1|1|1|1|1|1|1|1,32008977,0,1,0,0,0
11,7|6|6|3,213393180,0|2,2,4,5,0
11,7|6|6|2|1,517316800,3,1,9,9,1
11,7|6|6|1|1|1,298750452,0,1,4,4,0
11,7|6|5|4,341429088,3,1,7,7,1
11,7|6|5|3|1,1551950400,3,1,9,9,1
11,7|6|5|2|2,1241560320,3|7,2,13,15,1
11,7|6|5|2|1|1,2048574528,3,1,9,9,1
11,7|6|5|1|1|1|1,835665600,3,1,9,9,1
11,7|6|4|4|1,1034633600,3|5,2,11,16,1
11,7|6|4|3|2,2376424050,0,1,2,2,0
11,7|6|4|3|1|1,3200897700,0,1,4,4,0
11,7|6|4|2|2|1,3456969516,0,1,4,4,0
11,7|6|4|2|1|1|1,3223281600,3,1,9,9,1
11,7|6|4|1|1|1|1|1,1066965900,0,1,4,4,0
11,7|6|3|3|3,724243520,3,1,9,9,1
11,7|6|3|3|2|1,3136879746,0,1,2,2,0
11,7|6|3|3|1|1|1,2387616000,3|7,2,13,15,1
11,7|6|3|2|2|2,1738184448,3|5,2,13,18,1
11,7|6|3|2|2|1|1,3481144128,3,1,9,9,1
11,7|6|3|2|1|1|1|1,2438779200,3,1,9,9,1
11,7|6|3|1|1|1|1|1|1,735385728,3|5,2,11,15,1
11,7|6|2|2|2|2|1,1063574400,3,1,11,11,1
11,7|6|2|2|2|1|1|1,1280359080,0|2,2,6,7,0
11,7|6|2|2|1|1|1|1|1,787913280,3,1,9,9,1
11,7|6|2|1|1|1|1|1|1|1,266741475,0,1,0,0,0
11,7|6|1|1|1|1|1|1|1|1|1,40168128,3,1,9,9,1
11,7|5|5|5,85357272,0|2,2,6,7,0
11,7|5|5|4|1,838053216,3,1,7,7,1
11,7|5|5|3|2,1571349780,0|2,2,4,5,0
11,7|5|5|3|1|1,2091253164,0|2,2,4,5,0
11,7|5|5|2|2|1,2133931800,0|2,2,6,7,0
11,7|5|5|2|1|1|1,1961028608,3|5|7|9,4,17,21,1
11,7|5|5|1|1|1|1|1,628539912,0|2,2,6,7,0
11,7|5|4|4|2,1414214802,0,1,2,2,0
11,7|5|4|4|1|1,1778276500,0,1,4,4,0
11,7|5|4|3|3,1357956600,0|2,2,6,7,0
11,7|5|4|3|2|1,5462865408,5,1,13,13,1
11,7|5|4|3|1|1|1,4021640700,0|2,2,4,5,0
11,7|5|4|2|2|2,2424922500,0,1,4,4,0
11,7|5|4|2|2|1|1,4786573176,0|2,2,6,7,0
11,7|5|4|2|1|1|1|1,3233230000,0|2,2,8,9,0
11,7|5|4|1|1|1|1|1|1,896251356,0,1,4,4,0
11,7|5|3|3|3|1,1991669680,0|2,2,8,9,0
11,7|5|3|3|2|2,2566537974,0,1,2,2,0
11,7|5|3|3|2|1|1,4786573176,0|2,2,6,7,0
11,7|5|3|3|1|1|1|1,2618916300,0|2,2,4,5,0
11,7|5|3|2|2|2|1,3481144128,3,1,9,9,1
11,7|5|3|2|2|1|1|1,4040613720,0|2,2,6,7,0
11,7|5|3|2|1|1|1|1|1,2276193920,3,1,11,11,1
11,7|5|3|1|1|1|1|1|1|1,598321647,0,1,0,0,0
11,7|5|2|2|2|2|2,643462512,0|2,2,8,9,0
11,7|5|2|2|2|2|1|1,1428499800,0|2,2,6,7,0
11,7|5|2|2|2|1|1|1|1,1280359080,0|2,2,6,7,0
11,7|5|2|2|1|1|1|1|1|1,670273450,0|2,2,2,3,0
11,7|5|2|1|1|1|1|1|1|1|1,203351148,0|2,2,4,5,0
11,7|5|1|1|1|1|1|1|1|1|1|1,28452424,0|2,2,6,7,0
11,7|4|4|4|3,496624128,3|7,2,15,17,1
11,7|4|4|4|2|1,1600448850,0,1,2,2,0
11,7|4|4|4|1|1|1,1094324000,3,1,7,7,1
11,7|4|4|3|3|1,1792502712,0|2,2,6,7,0
11,7|4|4|3|2|2,2182430250,0,1,2,2,0
11,7|4|4|3|2|1|1,4021640700,0|2,2,4,5,0
11,7|4|4|3|1|1|1|1,2133931800,0|2,2,6,7,0
11,7|4|4|2|2|2|1,2387616000,3|7,2,13,15,1
11,7|4|4|2|2|1|1|1,2731432704,0|2|8|10,4,16,25,0
11,7|4|4|2|1|1|1|1|1,1489872384,3|7,2,15,17,1
11,7|4|4|1|1|1|1|1|1|1,363738375,0,1,0,0,0
11,7|4|3|3|3|2,1303638336,3,1,9,9,1
11,7|4|3|3|3|1|1,1961028608,3|5|7|9,4,17,21,1
11,7|4|3|3|2|2|1,3223281600,3,1,9,9,1
11,7|4|3|3|2|1|1|1,3456969516,0|2,2,4,5,0
11,7|4|3|3|1|1|1|1|1,1520911392,3,1,7,7,1
11,7|4|3|2|2|2|2,1313188800,3,1,9,9,1
11,7|4|3|2|2|2|1|1,2873325312,3|7,2,13,15,1
11,7|4|3|2|2|1|1|1|1,2483120640,3|7,2,15,17,1
11,7|4|3|2|1|1|1|1|1|1,1195001808,3,1,5,5,1
11,7|4|3|1|1|1|1|1|1|1|1,284407200,3,1,7,7,1
11,7|4|2|2|2|2|2|1,768215448,0|2,2,6,7,0
11,7|4|2|2|2|2|1|1|1,1015822080,3|7,2,13,15,1
11,7|4|2|2|2|1|1|1|1|1,746876130,0|2,2,2,3,0
11,7|4|2|2|1|1|1|1|1|1|1,346063872,3|5|7|9,4,17,21,1
11,7|4|2|1|1|1|1|1|1|1|1|1,96996900,0|2,2,4,5,0
11,7|4|1|1|1|1|1|1|1|1|1|1|1,13069056,3|7,2,13,15,1
11,7|3|3|3|3|3,162954792,0,1,6,6,0
11,7|3|3|3|3|2|1,835665600,3,1,9,9,1
11,7|3|3|3|3|1|1|1,711310600,0|2,2,6,7,0
11,7|3|3|3|2|2|2,615557250,0,1,2,2,0
11,7|3|3|3|2|2|1|1,1309458150,0,1,2,2,0
11,7|3|3|3|2|1|1|1|1,1045626582,0,1,2,2,0
11,7|3|3|3|1|1|1|1|1|1,396070675,0,1,0,0,0
11,7|3|3|2|2|2|2|1,762118500,0,1,4,4,0
11,7|3|3|2|2|2|1|1|1,993248256,3|5|7|9,4,17,22,1
11,7|3|3|2|2|1|1|1|1|1,707107401,0,1,0,0,0
11,7|3|3|2|1|1|1|1|1|1|1,304304000,3,1,11,11,1
11,7|3|3|1|1|1|1|1|1|1|1|1,68395250,0,1,2,2,0
11,7|3|2|2|2|2|2|2,164148600,0|2,2,6,7,0
11,7|3|2|2|2|2|2|1|1,384107724,0,1,4,4,0
11,7|3|2|2|2|2|1|1|1|1,385783125,0,1,0,0,0
11,7|3|2|2|2|1|1|1|1|1|1,246029784,0|2,2,6,7,0
11,7|3|2|2|1|1|1|1|1|1|1|1,104458200,0|2,2,6,7,0
11,7|3|2|1|1|1|1|1|1|1|1|1|1,28078050,0,1,2,2,0
11,7|3|1|1|1|1|1|1|1|1|1|1|1|1,3879876,0,1,4,4,0
11,7|2|2|2|2|2|2|2|1,52527552,3,1,9,9,1
11,7|2|2|2|2|2|2|1|1|1,74687613,0,1,0,0,0
11,7|2|2|2|2|2|1|1|1|1|1,62741952,3,1,9,9,1
11,7|2|2|2|2|1|1|1|1|1|1|1,36212176,0|2,2,8,9,0
11,7|2|2|2|1|1|1|1|1|1|1|1|1,14660800,3,1,9,9,1
11,7|2|2|1|1|1|1|1|1|1|1|1|1|1,4029102,0,1,2,2,0
11,7|2|1|1|1|1|1|1|1|1|1|1|1|1|1,682176,3,1,9,9,1
11,7|1|1|1|1|1|1|1|1|1|1|1|1|1|1|1,54264,0|2,2,6,7,0
11,6|6|6|4,76211850,0,1,2,2,0
11,6|6|6|3|1,320089770,0,1,2,2,0
11,6|6|6|2|2,248958710,0,1,2,2,0
11,6|6|6|2|1|1,407386980,0,1,4,4,0
11,6|6|6|1|1|1|1,162954792,0,1,6,6,0
11,6|6|5|5,64017954,0,1,2,2,0
11,6|6|5|4|1,585307008,3|5,2,11,16,1
11,6|6|5|3|2,1066965900,0,1,4,4,0
11,6|6|5|3|1|1,1414214802,0,1,2,2,0
11,6|6|5|2|2|1,1425854430,0,1,2,2,0
11,6|6|5|2|1|1|1,1303638336,3,1,9,9,1
11,6|6|5|1|1|1|1|1,413654472,0,1,6,6,0
11,6|6|4|4|2,796667872,0|2|4|6,4,10,14,0
11,6|6|4|4|1|1,997682400,0|2|4|6,4,10,14,0
11,6|6|4|3|3,746876130,0,1,2,2,0
11,6|6|4|3|2|1,2979744768,5|7,2,15,17,1
11,6|6|4|3|1|1|1,2182430250,0,1,2,2,0
11,6|6|4|2|2|2,1303638336,0|2|4|6,4,12,16,0
11,6|6|4|2|2|1|1,2566537974,0,1,2,2,0
11,6|6|4|2|1|1|1|1,1723560300,0,1,4,4,0
11,6|6|4|1|1|1|1|1|1,472747968,0|2|4|6,4,12,16,0
11,6|6|3|3|3|1,1018467450,0,1,2,2,0
11,6|6|3|3|2|2,1303638336,0|2|4|6,4,12,16,0
11,6|6|3|3|2|1|1,2424922500,0,1,4,4,0
11,6|6|3|3|1|1|1|1,1319051250,0,1,2,2,0
11,6|6|3|2|2|2|1,1738184448,3|5,2,13,18,1
11,6|6|3|2|2|1|1|1,2010820350,0,1,2,2,0
11,6|6|3|2|1|1|1|1|1,1125590400,3|5,2,11,15,1
11,6|6|3|1|1|1|1|1|1|1,292653504,0|2|4|6,4,12,16,0
11,6|6|2|2|2|2|2,311095512,0,1,6,6,0
11,6|6|2|2|2|2|1|1,689424120,0,1,6,6,0
11,6|6|2|2|2|1|1|1|1,615557250,0,1,2,2,0
11,6|6|2|2|1|1|1|1|1|1,320089770,0,1,2,2,0
11,6|6|2|1|1|1|1|1|1|1|1,96026931,0,1,0,0,0
11,6|6|1|1|1|1|1|1|1|1|1|1,13180167,0,1,0,0,0
11,6|5|5|5|1,192053862,0,1,2,2,0
11,6|5|5|4|2,823087980,0,1,4,4,0
11,6|5|5|4|1|1,1018467450,0,1,2,2,0
11,6|5|5|3|3,640179540,0|2,2,4,5,0
11,6|5|5|3|2|1,2483120640,5,1,13,13,1
11,6|5|5|3|1|1|1,1792502712,0|2,2,6,7,0
11,6|5|5|2|2|2,1018467450,0,1,2,2,0
11,6|5|5|2|2|1|1,1991669680,0|2,2,8,9,0
11,6|5|5|2|1|1|1|1,1316173320,0|2,2,6,7,0
11,6|5|5|1|1|1|1|1|1,349188840,0,1,6,6,0
11,6|5|4|4|3,746876130,0,1,2,2,0
11,6|5|4|4|2|1,2364876800,5|7,2,17,19,1
11,6|5|4|4|1|1|1,1600448850,0,1,2,2,0
11,6|5|4|3|3|1,2483120640,5,1,13,13,1
11,6|5|4|3|2|2,2979744768,5|7,2,15,17,1
11,6|5|4|3|2|1|1,5462865408,5,1,13,13,1
11,6|5|4|3|1|1|1|1,2865139200,5,1,13,13,1
11,6|5|4|2|2|2|1,3136879746,0,1,2,2,0
11,6|5|4|2|2|1|1|1,3565506560,5|9,2,19,21,1
11,6|5|4|2|1|1|1|1|1,1920538620,0,1,4,4,0
11,6|5|4|1|1|1|1|1|1|1,458422272,5|7,2,17,19,1
11,6|5|3|3|3|2,1425854430,0,1,2,2,0
11,6|5|3|3|3|1|1,2133931800,0|2,2,6,7,0
11,6|5|3|3|2|2|1,3456969516,0,1,4,4,0
11,6|5|3|3|2|1|1|1,3683750400,5,1,13,13,1
11,6|5|3|3|1|1|1|1|1,1600448850,0,1,2,2,0
11,6|5|3|2|2|2|2,1357956600,0,1,6,6,0
11,6|5|3|2|2|2|1|1,2961389970,0,1,2,2,0
11,6|5|3|2|2|1|1|1|1,2540395000,0,1,6,6,0
11,6|5|3|2|1|1|1|1|1|1,1206492210,0,1,2,2,0
11,6|5|3|1|1|1|1|1|1|1|1,280598175,0,1,0,0,0
11,6|5|2|2|2|2|2|1,729308160,5,1,15,15,1
11,6|5|2|2|2|2|1|1|1,960269310,0,1,2,2,0
11,6|5|2|2|2|1|1|1|1|1,700367360,5,1,13,13,1
11,6|5|2|2|1|1|1|1|1|1|1,320089770,0|2,2,2,3,0
11,6|5|2|1|1|1|1|1|1|1|1|1,87639552,5,1,13,13,1
11,6|5|1|1|1|1|1|1|1|1|1|1|1,11316305,0,1,0,0,0
11,6|4|4|4|4,128035908,0,1,4,4,0
11,6|4|4|4|3|1,1018467450,0,1,2,2,0
11,6|4|4|4|2|2,997682400,0|2|4|6,4,10,14,0
11,6|4|4|4|2|1|1,1778276500,0,1,4,4,0
11,6|4|4|4|1|1|1|1,861780150,0,1,2,2,0
11,6|4|4|3|3|2,1414214802,0,1,2,2,0
11,6|4|4|3|3|1|1,2091253164,0|2,2,4,5,0
11,6|4|4|3|2|2|1,3200897700,0,1,4,4,0
11,6|4|4|3|2|1|1|1,3361763328,5|9,2,19,21,1
11,6|4|4|3|1|1|1|1|1,1414214802,0,1,2,2,0
11,6|4|4|2|2|2|2,1018467450,0,1,2,2,0
11,6|4|4|2|2|2|1|1,2206157184,0|8,2,14,20,0
11,6|4|4|2|2|1|1|1|1,1862340480,0|8,2,14,20,0
11,6|4|4|2|1|1|1|1|1|1,855512658,0,1,2,2,0
11,6|4|4|1|1|1|1|1|1|1|1,184667175,0,1,0,0,0
11,6|4|3|3|3|3,407386980,0,1,4,4,0
11,6|4|3|3|3|2|1,2048574528,3,1,9,9,1
11,6|4|3|3|3|1|1|1,1723560300,0|2,2,4,5,0
11,6|4|3|3|2|2|2,1454953500,0,1,4,4,0
11,6|4|3|3|2|2|1|1,3077082756,0,1,4,4,0
11,6|4|3|3|2|1|1|1|1,2424922500,0,1,4,4,0
11,6|4|3|3|1|1|1|1|1|1,896251356,0,1,4,4,0
11,6|4|3|2|2|2|2|1,1645216650,0,1,2,2,0
11,6|4|3|2|2|2|1|1|1,2128389120,3|5|7|9,4,17,22,1
11,6|4|3|2|2|1|1|1|1|1,1493752260,0,1,4,4,0
11,6|4|3|2|1|1|1|1|1|1|1,626749200,3,1,5,5,1
11,6|4|3|1|1|1|1|1|1|1|1|1,134491500,0,1,4,4,0
11,6|4|2|2|2|2|2|2,275769648,0|2,2,8,9,0
11,6|4|2|2|2|2|2|1|1,642824910,0,1,2,2,0
11,6|4|2|2|2|2|1|1|1|1,640179540,0,1,4,4,0
11,6|4|2|2|2|1|1|1|1|1|1,402164070,0|2,2,2,3,0
11,6|4|2|2|1|1|1|1|1|1|1|1,166378212,0|2,2,4,5,0
11,6|4|2|1|1|1|1|1|1|1|1|1|1,42678636,0,1,4,4,0
11,6|4|1|1|1|1|1|1|1|1|1|1|1|1,5360355,0,1,0,0,0
11,6|3|3|3|3|3|1,298750452,0,1,4,4,0
11,6|3|3|3|3|2|2,436486050,0,1,2,2,0
11,6|3|3|3|3|2|1|1,861780150,0,1,2,2,0
11,6|3|3|3|3|1|1|1|1,533482950,0,1,2,2,0
11,6|3|3|3|2|2|2|1,818611200,5|7,2,15,17,1
11,6|3|3|3|2|2|1|1|1,1024287264,0|2|4|6,4,10,14,0
11,6|3|3|3|2|1|1|1|1|1,662165504,5|7,2,17,19,1
11,6|3|3|3|1|1|1|1|1|1|1,218243025,0,1,0,0,0
11,6|3|3|2|2|2|2|2,287260050,0,1,2,2,0
11,6|3|3|2|2|2|2|1|1,665121600,0|2|4|6,4,12,16,0
11,6|3|3|2|2|2|1|1|1|1,651819168,0|2|4|6,4,10,14,0
11,6|3|3|2|2|1|1|1|1|1|1,396070675,0,1,0,0,0
11,6|3|3|2|1|1|1|1|1|1|1|1,152078850,0,1,2,2,0
11,6|3|3|1|1|1|1|1|1|1|1|1|1,31266400,0|2|4|6,4,10,14,0
11,6|3|2|2|2|2|2|2|1,192053862,0,1,2,2,0
11,6|3|2|2|2|2|2|1|1|1,270885888,5|7,2,15,17,1
11,6|3|2|2|2|2|1|1|1|1|1,224062839,0,1,0,0,0
11,6|3|2|2|2|1|1|1|1|1|1|1,125841408,5|9,2,19,21,1
11,6|3|2|2|1|1|1|1|1|1|1|1|1,48498450,0,1,2,2,0
11,6|3|2|1|1|1|1|1|1|1|1|1|1|1,12063744,5|7,2,15,17,1
11,6|3|1|1|1|1|1|1|1|1|1|1|1|1|1,1566873,0,1,0,0,0
11,6|2|2|2|2|2|2|2|2,17587350,0,1,2,2,0
11,6|2|2|2|2|2|2|2|1|1,42678636,0,1,4,4,0
11,6|2|2|2|2|2|2|1|1|1|1,46293975,0,1,0,0,0
11,6|2|2|2|2|2|1|1|1|1|1|1,33549516,0,1,4,4,0
11,6|2|2|2|2|1|1|1|1|1|1|1|1,17409700,0,1,4,4,0
11,6|2|2|2|1|1|1|1|1|1|1|1|1|1,6479550,0,1,2,2,0
11,6|2|2|1|1|1|1|1|1|1|1|1|1|1|1,1662804,0,1,4,4,0
11,6|2|1|1|1|1|1|1|1|1|1|1|1|1|1|1,266475,0,1,0,0,0
11,6|1|1|1|1|1|1|1|1|1|1|1|1|1|1|1|1,20349,0,1,0,0,0
11,5|5|5|5|2,106696590,0,1,2,2,0
11,5|5|5|5|1|1,128035908,0,1,4,4,0
11,5|5|5|4|3,243877920,3,1,7,7,1
11,5|5|5|4|2|1,746876130,0,1,2,2,0
11,5|5|5|4|1|1|1,496624128,3|7,2,15,17,1
11,5|5|5|3|3|1,640179540,0|2,2,4,5,0
11,5|5|5|3|2|2,746876130,0,1,2,2,0
11,5|5|5|3|2|1|1,1357956600,0|2,2,6,7,0
11,5|5|5|3|1|1|1|1,698377680,0|2,2,8,9,0
11,5|5|5|2|2|2|1,724243520,3,1,9,9,1
11,5|5|5|2|2|1|1|1,814773960,0|2,2,6,7,0
11,5|5|5|2|1|1|1|1|1,429770880,3,1,11,11,1
11,5|5|5|1|1|1|1|1|1|1,98489160,0,1,6,6,0
11,5|5|4|4|4,106696590,0,1,2,2,0
11,5|5|4|4|3|1,823087980,0,1,4,4,0
11,5|5|4|4|2|2,796667872,0|2|4|6,4,10,14,0
11,5|5|4|4|2|1|1,1414214802,0,1,2,2,0
11,5|5|4|4|1|1|1|1,678978300,0,1,4,4,0
11,5|5|4|3|3|2,1066965900,0,1,4,4,0
11,5|5|4|3|3|1|1,1571349780,0|2,2,4,5,0
11,5|5|4|3|2|2|1,2376424050,0,1,2,2,0
11,5|5|4|3|2|1|1|1,2483120640,5,1,13,13,1
11,5|5|4|3|1|1|1|1|1,1034136180,0,1,4,4,0
11,5|5|4|2|2|2|2,733296564,0,1,4,4,0
11,5|5|4|2|2|2|1|1,1584282700,0,1,4,4,0
11,5|5|4|2|2|1|1|1|1,1329603660,0,1,4,4,0
11,5|5|4|2|1|1|1|1|1|1,604365300,0,1,4,4,0
11,5|5|4|1|1|1|1|1|1|1|1,128035908,0,1,4,4,0
11,5|5|3|3|3|3,248958710,0,1,2,2,0
11,5|5|3|3|3|2|1,1241560320,3|7,2,13,15,1
11,5|5|3|3|3|1|1|1,1039252500,0|2,2,4,5,0
11,5|5|3|3|2|2|2,869092224,0|8,2,14,20,0
11,5|5|3|3|2|2|1|1,1833241410,0,1,2,2,0
11,5|5|3|3|2|1|1|1|1,1436300250,0,1,2,2,0
11,5|5|3|3|1|1|1|1|1|1,525275520,0|8,2,14,20,0
11,5|5|3|2|2|2|2|1,950569620,0,1,4,4,0
11,5|5|3|2|2|2|1|1|1,1225642880,3|5,2,11,15,1
11,5|5|3|2|2|1|1|1|1|1,854745210,0,1,2,2,0
11,5|5|3|2|1|1|1|1|1|1|1,354731520,3|7,2,15,17,1
11,5|5|3|1|1|1|1|1|1|1|1|1,74687613,0,1,0,0,0
11,5|5|2|2|2|2|2|2,148140720,0|2,2,8,9,0
11,5|5|2|2|2|2|2|1|1,344712060,0,1,4,4,0
11,5|5|2|2|2|2|1|1|1|1,341976250,0,1,2,2,0
11,5|5|2|2|2|1|1|1|1|1|1,213393180,0|2,2,4,5,0
11,5|5|2|2|1|1|1|1|1|1|1|1,87297210,0|2,2,2,3,0
11,5|5|2|1|1|1|1|1|1|1|1|1|1,21966945,0,1,0,0,0
11,5|5|1|1|1|1|1|1|1|1|1|1|1|1,2662660,0,1,4,4,0
11,5|4|4|4|4|1,192053862,0,1,2,2,0
11,5|4|4|4|3|2,585307008,3|5,2,11,16,1
11,5|4|4|4|3|1|1,838053216,3,1,7,7,1
11,5|4|4|4|2|2|1,1034633600,3|5,2,11,16,1
11,5|4|4|4|2|1|1|1,1045626582,0,1,2,2,0
11,5|4|4|4|1|1|1|1|1,401119488,3|5,2,13,17,1
11,5|4|4|3|3|3,320089770,0,1,2,2,0
11,5|4|4|3|3|2|1,1551950400,3,1,9,9,1
11,5|4|4|3|3|1|1|1,1280359080,0|2,2,6,7,0
11,5|4|4|3|2|2|2,1018467450,0,1,2,2,0
11,5|4|4|3|2|2|1|1,2133931800,0,1,6,6,0
11,5|4|4|3|2|1|1|1|1,1645216650,0,1,2,2,0
11,5|4|4|3|1|1|1|1|1|1,581981400,0,1,6,6,0
11,5|4|4|2|2|2|2|1,896251356,0,1,4,4,0
11,5|4|4|2|2|2|1|1|1,1146055680,3|5|7|9,4,17,22,1
11,5|4|4|2|2|1|1|1|1|1,785674890,0,1,2,2,0
11,5|4|4|2|1|1|1|1|1|1|1,315165312,3,1,11,11,1
11,5|4|4|1|1|1|1|1|1|1|1|1,61555725,0,1,0,0,0
11,5|4|3|3|3|3|1,517316800,3,1,9,9,1
11,5|4|3|3|3|2|2,744936192,3|7,2,13,15,1
11,5|4|3|3|3|2|1|1,1463267520,3,1,9,9,1
11,5|4|3|3|3|1|1|1|1,895356000,3,1,7,7,1
11,5|4|3|3|2|2|2|1,1344377034,0,1,2,2,0
11,5|4|3|3|2|2|1|1|1,1671331200,3|5,2,11,16,1
11,5|4|3|3|2|1|1|1|1|1,1066965900,0,1,4,4,0
11,5|4|3|3|1|1|1|1|1|1|1,343816704,3|7,2,15,17,1
11,5|4|3|2|2|2|2|2,434546112,3,1,9,9,1
11,5|4|3|2|2|2|2|1|1,1002798720,3|5,2,11,15,1
11,5|4|3|2|2|2|1|1|1|1,975511680,3|5,2,11,16,1
11,5|4|3|2|2|1|1|1|1|1|1,584965920,3,1,7,7,1
11,5|4|3|2|1|1|1|1|1|1|1|1,219490128,3,1,5,5,1
11,5|4|3|1|1|1|1|1|1|1|1|1|1,43257984,3|5,2,11,16,1
11,5|4|2|2|2|2|2|2|1,227908800,3,1,9,9,1
11,5|4|2|2|2|2|2|1|1|1,320089770,0,1,2,2,0
11,5|4|2|2|2|2|1|1|1|1|1,262637760,3,1,9,9,1
11,5|4|2|2|2|1|1|1|1|1|1|1,145495350,0|2,2,2,3,0
11,5|4|2|2|1|1|1|1|1|1|1|1|1,54774720,3,1,9,9,1
11,5|4|2|1|1|1|1|1|1|1|1|1|1|1,13057275,0,1,0,0,0
11,5|4|1|1|1|1|1|1|1|1|1|1|1|1|1,1552320,3,1,9,9,1
11,5|3|3|3|3|3|2,157134978,0,1,2,2,0
11,5|3|3|3|3|3|1|1,248958710,0,1,2,2,0
11,5|3|3|3|3|2|2|1,457271100,0,1,4,4,0
11,5|3|3|3|3|2|1|1|1,525275520,3|5,2,11,16,1
11,5|3|3|3|3|1|1|1|1|1,261891630,0,1,2,2,0
11,5|3|3|3|2|2|2|2,242492250,0,1,2,2,0
11,5|3|3|3|2|2|2|1|1,551539296,0|2|4|6,4,10,14,0
11,5|3|3|3|2|2|1|1|1|1,517316800,0|2|4|6,4,12,16,0
11,5|3|3|3|2|1|1|1|1|1|1,285170886,0,1,2,2,0
11,5|3|3|3|1|1|1|1|1|1|1|1,83939625,0,1,0,0,0
11,5|3|3|2|2|2|2|2|1,257862528,3|5,2,11,15,1
11,5|3|3|2|2|2|2|1|1|1,359165664,0|2|4|6,4,10,14,0
11,5|3|3|2|2|2|1|1|1|1|1,289697408,3|5,2,11,16,1
11,5|3|3|2|2|1|1|1|1|1|1|1,155120427,0,1,0,0,0
11,5|3|3|2|1|1|1|1|1|1|1|1|1,54172800,3|5,2,11,16,1
11,5|3|3|1|1|1|1|1|1|1|1|1|1|1,10346336,0|2|4|6,4,10,14,0
11,5|3|2|2|2|2|2|2|2,49244580,0,1,4,4,0
11,5|3|2|2|2|2|2|2|1|1,119041650,0,1,2,2,0
11,5|3|2|2|2|2|2|1|1|1|1,128035908,0,1,4,4,0
11,5|3|2|2|2|2|1|1|1|1|1|1,91400925,0,1,0,0,0
11,5|3|2|2|2|1|1|1|1|1|1|1|1,46216170,0,1,2,2,0
11,5|3|2|2|1|1|1|1|1|1|1|1|1|1,16414860,0,1,4,4,0
11,5|3|2|1|1|1|1|1|1|1|1|1|1|1|1,3828825,0,1,0,0,0
11,5|3|1|1|1|1|1|1|1|1|1|1|1|1|1|1,474012,0,1,4,4,0
11,5|2|2|2|2|2|2|2|2|1,15242370,0,1,2,2,0
11,5|2|2|2|2|2|2|2|1|1|1,22573824,3|7,2,13,15,1
11,5|2|2|2|2|2|2|1|1|1|1|1,20369349,0,1,0,0,0
11,5|2|2|2|2|2|1|1|1|1|1|1|1,13108480,3|5,2,13,17,1
11,5|2|2|2|2|1|1|1|1|1|1|1|1|1,6217750,0,1,2,2,0
11,5|2|2|2|1|1|1|1|1|1|1|1|1|1|1,2154240,3|7,2,13,15,1
11,5|2|2|1|1|1|1|1|1|1|1|1|1|1|1|1,522291,0,1,0,0,0
11,5|2|1|1|1|1|1|1|1|1|1|1|1|1|1|1|1,80256,3|5,2,11,15,1
11,5|1|1|1|1|1|1|1|1|1|1|1|1|1|1|1|1|1,5985,0,1,0,0,0
11,4|4|4|4|4|2,64017954,0,1,2,2,0
11,4|4|4|4|4|1|1,85357272,0|2,2,6,7,0
11,4|4|4|4|3|3,76211850,0,1,2,2,0
11,4|4|4|4|3|2|1,341429088,3,1,7,7,1
11,4|4|4|4|3|1|1|1,271591320,0|2,2,6,7,0
11,4|4|4|4|2|2|2,177827650,0,1,2,2,0
11,4|4|4|4|2|2|1|1,366648282,0,1,2,2,0
11,4|4|4|4|2|1|1|1|1,271591320,0,1,6,6,0
11,4|4|4|4|1|1|1|1|1|1,87744888,0,1,6,6,0
11,4|4|4|3|3|3|1,213393180,0|2,2,4,5,0
11,4|4|4|3|3|2|2,298750452,0|2,2,4,5,0
11,4|4|4|3|3|2|1|1,581981400,0|2,2,6,7,0
11,4|4|4|3|3|1|1|1|1,349188840,0|2,2,6,7,0
11,4|4|4|3|2|2|2|1,496624128,5,1,13,13,1
11,4|4|4|3|2|2|1|1|1,611080470,0,1,2,2,0
11,4|4|4|3|2|1|1|1|1|1,382018560,5,1,15,15,1
11,4|4|4|3|1|1|1|1|1|1|1,118186992,0|2,2,8,9,0
11,4|4|4|2|2|2|2|2,126742616,0|2,2,6,7,0
11,4|4|4|2|2|2|2|1|1,290990700,0,1,4,4,0
11,4|4|4|2|2|2|1|1|1|1,279798750,0,1,2,2,0
11,4|4|4|2|2|1|1|1|1|1|1,164148600,0|2,2,6,7,0
11,4|4|4|2|1|1|1|1|1|1|1|1,59093496,0|2,2,6,7,0
11,4|4|4|1|1|1|1|1|1|1|1|1|1,10669659,0,1,0,0,0
11,4|4|3|3|3|3|2,142262120,0|2,2,6,7,0
11,4|4|3|3|3|3|1|1,224478540,0|2,2,4,5,0
11,4|4|3|3|3|2|2|1,407386980,0|2,2,4,5,0
11,4|4|3|3|3|2|1|1|1,465585120,3,1,7,7,1
11,4|4|3|3|3|1|1|1|1|1,229808040,0|2,2,6,7,0
11,4|4|3|3|2|2|2|2,209513304,0|2,2,6,7,0
11,4|4|3|3|2|2|2|1|1,475284810,0,1,2,2,0
11,4|4|3|3|2|2|1|1|1|1,443201220,0,1,4,4,0
11,4|4|3|3|2|1|1|1|1|1|1,241746120,0|2,2,6,7,0
11,4|4|3|3|1|1|1|1|1|1|1|1,69837768,0|2,2,6,7,0
11,4|4|3|2|2|2|2|2|1,206926720,3,1,11,11,1
11,4|4|3|2|2|2|2|1|1|1,287260050,0,1,2,2,0
11,4|4|3|2|2|2|1|1|1|1|1,230234400,3,1,7,7,1
11,4|4|3|2|2|1|1|1|1|1|1|1,121938960,0|2,2,8,9,0
11,4|4|3|2|1|1|1|1|1|1|1|1|1,41783280,3,1,5,5,1
11,4|4|3|1|1|1|1|1|1|1|1|1|1|1,7702695,0,1,0,0,0
11,4|4|2|2|2|2|2|2|2,31744440,0|2,2,6,7,0
11,4|4|2|2|2|2|2|2|1|1,76602680,0|2,2,6,7,0
11,4|4|2|2|2|2|2|1|1|1|1,82074300,0|2,2,4,5,0
11,4|4|2|2|2|2|1|1|1|1|1|1,58198140,0|2,2,4,5,0
11,4|4|2|2|2|1|1|1|1|1|1|1|1,29099070,0|2,2,2,3,0
11,4|4|2|2|1|1|1|1|1|1|1|1|1|1,10138590,0|2,2,2,3,0
11,4|4|2|1|1|1|1|1|1|1|1|1|1|1|1,2282280,0|2,2,6,7,0
11,4|4|1|1|1|1|1|1|1|1|1|1|1|1|1|1,261800,0|2,2,6,7,0
11,4|3|3|3|3|3|3,21339318,0,1,2,2,0
11,4|3|3|3|3|3|2|1,118243840,5,1,13,13,1
11,4|3|3|3|3|3|1|1|1,106696590,0,1,2,2,0
11,4|3|3|3|3|2|2|2,96996900,0|2,2,4,5,0
11,4|3|3|3|3|2|2|1|1,213393180,0,1,4,4,0
11,4|3|3|3|3|2|1|1|1|1,182801850,0,1,2,2,0
11,4|3|3|3|3|1|1|1|1|1|1,77597520,0|2,2,8,9,0
11,4|3|3|3|2|2|2|2|1,149375226,0,1,2,2,0
11,4|3|3|3|2|2|2|1|1|1,203743232,5|7|9|11,4,21,26,1
11,4|3|3|3|2|2|1|1|1|1|1,157134978,0,1,2,2,0
11,4|3|3|3|2|1|1|1|1|1|1|1,76403712,5,1,15,15,1
11,4|3|3|3|1|1|1|1|1|1|1|1|1,20518575,0,1,0,0,0
11,4|3|3|2|2|2|2|2|2,45265220,0,1,4,4,0
11,4|3|3|2|2|2|2|2|1|1,108785754,0,1,2,2,0
11,4|3|3|2|2|2|2|1|1|1|1,115472500,0,1,4,4,0
11,4|3|3|2|2|2|1|1|1|1|1|1,80432814,0,1,2,2,0
11,4|3|3|2|2|1|1|1|1|1|1|1|1,38852055,0,1,0,0,0
11,4|3|3|2|1|1|1|1|1|1|1|1|1|1,12552540,0,1,4,4,0
11,4|3|3|1|1|1|1|1|1|1|1|1|1|1|1,2263261,0,1,0,0,0
11,4|3|2|2|2|2|2|2|2|1,28940800,5,1,13,13,1
11,4|3|2|2|2|2|2|2|1|1|1,42678636,0|2,2,4,5,0
11,4|3|2|2|2|2|2|1|1|1|1|1,38201856,5,1,13,13,1
11,4|3|2|2|2|2|1|1|1|1|1|1|1,24249225,0,1,0,0,0
11,4|3|2|2|2|1|1|1|1|1|1|1|1|1,11235840,5,1,13,13,1
11,4|3|2|2|1|1|1|1|1|1|1|1|1|1|1,3730650,0|2,2,2,3,0
11,4|3|2|1|1|1|1|1|1|1|1|1|1|1|1|1,827904,5,1,13,13,1
11,4|3|1|1|1|1|1|1|1|1|1|1|1|1|1|1|1,99484,0,1,4,4,0
11,4|2|2|2|2|2|2|2|2|2,2735810,0,1,2,2,0
11,4|2|2|2|2|2|2|2|2|1|1,6802380,0|2,2,4,5,0
11,4|2|2|2|2|2|2|2|1|1|1|1,7759752,0|2,2,6,7,0
11,4|2|2|2|2|2|2|1|1|1|1|1|1,6093395,0,1,0,0,0
11,4|2|2|2|2|2|1|1|1|1|1|1|1|1,3555090,0,1,2,2,0
11,4|2|2|2|2|1|1|1|1|1|1|1|1|1|1,1563320,0|2,2,6,7,0
11,4|2|2|2|1|1|1|1|1|1|1|1|1|1|1|1,510510,0|2,2,2,3,0
11,4|2|2|1|1|1|1|1|1|1|1|1|1|1|1|1|1,118503,0,1,0,0,0
11,4|2|1|1|1|1|1|1|1|1|1|1|1|1|1|1|1|1,17765,0,1,0,0,0
11,4|1|1|1|1|1|1|1|1|1|1|1|1|1|1|1|1|1|1,1330,0|2,2,2,3,0
11,3|3|3|3|3|3|3|1,9145422,0,1,2,2,0
11,3|3|3|3|3|3|2|2,14226212,0|2,2,4,5,0
11,3|3|3|3|3|3|2|1|1,29099070,0,1,2,2,0
11,3|3|3|3|3|3|1|1|1|1,19399380,0,1,4,4,0
11,3|3|3|3|3|2|2|2|1,31039008,3,1,7,7,1
11,3|3|3|3|3|2|2|1|1|1,40738698,0,1,2,2,0
11,3|3|3|3|3|2|1|1|1|1|1,28651392,3,1,11,11,1
11,3|3|3|3|3|1|1|1|1|1|1|1,10744272,0|2,2,8,9,0
11,3|3|3|3|2|2|2|2|2,13579566,0,1,2,2,0
11,3|3|3|3|2|2|2|2|1|1,32332300,0,1,4,4,0
11,3|3|3|3|2|2|2|1|1|1|1,33575850,0,1,2,2,0
11,3|3|3|3|2|2|1|1|1|1|1|1,22383900,0,1,4,4,0
11,3|3|3|3|2|1|1|1|1|1|1|1|1,9848916,0,1,4,4,0
11,3|3|3|3|1|1|1|1|1|1|1|1|1|1,2462229,0,1,0,0,0
11,3|3|3|2|2|2|2|2|2|1,13579566,0,1,2,2,0
11,3|3|3|2|2|2|2|2|1|1|1,19896800,3,1,7,7,1
11,3|3|3|2|2|2|2|1|1|1|1|1,17587350,0,1,2,2,0
11,3|3|3|2|2|2|1|1|1|1|1|1|1,10914816,3|5|7|9,4,17,22,1
11,3|3|3|2|2|1|1|1|1|1|1|1|1|1,4849845,0,1,0,0,0
11,3|3|3|2|1|1|1|1|1|1|1|1|1|1|1,1474704,3,1,5,5,1
11,3|3|3|1|1|1|1|1|1|1|1|1|1|1|1|1,256025,0,1,0,0,0
11,3|3|2|2|2|2|2|2|2|2,2645370,0,1,2,2,0
11,3|3|2|2|2|2|2|2|2|1|1,6565944,0|2,2,6,7,0
11,3|3|2|2|2|2|2|2|1|1|1|1,7461300,0|2,2,4,5,0
11,3|3|2|2|2|2|2|1|1|1|1|1|1,5819814,0,1,2,2,0
11,3|3|2|2|2|2|1|1|1|1|1|1|1|1,3357585,0,1,0,0,0
11,3|3|2|2|2|1|1|1|1|1|1|1|1|1|1,1448370,0|2,2,2,3,0
11,3|3|2|2|1|1|1|1|1|1|1|1|1|1|1|1,456456,0|2,2,6,7,0
11,3|3|2|1|1|1|1|1|1|1|1|1|1|1|1|1|1,98175,0,1,0,0,0
11,3|3|1|1|1|1|1|1|1|1|1|1|1|1|1|1|1|1,11781,0,1,0,0,0
11,3|2|2|2|2|2|2|2|2|2|1,1085280,3,1,7,7,1
11,3|2|2|2|2|2|2|2|2|1|1|1,1662804,0|2,2,4,5,0
11,3|2|2|2|2|2|2|2|1|1|1|1|1,1591744,3,1,9,9,1
11,3|2|2|2|2|2|2|1|1|1|1|1|1|1,1119195,0,1,0,0,0
11,3|2|2|2|2|2|1|1|1|1|1|1|1|1|1,601920,3,1,9,9,1
11,3|2|2|2|2|1|1|1|1|1|1|1|1|1|1|1,248710,0|2,2,2,3,0
11,3|2|2|2|1|1|1|1|1|1|1|1|1|1|1|1|1,77616,3,1,5,5,1
11,3|2|2|1|1|1|1|1|1|1|1|1|1|1|1|1|1|1,17556,0,1,4,4,0
11,3|2|1|1|1|1|1|1|1|1|1|1|1|1|1|1|1|1|1,2640,3,1,5,5,1
11,3|1|1|1|1|1|1|1|1|1|1|1|1|1|1|1|1|1|1|1,210,0|2,2,2,3,0
11,2|2|2|2|2|2|2|2|2|2|2,58786,0,1,2,2,0
11,2|2|2|2|2|2|2|2|2|2|1|1,149226,0,1,2,2,0
11,2|2|2|2|2|2|2|2|2|1|1|1|1,177650,0,1,2,2,0
11,2|2|2|2|2|2|2|2|1|1|1|1|1|1,149226,0,1,2,2,0
11,2|2|2|2|2|2|2|1|1|1|1|1|1|1|1,95931,0,1,0,0,0
11,2|2|2|2|2|2|1|1|1|1|1|1|1|1|1|1,48279,0,1,0,0,0
11,2|2|2|2|2|1|1|1|1|1|1|1|1|1|1|1|1,19019,0,1,0,0,0
11,2|2|2|2|1|1|1|1|1|1|1|1|1|1|1|1|1|1,5775,0,1,0,0,0
11,2|2|2|1|1|1|1|1|1|1|1|1|1|1|1|1|1|1|1,1309,0,1,0,0,0
11,2|2|1|1|1|1|1|1|1|1|1|1|1|1|1|1|1|1|1|1,209,0,1,0,0,0
11,2|1|1|1|1|1|1|1|1|1|1|1|1|1|1|1|1|1|1|1|1,21,0,1,0,0,0
11,1|1|1|1|1|1|1|1|1|1|1|1|1|1|1|1|1|1|1|1|1|1,1,0,1,0,0,0
12,24,1,0,1,0,0,0
12,23|1,23,0,1,0,0,0
12,22|2,252,0|2,2,4,6,0
12,22|1|1,253,0,1,0,0,0
12,21|3,1748,0|2,2,4,6,0
12,21|2|1,3520,3,1,9,9,1
12,21|1|1|1,1771,0,1,0,0,0
12,20|4,8602,0,1,2,2,0
12,20|3|1,26082,0,1,2,2,0
12,20|2|2,17480,0|4,2,6,8,0
12,20|2|1|1,26334,0,1,2,2,0
12,20|1|1|1|1,8855,0,1,0,0,0
12,19|5,31878,0,1,2,2,0
12,19|4|1,129536,3|5,2,15,16,1
12,19|3|2,163438,0,1,2,2,0
12,19|3|1|1,197064,0|4,2,6,8,0
12,19|2|2|1,165186,0,1,2,2,0
12,19|2|1|1|1,133056,3,1,9,9,1
12,19|1|1|1|1|1,33649,0,1,0,0,0
12,18|6,92092,0|2,2,4,6,0
12,18|5|1,471086,0,1,2,2,0
12,18|4|2,860706,0,1,2,2,0
12,18|4|1|1,961400,0|4,2,6,8,0
12,18|3|3,481712,0|2,2,8,10,0
12,18|3|2|1,1554432,5,1,17,17,1
12,18|3|1|1|1,978880,0|2|4|6,4,12,19,0
12,18|2|2|2,490314,0,1,2,2,0
12,18|2|2|1|1,886788,0|2,2,4,6,0
12,18|2|1|1|1|1,497420,0|2,2,4,6,0
12,18|1|1|1|1|1|1,100947,0,1,0,0,0
12,17|7,211508,0|2,2,4,6,0
12,17|6|1,1311552,3,1,9,9,1
12,17|5|2,3131128,0|4,2,6,8,0
12,17|5|1|1,3374514,0,1,2,2,0
12,17|4|3,3173632,3,1,13,13,1
12,17|4|2|1,8008462,0,1,2,2,0
12,17|4|1|1|1,4614720,3,1,9,9,1
12,17|3|3|1,4845456,0|2,2,8,10,0
12,17|3|2|2,4877334,0,1,2,2,0
12,17|3|2|1|1,8171900,0|2,2,4,6,0
12,17|3|1|1|1|1,3539700,0|2,2,4,6,0
12,17|2|2|2|1,3303168,3,1,13,13,1
12,17|2|2|1|1|1,3328192,0|2|4|6,4,12,19,0
12,17|2|1|1|1|1|1,1444608,3,1,13,13,1
12,17|1|1|1|1|1|1|1,245157,0,1,0,0,0
12,16|8,389367,0,1,0,0,0
12,16|7|1,2860165,0,1,0,0,0
12,16|6|2,8460320,0|4,2,10,12,0
12,16|6|1|1,8941779,0,1,0,0,0
12,16|5|3,12113640,0|4,2,6,8,0
12,16|5|2|1,27979776,5|7,2,19,20,1
12,16|5|1|1|1,15444891,0,1,0,0,0
12,16|4|4,6124118,0,1,2,2,0
12,16|4|3|1,31081050,0,1,2,2,0
12,16|4|2|2,25049024,0|2|4|6,4,12,16,0
12,16|4|2|1|1,40494168,0,1,6,6,0
12,16|4|1|1|1|1,15935205,0,1,0,0,0
12,16|3|3|2,18967410,0,1,2,2,0
12,16|3|3|1|1,25438644,0|2,2,4,6,0
12,16|3|2|2|1,32033848,0,1,6,6,0
12,16|3|2|1|1|1,29534208,5,1,17,17,1
12,16|3|1|1|1|1|1,9828567,0,1,0,0,0
12,16|2|2|2|2,6503112,0,1,6,6,0
12,16|2|2|2|1|1,13075040,0|4,2,10,12,0
12,16|2|2|1|1|1|1,9439200,0|4,2,10,12,0
12,16|2|1|1|1|1|1|1,3357585,0,1,0,0,0
12,16|1|1|1|1|1|1|1|1,490314,0,1,2,2,0
12,15|9,572033,0,1,0,0,0
12,15|8|1,4922368,3|5,2,17,18,1
12,15|7|2,17521515,0,1,0,0,0
12,15|7|1|1,18305056,0|4,2,10,12,0
12,15|6|3,32303040,3,1,9,9,1
12,15|6|2|1,71504125,0,1,0,0,0
12,15|6|1|1|1,38536960,3,1,13,13,1
12,15|5|4,28870842,0,1,2,2,0
12,15|5|3|1,113262534,0,1,2,2,0
12,15|5|2|2,84603200,0|2|4|6,4,12,16,0
12,15|5|2|1|1,134126685,0,1,0,0,0
12,15|5|1|1|1|1,50338904,0,1,6,6,0
12,15|4|4|1,59491432,0|4,2,6,8,0
12,15|4|3|2,120598016,3|5,2,15,16,1
12,15|4|3|1|1,156074688,3,1,9,9,1
12,15|4|2|2|1,157386240,3|5,2,15,16,1
12,15|4|2|1|1|1,139004019,0,1,0,0,0
12,15|4|1|1|1|1|1,41840128,3|5,2,15,16,1
12,15|3|3|3,30620590,0,1,2,2,0
12,15|3|3|2|1,123771648,3,1,13,13,1
12,15|3|3|1|1|1,89237148,0|2,2,4,6,0
12,15|3|2|2|2,62622560,0|4,2,10,12,0
12,15|3|2|2|1|1,121482504,0,1,6,6,0
12,15|3|2|1|1|1|1,79676025,0,1,0,0,0
12,15|3|1|1|1|1|1|1,21633248,0|4,2,10,12,0
12,15|2|2|2|2|1,32033848,0,1,6,6,0
12,15|2|2|2|1|1|1,36917760,3|5,2,15,16,1
12,15|2|2|1|1|1|1|1,21061215,0,1,0,0,0
12,15|2|1|1|1|1|1|1|1,6366976,3,1,13,13,1
12,15|1|1|1|1|1|1|1|1|1,817190,0,1,2,2,0
12,14|10,653752,0|2,2,6,8,0
12,14|9|1,6619239,0,1,0,0,0
12,14|8|2,28029617,0,1,0,0,0
12,14|8|1|1,29072736,0|4,2,10,12,0
12,14|7|3,63740820,0|2,2,4,6,0
12,14|7|2|1,137826304,5,1,19,19,1
12,14|7|1|1|1,73220224,0|2|4|6,4,14,21,0
12,14|6|4,79430868,0|2,2,4,6,0
12,14|6|3|1,283459176,0|2,2,6,8,0
12,14|6|2|2,204417675,0,1,0,0,0
12,14|6|2|1|1,320338480,0|2,2,8,10,0
12,14|6|1|1|1|1,117056016,0|2,2,8,10,0
12,14|5|5,37754178,0,1,2,2,0
12,14|5|4|1,265807872,5,1,17,17,1
12,14|5|3|2,421814250,0,1,2,2,0
12,14|5|3|1|1,535422888,0|2,2,6,8,0
12,14|5|2|2|1,500528875,0,1,0,0,0
12,14|5|2|1|1|1,431613952,5,1,17,17,1
12,14|5|1|1|1|1|1,123559128,0,1,6,6,0
12,14|4|4|2,239850072,0|4,2,6,8,0
12,14|4|4|1|1,287650880,0|2|4|6,4,12,23,0
12,14|4|3|3,202095894,0,1,2,2,0
12,14|4|3|2|1,747892288,3,1,9,9,1
12,14|4|3|1|1|1,516636120,0|2,2,6,8,0
12,14|4|2|2|2,296111200,0|4,2,10,12,0
12,14|4|2|2|1|1,563332077,0,1,0,0,0
12,14|4|2|1|1|1|1,352372328,0,1,6,6,0
12,14|4|1|1|1|1|1|1,86295264,0|4,2,10,12,0
12,14|3|3|3|1,208220012,0|2,2,4,6,0
12,14|3|3|2|2,251963712,0|2|4|6,4,12,21,0
12,14|3|3|2|1|1,452895300,0|2,2,4,6,0
12,14|3|3|1|1|1|1,229466952,0|2,2,6,8,0
12,14|3|2|2|2|1,293787648,5,1,17,17,1
12,14|3|2|2|1|1|1,324342711,0,1,0,0,0
12,14|3|2|1|1|1|1|1,167360512,5,1,17,17,1
12,14|3|1|1|1|1|1|1|1,38511936,0|2|4|6,4,12,19,0
12,14|2|2|2|2|2,43835792,0|2,2,8,10,0
12,14|2|2|2|2|1|1,94486392,0,1,6,6,0
12,14|2|2|2|1|1|1|1,79676025,0,1,0,0,0
12,14|2|2|1|1|1|1|1|1,37858184,0|2,2,6,8,0
12,14|2|1|1|1|1|1|1|1|1,9976824,0|2,2,6,8,0
12,14|1|1|1|1|1|1|1|1|1|1,1144066,0,1,2,2,0
12,13|11,534888,0|2,2,6,8,0
12,13|10|1,6656384,3,1,11,11,1
12,13|9|2,33995104,0|4,2,10,12,0
12,13|9|1|1,35102025,0,1,0,0,0
12,13|8|3,94140288,3,1,11,11,1
12,13|8|2|1,200783583,0,1,0,0,0
12,13|8|1|1|1,105719040,3,1,13,13,1
12,13|7|4,151016712,0|2,2,6,8,0
12,13|7|3|1,514829700,0|2,2,4,6,0
12,13|7|2|2,364385021,0,1,0,0,0
12,13|7|2|1|1,566918352,0|2,2,8,10,0
12,13|7|1|1|1|1,203851760,0|2,2,8,10,0
12,13|6|5,125520384,3,1,15,15,1
12,13|6|4|1,679575204,0|2,2,4,6,0
12,13|6|3|2,988473024,3,1,9,9,1
12,13|6|3|1|1,1240436736,3|5|7|9,4,21,25,1
12,13|6|2|2|1,1119838720,3,1,15,15,1
12,13|6|2|1|1|1,951862912,0|2|4|6,4,14,21,0
12,13|6|1|1|1|1|1,264854016,3,1,15,15,1
12,13|5|5|1,330961950,0,1,2,2,0
12,13|5|4|2,1019362806,0,1,2,2,0
12,13|5|4|1|1,1199250360,0|2,2,6,8,0
12,13|5|3|3,688400856,0|4,2,6,8,0
12,13|5|3|2|1,2442109824,3,1,11,11,1
12,13|5|3|1|1|1,1647455040,0|2|4|6,4,12,21,0
12,13|5|2|2|2,885809925,0,1,0,0,0
12,13|5|2|2|1|1,1665760096,0|4,2,10,12,0
12,13|5|2|1|1|1|1,1014485472,0|4,2,10,12,0
12,13|5|1|1|1|1|1|1,235885608,0,1,6,6,0
12,13|4|4|3,490804314,0,1,2,2,0
12,13|4|4|2|1,1421333760,3,1,13,13,1
12,13|4|4|1|1|1,898909000,0|2,2,6,8,0
12,13|4|3|3|1,1295813376,3,1,13,13,1
12,13|4|3|2|2,1453636800,3,1,9,9,1
12,13|4|3|2|1|1,2562707840,3,1,11,11,1
12,13|4|3|1|1|1|1,1238688000,3,1,13,13,1
12,13|4|2|2|2|1,1301375075,0,1,0,0,0
12,13|4|2|2|1|1|1,1402745344,3|5,2,15,16,1
12,13|4|2|1|1|1|1|1,688400856,0,1,6,6,0
12,13|4|1|1|1|1|1|1|1,142636800,3,1,13,13,1
12,13|3|3|3|2,519675156,0|2,2,4,6,0
12,13|3|3|3|1|1,747892288,0|2|4|6,4,12,24,0
12,13|3|3|2|2|1,1132625340,0|2,2,4,6,0
12,13|3|3|2|1|1|1,1144547712,3,1,11,11,1
12,13|3|3|1|1|1|1|1,453050136,0|2,2,6,8,0
12,13|3|2|2|2|2,384944560,0|2,2,8,10,0
12,13|3|2|2|2|1|1,813701889,0,1,0,0,0
12,13|3|2|2|1|1|1|1,654405752,0,1,6,6,0
12,13|3|2|1|1|1|1|1|1,280459608,0|2,2,6,8,0
12,13|3|1|1|1|1|1|1|1|1,56163240,0|2,2,6,8,0
12,13|2|2|2|2|2|1,159134976,3,1,13,13,1
12,13|2|2|2|2|1|1|1,200783583,0,1,0,0,0
12,13|2|2|2|1|1|1|1|1,135980416,3,1,11,11,1
12,13|2|2|1|1|1|1|1|1|1,55628352,0|2|4|6,4,12,19,0
12,13|2|1|1|1|1|1|1|1|1|1,13023360,3,1,11,11,1
12,13|1|1|1|1|1|1|1|1|1|1|1,1352078,0,1,2,2,0
12,12|12,208012,0,1,4,4,0
12,12|11|1,4249388,0,1,4,4,0
12,12|10|2,28883952,0|4,2,8,10,0
12,12|10|1|1,29745716,0,1,4,4,0
12,12|9|3,100677808,0|4,2,8,10,0
12,12|9|2|1,213004288,5|7,2,19,20,1
12,12|9|1|1|1,111546435,0,1,0,0,0
12,12|8|4,204297500,0,1,4,4,0
12,12|8|3|1,679575204,0,1,4,4,0
12,12|8|2|2,475931456,0|2|4|6,4,12,16,0
12,12|8|2|1|1,737142525,0,1,0,0,0
12,12|8|1|1|1|1,262462200,0,1,6,6,0
12,12|7|5,238292604,0,1,4,4,0
12,12|7|4|1,1171523584,5,1,17,17,1
12,12|7|3|2,1636014380,0,1,4,4,0
12,12|7|3|1|1,2038725612,0|2,2,4,6,0
12,12|7|2|2|1,1807052247,0,1,0,0,0
12,12|7|2|1|1|1,1522354176,5,1,17,17,1
12,12|7|1|1|1|1|1,416440024,0,1,6,6,0
12,12|6|6,109830336,0|4,2,12,14,0
12,12|6|5|1,1009066212,0,1,4,4,0
12,12|6|4|2,2409402996,0,1,4,4,0
12,12|6|4|1|1,2802961700,0|2,2,4,6,0
12,12|6|3|3,1510167120,0|4,2,8,10,0
12,12|6|3|2|1,5235246016,3,1,9,9,1
12,12|6|3|1|1|1,3482267712,0|2|4|6,4,12,23,0
12,12|6|2|2|2,1821925105,0,1,0,0,0
12,12|6|2|2|1|1,3401510112,0|4,2,10,12,0
12,12|6|2|1|1|1|1,2038517600,0|4,2,10,12,0
12,12|6|1|1|1|1|1|1,460275816,0,1,6,6,0
12,12|5|5|2,1223823744,0|2|4|6,4,14,18,0
12,12|5|5|1|1,1390040190,0,1,2,2,0
12,12|5|4|3,2008326144,5|7,2,21,22,1
12,12|5|4|2|1,5577321750,0,1,2,2,0
12,12|5|4|1|1|1,3445657600,5,1,19,19,1
12,12|5|3|3|1,4077451224,0|4,2,6,8,0
12,12|5|3|2|2,4417238826,0,1,2,2,0
12,12|5|3|2|1|1,7698891200,0|4,2,12,14,0
12,12|5|3|1|1|1|1,3624401088,0|4,2,12,14,0
12,12|5|2|2|2|1,3583483904,5|7,2,21,22,1
12,12|5|2|2|1|1|1,3807451648,0|2|8|10,4,18,25,0
12,12|5|2|1|1|1|1|1,1816141824,5|7,2,21,22,1
12,12|5|1|1|1|1|1|1|1,356948592,0,1,8,8,0
12,12|4|4|4,453050136,0,1,6,6,0
12,12|4|4|3|1,2978657550,0,1,2,2,0
12,12|4|4|2|2,2677114440,0|4,2,6,8,0
12,12|4|4|2|1|1,4555593900,0,1,4,4,0
12,12|4|4|1|1|1|1,2002115500,0,1,4,4,0
12,12|4|3|3|2,3058088418,0,1,2,2,0
12,12|4|3|3|1|1,4317301296,0|4,2,8,10,0
12,12|4|3|2|2|1,6062876820,0,1,4,4,0
12,12|4|3|2|1|1|1,5983138304,3|5,2,15,16,1
12,12|4|3|1|1|1|1|1,2253328308,0,1,4,4,0
12,12|4|2|2|2|2,1594457865,0,1,0,0,0
12,12|4|2|2|2|1|1,3331520192,0|2|4|6,4,12,16,0
12,12|4|2|2|1|1|1|1,2608676928,0|2|4|6,4,12,16,0
12,12|4|2|1|1|1|1|1|1,1061485236,0,1,4,4,0
12,12|4|1|1|1|1|1|1|1|1,191222460,0,1,4,4,0
12,12|3|3|3|3,490804314,0,1,2,2,0
12,12|3|3|3|2|1,2274134016,5,1,17,17,1
12,12|3|3|3|1|1|1,1797818000,0|4,2,8,10,0
12,12|3|3|2|2|2,1443542100,0|2,2,4,6,0
12,12|3|3|2|2|1|1,2944825884,0,1,4,4,0
12,12|3|3|2|1|1|1|1,2152650500,0,1,4,4,0
12,12|3|3|1|1|1|1|1|1,704744656,0|2,2,8,10,0
12,12|3|2|2|2|2|1,1301375075,0,1,0,0,0
12,12|3|2|2|2|1|1|1,1603137536,5|7,2,19,20,1
12,12|3|2|2|1|1|1|1|1,1032601284,0,1,4,4,0
12,12|3|2|1|1|1|1|1|1|1,380364800,5,1,17,17,1
12,12|3|1|1|1|1|1|1|1|1|1,67603900,0,1,4,4,0
12,12|2|2|2|2|2|2,153977824,0|4,2,10,12,0
12,12|2|2|2|2|2|1|1,348729381,0,1,0,0,0
12,12|2|2|2|2|1|1|1|1,327202876,0,1,4,4,0
12,12|2|2|2|1|1|1|1|1|1,186973072,0|4,2,8,10,0
12,12|2|2|1|1|1|1|1|1|1|1,67395888,0|4,2,8,10,0
12,12|2|1|1|1|1|1|1|1|1|1|1,14226212,0,1,4,4,0
12,12|1|1|1|1|1|1|1|1|1|1|1|1,1352078,0,1,2,2,0
12,11|11|2,11440660,0,1,4,4,0
12,11|11|1|1,11767536,0|4,2,8,10,0
12,11|10|3,66563840,3,1,13,13,1
12,11|10|2|1,140229804,0,1,4,4,0
12,11|10|1|1|1,73220224,3,1,11,11,1
12,11|9|4,185338692,0,1,4,4,0
12,11|9|3|1,608435100,0,1,4,4,0
12,11|9|2|2,423631296,0|2|4|6,4,12,16,0
12,11|9|2|1|1,654405752,0,1,6,6,0
12,11|9|1|1|1|1,231673365,0,1,0,0,0
12,11|8|5,292880896,3|5,2,15,16,1
12,11|8|4|1,1376801712,0|4,2,8,10,0
12,11|8|3|2,1882805760,3|5,2,15,16,1
12,11|8|3|1|1,2336390784,3,1,11,11,1
12,11|8|2|2|1,2050166272,3|5,2,15,16,1
12,11|8|2|1|1|1,1717815099,0,1,0,0,0
12,11|8|1|1|1|1|1,465163776,3|5,2,15,16,1
12,11|7|6,240253860,0,1,4,4,0
12,11|7|5|1,1699755200,0|4,2,12,14,0
12,11|7|4|2,3706773840,0|4,2,8,10,0
12,11|7|4|1|1,4283383104,0|2|4|6,4,12,21,0
12,11|7|3|3,2247272500,0,1,4,4,0
12,11|7|3|2|1,7688123520,3,1,11,11,1
12,11|7|3|1|1|1,5070292500,0|2,2,4,6,0
12,11|7|2|2|2,2617623008,0|4,2,10,12,0
12,11|7|2|2|1|1,4865140665,0,1,0,0,0
12,11|7|2|1|1|1|1,2887084200,0,1,6,6,0
12,11|7|1|1|1|1|1|1,640676960,0|4,2,10,12,0
12,11|6|6|1,803134332,0,1,4,4,0
12,11|6|5|2,3389050368,3|5,2,15,16,1
12,11|6|5|1|1,3807451648,3,1,15,15,1
12,11|6|4|3,4368697740,0,1,4,4,0
12,11|6|4|2|1,11861676288,3,1,13,13,1
12,11|6|4|1|1|1,7228208988,0|2,2,4,6,0
12,11|6|3|3|1,8054224640,3,1,13,13,1
12,11|6|3|2|2,8566766208,3,1,11,11,1
12,11|6|3|2|1|1,14827095360,3,1,9,9,1
12,11|6|3|1|1|1|1,6871737600,3,1,13,13,1
12,11|6|2|2|2|1,6625858239,0,1,0,0,0
12,11|6|2|2|1|1|1,6977456640,3|5,2,15,16,1
12,11|6|2|1|1|1|1|1,3272028760,0,1,6,6,0
12,11|6|1|1|1|1|1|1|1,624298752,3,1,13,13,1
12,11|5|5|3,2416267392,0|2|4|6,4,14,18,0
12,11|5|5|2|1,6150498816,3|5,2,15,16,1
12,11|5|5|1|1|1,3643850210,0,1,2,2,0
12,11|5|4|4,1853386920,0,1,6,6,0
12,11|5|4|3|1,11099728332,0,1,4,4,0
12,11|5|4|2|2,9637611984,0|4,2,8,10,0
12,11|5|4|2|1|1,16217135550,0,1,2,2,0
12,11|5|4|1|1|1|1,6944749812,0,1,4,4,0
12,11|5|3|3|2,8834477652,0,1,4,4,0
12,11|5|3|3|1|1,12333031480,0|4,2,6,8,0
12,11|5|3|2|2|1,16731965250,0,1,2,2,0
12,11|5|3|2|1|1|1,16280732160,3|5,2,15,16,1
12,11|5|3|1|1|1|1|1,5962663980,0,1,4,4,0
12,11|5|2|2|2|2,4008235231,0,1,0,0,0
12,11|5|2|2|2|1|1,8314802496,0|2|4|6,4,12,16,0
12,11|5|2|2|1|1|1|1,6406769600,0|2|4|6,4,12,16,0
12,11|5|2|1|1|1|1|1|1,2531516988,0,1,4,4,0
12,11|5|1|1|1|1|1|1|1|1,432456948,0,1,4,4,0
12,11|4|4|4|1,2635928064,3,1,15,15,1
12,11|4|4|3|2,6731030592,0|4,2,12,14,0
12,11|4|4|3|1|1,9174265254,0,1,2,2,0
12,11|4|4|2|2|1,10326012840,0|4,2,6,8,0
12,11|4|4|2|1|1|1,9768439296,3|5,2,15,16,1
12,11|4|4|1|1|1|1|1,3331520192,0|4,2,12,14,0
12,11|4|3|3|3,2761448448,3|5,2,17,18,1
12,11|4|3|3|2|1,12270107850,0,1,2,2,0
12,11|4|3|3|1|1|1,9475558400,3|5,2,17,18,1
12,11|4|3|2|2|2,7138971840,3,1,9,9,1
12,11|4|3|2|2|1|1,14397926400,3|5,2,17,18,1
12,11|4|3|2|1|1|1|1,10250831360,3|5,2,15,16,1
12,11|4|3|1|1|1|1|1|1,3188057600,3,1,15,15,1
12,11|4|2|2|2|2|1,4927290368,3|5,2,17,18,1
12,11|4|2|2|2|1|1|1,5983138304,0|2|8|10,4,18,25,0
12,11|4|2|2|1|1|1|1|1,3745792512,3|5,2,15,16,1
12,11|4|2|1|1|1|1|1|1|1,1308811504,0,1,8,8,0
12,11|4|1|1|1|1|1|1|1|1|1,209200640,3|5,2,15,16,1
12,11|3|3|3|3|1,2184348870,0,1,2,2,0
12,11|3|3|3|2|2,2944825884,0|2,2,4,6,0
12,11|3|3|3|2|1|1,5567948100,0,1,4,4,0
12,11|3|3|3|1|1|1|1,3146181500,0,1,4,4,0
12,11|3|3|2|2|2|1,4535346816,3,1,11,11,1
12,11|3|3|2|2|1|1|1,5354228880,0|4,2,8,10,0
12,11|3|3|2|1|1|1|1|1,3121493760,3,1,13,13,1
12,11|3|3|1|1|1|1|1|1|1,876146544,0|2,2,8,10,0
12,11|3|2|2|2|2|2,1169269101,0,1,0,0,0
12,11|3|2|2|2|2|1|1,2617623008,0|4,2,10,12,0
12,11|3|2|2|2|1|1|1|1,2391287184,0|4,2,8,10,0
12,11|3|2|2|1|1|1|1|1|1,1297370844,0,1,4,4,0
12,11|3|2|1|1|1|1|1|1|1|1,420689412,0,1,4,4,0
12,11|3|1|1|1|1|1|1|1|1|1|1,67395888,0|4,2,8,10,0
12,11|2|2|2|2|2|2|1,409003595,0,1,0,0,0
12,11|2|2|2|2|2|1|1|1,551078528,3,1,11,11,1
12,11|2|2|2|2|1|1|1|1|1,420689412,0,1,4,4,0
12,11|2|2|2|1|1|1|1|1|1|1,209200640,3|5,2,15,16,1
12,11|2|2|1|1|1|1|1|1|1|1|1,67603900,0,1,4,4,0
12,11|2|1|1|1|1|1|1|1|1|1|1|1,13023360,3,1,11,11,1
12,11|1|1|1|1|1|1|1|1|1|1|1|1|1,1144066,0,1,2,2,0
12,10|10|4,75716368,0|2,2,8,10,0
12,10|10|3|1,247118256,0|2,2,8,10,0
12,10|10|2|2,171609900,0,1,4,4,0
12,10|10|2|1|1,264769560,0|2,2,6,8,0
12,10|10|1|1|1|1,93486536,0|2,2,6,8,0
12,10|9|5,208220012,0,1,4,4,0
12,10|9|4|1,958519296,5,1,17,17,1
12,10|9|3|2,1297370844,0,1,4,4,0
12,10|9|3|1|1,1606268664,0|2,2,6,8,0
12,10|9|2|2|1,1402298040,0,1,6,6,0
12,10|9|2|1|1|1,1171523584,5,1,17,17,1
12,10|9|1|1|1|1|1,315517059,0,1,0,0,0
12,10|8|6,267711444,0,1,4,4,0
12,10|8|5|1,1729827792,0|4,2,8,10,0
12,10|8|4|2,3624401088,0|4,2,12,14,0
12,10|8|4|1|1,4172126400,0|2|4|6,4,12,19,0
12,10|8|3|3,2162284740,0,1,4,4,0
12,10|8|3|2|1,7342942464,3,1,13,13,1
12,10|8|3|1|1|1,4818805992,0|2,2,6,8,0
12,10|8|2|2|2,2471182560,0|4,2,10,12,0
12,10|8|2|2|1|1,4580840264,0,1,6,6,0
12,10|8|2|1|1|1|1,2702855925,0,1,0,0,0
12,10|8|1|1|1|1|1|1,593914464,0|4,2,10,12,0
12,10|7|7,127481640,0|2,2,6,8,0
12,10|7|6|1,1506244608,5,1,17,17,1
12,10|7|5|2,4933212592,0|4,2,8,10,0
12,10|7|5|1|1,5507206848,0|2|4|6,4,12,24,0
12,10|7|4|3,5857617920,5,1,17,17,1
12,10|7|4|2|1,15705738048,0|2|4|6,4,12,19,0
12,10|7|4|1|1|1,9493905408,5|7|9|11,4,25,29,1
12,10|7|3|3|1,10326012840,0|2,2,6,8,0
12,10|7|3|2|2,10873203264,0|2|4|6,4,12,21,0
12,10|7|3|2|1|1,18739801080,0|2,2,6,8,0
12,10|7|3|1|1|1|1,8605010700,0|2,2,4,6,0
12,10|7|2|2|2|1,8200665088,5,1,17,17,1
12,10|7|2|2|1|1|1,8589075495,0,1,0,0,0
12,10|7|2|1|1|1|1|1,3987118080,5,1,17,17,1
12,10|7|1|1|1|1|1|1|1,747892288,0|2|4|6,4,12,19,0
12,10|6|6|2,2427054300,0,1,4,4,0
12,10|6|6|1|1,2677114440,0|2,2,6,8,0
12,10|6|5|3,6006346500,0,1,4,4,0
12,10|6|5|2|1,14957845760,3,1,13,13,1
12,10|6|5|1|1|1,8745240504,0|2,2,6,8,0
12,10|6|4|4,3706773840,0|2,2,8,10,0
12,10|6|4|3|1,21246940000,0|2,2,10,12,0
12,10|6|4|2|2,18122005440,0|2|4|6,4,12,19,0
12,10|6|4|2|1|1,30289637664,0|2,2,10,12,0
12,10|6|4|1|1|1|1,12777137100,0|2,2,4,6,0
12,10|6|3|3|2,15444891000,0|2,2,6,8,0
12,10|6|3|3|1|1,21416915520,0|2|4|6,4,12,21,0
12,10|6|3|2|2|1,28542158568,0|2,2,6,8,0
12,10|6|3|2|1|1|1,27536034240,3,1,9,9,1
12,10|6|3|1|1|1|1|1,9921071160,0|2,2,6,8,0
12,10|6|2|2|2|2,6544057520,0|2,2,8,10,0
12,10|6|2|2|2|1|1,13514279625,0,1,0,0,0
12,10|6|2|2|1|1|1|1,10311015000,0,1,6,6,0
12,10|6|2|1|1|1|1|1|1,4004231000,0|2,2,6,8,0
12,10|6|1|1|1|1|1|1|1|1,664246440,0|2,2,6,8,0
12,10|5|5|4,2594741688,0,1,6,6,0
12,10|5|5|3|1,12047014980,0,1,4,4,0
12,10|5|5|2|2,9708217200,0|4,2,8,10,0
12,10|5|5|2|1|1,16032940924,0,1,4,4,0
12,10|5|5|1|1|1|1,6558930378,0,1,2,2,0
12,10|5|4|4|1,9637611984,0|2,2,8,10,0
12,10|5|4|3|2,22593669120,5,1,17,17,1
12,10|5|4|3|1|1,30459613184,5,1,19,19,1
12,10|5|4|2|2|1,33137381376,5,1,19,19,1
12,10|5|4|2|1|1|1,30920671782,0,1,2,2,0
12,10|5|4|1|1|1|1|1,10261794816,5,1,19,19,1
12,10|5|3|3|3,7281162900,0,1,4,4,0
12,10|5|3|3|2|1,31631136768,5,1,17,17,1
12,10|5|3|3|1|1|1,24094029960,0|4,2,6,8,0
12,10|5|3|2|2|2,17668955304,0|2,2,6,8,0
12,10|5|3|2|2|1|1,35386451694,0,1,2,2,0
12,10|5|3|2|1|1|1|1,24802677900,0,1,4,4,0
12,10|5|3|1|1|1|1|1|1,7495920432,0|2,2,8,10,0
12,10|5|2|2|2|2|1,11043097065,0,1,0,0,0
12,10|5|2|2|2|1|1|1,13290393600,5|7,2,19,20,1
12,10|5|2|2|1|1|1|1|1,8180071900,0,1,4,4,0
12,10|5|2|1|1|1|1|1|1|1,2774661120,5,1,17,17,1
12,10|5|1|1|1|1|1|1|1|1|1,420689412,0,1,4,4,0
12,10|4|4|4|2,5930838144,0|2|4|6,4,14,21,0
12,10|4|4|4|1|1,7495920432,0|2,2,8,10,0
12,10|4|4|3|3,6040668480,0|4,2,12,14,0
12,10|4|4|3|2|1,24601995264,5,1,17,17,1
12,10|4|4|3|1|1|1,18219251050,0,1,2,2,0
12,10|4|4|2|2|2,11218384320,0|2|4|6,4,12,19,0
12,10|4|4|2|2|1|1,22199456664,0|4,2,6,8,0
12,10|4|4|2|1|1|1|1,15089826752,0|4,2,12,14,0
12,10|4|4|1|1|1|1|1|1,4240116608,0|2|4|6,4,14,23,0
12,10|4|3|3|3|1,11099728332,0,1,4,4,0
12,10|4|3|3|2|2,14456417976,0|2,2,6,8,0
12,10|4|3|3|2|1|1,27028559250,0,1,2,2,0
12,10|4|3|3|1|1|1|1,14881606740,0,1,4,4,0
12,10|4|3|2|2|2|1,20193091776,3,1,9,9,1
12,10|4|3|2|2|1|1|1,23505307056,0|4,2,8,10,0
12,10|4|3|2|1|1|1|1|1,13326080768,3,1,13,13,1
12,10|4|3|1|1|1|1|1|1|1,3550699152,0|2,2,8,10,0
12,10|4|2|2|2|2|2,4008235231,0,1,0,0,0
12,10|4|2|2|2|2|1|1,8908716960,0|4,2,10,12,0
12,10|4|2|2|2|1|1|1|1,8008462000,0|4,2,8,10,0
12,10|4|2|2|1|1|1|1|1|1,4219194980,0,1,4,4,0
12,10|4|2|1|1|1|1|1|1|1|1,1297370844,0,1,4,4,0
12,10|4|1|1|1|1|1|1|1|1|1|1,186973072,0|4,2,8,10,0
12,10|3|3|3|3|2,3365515296,0|2,2,10,12,0
12,10|3|3|3|3|1|1,5096814030,0,1,2,2,0
12,10|3|3|3|2|2|1,8605010700,0|2,2,4,6,0
12,10|3|3|3|2|1|1|1,9303275520,5,1,17,17,1
12,10|3|3|3|1|1|1|1|1,4164400240,0|2,2,8,10,0
12,10|3|3|2|2|2|2,3786204708,0|2,2,4,6,0
12,10|3|3|2|2|2|1|1,8314802496,0|2|4|6,4,12,19,0
12,10|3|3|2|2|1|1|1|1,7248802176,0|2|4|6,4,14,26,0
12,10|3|3|2|1|1|1|1|1|1,3550699152,0|2,2,8,10,0
12,10|3|3|1|1|1|1|1|1|1|1,876146544,0|2,2,8,10,0
12,10|3|2|2|2|2|2|1,2815594496,5,1,19,19,1
12,10|3|2|2|2|2|1|1|1,3739461440,0|2|4|6,4,12,19,0
12,10|3|2|2|2|1|1|1|1|1,2774661120,5,1,17,17,1
12,10|3|2|2|1|1|1|1|1|1|1,1308811504,0,1,8,8,0
12,10|3|2|1|1|1|1|1|1|1|1|1,380364800,5,1,17,17,1
12,10|3|1|1|1|1|1|1|1|1|1|1|1,55628352,0|2|4|6,4,12,19,0
12,10|2|2|2|2|2|2|2,278397405,0,1,0,0,0
12,10|2|2|2|2|2|2|1|1,654405752,0|2,2,6,8,0
12,10|2|2|2|2|2|1|1|1|1,664246440,0|2,2,6,8,0
12,10|2|2|2|2|1|1|1|1|1|1,432456948,0,1,4,4,0
12,10|2|2|2|1|1|1|1|1|1|1|1,191222460,0,1,4,4,0
12,10|2|2|1|1|1|1|1|1|1|1|1|1,56163240,0|2,2,6,8,0
12,10|2|1|1|1|1|1|1|1|1|1|1|1|1,9976824,0|2,2,6,8,0
12,10|1|1|1|1|1|1|1|1|1|1|1|1|1|1,817190,0,1,2,2,0
12,9|9|6,118982864,0|4,2,8,10,0
12,9|9|5|1,743642900,0,1,4,4,0
12,9|9|4|2,1533256452,0,1,4,4,0
12,9|9|4|1|1,1761861640,0|2,2,6,8,0
12,9|9|3|3,908596416,0|4,2,12,14,0
12,9|9|3|2|1,3075249408,3,1,13,13,1
12,9|9|3|1|1|1,2013556160,0|2|4|6,4,12,19,0
12,9|9|2|2|2,1029659400,0,1,6,6,0
12,9|9|2|2|1|1,1906340832,0|4,2,10,12,0
12,9|9|2|1|1|1|1,1121838432,0|4,2,10,12,0
12,9|9|1|1|1|1|1|1,245402157,0,1,0,0,0
12,9|8|7,135980416,3,1,11,11,1
12,9|8|6|1,1262068236,0,1,4,4,0
12,9|8|5|2,3807451648,3|5,2,15,16,1
12,9|8|5|1|1,4236312960,3,1,11,11,1
12,9|8|4|3,4372620252,0,1,4,4,0
12,9|8|4|2|1,11648672000,3,1,13,13,1
12,9|8|4|1|1|1,7011490200,0|2,2,6,8,0
12,9|8|3|3|1,7548339456,3,1,13,13,1
12,9|8|3|2|2,7907784192,3,1,15,15,1
12,9|8|3|2|1|1,13598041600,3,1,15,15,1
12,9|8|3|1|1|1|1,6213259008,3,1,13,13,1
12,9|8|2|2|2|1,5889651768,0,1,6,6,0
12,9|8|2|2|1|1|1,6150498816,3|5,2,15,16,1
12,9|8|2|1|1|1|1|1,2839653531,0,1,0,0,0
12,9|8|1|1|1|1|1|1|1,527923968,3,1,13,13,1
12,9|7|7|1,654405752,0|2,2,6,8,0
12,9|7|6|2,3718214500,0,1,4,4,0
12,9|7|6|1|1,4077451224,0|2,2,6,8,0
12,9|7|5|3,7228208988,0,1,4,4,0
12,9|7|5|2|1,17792514432,3,1,11,11,1
12,9|7|5|1|1|1,10326012840,0|2,2,6,8,0
12,9|7|4|4,4164400240,0|2,2,8,10,0
12,9|7|4|3|1,23352675192,0|2,2,6,8,0
12,9|7|4|2|2,19732850368,0|2|4|6,4,12,24,0
12,9|7|4|2|1|1,32855495400,0|2,2,6,8,0
12,9|7|4|1|1|1|1,13742520792,0|2,2,6,8,0
12,9|7|3|3|2,16309804896,0|2,2,10,12,0
12,9|7|3|3|1|1,22529482560,0|2|4|6,4,12,19,0
12,9|7|3|2|2|1,29745716000,0|2,2,10,12,0
12,9|7|3|2|1|1|1,28555887360,3,1,13,13,1
12,9|7|3|1|1|1|1|1,10193628060,0|2,2,4,6,0
12,9|7|2|2|2|2,6672192912,0|2,2,8,10,0
12,9|7|2|2|2|1|1,13742520792,0,1,6,6,0
12,9|7|2|2|1|1|1|1,10425301425,0,1,0,0,0
12,9|7|2|1|1|1|1|1|1,4008922632,0|2,2,6,8,0
12,9|7|1|1|1|1|1|1|1|1,654405752,0|2,2,6,8,0
12,9|6|6|3,3824449200,0|4,2,8,10,0
12,9|6|6|2|1,9152528000,3,1,11,11,1
12,9|6|6|1|1|1,5235246016,0|2|4|6,4,12,21,0
12,9|6|5|4,5711177472,3,1,13,13,1
12,9|6|5|3|1,25417877760,3,1,13,13,1
12,9|6|5|2|2,20135561600,3,1,11,11,1
12,9|6|5|2|1|1,33043241088,3,1,11,11,1
12,9|6|5|1|1|1|1,13326080768,3,1,13,13,1
12,9|6|4|4|1,16401330176,3|5|7|9,4,21,25,1
12,9|6|4|3|2,36999094440,0|2,2,6,8,0
12,9|6|4|3|1|1,49564861632,0|2|4|6,4,12,23,0
12,9|6|4|2|2|1,53006865912,0|2,2,6,8,0
12,9|6|4|2|1|1|1,49064206464,3,1,11,11,1
12,9|6|4|1|1|1|1|1,16032940924,0|2,2,4,6,0
12,9|6|3|3|3,10983033600,3,1,13,13,1
12,9|6|3|3|2|1,47117214144,0|2|4|6,4,12,19,0
12,9|6|3|3|1|1|1,35602145280,3|11,2,23,29,1
12,9|6|3|2|2|2,25773518848,3|5|7|9,4,21,25,1
12,9|6|3|2|2|1|1,51400597248,3,1,13,13,1
12,9|6|3|2|1|1|1|1,35694859200,3,1,9,9,1
12,9|6|3|1|1|1|1|1|1,10612625408,3|5|7|9,4,21,25,1
12,9|6|2|2|2|2|1,15376247040,3,1,13,13,1
12,9|6|2|2|2|1|1|1,18405161775,0,1,0,0,0
12,9|6|2|2|1|1|1|1|1,11213769600,3,1,11,11,1
12,9|6|2|1|1|1|1|1|1|1,3739461440,0|2|4|6,4,12,19,0
12,9|6|1|1|1|1|1|1|1|1|1,551078528,3,1,11,11,1
12,9|5|5|5,1249320072,0,1,6,6,0
12,9|5|5|4|1,11861676288,3,1,13,13,1
12,9|5|5|3|2,21843488700,0,1,4,4,0
12,9|5|5|3|1|1,28912835952,0|4,2,8,10,0
12,9|5|5|2|2|1,29214542500,0,1,4,4,0
12,9|5|5|2|1|1|1,26652161536,3|5,2,15,16,1
12,9|5|5|1|1|1|1|1,8432910486,0,1,2,2,0
12,9|5|4|4|2,19028105712,0|2,2,8,10,0
12,9|5|4|4|1|1,23796572800,0|2|4|6,4,14,21,0
12,9|5|4|3|3,18019039500,0,1,4,4,0
12,9|5|4|3|2|1,71797659648,5,1,17,17,1
12,9|5|4|3|1|1|1,52471443024,0|4,2,8,10,0
12,9|5|4|2|2|2,31461815000,0|2,2,6,8,0
12,9|5|4|2|2|1|1,61841343564,0,1,4,4,0
12,9|5|4|2|1|1|1|1,41407388750,0,1,2,2,0
12,9|5|4|1|1|1|1|1|1,11317370064,0|2,2,8,10,0
12,9|5|3|3|3|1,25496328000,0|4,2,12,14,0
12,9|5|3|3|2|2,32619609792,0|2|4|6,4,12,19,0
12,9|5|3|3|2|1|1,60579275328,0|4,2,12,14,0
12,9|5|3|3|1|1|1|1,32855495400,0|4,2,6,8,0
12,9|5|3|2|2|2|1,43492813056,3,1,13,13,1
12,9|5|3|2|2|1|1|1,50195895750,0,1,2,2,0
12,9|5|3|2|1|1|1|1|1,27995968000,3,1,15,15,1
12,9|5|3|1|1|1|1|1|1|1,7248802176,0|2|4|6,4,14,26,0
12,9|5|2|2|2|2|2,7852869024,0|4,2,10,12,0
12,9|5|2|2|2|2|1|1,17375502375,0,1,0,0,0
12,9|5|2|2|2|1|1|1|1,15466522500,0,1,4,4,0
12,9|5|2|2|1|1|1|1|1|1,8008462000,0|4,2,8,10,0
12,9|5|2|1|1|1|1|1|1|1|1,2391287184,0|4,2,8,10,0
12,9|5|1|1|1|1|1|1|1|1|1|1,327202876,0,1,4,4,0
12,9|4|4|4|3,6150498816,3,1,15,15,1
12,9|4|4|4|2|1,19632172560,0|2,2,8,10,0
12,9|4|4|4|1|1|1,13326080768,3,1,13,13,1
12,9|4|4|3|3|1,21684626964,0,1,4,4,0
12,9|4|4|3|2|2,26212186440,0|2,2,6,8,0
12,9|4|4|3|2|1|1,48098822772,0,1,4,4,0
12,9|4|4|3|1|1|1|1,25298731458,0,1,2,2,0
12,9|4|4|2|2|2|1,28189786240,3,1,11,11,1
12,9|4|4|2|2|1|1|1,32065881848,0|4,2,6,8,0
12,9|4|4|2|1|1|1|1|1,17316778752,3,1,13,13,1
12,9|4|4|1|1|1|1|1|1|1,4164400240,0|2,2,8,10,0
12,9|4|3|3|3|2,15250726656,3,1,13,13,1
12,9|4|3|3|3|1|1,22844709888,3|5,2,17,18,1
12,9|4|3|3|2|2|1,37279554048,3,1,15,15,1
12,9|4|3|3|2|1|1|1,39755149434,0,1,2,2,0
12,9|4|3|3|1|1|1|1|1,17316778752,3,1,13,13,1
12,9|4|3|2|2|2|2,14957845760,3,1,13,13,1
12,9|4|3|2|2|2|1|1,32619609792,3,1,9,9,1
12,9|4|3|2|2|1|1|1|1,27995968000,3,1,15,15,1
12,9|4|3|2|1|1|1|1|1|1,13326080768,3,1,13,13,1
12,9|4|3|1|1|1|1|1|1|1|1,3121493760,3,1,13,13,1
12,9|4|2|2|2|2|2|1,8518960593,0,1,0,0,0
12,9|4|2|2|2|2|1|1|1,11213769600,3,1,11,11,1
12,9|4|2|2|2|1|1|1|1|1,8180071900,0,1,4,4,0
12,9|4|2|2|1|1|1|1|1|1|1,3745792512,3|5,2,15,16,1
12,9|4|2|1|1|1|1|1|1|1|1|1,1032601284,0,1,4,4,0
12,9|4|1|1|1|1|1|1|1|1|1|1|1,135980416,3,1,11,11,1
12,9|3|3|3|3|3,1812200544,0|2,2,10,12,0
12,9|3|3|3|3|2|1,9225748224,3,1,13,13,1
12,9|3|3|3|3|1|1|1,7808250450,0,1,2,2,0
12,9|3|3|3|2|2|2,6731030592,0|2|4|6,4,12,19,0
12,9|3|3|3|2|2|1|1,14271079284,0|2,2,4,6,0
12,9|3|3|3|2|1|1|1|1,11317370064,0|2,2,8,10,0
12,9|3|3|3|1|1|1|1|1|1,4240116608,0|2|4|6,4,14,23,0
12,9|3|3|2|2|2|2|1,8180071900,0|2,2,4,6,0
12,9|3|3|2|2|2|1|1|1,10612625408,3|5|7|9,4,21,25,1
12,9|3|3|2|2|1|1|1|1|1,7495920432,0|2,2,8,10,0
12,9|3|3|2|1|1|1|1|1|1|1,3188057600,3,1,15,15,1
12,9|3|3|1|1|1|1|1|1|1|1|1,704744656,0|2,2,8,10,0
12,9|3|2|2|2|2|2|2,1717815099,0,1,0,0,0
12,9|3|2|2|2|2|2|1|1,4008922632,0|2,2,6,8,0
12,9|3|2|2|2|2|1|1|1|1,4004231000,0|2,2,6,8,0
12,9|3|2|2|2|1|1|1|1|1|1,2531516988,0,1,4,4,0
12,9|3|2|2|1|1|1|1|1|1|1|1,1061485236,0,1,4,4,0
12,9|3|2|1|1|1|1|1|1|1|1|1|1,280459608,0|2,2,6,8,0
12,9|3|1|1|1|1|1|1|1|1|1|1|1|1,37858184,0|2,2,6,8,0
12,9|2|2|2|2|2|2|2|1,527923968,3,1,13,13,1
12,9|2|2|2|2|2|2|1|1|1,747892288,0|2|4|6,4,12,19,0
12,9|2|2|2|2|2|1|1|1|1|1,624298752,3,1,13,13,1
12,9|2|2|2|2|1|1|1|1|1|1|1,356948592,0,1,8,8,0
12,9|2|2|2|1|1|1|1|1|1|1|1|1,142636800,3,1,13,13,1
12,9|2|2|1|1|1|1|1|1|1|1|1|1|1,38511936,0|2|4|6,4,12,19,0
12,9|2|1|1|1|1|1|1|1|1|1|1|1|1|1,6366976,3,1,13,13,1
12,9|1|1|1|1|1|1|1|1|1|1|1|1|1|1|1,490314,0,1,2,2,0
12,8|8|8,23371634,0,1,2,2,0
12,8|8|7|1,401567166,0,1,2,2,0
12,8|8|6|2,1835735616,0|2|4|6,4,12,16,0
12,8|8|6|1|1,2007835830,0,1,2,2,0
12,8|8|5|3,3331520192,0|2|4|6,4,12,16,0
12,8|8|5|2|1,8158824960,3|5,2,15,16,1
12,8|8|5|1|1|1,4719272250,0,1,2,2,0
12,8|8|4|4,1873980108,0,1,4,4,0
12,8|8|4|3|1,10411000600,0,1,6,6,0
12,8|8|4|2|2,8761465440,0|4,2,10,12,0
12,8|8|4|2|1|1,14562325800,0,1,6,6,0
12,8|8|4|1|1|1|1,6067635750,0,1,2,2,0
12,8|8|3|3|2,7155196776,0,1,6,6,0
12,8|8|3|3|1|1,9866425184,0|4,2,10,12,0
12,8|8|3|2|2|1,12973708440,0,1,6,6,0
12,8|8|3|2|1|1|1,12426518016,3|5,2,15,16,1
12,8|8|3|1|1|1|1|1,4417238826,0,1,2,2,0
12,8|8|2|2|2|2,2883046320,0,1,8,8,0
12,8|8|2|2|2|1|1,5930838144,0|2|4|6,4,14,18,0
12,8|8|2|2|1|1|1|1,4487353728,0|2|4|6,4,14,18,0
12,8|8|2|1|1|1|1|1|1,1717815099,0,1,0,0,0
12,8|8|1|1|1|1|1|1|1|1,278397405,0,1,0,0,0
12,8|7|7|2,1204701498,0,1,2,2,0
12,8|7|7|1|1,1308811504,0|2,2,8,10,0
12,8|7|6|3,4351373312,5|7,2,19,20,1
12,8|7|6|2|1,10306890594,0,1,2,2,0
12,8|7|6|1|1|1,5857617920,5,1,17,17,1
12,8|7|5|4,5205500300,0,1,4,4,0
12,8|7|5|3|1,22717228248,0,1,6,6,0
12,8|7|5|2|2,17847429600,0|4,2,10,12,0
12,8|7|5|2|1|1,29190843990,0,1,2,2,0
12,8|7|5|1|1|1|1,11685817000,0,1,6,6,0
12,8|7|4|4|1,13742520792,0|2,2,6,8,0
12,8|7|4|3|2,30459613184,5,1,19,19,1
12,8|7|4|3|1|1,40668604416,5,1,17,17,1
12,8|7|4|2|2|1,43133368320,5,1,17,17,1
12,8|7|4|2|1|1|1,39755149434,0,1,2,2,0
12,8|7|4|1|1|1|1|1,12886759424,5,1,17,17,1
12,8|7|3|3|3,8745240504,0,1,6,6,0
12,8|7|3|3|2|1,37275750400,5,1,19,19,1
12,8|7|3|3|1|1|1,28045960800,0|4,2,10,12,0
12,8|7|3|2|2|2,20181324240,0|2,2,8,10,0
12,8|7|3|2|2|1|1,40156716600,0,1,6,6,0
12,8|7|3|2|1|1|1|1,27749320830,0,1,2,2,0
12,8|7|3|1|1|1|1|1|1,8180071900,0|2,2,4,6,0
12,8|7|2|2|2|2|1,11779303536,0,1,8,8,0
12,8|7|2|2|2|1|1|1,14058283008,5|7,2,21,22,1
12,8|7|2|2|1|1|1|1|1,8518960593,0,1,0,0,0
12,8|7|2|1|1|1|1|1|1|1,2815594496,5,1,19,19,1
12,8|7|1|1|1|1|1|1|1|1|1,409003595,0,1,0,0,0
12,8|6|6|4,3212537328,0|4,2,8,10,0
12,8|6|6|3|1,13088115040,0|4,2,10,12,0
12,8|6|6|2|2,10039179150,0,1,2,2,0
12,8|6|6|2|1|1,16309804896,0|4,2,10,12,0
12,8|6|6|1|1|1|1,6425074656,0|4,2,10,12,0
12,8|6|5|5,2409402996,0,1,4,4,0
12,8|6|5|4|1,20940984064,3,1,13,13,1
12,8|6|5|3|2,37182145000,0,1,6,6,0
12,8|6|5|3|1|1,48929414688,0|4,2,10,12,0
12,8|6|5|2|2|1,48651406650,0,1,2,2,0
12,8|6|5|2|1|1|1,44057654784,3|5,2,15,16,1
12,8|6|5|1|1|1|1|1,13742520792,0,1,6,6,0
12,8|6|4|4|2,26235721512,0|2,2,6,8,0
12,8|6|4|4|1|1,32619609792,0|2|4|6,4,12,21,0
12,8|6|4|3|3,24094029960,0,1,6,6,0
12,8|6|4|3|2|1,94893410304,5,1,17,17,1
12,8|6|4|3|1|1|1,68840085600,0|4,2,10,12,0
12,8|6|4|2|2|2,40774512240,0|2,2,8,10,0
12,8|6|4|2|2|1|1,79838853822,0,1,2,2,0
12,8|6|4|2|1|1|1|1,53006865912,0,1,6,6,0
12,8|6|4|1|1|1|1|1|1,14271079284,0|2,2,4,6,0
12,8|6|3|3|3|1,31136900256,0|4,2,10,12,0
12,8|6|3|3|2|2,39465700736,0|2|4|6,4,14,23,0
12,8|6|3|3|2|1|1,73012212000,0|4,2,10,12,0
12,8|6|3|3|1|1|1|1,39264345120,0|4,2,10,12,0
12,8|6|3|2|2|2|1,51400597248,3,1,13,13,1
12,8|6|3|2|2|1|1|1,59030373402,0,1,2,2,0
12,8|6|3|2|1|1|1|1|1,32619609792,3,1,9,9,1
12,8|6|3|1|1|1|1|1|1|1,8314802496,0|2|4|6,4,12,19,0
12,8|6|2|2|2|2|2,8896257216,0|4,2,12,14,0
12,8|6|2|2|2|2|1|1,19632172560,0,1,8,8,0
12,8|6|2|2|2|1|1|1|1,17375502375,0,1,0,0,0
12,8|6|2|2|1|1|1|1|1|1,8908716960,0|4,2,10,12,0
12,8|6|2|1|1|1|1|1|1|1|1,2617623008,0|4,2,10,12,0
12,8|6|1|1|1|1|1|1|1|1|1|1,348729381,0,1,0,0,0
12,8|5|5|5|1,4908043140,0,1,4,4,0
12,8|5|5|4|2,20078358300,0,1,4,4,0
12,8|5|5|4|1|1,24666062960,0|4,2,8,10,0
12,8|5|5|3|3,15297796800,0|2|4|6,4,12,16,0
12,8|5|5|3|2|1,58576179200,5|7,2,19,20,1
12,8|5|5|3|1|1|1,41881968128,0|2|8|10,4,18,25,0
12,8|5|5|2|2|2,23596361250,0,1,2,2,0
12,8|5|5|2|2|1|1,45893390400,0|2|4|6,4,12,16,0
12,8|5|5|2|1|1|1|1,29983681728,0|2|4|6,4,12,16,0
12,8|5|5|1|1|1|1|1|1,7808250450,0,1,2,2,0
12,8|5|4|4|3,16865820972,0,1,4,4,0
12,8|5|4|4|2|1,52718561280,5,1,17,17,1
12,8|5|4|4|1|1|1,35337910608,0|4,2,8,10,0
12,8|5|4|3|3|1,54224805888,5|7,2,21,22,1
12,8|5|4|3|2|2,64433797120,5,1,17,17,1
12,8|5|4|3|2|1|1,117487079424,5|7,2,19,20,1
12,8|5|4|3|1|1|1|1,60919226368,5|7,2,21,22,1
12,8|5|4|2|2|2|1,66258582390,0,1,2,2,0
12,8|5|4|2|2|1|1|1,74764505088,5|7,2,19,20,1
12,8|5|4|2|1|1|1|1|1,39755149434,0,1,2,2,0
12,8|5|4|1|1|1|1|1|1|1,9303275520,5,1,17,17,1
12,8|5|3|3|3|2,29599275552,0|4,2,10,12,0
12,8|5|3|3|3|1|1,44057654784,0|2|8|10,4,18,25,0
12,8|5|3|3|2|2|1,70675821216,0|4,2,10,12,0
12,8|5|3|3|2|1|1|1,74764505088,5|7,2,19,20,1
12,8|5|3|3|1|1|1|1|1,32065881848,0|4,2,6,8,0
12,8|5|3|2|2|2|2,27183008160,0|4,2,10,12,0
12,8|5|3|2|2|2|1|1,59030373402,0,1,2,2,0
12,8|5|3|2|2|1|1|1|1,50195895750,0,1,2,2,0
12,8|5|3|2|1|1|1|1|1|1,23505307056,0|4,2,8,10,0
12,8|5|3|1|1|1|1|1|1|1|1,5354228880,0|4,2,8,10,0
12,8|5|2|2|2|2|2|1,14058283008,5|7,2,21,22,1
12,8|5|2|2|2|2|1|1|1,18405161775,0,1,0,0,0
12,8|5|2|2|2|1|1|1|1|1,13290393600,5|7,2,19,20,1
12,8|5|2|2|1|1|1|1|1|1|1,5983138304,0|2|8|10,4,18,25,0
12,8|5|2|1|1|1|1|1|1|1|1|1,1603137536,5|7,2,19,20,1
12,8|5|1|1|1|1|1|1|1|1|1|1|1,200783583,0,1,0,0,0
12,8|4|4|4|4,2498640144,0,1,8,8,0
12,8|4|4|4|3|1,19460562660,0,1,4,4,0
12,8|4|4|4|2|2,18877089000,0|2,2,6,8,0
12,8|4|4|4|2|1|1,33463930500,0,1,4,4,0
12,8|4|4|4|1|1|1|1,16032940924,0,1,4,4,0
12,8|4|4|3|3|2,26212186440,0,1,6,6,0
12,8|4|4|3|3|1|1,38550447936,0|2|4|6,4,12,16,0
12,8|4|4|3|2|2|1,58429085000,0,1,6,6,0
12,8|4|4|3|2|1|1|1,60919226368,5|7,2,21,22,1
12,8|4|4|3|1|1|1|1|1,25298731458,0,1,2,2,0
12,8|4|4|2|2|2|2,18202907250,0,1,2,2,0
12,8|4|4|2|2|2|1|1,39264345120,0|4,2,10,12,0
12,8|4|4|2|2|1|1|1|1,32855495400,0|4,2,6,8,0
12,8|4|4|2|1|1|1|1|1|1,14881606740,0,1,4,4,0
12,8|4|4|1|1|1|1|1|1|1|1,3146181500,0,1,4,4,0
12,8|4|3|3|3|3,7207615800,0,1,6,6,0
12,8|4|3|3|3|2|1,35898829824,3|5,2,17,18,1
12,8|4|3|3|3|1|1|1,29983681728,0|2|4|6,4,12,16,0
12,8|4|3|3|2|2|2,25169452000,0|4,2,10,12,0
12,8|4|3|3|2|2|1|1,53006865912,0,1,6,6,0
12,8|4|3|3|2|1|1|1|1,41407388750,0,1,2,2,0
12,8|4|3|3|1|1|1|1|1|1,15089826752,0|4,2,12,14,0
12,8|4|3|2|2|2|2|1,27749320830,0,1,2,2,0
12,8|4|3|2|2|2|1|1|1,35694859200,3,1,9,9,1
12,8|4|3|2|2|1|1|1|1|1,24802677900,0,1,4,4,0
12,8|4|3|2|1|1|1|1|1|1|1,10250831360,3|5,2,15,16,1
12,8|4|3|1|1|1|1|1|1|1|1|1,2152650500,0,1,4,4,0
12,8|4|2|2|2|2|2|2,4487353728,0|2|4|6,4,14,18,0
12,8|4|2|2|2|2|2|1|1,10425301425,0,1,0,0,0
12,8|4|2|2|2|2|1|1|1|1,10311015000,0,1,6,6,0
12,8|4|2|2|2|1|1|1|1|1|1,6406769600,0|2|4|6,4,12,16,0
12,8|4|2|2|1|1|1|1|1|1|1|1,2608676928,0|2|4|6,4,12,16,0
12,8|4|2|1|1|1|1|1|1|1|1|1|1,654405752,0,1,6,6,0
12,8|4|1|1|1|1|1|1|1|1|1|1|1|1,79676025,0,1,0,0,0
12,8|3|3|3|3|3|1,4818805992,0,1,6,6,0
12,8|3|3|3|3|2|2,6989916384,0|4,2,10,12,0
12,8|3|3|3|3|2|1|1,13742520792,0,1,6,6,0
12,8|3|3|3|3|1|1|1|1,8432910486,0,1,2,2,0
12,8|3|3|3|2|2|2|1,12886759424,5,1,17,17,1
12,8|3|3|3|2|2|1|1|1,16032940924,0|2,2,4,6,0
12,8|3|3|3|2|1|1|1|1|1,10261794816,5,1,19,19,1
12,8|3|3|3|1|1|1|1|1|1|1,3331520192,0|4,2,12,14,0
12,8|3|3|2|2|2|2|2,4417238826,0,1,2,2,0
12,8|3|3|2|2|2|2|1|1,10193628060,0|2,2,4,6,0
12,8|3|3|2|2|2|1|1|1|1,9921071160,0|2,2,6,8,0
12,8|3|3|2|2|1|1|1|1|1|1,5962663980,0,1,4,4,0
12,8|3|3|2|1|1|1|1|1|1|1|1,2253328308,0,1,4,4,0
12,8|3|3|1|1|1|1|1|1|1|1|1|1,453050136,0|2,2,6,8,0
12,8|3|2|2|2|2|2|2|1,2839653531,0,1,0,0,0
12,8|3|2|2|2|2|2|1|1|1,3987118080,5,1,17,17,1
12,8|3|2|2|2|2|1|1|1|1|1,3272028760,0,1,6,6,0
12,8|3|2|2|2|1|1|1|1|1|1|1,1816141824,5|7,2,21,22,1
12,8|3|2|2|1|1|1|1|1|1|1|1|1,688400856,0,1,6,6,0
12,8|3|2|1|1|1|1|1|1|1|1|1|1|1,167360512,5,1,17,17,1
12,8|3|1|1|1|1|1|1|1|1|1|1|1|1|1,21061215,0,1,0,0,0
12,8|2|2|2|2|2|2|2|2,245402157,0,1,0,0,0
12,8|2|2|2|2|2|2|2|1|1,593914464,0|4,2,10,12,0
12,8|2|2|2|2|2|2|1|1|1|1,640676960,0|4,2,10,12,0
12,8|2|2|2|2|2|1|1|1|1|1|1,460275816,0,1,6,6,0
12,8|2|2|2|2|1|1|1|1|1|1|1|1,235885608,0,1,6,6,0
12,8|2|2|2|1|1|1|1|1|1|1|1|1|1,86295264,0|4,2,10,12,0
12,8|2|2|1|1|1|1|1|1|1|1|1|1|1|1,21633248,0|4,2,10,12,0
12,8|2|1|1|1|1|1|1|1|1|1|1|1|1|1|1,3357585,0,1,0,0,0
12,8|1|1|1|1|1|1|1|1|1|1|1|1|1|1|1|1,245157,0,1,0,0,0
12,7|7|7|3,818007190,0,1,2,2,0
12,7|7|7|2|1,1903725824,3,1,13,13,1
12,7|7|7|1|1|1,1070845776,0|2,2,8,10,0
12,7|7|6|4,2103447060,0,1,4,4,0
12,7|7|6|3|1,8432910486,0,1,2,2,0
12,7|7|6|2|2,6425074656,0|4,2,10,12,0
12,7|7|6|2|1|1,10411000600,0,1,6,6,0
12,7|7|6|1|1|1|1,4077451224,0,1,6,6,0
12,7|7|5|5,1308811504,0|4,2,8,10,0
12,7|7|5|4|1,11014413696,3,1,11,11,1
12,7|7|5|3|2,19275223968,0|4,2,10,12,0
12,7|7|5|3|1|1,25298731458,0,1,2,2,0
12,7|7|5|2|2|1,24986401440,0|4,2,10,12,0
12,7|7|5|2|1|1|1,22551828992,3|5,2,15,16,1
12,7|7|5|1|1|1|1|1,6989916384,0|4,2,10,12,0
12,7|7|4|4|2,12850149312,0|2|4|6,4,12,24,0
12,7|7|4|4|1|1,15935205000,0|2,2,6,8,0
12,7|7|4|3|3,11660320672,0|4,2,10,12,0
12,7|7|4|3|2|1,45689419776,5,1,17,17,1
12,7|7|4|3|1|1|1,33034905750,0,1,2,2,0
12,7|7|4|2|2|2,19469923200,0|2|4|6,4,14,25,0
12,7|7|4|2|2|1|1,38056211424,0|4,2,10,12,0
12,7|7|4|2|1|1|1|1,25169452000,0|4,2,10,12,0
12,7|7|4|1|1|1|1|1|1,6731030592,0|2|4|6,4,12,19,0
12,7|7|3|3|3|1,14575400840,0,1,6,6,0
12,7|7|3|3|2|2,18399077424,0|2,2,8,10,0
12,7|7|3|3|2|1|1,33978760200,0,1,6,6,0
12,7|7|3|3|1|1|1|1,18202907250,0,1,2,2,0
12,7|7|3|2|2|2|1,23723352576,3,1,15,15,1
12,7|7|3|2|2|1|1|1,27183008160,0|4,2,10,12,0
12,7|7|3|2|1|1|1|1|1,14957845760,3,1,13,13,1
12,7|7|3|1|1|1|1|1|1|1,3786204708,0|2,2,4,6,0
12,7|7|2|2|2|2|2,4036264848,0,1,8,8,0
12,7|7|2|2|2|2|1|1,8896257216,0|4,2,12,14,0
12,7|7|2|2|2|1|1|1|1,7852869024,0|4,2,10,12,0
12,7|7|2|2|1|1|1|1|1|1,4008235231,0,1,0,0,0
12,7|7|2|1|1|1|1|1|1|1|1,1169269101,0,1,0,0,0
12,7|7|1|1|1|1|1|1|1|1|1|1,153977824,0|4,2,10,12,0
12,7|6|6|5,1262068236,0,1,4,4,0
12,7|6|6|4|1,8566766208,3,1,11,11,1
12,7|6|6|3|2,14054850810,0,1,2,2,0
12,7|6|6|3|1|1,18323361056,0|4,2,10,12,0
12,7|6|6|2|2|1,17668955304,0,1,6,6,0
12,7|6|6|2|1|1|1,15815568384,3|5,2,17,18,1
12,7|6|6|1|1|1|1|1,4818805992,0,1,6,6,0
12,7|6|5|5|1,6799020800,3,1,13,13,1
12,7|6|5|4|2,25700298624,3,1,11,11,1
12,7|6|5|4|1|1,31411476096,3,1,11,11,1
12,7|6|5|3|3,19037258240,3|5,2,15,16,1
12,7|6|5|3|2|1,72148234158,0,1,2,2,0
12,7|6|5|3|1|1|1,51254156800,3|5,2,15,16,1
12,7|6|5|2|2|2,28555887360,3,1,13,13,1
12,7|6|5|2|2|1|1,55354489344,3|5,2,15,16,1
12,7|6|5|2|1|1|1|1,35898829824,3|5,2,17,18,1
12,7|6|5|1|1|1|1|1|1,9225748224,3,1,13,13,1
12,7|6|4|4|3,17133532416,3,1,13,13,1
12,7|6|4|4|2|1,53006865912,0|2,2,6,8,0
12,7|6|4|4|1|1|1,35302608000,3,1,11,11,1
12,7|6|4|3|3|1,53006865912,0,1,6,6,0
12,7|6|4|3|2|2,62466003600,0|2,2,8,10,0
12,7|6|4|3|2|1|1,113519948850,0,1,2,2,0
12,7|6|4|3|1|1|1|1,58429085000,0,1,6,6,0
12,7|6|4|2|2|2|1,62902828800,3,1,13,13,1
12,7|6|4|2|2|1|1|1,70675821216,0|4,2,10,12,0
12,7|6|4|2|1|1|1|1|1,37279554048,3,1,15,15,1
12,7|6|4|1|1|1|1|1|1|1,8605010700,0|2,2,4,6,0
12,7|6|3|3|3|2,26652161536,3,1,15,15,1
12,7|6|3|3|3|1|1,39538920960,3|5,2,15,16,1
12,7|6|3|3|2|2|1,62902828800,3,1,13,13,1
12,7|6|3|3|2|1|1|1,66258582390,0,1,2,2,0
12,7|6|3|3|1|1|1|1|1,28189786240,3,1,11,11,1
12,7|6|3|2|2|2|2,23723352576,3,1,15,15,1
12,7|6|3|2|2|2|1|1,51400597248,3,1,13,13,1
12,7|6|3|2|2|1|1|1|1,43492813056,3,1,13,13,1
12,7|6|3|2|1|1|1|1|1|1,20193091776,3,1,9,9,1
12,7|6|3|1|1|1|1|1|1|1|1,4535346816,3,1,11,11,1
12,7|6|2|2|2|2|2|1,11779303536,0,1,8,8,0
12,7|6|2|2|2|2|1|1|1,15376247040,3,1,13,13,1
12,7|6|2|2|2|1|1|1|1|1,11043097065,0,1,0,0,0
12,7|6|2|2|1|1|1|1|1|1|1,4927290368,3|5,2,17,18,1
12,7|6|2|1|1|1|1|1|1|1|1|1,1301375075,0,1,0,0,0
12,7|6|1|1|1|1|1|1|1|1|1|1|1,159134976,3,1,13,13,1
12,7|5|5|5|2,6884008560,0|4,2,8,10,0
12,7|5|5|5|1|1,8180071900,0,1,4,4,0
12,7|5|5|4|3,14685884928,3|5,2,15,16,1
12,7|5|5|4|2|1,44172388260,0,1,4,4,0
12,7|5|5|4|1|1|1,28995208704,3|5,2,15,16,1
12,7|5|5|3|3|1,36646722112,0|2|4|6,4,12,16,0
12,7|5|5|3|2|2,42164552430,0,1,2,2,0
12,7|5|5|3|2|1|1,76112422848,0|2|4|6,4,12,16,0
12,7|5|5|3|1|1|1|1,38550447936,0|2|4|6,4,12,16,0
12,7|5|5|2|2|2|1,39538920960,3|5,2,15,16,1
12,7|5|5|2|2|1|1|1,44057654784,0|2|8|10,4,18,25,0
12,7|5|5|2|1|1|1|1|1,22844709888,3|5,2,17,18,1
12,7|5|5|1|1|1|1|1|1|1,5096814030,0,1,2,2,0
12,7|5|4|4|4,5621940324,0,1,4,4,0
12,7|5|4|4|3|1,42068941200,0,1,8,8,0
12,7|5|4|4|2|2,40156716600,0|2,2,6,8,0
12,7|5|4|4|2|1|1,70772903388,0,1,4,4,0
12,7|5|4|4|1|1|1|1,33463930500,0,1,4,4,0
12,7|5|4|3|3|2,52055003000,0,1,6,6,0
12,7|5|4|3|3|1|1,76112422848,0|2|4|6,4,12,16,0
12,7|5|4|3|2|2|1,113519948850,0,1,2,2,0
12,7|5|4|3|2|1|1|1,117487079424,5|7,2,19,20,1
12,7|5|4|3|1|1|1|1|1,48098822772,0,1,4,4,0
12,7|5|4|2|2|2|2,33978760200,0,1,6,6,0
12,7|5|4|2|2|2|1|1,73012212000,0|4,2,10,12,0
12,7|5|4|2|2|1|1|1|1,60579275328,0|4,2,12,14,0
12,7|5|4|2|1|1|1|1|1|1,27028559250,0,1,2,2,0
12,7|5|4|1|1|1|1|1|1|1|1,5567948100,0,1,4,4,0
12,7|5|3|3|3|3,11243880648,0,1,6,6,0
12,7|5|3|3|3|2|1,55354489344,3|5,2,15,16,1
12,7|5|3|3|3|1|1|1,45893390400,0|2|4|6,4,12,16,0
12,7|5|3|3|2|2|2,38056211424,0|4,2,10,12,0
12,7|5|3|3|2|2|1|1,79838853822,0,1,2,2,0
12,7|5|3|3|2|1|1|1|1,61841343564,0,1,4,4,0
12,7|5|3|3|1|1|1|1|1|1,22199456664,0|4,2,6,8,0
12,7|5|3|2|2|2|2|1,40156716600,0,1,6,6,0
12,7|5|3|2|2|2|1|1|1,51400597248,3,1,13,13,1
12,7|5|3|2|2|1|1|1|1|1,35386451694,0,1,2,2,0
12,7|5|3|2|1|1|1|1|1|1|1,14397926400,3|5,2,17,18,1
12,7|5|3|1|1|1|1|1|1|1|1|1,2944825884,0,1,4,4,0
12,7|5|2|2|2|2|2|2,5930838144,0|2|4|6,4,14,18,0
12,7|5|2|2|2|2|2|1|1,13742520792,0,1,6,6,0
12,7|5|2|2|2|2|1|1|1|1,13514279625,0,1,0,0,0
12,7|5|2|2|2|1|1|1|1|1|1,8314802496,0|2|4|6,4,12,16,0
12,7|5|2|2|1|1|1|1|1|1|1|1,3331520192,0|2|4|6,4,12,16,0
12,7|5|2|1|1|1|1|1|1|1|1|1|1,813701889,0,1,0,0,0
12,7|5|1|1|1|1|1|1|1|1|1|1|1|1,94486392,0,1,6,6,0
12,7|4|4|4|4|1,6871260396,0,1,4,4,0
12,7|4|4|4|3|2,20397062400,3,1,13,13,1
12,7|4|4|4|3|1|1,28995208704,3|5,2,15,16,1
12,7|4|4|4|2|2|1,35302608000,3,1,11,11,1
12,7|4|4|4|2|1|1|1,35337910608,0|4,2,8,10,0
12,7|4|4|4|1|1|1|1|1,13326080768,3,1,13,13,1
12,7|4|4|3|3|3,10708457760,0|4,2,10,12,0
12,7|4|4|3|3|2|1,51254156800,3|5,2,15,16,1
12,7|4|4|3|3|1|1|1,41881968128,0|2|8|10,4,18,25,0
12,7|4|4|3|2|2|2,33034905750,0,1,2,2,0
12,7|4|4|3|2|2|1|1,68840085600,0|4,2,10,12,0
12,7|4|4|3|2|1|1|1|1,52471443024,0|4,2,8,10,0
12,7|4|4|3|1|1|1|1|1|1,18219251050,0,1,2,2,0
12,7|4|4|2|2|2|2|1,28045960800,0|4,2,10,12,0
12,7|4|4|2|2|2|1|1|1,35602145280,3|11,2,23,29,1
12,7|4|4|2|2|1|1|1|1|1,24094029960,0|4,2,6,8,0
12,7|4|4|2|1|1|1|1|1|1|1,9475558400,3|5,2,17,18,1
12,7|4|4|1|1|1|1|1|1|1|1|1,1797818000,0|4,2,8,10,0
12,7|4|3|3|3|3|1,15815568384,3|5,2,17,18,1
12,7|4|3|3|3|2|2,22551828992,3|5,2,15,16,1
12,7|4|3|3|3|2|1|1,44057654784,3|5,2,15,16,1
12,7|4|3|3|3|1|1|1|1,26652161536,3|5,2,15,16,1
12,7|4|3|3|2|2|2|1,39755149434,0,1,2,2,0
12,7|4|3|3|2|2|1|1|1,49064206464,3,1,11,11,1
12,7|4|3|3|2|1|1|1|1|1,30920671782,0,1,2,2,0
12,7|4|3|3|1|1|1|1|1|1|1,9768439296,3|5,2,15,16,1
12,7|4|3|2|2|2|2|2,12426518016,3|5,2,15,16,1
12,7|4|3|2|2|2|2|1|1,28555887360,3,1,13,13,1
12,7|4|3|2|2|2|1|1|1|1,27536034240,3,1,9,9,1
12,7|4|3|2|2|1|1|1|1|1|1,16280732160,3|5,2,15,16,1
12,7|4|3|2|1|1|1|1|1|1|1|1,5983138304,3|5,2,15,16,1
12,7|4|3|1|1|1|1|1|1|1|1|1|1,1144547712,3,1,11,11,1
12,7|4|2|2|2|2|2|2|1,6150498816,3|5,2,15,16,1
12,7|4|2|2|2|2|2|1|1|1,8589075495,0,1,0,0,0
12,7|4|2|2|2|2|1|1|1|1|1,6977456640,3|5,2,15,16,1
12,7|4|2|2|2|1|1|1|1|1|1|1,3807451648,0|2|8|10,4,18,25,0
12,7|4|2|2|1|1|1|1|1|1|1|1|1,1402745344,3|5,2,15,16,1
12,7|4|2|1|1|1|1|1|1|1|1|1|1|1,324342711,0,1,0,0,0
12,7|4|1|1|1|1|1|1|1|1|1|1|1|1|1,36917760,3|5,2,15,16,1
12,7|3|3|3|3|3|2,4077451224,0,1,6,6,0
12,7|3|3|3|3|3|1|1,6425074656,0|4,2,10,12,0
12,7|3|3|3|3|2|2|1,11685817000,0,1,6,6,0
12,7|3|3|3|3|2|1|1|1,13326080768,3,1,13,13,1
12,7|3|3|3|3|1|1|1|1|1,6558930378,0,1,2,2,0
12,7|3|3|3|2|2|2|2,6067635750,0,1,2,2,0
12,7|3|3|3|2|2|2|1|1,13742520792,0|2,2,6,8,0
12,7|3|3|3|2|2|1|1|1|1,12777137100,0|2,2,4,6,0
12,7|3|3|3|2|1|1|1|1|1|1,6944749812,0,1,4,4,0
12,7|3|3|3|1|1|1|1|1|1|1|1,2002115500,0,1,4,4,0
12,7|3|3|2|2|2|2|2|1,6213259008,3,1,13,13,1
12,7|3|3|2|2|2|2|1|1|1,8605010700,0|2,2,4,6,0
12,7|3|3|2|2|2|1|1|1|1|1,6871737600,3,1,13,13,1
12,7|3|3|2|2|1|1|1|1|1|1|1,3624401088,0|4,2,12,14,0
12,7|3|3|2|1|1|1|1|1|1|1|1|1,1238688000,3,1,13,13,1
12,7|3|3|1|1|1|1|1|1|1|1|1|1|1,229466952,0|2,2,6,8,0
12,7|3|2|2|2|2|2|2|2,1121838432,0|4,2,10,12,0
12,7|3|2|2|2|2|2|2|1|1,2702855925,0,1,0,0,0
12,7|3|2|2|2|2|2|1|1|1|1,2887084200,0,1,6,6,0
12,7|3|2|2|2|2|1|1|1|1|1|1,2038517600,0|4,2,10,12,0
12,7|3|2|2|2|1|1|1|1|1|1|1|1,1014485472,0|4,2,10,12,0
12,7|3|2|2|1|1|1|1|1|1|1|1|1|1,352372328,0,1,6,6,0
12,7|3|2|1|1|1|1|1|1|1|1|1|1|1|1,79676025,0,1,0,0,0
12,7|3|1|1|1|1|1|1|1|1|1|1|1|1|1|1,9439200,0|4,2,10,12,0
12,7|2|2|2|2|2|2|2|2|1,315517059,0,1,0,0,0
12,7|2|2|2|2|2|2|2|1|1|1,465163776,3|5,2,15,16,1
12,7|2|2|2|2|2|2|1|1|1|1|1,416440024,0,1,6,6,0
12,7|2|2|2|2|2|1|1|1|1|1|1|1,264854016,3,1,15,15,1
12,7|2|2|2|2|1|1|1|1|1|1|1|1|1,123559128,0,1,6,6,0
12,7|2|2|2|1|1|1|1|1|1|1|1|1|1|1,41840128,3|5,2,15,16,1
12,7|2|2|1|1|1|1|1|1|1|1|1|1|1|1|1,9828567,0,1,0,0,0
12,7|2|1|1|1|1|1|1|1|1|1|1|1|1|1|1|1,1444608,3,1,13,13,1
12,7|1|1|1|1|1|1|1|1|1|1|1|1|1|1|1|1|1,100947,0,1,0,0,0
12,6|6|6|6,140229804,0,1,4,4,0
12,6|6|6|5|1,1963217256,0|2,2,6,8,0
12,6|6|6|4|2,5889651768,0|2,2,6,8,0
12,6|6|6|4|1|1,7138971840,0|2|4|6,4,12,23,0
12,6|6|6|3|3,4090035950,0,1,2,2,0
12,6|6|6|3|2|1,15229806592,5,1,17,17,1
12,6|6|6|3|1|1|1,10708457760,0|4,2,10,12,0
12,6|6|6|2|2|2,5830160336,0|2,2,8,10,0
12,6|6|6|2|2|1|1,11243880648,0,1,6,6,0
12,6|6|6|2|1|1|1|1,7207615800,0,1,6,6,0
12,6|6|6|1|1|1|1|1|1,1812200544,0|2,2,10,12,0
12,6|6|5|5|2,5235246016,0|2|4|6,4,12,21,0
12,6|6|5|5|1|1,6195607704,0|2,2,6,8,0
12,6|6|5|4|3,10470492032,3,1,11,11,1
12,6|6|5|4|2|1,31233001800,0|2,2,6,8,0
12,6|6|5|4|1|1|1,20397062400,3,1,13,13,1
12,6|6|5|3|3|1,25298731458,0,1,2,2,0
12,6|6|5|3|2|2,28912835952,0|2,2,8,10,0
12,6|6|5|3|2|1|1,52055003000,0,1,6,6,0
12,6|6|5|3|1|1|1|1,26212186440,0,1,6,6,0
12,6|6|5|2|2|2|1,26652161536,3,1,15,15,1
12,6|6|5|2|2|1|1|1,29599275552,0|4,2,10,12,0
12,6|6|5|2|1|1|1|1|1,15250726656,3,1,13,13,1
12,6|6|5|1|1|1|1|1|1|1,3365515296,0|2,2,10,12,0
12,6|6|4|4|4,3272028760,0|2,2,6,8,0
12,6|6|4|4|3|1,24094029960,0|2,2,6,8,0
12,6|6|4|4|2|2,22844709888,0|4|8|12,4,20,42,0
12,6|6|4|4|2|1|1,40156716600,0|2,2,6,8,0
12,6|6|4|4|1|1|1|1,18877089000,0|2,2,6,8,0
12,6|6|4|3|3|2,28912835952,0|2,2,8,10,0
12,6|6|4|3|3|1|1,42164552430,0,1,2,2,0
12,6|6|4|3|2|2|1,62466003600,0|2,2,8,10,0
12,6|6|4|3|2|1|1|1,64433797120,5,1,17,17,1
12,6|6|4|3|1|1|1|1|1,26212186440,0|2,2,6,8,0
12,6|6|4|2|2|2|2,18399077424,0|2,2,8,10,0
12,6|6|4|2|2|2|1|1,39465700736,0|2|4|6,4,14,23,0
12,6|6|4|2|2|1|1|1|1,32619609792,0|2|4|6,4,12,19,0
12,6|6|4|2|1|1|1|1|1|1,14456417976,0|2,2,6,8,0
12,6|6|4|1|1|1|1|1|1|1|1,2944825884,0|2,2,4,6,0
12,6|6|3|3|3|3,5830160336,0|2,2,8,10,0
12,6|6|3|3|3|2|1,28555887360,3,1,13,13,1
12,6|6|3|3|3|1|1|1,23596361250,0,1,2,2,0
12,6|6|3|3|2|2|2,19469923200,0|2|4|6,4,14,25,0
12,6|6|3|3|2|2|1|1,40774512240,0|2,2,8,10,0
12,6|6|3|3|2|1|1|1|1,31461815000,0|2,2,6,8,0
12,6|6|3|3|1|1|1|1|1|1,11218384320,0|2|4|6,4,12,19,0
12,6|6|3|2|2|2|2|1,20181324240,0|2,2,8,10,0
12,6|6|3|2|2|2|1|1|1,25773518848,3|5|7|9,4,21,25,1
12,6|6|3|2|2|1|1|1|1|1,17668955304,0|2,2,6,8,0
12,6|6|3|2|1|1|1|1|1|1|1,7138971840,3,1,9,9,1
12,6|6|3|1|1|1|1|1|1|1|1|1,1443542100,0|2,2,4,6,0
12,6|6|2|2|2|2|2|2,2883046320,0,1,8,8,0
12,6|6|2|2|2|2|2|1|1,6672192912,0|2,2,8,10,0
12,6|6|2|2|2|2|1|1|1|1,6544057520,0|2,2,8,10,0
12,6|6|2|2|2|1|1|1|1|1|1,4008235231,0,1,0,0,0
12,6|6|2|2|1|1|1|1|1|1|1|1,1594457865,0,1,0,0,0
12,6|6|2|1|1|1|1|1|1|1|1|1|1,384944560,0|2,2,8,10,0
12,6|6|1|1|1|1|1|1|1|1|1|1|1|1,43835792,0|2,2,8,10,0
12,6|5|5|5|3,3926434512,0|4,2,8,10,0
12,6|5|5|5|2|1,10878433280,5,1,17,17,1
12,6|5|5|5|1|1|1,6871260396,0,1,4,4,0
12,6|5|5|4|4,3786204708,0,1,4,4,0
12,6|5|5|4|3|1,26027501500,0,1,4,4,0
12,6|5|5|4|2|2,24094029960,0|2,2,6,8,0
12,6|5|5|4|2|1|1,42068941200,0,1,8,8,0
12,6|5|5|4|1|1|1|1,19460562660,0,1,4,4,0
12,6|5|5|3|3|2,25298731458,0,1,2,2,0
12,6|5|5|3|3|1|1,36646722112,0|2|4|6,4,12,16,0
12,6|5|5|3|2|2|1,53006865912,0,1,6,6,0
12,6|5|5|3|2|1|1|1,54224805888,5|7,2,21,22,1
12,6|5|5|3|1|1|1|1|1,21684626964,0,1,4,4,0
12,6|5|5|2|2|2|2,14575400840,0,1,6,6,0
12,6|5|5|2|2|2|1|1,31136900256,0|4,2,10,12,0
12,6|5|5|2|2|1|1|1|1,25496328000,0|4,2,12,14,0
12,6|5|5|2|1|1|1|1|1|1,11099728332,0,1,4,4,0
12,6|5|5|1|1|1|1|1|1|1|1,2184348870,0,1,2,2,0
12,6|5|4|4|4|1,10878433280,5,1,17,17,1
12,6|5|4|4|3|2,31233001800,0|2,2,6,8,0
12,6|5|4|4|3|1|1,44172388260,0,1,4,4,0
12,6|5|4|4|2|2|1,53006865912,0|2,2,6,8,0
12,6|5|4|4|2|1|1|1,52718561280,5,1,17,17,1
12,6|5|4|4|1|1|1|1|1,19632172560,0|2,2,8,10,0
12,6|5|4|3|3|3,15229806592,5,1,17,17,1
12,6|5|4|3|3|2|1,72148234158,0,1,2,2,0
12,6|5|4|3|3|1|1|1,58576179200,5|7,2,19,20,1
12,6|5|4|3|2|2|2,45689419776,5,1,17,17,1
12,6|5|4|3|2|2|1|1,94893410304,5,1,17,17,1
12,6|5|4|3|2|1|1|1|1,71797659648,5,1,17,17,1
12,6|5|4|3|1|1|1|1|1|1,24601995264,5,1,17,17,1
12,6|5|4|2|2|2|2|1,37275750400,5,1,19,19,1
12,6|5|4|2|2|2|1|1|1,47117214144,0|2|4|6,4,12,19,0
12,6|5|4|2|2|1|1|1|1|1,31631136768,5,1,17,17,1
12,6|5|4|2|1|1|1|1|1|1|1,12270107850,0,1,2,2,0
12,6|5|4|1|1|1|1|1|1|1|1|1,2274134016,5,1,17,17,1
12,6|5|3|3|3|3|1,17668955304,0,1,6,6,0
12,6|5|3|3|3|2|2,24986401440,0|4,2,10,12,0
12,6|5|3|3|3|2|1|1,48651406650,0,1,2,2,0
12,6|5|3|3|3|1|1|1|1,29214542500,0,1,4,4,0
12,6|5|3|3|2|2|2|1,43133368320,5,1,17,17,1
12,6|5|3|3|2|2|1|1|1,53006865912,0|2,2,6,8,0
12,6|5|3|3|2|1|1|1|1|1,33137381376,5,1,19,19,1
12,6|5|3|3|1|1|1|1|1|1|1,10326012840,0|4,2,6,8,0
12,6|5|3|2|2|2|2|2,12973708440,0,1,6,6,0
12,6|5|3|2|2|2|2|1|1,29745716000,0|2,2,10,12,0
12,6|5|3|2|2|2|1|1|1|1,28542158568,0|2,2,6,8,0
12,6|5|3|2|2|1|1|1|1|1|1,16731965250,0,1,2,2,0
12,6|5|3|2|1|1|1|1|1|1|1|1,6062876820,0,1,4,4,0
12,6|5|3|1|1|1|1|1|1|1|1|1|1,1132625340,0|2,2,4,6,0
12,6|5|2|2|2|2|2|2|1,5889651768,0,1,6,6,0
12,6|5|2|2|2|2|2|1|1|1,8200665088,5,1,17,17,1
12,6|5|2|2|2|2|1|1|1|1|1,6625858239,0,1,0,0,0
12,6|5|2|2|2|1|1|1|1|1|1|1,3583483904,5|7,2,21,22,1
12,6|5|2|2|1|1|1|1|1|1|1|1|1,1301375075,0,1,0,0,0
12,6|5|2|1|1|1|1|1|1|1|1|1|1|1,293787648,5,1,17,17,1
12,6|5|1|1|1|1|1|1|1|1|1|1|1|1|1,32033848,0,1,6,6,0
12,6|4|4|4|4|2,6195607704,0|2,2,6,8,0
12,6|4|4|4|4|1|1,8180071900,0,1,4,4,0
12,6|4|4|4|3|3,7138971840,0|2|4|6,4,12,23,0
12,6|4|4|4|3|2|1,31411476096,3,1,11,11,1
12,6|4|4|4|3|1|1|1,24666062960,0|4,2,8,10,0
12,6|4|4|4|2|2|2,15935205000,0|2,2,6,8,0
12,6|4|4|4|2|2|1|1,32619609792,0|2|4|6,4,12,21,0
12,6|4|4|4|2|1|1|1|1,23796572800,0|2|4|6,4,14,21,0
12,6|4|4|4|1|1|1|1|1|1,7495920432,0|2,2,8,10,0
12,6|4|4|3|3|3|1,18323361056,0|4,2,10,12,0
12,6|4|4|3|3|2|2,25298731458,0,1,2,2,0
12,6|4|4|3|3|2|1|1,48929414688,0|4,2,10,12,0
12,6|4|4|3|3|1|1|1|1,28912835952,0|4,2,8,10,0
12,6|4|4|3|2|2|2|1,40668604416,5,1,17,17,1
12,6|4|4|3|2|2|1|1|1,49564861632,0|2|4|6,4,12,23,0
12,6|4|4|3|2|1|1|1|1|1,30459613184,5,1,19,19,1
12,6|4|4|3|1|1|1|1|1|1|1,9174265254,0,1,2,2,0
12,6|4|4|2|2|2|2|2,9866425184,0|4,2,10,12,0
12,6|4|4|2|2|2|2|1|1,22529482560,0|2|4|6,4,12,19,0
12,6|4|4|2|2|2|1|1|1|1,21416915520,0|2|4|6,4,12,21,0
12,6|4|4|2|2|1|1|1|1|1|1,12333031480,0|4,2,6,8,0
12,6|4|4|2|1|1|1|1|1|1|1|1,4317301296,0|4,2,8,10,0
12,6|4|4|1|1|1|1|1|1|1|1|1|1,747892288,0|2|4|6,4,12,24,0
12,6|4|3|3|3|3|2,10411000600,0,1,6,6,0
12,6|4|3|3|3|3|1|1,16309804896,0|4,2,10,12,0
12,6|4|3|3|3|2|2|1,29190843990,0,1,2,2,0
12,6|4|3|3|3|2|1|1|1,33043241088,3,1,11,11,1
12,6|4|3|3|3|1|1|1|1|1,16032940924,0,1,4,4,0
12,6|4|3|3|2|2|2|2,14562325800,0,1,6,6,0
12,6|4|3|3|2|2|2|1|1,32855495400,0|2,2,6,8,0
12,6|4|3|3|2|2|1|1|1|1,30289637664,0|2,2,10,12,0
12,6|4|3|3|2|1|1|1|1|1|1,16217135550,0,1,2,2,0
12,6|4|3|3|1|1|1|1|1|1|1|1,4555593900,0,1,4,4,0
12,6|4|3|2|2|2|2|2|1,13598041600,3,1,15,15,1
12,6|4|3|2|2|2|2|1|1|1,18739801080,0|2,2,6,8,0
12,6|4|3|2|2|2|1|1|1|1|1,14827095360,3,1,9,9,1
12,6|4|3|2|2|1|1|1|1|1|1|1,7698891200,0|4,2,12,14,0
12,6|4|3|2|1|1|1|1|1|1|1|1|1,2562707840,3,1,11,11,1
12,6|4|3|1|1|1|1|1|1|1|1|1|1|1,452895300,0|2,2,4,6,0
12,6|4|2|2|2|2|2|2|2,1906340832,0|4,2,10,12,0
12,6|4|2|2|2|2|2|2|1|1,4580840264,0,1,6,6,0
12,6|4|2|2|2|2|2|1|1|1|1,4865140665,0,1,0,0,0
12,6|4|2|2|2|2|1|1|1|1|1|1,3401510112,0|4,2,10,12,0
12,6|4|2|2|2|1|1|1|1|1|1|1|1,1665760096,0|4,2,10,12,0
12,6|4|2|2|1|1|1|1|1|1|1|1|1|1,563332077,0,1,0,0,0
12,6|4|2|1|1|1|1|1|1|1|1|1|1|1|1,121482504,0,1,6,6,0
12,6|4|1|1|1|1|1|1|1|1|1|1|1|1|1|1,13075040,0|4,2,10,12,0
12,6|3|3|3|3|3|3,1070845776,0|2,2,8,10,0
12,6|3|3|3|3|3|2|1,5857617920,5,1,17,17,1
12,6|3|3|3|3|3|1|1|1,5235246016,0|2|4|6,4,12,21,0
12,6|3|3|3|3|2|2|2,4719272250,0,1,2,2,0
12,6|3|3|3|3|2|2|1|1,10326012840,0|2,2,6,8,0
12,6|3|3|3|3|2|1|1|1|1,8745240504,0|2,2,6,8,0
12,6|3|3|3|3|1|1|1|1|1|1,3643850210,0,1,2,2,0
12,6|3|3|3|2|2|2|2|1,7011490200,0|2,2,6,8,0
12,6|3|3|3|2|2|2|1|1|1,9493905408,5|7|9|11,4,25,29,1
12,6|3|3|3|2|2|1|1|1|1|1,7228208988,0|2,2,4,6,0
12,6|3|3|3|2|1|1|1|1|1|1|1,3445657600,5,1,19,19,1
12,6|3|3|3|1|1|1|1|1|1|1|1|1,898909000,0|2,2,6,8,0
12,6|3|3|2|2|2|2|2|2,2013556160,0|2|4|6,4,12,19,0
12,6|3|3|2|2|2|2|2|1|1,4818805992,0|2,2,6,8,0
12,6|3|3|2|2|2|2|1|1|1|1,5070292500,0|2,2,4,6,0
12,6|3|3|2|2|2|1|1|1|1|1|1,3482267712,0|2|4|6,4,12,23,0
12,6|3|3|2|2|1|1|1|1|1|1|1|1,1647455040,0|2|4|6,4,12,21,0
12,6|3|3|2|1|1|1|1|1|1|1|1|1|1,516636120,0|2,2,6,8,0
12,6|3|3|1|1|1|1|1|1|1|1|1|1|1|1,89237148,0|2,2,4,6,0
12,6|3|2|2|2|2|2|2|2|1,1171523584,5,1,17,17,1
12,6|3|2|2|2|2|2|2|1|1|1,1717815099,0,1,0,0,0
12,6|3|2|2|2|2|2|1|1|1|1|1,1522354176,5,1,17,17,1
12,6|3|2|2|2|2|1|1|1|1|1|1|1,951862912,0|2|4|6,4,14,21,0
12,6|3|2|2|2|1|1|1|1|1|1|1|1|1,431613952,5,1,17,17,1
12,6|3|2|2|1|1|1|1|1|1|1|1|1|1|1,139004019,0,1,0,0,0
12,6|3|2|1|1|1|1|1|1|1|1|1|1|1|1|1,29534208,5,1,17,17,1
12,6|3|1|1|1|1|1|1|1|1|1|1|1|1|1|1|1,3328192,0|2|4|6,4,12,19,0
12,6|2|2|2|2|2|2|2|2|2,93486536,0|2,2,6,8,0
12,6|2|2|2|2|2|2|2|2|1|1,231673365,0,1,0,0,0
12,6|2|2|2|2|2|2|2|1|1|1|1,262462200,0,1,6,6,0
12,6|2|2|2|2|2|2|1|1|1|1|1|1,203851760,0|2,2,8,10,0
12,6|2|2|2|2|2|1|1|1|1|1|1|1|1,117056016,0|2,2,8,10,0
12,6|2|2|2|2|1|1|1|1|1|1|1|1|1|1,50338904,0,1,6,6,0
12,6|2|2|2|1|1|1|1|1|1|1|1|1|1|1|1,15935205,0,1,0,0,0
12,6|2|2|1|1|1|1|1|1|1|1|1|1|1|1|1|1,3539700,0|2,2,4,6,0
12,6|2|1|1|1|1|1|1|1|1|1|1|1|1|1|1|1|1,497420,0|2,2,4,6,0
12,6|1|1|1|1|1|1|1|1|1|1|1|1|1|1|1|1|1|1,33649,0,1,0,0,0
12,5|5|5|5|4,701149020,0,1,4,4,0
12,5|5|5|5|3|1,3786204708,0,1,4,4,0
12,5|5|5|5|2|2,3272028760,0|2,2,6,8,0
12,5|5|5|5|2|1|1,5621940324,0,1,4,4,0
12,5|5|5|5|1|1|1|1,2498640144,0,1,8,8,0
12,5|5|5|4|4|1,3926434512,0|4,2,8,10,0
12,5|5|5|4|3|2,10470492032,3,1,11,11,1
12,5|5|5|4|3|1|1,14685884928,3|5,2,15,16,1
12,5|5|5|4|2|2|1,17133532416,3,1,13,13,1
12,5|5|5|4|2|1|1|1,16865820972,0,1,4,4,0
12,5|5|5|4|1|1|1|1|1,6150498816,3,1,15,15,1
12,5|5|5|3|3|3,4090035950,0,1,2,2,0
12,5|5|5|3|3|2|1,19037258240,3|5,2,15,16,1
12,5|5|5|3|3|1|1|1,15297796800,0|2|4|6,4,12,16,0
12,5|5|5|3|2|2|2,11660320672,0|4,2,10,12,0
12,5|5|5|3|2|2|1|1,24094029960,0,1,6,6,0
12,5|5|5|3|2|1|1|1|1,18019039500,0,1,4,4,0
12,5|5|5|3|1|1|1|1|1|1,6040668480,0|4,2,12,14,0
12,5|5|5|2|2|2|2|1,8745240504,0,1,6,6,0
12,5|5|5|2|2|2|1|1|1,10983033600,3,1,13,13,1
12,5|5|5|2|2|1|1|1|1|1,7281162900,0,1,4,4,0
12,5|5|5|2|1|1|1|1|1|1|1,2761448448,3|5,2,17,18,1
12,5|5|5|1|1|1|1|1|1|1|1|1,490804314,0,1,2,2,0
12,5|5|4|4|4|2,5235246016,0|2|4|6,4,12,21,0
12,5|5|4|4|4|1|1,6884008560,0|4,2,8,10,0
12,5|5|4|4|3|3,5889651768,0|2,2,6,8,0
12,5|5|4|4|3|2|1,25700298624,3,1,11,11,1
12,5|5|4|4|3|1|1|1,20078358300,0,1,4,4,0
12,5|5|4|4|2|2|2,12850149312,0|2|4|6,4,12,24,0
12,5|5|4|4|2|2|1|1,26235721512,0|2,2,6,8,0
12,5|5|4|4|2|1|1|1|1,19028105712,0|2,2,8,10,0
12,5|5|4|4|1|1|1|1|1|1,5930838144,0|2|4|6,4,14,21,0
12,5|5|4|3|3|3|1,14054850810,0,1,2,2,0
12,5|5|4|3|3|2|2,19275223968,0|4,2,10,12,0
12,5|5|4|3|3|2|1|1,37182145000,0,1,6,6,0
12,5|5|4|3|3|1|1|1|1,21843488700,0,1,4,4,0
12,5|5|4|3|2|2|2|1,30459613184,5,1,19,19,1
12,5|5|4|3|2|2|1|1|1,36999094440,0|2,2,6,8,0
12,5|5|4|3|2|1|1|1|1|1,22593669120,5,1,17,17,1
12,5|5|4|3|1|1|1|1|1|1|1,6731030592,0|4,2,12,14,0
12,5|5|4|2|2|2|2|2,7155196776,0,1,6,6,0
12,5|5|4|2|2|2|2|1|1,16309804896,0|2,2,10,12,0
12,5|5|4|2|2|2|1|1|1|1,15444891000,0|2,2,6,8,0
12,5|5|4|2|2|1|1|1|1|1|1,8834477652,0,1,4,4,0
12,5|5|4|2|1|1|1|1|1|1|1|1,3058088418,0,1,2,2,0
12,5|5|4|1|1|1|1|1|1|1|1|1|1,519675156,0|2,2,4,6,0
12,5|5|3|3|3|3|2,6425074656,0|4,2,10,12,0
12,5|5|3|3|3|3|1|1,10039179150,0,1,2,2,0
12,5|5|3|3|3|2|2|1,17847429600,0|4,2,10,12,0
12,5|5|3|3|3|2|1|1|1,20135561600,3,1,11,11,1
12,5|5|3|3|3|1|1|1|1|1,9708217200,0|4,2,8,10,0
12,5|5|3|3|2|2|2|2,8761465440,0|4,2,10,12,0
12,5|5|3|3|2|2|2|1|1,19732850368,0|2|4|6,4,12,24,0
12,5|5|3|3|2|2|1|1|1|1,18122005440,0|2|4|6,4,12,19,0
12,5|5|3|3|2|1|1|1|1|1|1,9637611984,0|4,2,8,10,0
12,5|5|3|3|1|1|1|1|1|1|1|1,2677114440,0|4,2,6,8,0
12,5|5|3|2|2|2|2|2|1,7907784192,3,1,15,15,1
12,5|5|3|2|2|2|2|1|1|1,10873203264,0|2|4|6,4,12,21,0
12,5|5|3|2|2|2|1|1|1|1|1,8566766208,3,1,11,11,1
12,5|5|3|2|2|1|1|1|1|1|1|1,4417238826,0,1,2,2,0
12,5|5|3|2|1|1|1|1|1|1|1|1|1,1453636800,3,1,9,9,1
12,5|5|3|1|1|1|1|1|1|1|1|1|1|1,251963712,0|2|4|6,4,12,21,0
12,5|5|2|2|2|2|2|2|2,1029659400,0,1,6,6,0
12,5|5|2|2|2|2|2|2|1|1,2471182560,0|4,2,10,12,0
12,5|5|2|2|2|2|2|1|1|1|1,2617623008,0|4,2,10,12,0
12,5|5|2|2|2|2|1|1|1|1|1|1,1821925105,0,1,0,0,0
12,5|5|2|2|2|1|1|1|1|1|1|1|1,885809925,0,1,0,0,0
12,5|5|2|2|1|1|1|1|1|1|1|1|1|1,296111200,0|4,2,10,12,0
12,5|5|2|1|1|1|1|1|1|1|1|1|1|1|1,62622560,0|4,2,10,12,0
12,5|5|1|1|1|1|1|1|1|1|1|1|1|1|1|1,6503112,0,1,6,6,0
12,5|4|4|4|4|3,1963217256,0|2,2,6,8,0
12,5|4|4|4|4|2|1,6799020800,3,1,13,13,1
12,5|4|4|4|4|1|1|1,4908043140,0,1,4,4,0
12,5|4|4|4|3|3|1,8566766208,3,1,11,11,1
12,5|4|4|4|3|2|2,11014413696,3,1,11,11,1
12,5|4|4|4|3|2|1|1,20940984064,3,1,13,13,1
12,5|4|4|4|3|1|1|1|1,11861676288,3,1,13,13,1
12,5|4|4|4|2|2|2|1,13742520792,0|2,2,6,8,0
12,5|4|4|4|2|2|1|1|1,16401330176,3|5|7|9,4,21,25,1
12,5|4|4|4|2|1|1|1|1|1,9637611984,0|2,2,8,10,0
12,5|4|4|4|1|1|1|1|1|1|1,2635928064,3,1,15,15,1
12,5|4|4|3|3|3|2,8432910486,0,1,2,2,0
12,5|4|4|3|3|3|1|1,13088115040,0|4,2,10,12,0
12,5|4|4|3|3|2|2|1,22717228248,0,1,6,6,0
12,5|4|4|3|3|2|1|1|1,25417877760,3,1,13,13,1
12,5|4|4|3|3|1|1|1|1|1,12047014980,0,1,4,4,0
12,5|4|4|3|2|2|2|2,10411000600,0,1,6,6,0
12,5|4|4|3|2|2|2|1|1,23352675192,0|2,2,6,8,0
12,5|4|4|3|2|2|1|1|1|1,21246940000,0|2,2,10,12,0
12,5|4|4|3|2|1|1|1|1|1|1,11099728332,0,1,4,4,0
12,5|4|4|3|1|1|1|1|1|1|1|1,2978657550,0,1,2,2,0
12,5|4|4|2|2|2|2|2|1,7548339456,3,1,13,13,1
12,5|4|4|2|2|2|2|1|1|1,10326012840,0|2,2,6,8,0
12,5|4|4|2|2|2|1|1|1|1|1,8054224640,3,1,13,13,1
12,5|4|4|2|2|1|1|1|1|1|1|1,4077451224,0|4,2,6,8,0
12,5|4|4|2|1|1|1|1|1|1|1|1|1,1295813376,3,1,13,13,1
12,5|4|4|1|1|1|1|1|1|1|1|1|1|1,208220012,0|2,2,4,6,0
12,5|4|3|3|3|3|3,1903725824,3,1,13,13,1
12,5|4|3|3|3|3|2|1,10306890594,0,1,2,2,0
12,5|4|3|3|3|3|1|1|1,9152528000,3,1,11,11,1
12,5|4|3|3|3|2|2|2,8158824960,3|5,2,15,16,1
12,5|4|3|3|3|2|2|1|1,17792514432,3,1,11,11,1
12,5|4|3|3|3|2|1|1|1|1,14957845760,3,1,13,13,1
12,5|4|3|3|3|1|1|1|1|1|1,6150498816,3|5,2,15,16,1
12,5|4|3|3|2|2|2|2|1,11648672000,3,1,13,13,1
12,5|4|3|3|2|2|2|1|1|1,15705738048,0|2|4|6,4,12,19,0
12,5|4|3|3|2|2|1|1|1|1|1,11861676288,3,1,13,13,1
12,5|4|3|3|2|1|1|1|1|1|1|1,5577321750,0,1,2,2,0
12,5|4|3|3|1|1|1|1|1|1|1|1|1,1421333760,3,1,13,13,1
12,5|4|3|2|2|2|2|2|2,3075249408,3,1,13,13,1
12,5|4|3|2|2|2|2|2|1|1,7342942464,3,1,13,13,1
12,5|4|3|2|2|2|2|1|1|1|1,7688123520,3,1,11,11,1
12,5|4|3|2|2|2|1|1|1|1|1|1,5235246016,3,1,9,9,1
12,5|4|3|2|2|1|1|1|1|1|1|1|1,2442109824,3,1,11,11,1
12,5|4|3|2|1|1|1|1|1|1|1|1|1|1,747892288,3,1,9,9,1
12,5|4|3|1|1|1|1|1|1|1|1|1|1|1|1,123771648,3,1,13,13,1
12,5|4|2|2|2|2|2|2|2|1,1402298040,0,1,6,6,0
12,5|4|2|2|2|2|2|2|1|1|1,2050166272,3|5,2,15,16,1
12,5|4|2|2|2|2|2|1|1|1|1|1,1807052247,0,1,0,0,0
12,5|4|2|2|2|2|1|1|1|1|1|1|1,1119838720,3,1,15,15,1
12,5|4|2|2|2|1|1|1|1|1|1|1|1|1,500528875,0,1,0,0,0
12,5|4|2|2|1|1|1|1|1|1|1|1|1|1|1,157386240,3|5,2,15,16,1
12,5|4|2|1|1|1|1|1|1|1|1|1|1|1|1|1,32033848,0,1,6,6,0
12,5|4|1|1|1|1|1|1|1|1|1|1|1|1|1|1|1,3303168,3,1,13,13,1
12,5|3|3|3|3|3|3|1,1308811504,0|2,2,8,10,0
12,5|3|3|3|3|3|2|2,2007835830,0,1,2,2,0
12,5|3|3|3|3|3|2|1|1,4077451224,0|2,2,6,8,0
12,5|3|3|3|3|3|1|1|1|1,2677114440,0|2,2,6,8,0
12,5|3|3|3|3|2|2|2|1,4236312960,3,1,11,11,1
12,5|3|3|3|3|2|2|1|1|1,5507206848,0|2|4|6,4,12,24,0
12,5|3|3|3|3|2|1|1|1|1|1,3807451648,3,1,15,15,1
12,5|3|3|3|3|1|1|1|1|1|1|1,1390040190,0,1,2,2,0
12,5|3|3|3|2|2|2|2|2,1761861640,0|2,2,6,8,0
12,5|3|3|3|2|2|2|2|1|1,4172126400,0|2|4|6,4,12,19,0
12,5|3|3|3|2|2|2|1|1|1|1,4283383104,0|2|4|6,4,12,21,0
12,5|3|3|3|2|2|1|1|1|1|1|1,2802961700,0|2,2,4,6,0
12,5|3|3|3|2|1|1|1|1|1|1|1|1,1199250360,0|2,2,6,8,0
12,5|3|3|3|1|1|1|1|1|1|1|1|1|1,287650880,0|2|4|6,4,12,23,0
12,5|3|3|2|2|2|2|2|2|1,1606268664,0|2,2,6,8,0
12,5|3|3|2|2|2|2|2|1|1|1,2336390784,3,1,11,11,1
12,5|3|3|2|2|2|2|1|1|1|1|1,2038725612,0|2,2,4,6,0
12,5|3|3|2|2|2|1|1|1|1|1|1|1,1240436736,3|5|7|9,4,21,25,1
12,5|3|3|2|2|1|1|1|1|1|1|1|1|1,535422888,0|2,2,6,8,0
12,5|3|3|2|1|1|1|1|1|1|1|1|1|1|1,156074688,3,1,9,9,1
12,5|3|3|1|1|1|1|1|1|1|1|1|1|1|1|1,25438644,0|2,2,4,6,0
12,5|3|2|2|2|2|2|2|2|2,264769560,0|2,2,6,8,0
12,5|3|2|2|2|2|2|2|2|1|1,654405752,0,1,6,6,0
12,5|3|2|2|2|2|2|2|1|1|1|1,737142525,0,1,0,0,0
12,5|3|2|2|2|2|2|1|1|1|1|1|1,566918352,0|2,2,8,10,0
12,5|3|2|2|2|2|1|1|1|1|1|1|1|1,320338480,0|2,2,8,10,0
12,5|3|2|2|2|1|1|1|1|1|1|1|1|1|1,134126685,0,1,0,0,0
12,5|3|2|2|1|1|1|1|1|1|1|1|1|1|1|1,40494168,0,1,6,6,0
12,5|3|2|1|1|1|1|1|1|1|1|1|1|1|1|1|1,8171900,0|2,2,4,6,0
12,5|3|1|1|1|1|1|1|1|1|1|1|1|1|1|1|1|1,886788,0|2,2,4,6,0
12,5|2|2|2|2|2|2|2|2|2|1,73220224,3,1,11,11,1
12,5|2|2|2|2|2|2|2|2|1|1|1,111546435,0,1,0,0,0
12,5|2|2|2|2|2|2|2|1|1|1|1|1,105719040,3,1,13,13,1
12,5|2|2|2|2|2|2|1|1|1|1|1|1|1,73220224,0|2|4|6,4,14,21,0
12,5|2|2|2|2|2|1|1|1|1|1|1|1|1|1,38536960,3,1,13,13,1
12,5|2|2|2|2|1|1|1|1|1|1|1|1|1|1|1,15444891,0,1,0,0,0
12,5|2|2|2|1|1|1|1|1|1|1|1|1|1|1|1|1,4614720,3,1,9,9,1
12,5|2|2|1|1|1|1|1|1|1|1|1|1|1|1|1|1|1,978880,0|2|4|6,4,12,19,0
12,5|2|1|1|1|1|1|1|1|1|1|1|1|1|1|1|1|1|1,133056,3,1,9,9,1
12,5|1|1|1|1|1|1|1|1|1|1|1|1|1|1|1|1|1|1|1,8855,0,1,0,0,0
12,4|4|4|4|4|4,140229804,0,1,4,4,0
12,4|4|4|4|4|3|1,1262068236,0,1,4,4,0
12,4|4|4|4|4|2|2,1308811504,0|4,2,8,10,0
12,4|4|4|4|4|2|1|1,2409402996,0,1,4,4,0
12,4|4|4|4|4|1|1|1|1,1249320072,0,1,6,6,0
12,4|4|4|4|3|3|2,2103447060,0,1,4,4,0
12,4|4|4|4|3|3|1|1,3212537328,0|4,2,8,10,0
12,4|4|4|4|3|2|2|1,5205500300,0,1,4,4,0
12,4|4|4|4|3|2|1|1|1,5711177472,3,1,13,13,1
12,4|4|4|4|3|1|1|1|1|1,2594741688,0,1,6,6,0
12,4|4|4|4|2|2|2|2,1873980108,0,1,4,4,0
12,4|4|4|4|2|2|2|1|1,4164400240,0|2,2,8,10,0
12,4|4|4|4|2|2|1|1|1|1,3706773840,0|2,2,8,10,0
12,4|4|4|4|2|1|1|1|1|1|1,1853386920,0,1,6,6,0
12,4|4|4|4|1|1|1|1|1|1|1|1,453050136,0,1,6,6,0
12,4|4|4|3|3|3|3,818007190,0,1,2,2,0
12,4|4|4|3|3|3|2|1,4351373312,5|7,2,19,20,1
12,4|4|4|3|3|3|1|1|1,3824449200,0|4,2,8,10,0
12,4|4|4|3|3|2|2|2,3331520192,0|2|4|6,4,12,16,0
12,4|4|4|3|3|2|2|1|1,7228208988,0,1,4,4,0
12,4|4|4|3|3|2|1|1|1|1,6006346500,0,1,4,4,0
12,4|4|4|3|3|1|1|1|1|1|1,2416267392,0|2|4|6,4,14,18,0
12,4|4|4|3|2|2|2|2|1,4372620252,0,1,4,4,0
12,4|4|4|3|2|2|2|1|1|1,5857617920,5,1,17,17,1
12,4|4|4|3|2|2|1|1|1|1|1,4368697740,0,1,4,4,0
12,4|4|4|3|2|1|1|1|1|1|1|1,2008326144,5|7,2,21,22,1
12,4|4|4|3|1|1|1|1|1|1|1|1|1,490804314,0,1,2,2,0
12,4|4|4|2|2|2|2|2|2,908596416,0|4,2,12,14,0
12,4|4|4|2|2|2|2|2|1|1,2162284740,0,1,4,4,0
12,4|4|4|2|2|2|2|1|1|1|1,2247272500,0,1,4,4,0
12,4|4|4|2|2|2|1|1|1|1|1|1,1510167120,0|4,2,8,10,0
12,4|4|4|2|2|1|1|1|1|1|1|1|1,688400856,0|4,2,6,8,0
12,4|4|4|2|1|1|1|1|1|1|1|1|1|1,202095894,0,1,2,2,0
12,4|4|4|1|1|1|1|1|1|1|1|1|1|1|1,30620590,0,1,2,2,0
12,4|4|3|3|3|3|3|1,1204701498,0,1,2,2,0
12,4|4|3|3|3|3|2|2,1835735616,0|2|4|6,4,12,16,0
12,4|4|3|3|3|3|2|1|1,3718214500,0,1,4,4,0
12,4|4|3|3|3|3|1|1|1|1,2427054300,0,1,4,4,0
12,4|4|3|3|3|2|2|2|1,3807451648,3|5,2,15,16,1
12,4|4|3|3|3|2|2|1|1|1,4933212592,0|4,2,8,10,0
12,4|4|3|3|3|2|1|1|1|1|1,3389050368,3|5,2,15,16,1
12,4|4|3|3|3|1|1|1|1|1|1|1,1223823744,0|2|4|6,4,14,18,0
12,4|4|3|3|2|2|2|2|2,1533256452,0,1,4,4,0
12,4|4|3|3|2|2|2|2|1|1,3624401088,0|4,2,12,14,0
12,4|4|3|3|2|2|2|1|1|1|1,3706773840,0|4,2,8,10,0
12,4|4|3|3|2|2|1|1|1|1|1|1,2409402996,0,1,4,4,0
12,4|4|3|3|2|1|1|1|1|1|1|1|1,1019362806,0,1,2,2,0
12,4|4|3|3|1|1|1|1|1|1|1|1|1|1,239850072,0|4,2,6,8,0
12,4|4|3|2|2|2|2|2|2|1,1297370844,0,1,4,4,0
12,4|4|3|2|2|2|2|2|1|1|1,1882805760,3|5,2,15,16,1
12,4|4|3|2|2|2|2|1|1|1|1|1,1636014380,0,1,4,4,0
12,4|4|3|2|2|2|1|1|1|1|1|1|1,988473024,3,1,9,9,1
12,4|4|3|2|2|1|1|1|1|1|1|1|1|1,421814250,0,1,2,2,0
12,4|4|3|2|1|1|1|1|1|1|1|1|1|1|1,120598016,3|5,2,15,16,1
12,4|4|3|1|1|1|1|1|1|1|1|1|1|1|1|1,18967410,0,1,2,2,0
12,4|4|2|2|2|2|2|2|2|2,171609900,0,1,4,4,0
12,4|4|2|2|2|2|2|2|2|1|1,423631296,0|2|4|6,4,12,16,0
12,4|4|2|2|2|2|2|2|1|1|1|1,475931456,0|2|4|6,4,12,16,0
12,4|4|2|2|2|2|2|1|1|1|1|1|1,364385021,0,1,0,0,0
12,4|4|2|2|2|2|1|1|1|1|1|1|1|1,204417675,0,1,0,0,0
12,4|4|2|2|2|1|1|1|1|1|1|1|1|1|1,84603200,0|2|4|6,4,12,16,0
12,4|4|2|2|1|1|1|1|1|1|1|1|1|1|1|1,25049024,0|2|4|6,4,12,16,0
12,4|4|2|1|1|1|1|1|1|1|1|1|1|1|1|1|1,4877334,0,1,2,2,0
12,4|4|1|1|1|1|1|1|1|1|1|1|1|1|1|1|1|1,490314,0,1,2,2,0
12,4|3|3|3|3|3|3|2,401567166,0,1,2,2,0
12,4|3|3|3|3|3|3|1|1,654405752,0|2,2,6,8,0
12,4|3|3|3|3|3|2|2|1,1262068236,0,1,4,4,0
12,4|3|3|3|3|3|2|1|1|1,1506244608,5,1,17,17,1
12,4|3|3|3|3|3|1|1|1|1|1,803134332,0,1,4,4,0
12,4|3|3|3|3|2|2|2|2,743642900,0,1,4,4,0
12,4|3|3|3|3|2|2|2|1|1,1729827792,0|4,2,8,10,0
12,4|3|3|3|3|2|2|1|1|1|1,1699755200,0|4,2,12,14,0
12,4|3|3|3|3|2|1|1|1|1|1|1,1009066212,0,1,4,4,0
12,4|3|3|3|3|1|1|1|1|1|1|1|1,330961950,0,1,2,2,0
12,4|3|3|3|2|2|2|2|2|1,958519296,5,1,17,17,1
12,4|3|3|3|2|2|2|2|1|1|1,1376801712,0|4,2,8,10,0
12,4|3|3|3|2|2|2|1|1|1|1|1,1171523584,5,1,17,17,1
12,4|3|3|3|2|2|1|1|1|1|1|1|1,679575204,0|2,2,4,6,0
12,4|3|3|3|2|1|1|1|1|1|1|1|1|1,265807872,5,1,17,17,1
12,4|3|3|3|1|1|1|1|1|1|1|1|1|1|1,59491432,0|4,2,6,8,0
12,4|3|3|2|2|2|2|2|2|2,247118256,0|2,2,8,10,0
12,4|3|3|2|2|2|2|2|2|1|1,608435100,0,1,4,4,0
12,4|3|3|2|2|2|2|2|1|1|1|1,679575204,0,1,4,4,0
12,4|3|3|2|2|2|2|1|1|1|1|1|1,514829700,0|2,2,4,6,0
12,4|3|3|2|2|2|1|1|1|1|1|1|1|1,283459176,0|2,2,6,8,0
12,4|3|3|2|2|1|1|1|1|1|1|1|1|1|1,113262534,0,1,2,2,0
12,4|3|3|2|1|1|1|1|1|1|1|1|1|1|1|1,31081050,0,1,2,2,0
12,4|3|3|1|1|1|1|1|1|1|1|1|1|1|1|1|1,4845456,0|2,2,8,10,0
12,4|3|2|2|2|2|2|2|2|2|1,140229804,0,1,4,4,0
12,4|3|2|2|2|2|2|2|2|1|1|1,213004288,5|7,2,19,20,1
12,4|3|2|2|2|2|2|2|1|1|1|1|1,200783583,0,1,0,0,0
12,4|3|2|2|2|2|2|1|1|1|1|1|1|1,137826304,5,1,19,19,1
12,4|3|2|2|2|2|1|1|1|1|1|1|1|1|1,71504125,0,1,0,0,0
12,4|3|2|2|2|1|1|1|1|1|1|1|1|1|1|1,27979776,5|7,2,19,20,1
12,4|3|2|2|1|1|1|1|1|1|1|1|1|1|1|1|1,8008462,0,1,2,2,0
12,4|3|2|1|1|1|1|1|1|1|1|1|1|1|1|1|1|1,1554432,5,1,17,17,1
12,4|3|1|1|1|1|1|1|1|1|1|1|1|1|1|1|1|1|1,165186,0,1,2,2,0
12,4|2|2|2|2|2|2|2|2|2|2,11767536,0|4,2,8,10,0
12,4|2|2|2|2|2|2|2|2|2|1|1,29745716,0,1,4,4,0
12,4|2|2|2|2|2|2|2|2|1|1|1|1,35102025,0,1,0,0,0
12,4|2|2|2|2|2|2|2|1|1|1|1|1|1,29072736,0|4,2,10,12,0
12,4|2|2|2|2|2|2|1|1|1|1|1|1|1|1,18305056,0|4,2,10,12,0
12,4|2|2|2|2|2|1|1|1|1|1|1|1|1|1|1,8941779,0,1,0,0,0
12,4|2|2|2|2|1|1|1|1|1|1|1|1|1|1|1|1,3374514,0,1,2,2,0
12,4|2|2|2|1|1|1|1|1|1|1|1|1|1|1|1|1|1,961400,0|4,2,6,8,0
12,4|2|2|1|1|1|1|1|1|1|1|1|1|1|1|1|1|1|1,197064,0|4,2,6,8,0
12,4|2|1|1|1|1|1|1|1|1|1|1|1|1|1|1|1|1|1|1,26334,0,1,2,2,0
12,4|1|1|1|1|1|1|1|1|1|1|1|1|1|1|1|1|1|1|1|1,1771,0,1,0,0,0
12,3|3|3|3|3|3|3|3,23371634,0,1,2,2,0
12,3|3|3|3|3|3|3|2|1,135980416,3,1,11,11,1
12,3|3|3|3|3|3|3|1|1|1,127481640,0|2,2,6,8,0
12,3|3|3|3|3|3|2|2|2,118982864,0|4,2,8,10,0
12,3|3|3|3|3|3|2|2|1|1,267711444,0,1,4,4,0
12,3|3|3|3|3|3|2|1|1|1|1,240253860,0,1,4,4,0
12,3|3|3|3|3|3|1|1|1|1|1|1,109830336,0|4,2,12,14,0
12,3|3|3|3|3|2|2|2|2|1,208220012,0,1,4,4,0
12,3|3|3|3|3|2|2|2|1|1|1,292880896,3|5,2,15,16,1
12,3|3|3|3|3|2|2|1|1|1|1|1,238292604,0,1,4,4,0
12,3|3|3|3|3|2|1|1|1|1|1|1|1,125520384,3,1,15,15,1
12,3|3|3|3|3|1|1|1|1|1|1|1|1|1,37754178,0,1,2,2,0
12,3|3|3|3|2|2|2|2|2|2,75716368,0|2,2,8,10,0
12,3|3|3|3|2|2|2|2|2|1|1,185338692,0,1,4,4,0
12,3|3|3|3|2|2|2|2|1|1|1|1,204297500,0,1,4,4,0
12,3|3|3|3|2|2|2|1|1|1|1|1|1,151016712,0|2,2,6,8,0
12,3|3|3|3|2|2|1|1|1|1|1|1|1|1,79430868,0|2,2,4,6,0
12,3|3|3|3|2|1|1|1|1|1|1|1|1|1|1,28870842,0,1,2,2,0
12,3|3|3|3|1|1|1|1|1|1|1|1|1|1|1|1,6124118,0,1,2,2,0
12,3|3|3|2|2|2|2|2|2|2|1,66563840,3,1,13,13,1
12,3|3|3|2|2|2|2|2|2|1|1|1,100677808,0|4,2,8,10,0
12,3|3|3|2|2|2|2|2|1|1|1|1|1,94140288,3,1,11,11,1
12,3|3|3|2|2|2|2|1|1|1|1|1|1|1,63740820,0|2,2,4,6,0
12,3|3|3|2|2|2|1|1|1|1|1|1|1|1|1,32303040,3,1,9,9,1
12,3|3|3|2|2|1|1|1|1|1|1|1|1|1|1|1,12113640,0|4,2,6,8,0
12,3|3|3|2|1|1|1|1|1|1|1|1|1|1|1|1|1,3173632,3,1,13,13,1
12,3|3|3|1|1|1|1|1|1|1|1|1|1|1|1|1|1|1,481712,0|2,2,8,10,0
12,3|3|2|2|2|2|2|2|2|2|2,11440660,0,1,4,4,0
12,3|3|2|2|2|2|2|2|2|2|1|1,28883952,0|4,2,8,10,0
12,3|3|2|2|2|2|2|2|2|1|1|1|1,33995104,0|4,2,10,12,0
12,3|3|2|2|2|2|2|2|1|1|1|1|1|1,28029617,0,1,0,0,0
12,3|3|2|2|2|2|2|1|1|1|1|1|1|1|1,17521515,0,1,0,0,0
12,3|3|2|2|2|2|1|1|1|1|1|1|1|1|1|1,8460320,0|4,2,10,12,0
12,3|3|2|2|2|1|1|1|1|1|1|1|1|1|1|1|1,3131128,0|4,2,6,8,0
12,3|3|2|2|1|1|1|1|1|1|1|1|1|1|1|1|1|1,860706,0,1,2,2,0
12,3|3|2|1|1|1|1|1|1|1|1|1|1|1|1|1|1|1|1,163438,0,1,2,2,0
12,3|3|1|1|1|1|1|1|1|1|1|1|1|1|1|1|1|1|1|1,17480,0|4,2,6,8,0
12,3|2|2|2|2|2|2|2|2|2|2|1,4249388,0,1,4,4,0
12,3|2|2|2|2|2|2|2|2|2|1|1|1,6656384,3,1,11,11,1
12,3|2|2|2|2|2|2|2|2|1|1|1|1|1,6619239,0,1,0,0,0
12,3|2|2|2|2|2|2|2|1|1|1|1|1|1|1,4922368,3|5,2,17,18,1
12,3|2|2|2|2|2|2|1|1|1|1|1|1|1|1|1,2860165,0,1,0,0,0
12,3|2|2|2|2|2|1|1|1|1|1|1|1|1|1|1|1,1311552,3,1,9,9,1
12,3|2|2|2|2|1|1|1|1|1|1|1|1|1|1|1|1|1,471086,0,1,2,2,0
12,3|2|2|2|1|1|1|1|1|1|1|1|1|1|1|1|1|1|1,129536,3|5,2,15,16,1
12,3|2|2|1|1|1|1|1|1|1|1|1|1|1|1|1|1|1|1|1,26082,0,1,2,2,0
12,3|2|1|1|1|1|1|1|1|1|1|1|1|1|1|1|1|1|1|1|1,3520,3,1,9,9,1
12,3|1|1|1|1|1|1|1|1|1|1|1|1|1|1|1|1|1|1|1|1|1,253,0,1,0,0,0
12,2|2|2|2|2|2|2|2|2|2|2|2,208012,0,1,4,4,0
12,2|2|2|2|2|2|2|2|2|2|2|1|1,534888,0|2,2,6,8,0
12,2|2|2|2|2|2|2|2|2|2|1|1|1|1,653752,0|2,2,6,8,0
12,2|2|2|2|2|2|2|2|2|1|1|1|1|1|1,572033,0,1,0,0,0
12,2|2|2|2|2|2|2|2|1|1|1|1|1|1|1|1,389367,0,1,0,0,0
12,2|2|2|2|2|2|2|1|1|1|1|1|1|1|1|1|1,211508,0|2,2,4,6,0
12,2|2|2|2|2|2|1|1|1|1|1|1|1|1|1|1|1|1,92092,0|2,2,4,6,0
12,2|2|2|2|2|1|1|1|1|1|1|1|1|1|1|1|1|1|1,31878,0,1,2,2,0
12,2|2|2|2|1|1|1|1|1|1|1|1|1|1|1|1|1|1|1|1,8602,0,1,2,2,0
12,2|2|2|1|1|1|1|1|1|1|1|1|1|1|1|1|1|1|1|1|1,1748,0|2,2,4,6,0
12,2|2|1|1|1|1|1|1|1|1|1|1|1|1|1|1|1|1|1|1|1|1,252,0|2,2,4,6,0
12,2|1|1|1|1|1|1|1|1|1|1|1|1|1|1|1|1|1|1|1|1|1|1,23,0,1,0,0,0
12,1|1|1|1|1|1|1|1|1|1|1|1|1|1|1|1|1|1|1|1|1|1|1|1,1,0,1,0,0,0
13,26,1,0,1,0,0,0
13,25|1,25,0,1,0,0,0
13,24|2,299,0,1,0,0,0
13,24|1|1,300,0|2,2,4,5,0
13,23|3,2275,0,1,0,0,0
13,23|2|1,4576,3,1,7,7,1
13,23|1|1|1,2300,0|2,2,4,5,0
13,22|4,12350,0,1,2,2,0
13,22|3|1,37375,0,1,0,0,0
13,22|2|2,25025,0,1,0,0,0
13,22|2|1|1,37674,0,1,2,2,0
13,22|1|1|1|1,12650,0,1,2,2,0
13,21|5,50830,0,1,2,2,0
13,21|4|1,205920,3,1,7,7,1
13,21|3|2,259350,0,1,2,2,0
13,21|3|1|1,312455,0,1,0,0,0
13,21|2|2|1,261625,0,1,0,0,0
13,21|2|1|1|1,210496,3|5,2,9,11,1
13,21|1|1|1|1|1,53130,0,1,2,2,0
13,20|6,164450,0,1,2,2,0
13,20|5|1,837200,0|2,2,8,9,0
13,20|4|2,1524900,0|2,2,4,5,0
13,20|4|1|1,1701700,0|2,2,4,5,0
13,20|3|3,852150,0,1,2,2,0
13,20|3|2|1,2745600,5,1,11,11,1
13,20|3|1|1|1,1726725,0,1,0,0,0
13,20|2|2|2,864500,0|2,2,4,5,0
13,20|2|2|1|1,1562275,0,1,0,0,0
13,20|2|1|1|1|1,874874,0,1,2,2,0
13,20|1|1|1|1|1|1,177100,0|2,2,4,5,0
13,19|7,427570,0,1,2,2,0
13,19|6|1,2631200,3,1,7,7,1
13,19|5|2,6249100,0|2,2,4,5,0
13,19|5|1|1,6727500,0|2,2,4,5,0
13,19|4|3,6314880,3,1,11,11,1
13,19|4|2|1,15906800,0|2,2,8,9,0
13,19|4|1|1|1,9152000,3|7,2,15,17,1
13,19|3|3|1,9606870,0,1,2,2,0
13,19|3|2|2,9657700,0|2,2,4,5,0
13,19|3|2|1|1,16166150,0,1,2,2,0
13,19|3|1|1|1|1,6989125,0,1,0,0,0
13,19|2|2|2|1,6520800,3,1,7,7,1
13,19|2|2|1|1|1,6561555,0,1,0,0,0
13,19|2|1|1|1|1|1,2841696,3,1,7,7,1
13,19|1|1|1|1|1|1|1,480700,0|2,2,4,5,0
13,18|8,904475,0,1,0,0,0
13,18|7|1,6561555,0,1,0,0,0
13,18|6|2,19240650,0,1,2,2,0
13,18|6|1|1,20309575,0,1,0,0,0
13,18|5|3,27397370,0,1,2,2,0
13,18|5|2|1,63148800,5,1,11,11,1
13,18|5|1|1|1,34796125,0,1,0,0,0
13,18|4|4,13813800,0,1,6,6,0
13,18|4|3|1,69891250,0,1,2,2,0
13,18|4|2|2,56241900,0|2,2,4,5,0
13,18|4|2|1|1,90821250,0,1,2,2,0
13,18|4|1|1|1|1,35660625,0,1,0,0,0
13,18|3|3|2,42493880,0,1,6,6,0
13,18|3|3|1|1,56929600,0|2|4|6,4,12,16,0
13,18|3|2|2|1,71580600,0,1,6,6,0
13,18|3|2|1|1|1,65894400,5|7,2,17,22,1
13,18|3|1|1|1|1|1,21871850,0,1,2,2,0
13,18|2|2|2|2,14486550,0,1,2,2,0
13,18|2|2|2|1|1,29099070,0,1,2,2,0
13,18|2|2|1|1|1|1,20967375,0,1,0,0,0
13,18|2|1|1|1|1|1|1,7436429,0,1,0,0,0
13,18|1|1|1|1|1|1|1|1,1081575,0,1,0,0,0
13,17|9,1562275,0,1,0,0,0
13,17|8|1,13156000,3,1,7,7,1
13,17|7|2,46128225,0,1,0,0,0
13,17|7|1|1,48118070,0,1,2,2,0
13,17|6|3,84198400,3|5|7|9,4,17,22,1
13,17|6|2|1,185910725,0,1,0,0,0
13,17|6|1|1|1,99985600,3|5,2,9,11,1
13,17|5|4,74824750,0,1,2,2,0
13,17|5|3|1,292457880,0,1,6,6,0
13,17|5|2|2,218060700,0|2,2,4,5,0
13,17|5|2|1|1,345262775,0,1,0,0,0
13,17|5|1|1|1|1,129242750,0,1,2,2,0
13,17|4|4|1,153102950,0,1,2,2,0
13,17|4|3|2,309429120,3,1,11,11,1
13,17|4|3|1|1,399942400,3|5,2,13,15,1
13,17|4|2|2|1,402573600,3,1,7,7,1
13,17|4|2|1|1|1,354920475,0,1,0,0,0
13,17|4|1|1|1|1|1,106506400,3,1,7,7,1
13,17|3|3|3,78278200,0,1,6,6,0
13,17|3|3|2|1,315744000,3|5,2,13,15,1
13,17|3|3|1|1|1,227240000,0|2|4|6,4,12,16,0
13,17|3|2|2|2,159352050,0,1,2,2,0
13,17|3|2|2|1|1,308792250,0,1,2,2,0
13,17|3|2|1|1|1|1,202076875,0,1,0,0,0
13,17|3|1|1|1|1|1|1,54679625,0,1,0,0,0
13,17|2|2|2|2|1,81124680,0,1,6,6,0
13,17|2|2|2|1|1|1,93350400,3|7,2,15,17,1
13,17|2|2|1|1|1|1|1,53117350,0,1,2,2,0
13,17|2|1|1|1|1|1|1|1,15997696,3|5,2,13,15,1
13,17|1|1|1|1|1|1|1|1|1,2042975,0,1,0,0,0
13,16|10,2187185,0,1,0,0,0
13,16|9|1,21246940,0|2,2,4,5,0
13,16|8|2,87487400,0|2,2,6,7,0
13,16|8|1|1,90579060,0|2,2,4,5,0
13,16|7|3,195284375,0,1,0,0,0
13,16|7|2|1,420992000,5,1,15,15,1
13,16|7|1|1|1,223092870,0,1,2,2,0
13,16|6|4,240590350,0,1,2,2,0
13,16|6|3|1,854728875,0,1,0,0,0
13,16|6|2|2,615043000,0|2,2,6,7,0
13,16|6|2|1|1,962361400,0,1,6,6,0
13,16|6|1|1|1|1,350574510,0,1,2,2,0
13,16|5|5,113733620,0|2,2,4,5,0
13,16|5|4|1,795674880,5,1,11,11,1
13,16|5|3|2,1258042500,0|2,2,4,5,0
13,16|5|3|1|1,1594457865,0,1,0,0,0
13,16|5|2|2|1,1487285800,0|2,2,6,7,0
13,16|5|2|1|1|1,1279815680,5|9,2,19,21,1
13,16|5|1|1|1|1|1,365061060,0|2,2,4,5,0
13,16|4|4|2,712331620,0|2,2,4,5,0
13,16|4|4|1|1,853002150,0,1,2,2,0
13,16|4|3|3,598598000,0|2,2,8,9,0
13,16|4|3|2|1,2209681760,3,1,7,7,1
13,16|4|3|1|1|1,1523218125,0,1,0,0,0
13,16|4|2|2|2,872242800,0|2,2,8,9,0
13,16|4|2|2|1|1,1657261320,0|2,2,6,7,0
13,16|4|2|1|1|1|1,1033942000,0|2,2,8,9,0
13,16|4|1|1|1|1|1|1,252191940,0|2,2,4,5,0
13,16|3|3|3|1,612411800,0,1,6,6,0
13,16|3|3|2|2,739728990,0,1,2,2,0
13,16|3|3|2|1|1,1327933750,0,1,2,2,0
13,16|3|3|1|1|1|1,671068125,0,1,0,0,0
13,16|3|2|2|2|1,858823680,5,1,15,15,1
13,16|3|2|2|1|1|1,946454600,0|2,2,6,7,0
13,16|3|2|1|1|1|1|1,486886400,5,1,15,15,1
13,16|3|1|1|1|1|1|1|1,111546435,0,1,0,0,0
13,16|2|2|2|2|2,127481640,0,1,6,6,0
13,16|2|2|2|2|1|1,274482000,0|2,2,8,9,0
13,16|2|2|2|1|1|1|1,230945000,0|2,2,6,7,0
13,16|2|2|1|1|1|1|1|1,109359250,0,1,2,2,0
13,16|2|1|1|1|1|1|1|1|1,28683369,0,1,0,0,0
13,16|1|1|1|1|1|1|1|1|1|1,3268760,0|2,2,6,7,0
13,15|11,2414425,0,1,0,0,0
13,15|10|1,27268800,3,1,9,9,1
13,15|9|2,131231100,0|2,2,4,5,0
13,15|9|1|1,135207800,0|2,2,6,7,0
13,15|8|3,349949600,3,1,7,7,1
13,15|8|2|1,743642900,0|2,2,4,5,0
13,15|8|1|1|1,390374400,3|7,2,17,19,1
13,15|7|4,548358525,0,1,0,0,0
13,15|7|3|1,1859107250,0,1,2,2,0
13,15|7|2|2,1312311000,0|2,2,6,7,0
13,15|7|2|1|1,2038028850,0,1,2,2,0
13,15|7|1|1|1|1,730122120,0,1,6,6,0
13,15|6|5,449935200,3,1,7,7,1
13,15|6|4|1,2416839425,0,1,0,0,0
13,15|6|3|2,3499496000,3,1,9,9,1
13,15|6|3|1|1,4383579200,3|5,2,9,11,1
13,15|6|2|2|1,3946800000,3,1,11,11,1
13,15|6|2|1|1|1,3346393050,0,1,2,2,0
13,15|6|1|1|1|1|1,927139200,3,1,11,11,1
13,15|5|5|1,1168581700,0|2,2,4,5,0
13,15|5|4|2,3574485200,0|2,2,8,9,0
13,15|5|4|1|1,4197668475,0,1,0,0,0
13,15|5|3|3,2405903500,0|2,2,4,5,0
13,15|5|3|2|1,8509300800,3,1,9,9,1
13,15|5|3|1|1|1,5726050330,0,1,2,2,0
13,15|5|2|2|2,3075215000,0|2,2,6,7,0
13,15|5|2|2|1|1,5774168400,0|2,2,8,9,0
13,15|5|2|1|1|1|1,3505745100,0|2,2,4,5,0
13,15|5|1|1|1|1|1|1,811246800,0|2,2,8,9,0
13,15|4|4|3,1706004300,0|2,2,4,5,0
13,15|4|4|2|1,4925606400,3|7,2,15,17,1
13,15|4|4|1|1|1,3107364975,0,1,0,0,0
13,15|4|3|3|1,4475671200,3,1,7,7,1
13,15|4|3|2|2,5009804800,3|7,2,15,17,1
13,15|4|3|2|1|1,8818729920,3,1,9,9,1
13,15|4|3|1|1|1|1,4249388000,3,1,7,7,1
13,15|4|2|2|2|1,4461857400,0|2,2,6,7,0
13,15|4|2|2|1|1|1,4799308800,3|5|7|9,4,17,21,1
13,15|4|2|1|1|1|1|1,2346821100,0|2,2,4,5,0
13,15|4|1|1|1|1|1|1|1,483724800,3|7,2,15,17,1
13,15|3|3|3|2,1780829050,0,1,2,2,0
13,15|3|3|3|1|1,2559006450,0,1,2,2,0
13,15|3|3|2|2|1,3866943080,0,1,6,6,0
13,15|3|3|2|1|1|1,3899438400,3,1,9,9,1
13,15|3|3|1|1|1|1|1,1537988725,0,1,0,0,0
13,15|3|2|2|2|2,1308364200,0,1,6,6,0
13,15|3|2|2|2|1|1,2762102200,0|2,2,6,7,0
13,15|3|2|2|1|1|1|1,2215590000,0|2,2,8,9,0
13,15|3|2|1|1|1|1|1|1,945719775,0,1,0,0,0
13,15|3|1|1|1|1|1|1|1|1,188325150,0,1,2,2,0
13,15|2|2|2|2|2|1,536764800,3,1,11,11,1
13,15|2|2|2|2|1|1|1,676039000,0|2,2,6,7,0
13,15|2|2|2|1|1|1|1|1,456456000,3,1,9,9,1
13,15|2|2|1|1|1|1|1|1|1,185910725,0,1,0,0,0
13,15|2|1|1|1|1|1|1|1|1|1,43266496,3,1,9,9,1
13,15|1|1|1|1|1|1|1|1|1|1|1,4457400,0|2,2,6,7,0
13,14|12,1931540,0,1,4,4,0
13,14|11|1,26558675,0,1,0,0,0
13,14|10|2,152108775,0,1,0,0,0
13,14|10|1|1,156227500,0,1,4,4,0
13,14|9|3,483367885,0,1,0,0,0
13,14|9|2|1,1018035200,5,1,15,15,1
13,14|9|1|1|1,531173500,0,1,4,4,0
13,14|8|4,929553625,0,1,0,0,0
13,14|8|3|1,3070807740,0,1,4,4,0
13,14|8|2|2,2143441300,0|2,2,4,5,0
13,14|8|2|1|1,3312591100,0,1,4,4,0
13,14|8|1|1|1|1,1174173000,0,1,6,6,0
13,14|7|5,1051723530,0,1,2,2,0
13,14|7|4|1,5119262720,5|7|9|11,4,23,28,1
13,14|7|3|2,7108351250,0,1,2,2,0
13,14|7|3|1|1,8838727040,0|2|4|6,4,14,18,0
13,14|7|2|2|1,7808250450,0,1,2,2,0
13,14|7|2|1|1|1,6558289920,5|7,2,19,24,1
13,14|7|1|1|1|1|1,1784742960,0,1,8,8,0
13,14|6|6,478056150,0,1,2,2,0
13,14|6|5|1,4330626300,0,1,4,4,0
13,14|6|4|2,10250086275,0,1,0,0,0
13,14|6|4|1|1,11898286400,0|2|4|6,4,12,16,0
13,14|6|3|3,6397516125,0,1,0,0,0
13,14|6|3|2|1,22096817600,3|5,2,9,11,1
13,14|6|3|1|1|1,14653679040,0|2|4|6,4,12,16,0
13,14|6|2|2|2,7655147500,0,1,4,4,0
13,14|6|2|2|1|1,14266201950,0,1,2,2,0
13,14|6|2|1|1|1|1,8518091400,0,1,6,6,0
13,14|6|1|1|1|1|1|1,1912224600,0,1,6,6,0
13,14|5|5|2,5155507500,0|2,2,4,5,0
13,14|5|5|1|1,5842908500,0,1,4,4,0
13,14|5|4|3,8398790400,5,1,11,11,1
13,14|5|4|2|1,23238840625,0,1,0,0,0
13,14|5|4|1|1|1,14313728000,5|7,2,17,21,1
13,14|5|3|3|1,16917875975,0,1,0,0,0
13,14|5|3|2|2,18278617500,0,1,4,4,0
13,14|5|3|2|1|1,31800518750,0,1,2,2,0
13,14|5|3|1|1|1|1,14915351880,0,1,6,6,0
13,14|5|2|2|2|1,14734720000,5,1,15,15,1
13,14|5|2|2|1|1|1,15616500900,0|2,2,4,5,0
13,14|5|2|1|1|1|1|1,7417113600,5,1,15,15,1
13,14|5|1|1|1|1|1|1|1,1448655000,0,1,6,6,0
13,14|4|4|4,1876604730,0,1,2,2,0
13,14|4|4|3|1,12270107850,0,1,2,2,0
13,14|4|4|2|2,10998416000,0|8,2,14,20,0
13,14|4|4|2|1|1,18681931125,0,1,0,0,0
13,14|4|4|1|1|1|1,8180071900,0,1,4,4,0
13,14|4|3|3|2,12510698200,0,1,6,6,0
13,14|4|3|3|1|1,17630207595,0,1,0,0,0
13,14|4|3|2|2|1,24692167500,0,1,4,4,0
13,14|4|3|2|1|1|1,24306499360,3,1,7,7,1
13,14|4|3|1|1|1|1|1,9114937260,0,1,4,4,0
13,14|4|2|2|2|2,6457951500,0,1,4,4,0
13,14|4|2|2|2|1|1,13473059600,0|2,2,8,9,0
13,14|4|2|2|1|1|1|1,10517235300,0|2,2,4,5,0
13,14|4|2|1|1|1|1|1|1,4259045700,0,1,4,4,0
13,14|4|1|1|1|1|1|1|1|1,762118500,0,1,4,4,0
13,14|3|3|3|3,1990338350,0,1,2,2,0
13,14|3|3|3|2|1,9194465280,5|7,2,17,21,1
13,14|3|3|3|1|1|1,7250518275,0,1,0,0,0
13,14|3|3|2|2|2,5814952000,0|2|4|6,4,12,16,0
13,14|3|3|2|2|1|1,11844544140,0,1,4,4,0
13,14|3|3|2|1|1|1|1,8631569375,0,1,0,0,0
13,14|3|3|1|1|1|1|1|1,2812322240,0|2|4|6,4,12,16,0
13,14|3|2|2|2|2|1,5205500300,0,1,4,4,0
13,14|3|2|2|2|1|1|1,6399078400,5|9,2,19,21,1
13,14|3|2|2|1|1|1|1|1,4106936925,0,1,0,0,0
13,14|3|2|1|1|1|1|1|1|1,1504921600,5|7,2,17,22,1
13,14|3|1|1|1|1|1|1|1|1|1,265586750,0,1,2,2,0
13,14|2|2|2|2|2|2,610569960,0,1,6,6,0
13,14|2|2|2|2|2|1|1,1381051100,0,1,4,4,0
13,14|2|2|2|2|1|1|1|1,1292427500,0,1,4,4,0
13,14|2|2|2|1|1|1|1|1|1,735559825,0,1,0,0,0
13,14|2|2|1|1|1|1|1|1|1|1,263655210,0,1,2,2,0
13,14|2|1|1|1|1|1|1|1|1|1|1,55242044,0,1,4,4,0
13,14|1|1|1|1|1|1|1|1|1|1|1|1,5200300,0,1,4,4,0
13,13|13,742900,0,1,4,4,0
13,13|12|1,16640960,3,1,9,9,1
13,13|11|2,125550100,0,1,4,4,0
13,13|11|1|1,128707425,0,1,0,0,0
13,13|10|3,494474240,3|5|7|9,4,17,22,1
13,13|10|2|1,1035788325,0,1,0,0,0
13,13|10|1|1|1,538384000,3|5,2,11,13,1
13,13|9|4,1168581700,0,1,4,4,0
13,13|9|3|1,3802719375,0,1,0,0,0
13,13|9|2|2,2636552100,0|2,2,4,5,0
13,13|9|2|1|1,4061915000,0,1,6,6,0
13,13|9|1|1|1|1,1430082500,0,1,4,4,0
13,13|8|5,1699755200,3,1,9,9,1
13,13|8|4|1,7887926475,0,1,0,0,0
13,13|8|3|2,10708457760,3,1,7,7,1
13,13|8|3|1|1,13252636800,3|5,2,11,13,1
13,13|8|2|2|1,11580150400,3,1,11,11,1
13,13|8|2|1|1|1,9667357700,0,1,4,4,0
13,13|8|1|1|1|1|1,2601244800,3,1,11,11,1
13,13|7|6,1338557220,0,1,4,4,0
13,13|7|5|1,9295536250,0,1,2,2,0
13,13|7|4|2,20041176155,0,1,0,0,0
13,13|7|4|1|1,23096673600,0|2|4|6,4,12,16,0
13,13|7|3|3,12084197125,0,1,0,0,0
13,13|7|3|2|1,41154072960,3|5,2,11,13,1
13,13|7|3|1|1|1,27041560000,0|2|4|6,4,12,16,0
13,13|7|2|2|2,13932368450,0,1,2,2,0
13,13|7|2|2|1|1,25838210580,0,1,4,4,0
13,13|7|2|1|1|1|1,15264249000,0,1,6,6,0
13,13|7|1|1|1|1|1|1,3363554040,0,1,6,6,0
13,13|6|6|1,4302505350,0,1,2,2,0
13,13|6|5|2,17847429600,3,1,7,7,1
13,13|6|5|1|1,19997120000,3|5,2,15,17,1
13,13|6|4|3,22787343150,0,1,2,2,0
13,13|6|4|2|1,61591129600,3|5,2,15,17,1
13,13|6|4|1|1|1,37394614400,0|2|4|6,4,14,18,0
13,13|6|3|3|1,41594009600,3|5|7|9,4,19,24,1
13,13|6|3|2|2,44093649600,3|5,2,9,11,1
13,13|6|3|2|1|1,76149032960,3|5|7|9,4,19,24,1
13,13|6|3|1|1|1|1,35133696000,3|5|7|9,4,19,24,1
13,13|6|2|2|2|1,33835751950,0,1,2,2,0
13,13|6|2|2|1|1|1,35524070400,3|7,2,17,19,1
13,13|6|2|1|1|1|1|1,16572613200,0,1,8,8,0
13,13|6|1|1|1|1|1|1|1,3138009600,3|5,2,15,17,1
13,13|5|5|3,12429459900,0|2,2,4,5,0
13,13|5|5|2|1,31495464000,3,1,9,9,1
13,13|5|5|1|1|1,18591072500,0,1,4,4,0
13,13|5|4|4,9465511770,0,1,2,2,0
13,13|5|4|3|1,56298141900,0,1,4,4,0
13,13|5|4|2|2,48719545875,0,1,0,0,0
13,13|5|4|2|1|1,81800719000,0,1,6,6,0
13,13|5|4|1|1|1|1,34872938100,0,1,4,4,0
13,13|5|3|3|2,44417040525,0,1,0,0,0
13,13|5|3|3|1|1,61871089280,0|8,2,14,20,0
13,13|5|3|2|2|1,83659826250,0,1,2,2,0
13,13|5|3|2|1|1|1,81158837760,3|7,2,15,17,1
13,13|5|3|1|1|1|1|1,29569945860,0,1,4,4,0
13,13|5|2|2|2|2,19903383500,0,1,4,4,0
13,13|5|2|2|2|1|1,41213472300,0|2,2,4,5,0
13,13|5|2|2|1|1|1|1,31638625200,0|2,2,8,9,0
13,13|5|2|1|1|1|1|1|1,12429459900,0,1,4,4,0
13,13|5|1|1|1|1|1|1|1|1,2106121500,0,1,4,4,0
13,13|4|4|4|1,13198099200,3|5,2,13,15,1
13,13|4|4|3|2,33510798750,0,1,2,2,0
13,13|4|4|3|1|1,45574686300,0,1,4,4,0
13,13|4|4|2|2|1,51125449375,0,1,0,0,0
13,13|4|4|2|1|1|1,48219371200,3,1,9,9,1
13,13|4|4|1|1|1|1|1,16360143800,0,1,6,6,0
13,13|4|3|3|3,13648034400,3,1,7,7,1
13,13|4|3|3|2|1,60420985625,0,1,0,0,0
13,13|4|3|3|1|1|1,46519616000,3|7,2,15,17,1
13,13|4|3|2|2|2,34994960000,3|5,2,11,13,1
13,13|4|3|2|2|1|1,70450380000,3,1,7,7,1
13,13|4|3|2|1|1|1|1,49972802880,3,1,9,9,1
13,13|4|3|1|1|1|1|1|1,15452320000,3|5,2,13,15,1
13,13|4|2|2|2|2|1,23943920000,3,1,11,11,1
13,13|4|2|2|2|1|1|1,29002073100,0|2,2,4,5,0
13,13|4|2|2|1|1|1|1|1,18079214400,3,1,9,9,1
13,13|4|2|1|1|1|1|1|1|1,6277505000,0,1,6,6,0
13,13|4|1|1|1|1|1|1|1|1|1,994840000,3,1,9,9,1
13,13|3|3|3|3|1,10634093470,0,1,2,2,0
13,13|3|3|3|2|2,14297940800,0|2|4|6,4,12,16,0
13,13|3|3|3|2|1|1,26985011625,0,1,0,0,0
13,13|3|3|3|1|1|1|1,15191562100,0,1,4,4,0
13,13|3|3|2|2|2|1,21881059200,3|5,2,11,13,1
13,13|3|3|2|2|1|1|1,25767226485,0,1,0,0,0
13,13|3|3|2|1|1|1|1|1,14957845760,3|5,2,13,15,1
13,13|3|3|1|1|1|1|1|1|1,4172126400,0|2|4|6,4,12,16,0
13,13|3|2|2|2|2|2,5596891300,0,1,4,4,0
13,13|3|2|2|2|2|1|1,12510698200,0,1,6,6,0
13,13|3|2|2|2|1|1|1|1,11393671575,0,1,0,0,0
13,13|3|2|2|1|1|1|1|1|1,6151954900,0,1,4,4,0
13,13|3|2|1|1|1|1|1|1|1|1,1981508100,0,1,4,4,0
13,13|3|1|1|1|1|1|1|1|1|1|1,314618150,0,1,2,2,0
13,13|2|2|2|2|2|2|1,1933471540,0,1,4,4,0
13,13|2|2|2|2|2|1|1|1,2599625600,3|5,2,11,13,1
13,13|2|2|2|2|1|1|1|1|1,1977414075,0,1,0,0,0
13,13|2|2|2|1|1|1|1|1|1|1,978199040,3|7,2,15,17,1
13,13|2|2|1|1|1|1|1|1|1|1|1,313875250,0,1,2,2,0
13,13|2|1|1|1|1|1|1|1|1|1|1|1,59907456,3|5,2,11,13,1
13,13|1|1|1|1|1|1|1|1|1|1|1|1|1,5200300,0,1,4,4,0
13,12|12|2,49031400,0|2,2,6,7,0
13,12|12|1|1,50220040,0|2,2,6,7,0
13,12|11|3,318704100,0,1,4,4,0
13,12|11|2|1,665638400,5,1,13,13,1
13,12|11|1|1|1,345262775,0,1,0,0,0
13,12|10|4,1014058500,0,1,4,4,0
13,12|10|3|1,3272028760,0,1,6,6,0
13,12|10|2|2,2259901800,0|2,2,6,7,0
13,12|10|2|1|1,3475100475,0,1,0,0,0
13,12|10|1|1|1|1,1218574500,0,1,4,4,0
13,12|9|5,1912224600,0|2,2,6,7,0
13,12|9|4|1,8653299200,5,1,13,13,1
13,12|9|3|2,11600829240,0|2,2,6,7,0
13,12|9|3|1|1,14315125825,0,1,0,0,0
13,12|9|2|2|1,12429459900,0|2,2,4,5,0
13,12|9|2|1|1|1,10336972800,5|9,2,19,21,1
13,12|9|1|1|1|1|1,2762102200,0|2,2,6,7,0
13,12|8|6,2124694000,0|2,2,8,9,0
13,12|8|5|1,13385572200,0|2,2,6,7,0
13,12|8|4|2,27621022000,0|2,2,8,9,0
13,12|8|4|1|1,31689328125,0,1,0,0,0
13,12|8|3|3,16360143800,0|2,2,6,7,0
13,12|8|3|2|1,55242044000,3,1,7,7,1
13,12|8|3|1|1|1,36088552500,0,1,4,4,0
13,12|8|2|2|2,18455864700,0|2,2,4,5,0
13,12|8|2|2|1|1,34120086000,0|2,2,8,9,0
13,12|8|2|1|1|1|1,20021155000,0|2,2,6,7,0
13,12|8|1|1|1|1|1|1,4361214000,0|2,2,8,9,0
13,12|7|7,956112300,0,1,4,4,0
13,12|7|6|1,10878433280,5,1,17,17,1
13,12|7|5|2,34802487720,0|2,2,6,7,0
13,12|7|5|1|1,38722548150,0,1,2,2,0
13,12|7|4|3,40794124800,5,1,13,13,1
13,12|7|4|2|1,108757774125,0,1,0,0,0
13,12|7|4|1|1|1,65445120000,5|7,2,17,21,1
13,12|7|3|3|1,70991338275,0,1,0,0,0
13,12|7|3|2|2,74438654290,0,1,2,2,0
13,12|7|3|2|1|1,127950322500,0,1,4,4,0
13,12|7|3|1|1|1|1,58429085000,0,1,6,6,0
13,12|7|2|2|2|1,55584721920,5,1,15,15,1
13,12|7|2|2|1|1|1,58004146200,0|2,2,6,7,0
13,12|7|2|1|1|1|1|1,26755660800,5,1,15,15,1
13,12|7|1|1|1|1|1|1|1,4971783960,0,1,6,6,0
13,12|6|6|2,16572613200,0|2,2,8,9,0
13,12|6|6|1|1,18219251050,0,1,2,2,0
13,12|6|5|3,40156716600,0|2,2,6,7,0
13,12|6|5|2|1,99435679200,3,1,7,7,1
13,12|6|5|1|1|1,57872915100,0,1,4,4,0
13,12|6|4|4,24540215700,0,1,4,4,0
13,12|6|4|3|1,139433043750,0,1,2,2,0
13,12|6|4|2|2,118425131825,0,1,0,0,0
13,12|6|4|2|1|1,197409069000,0,1,6,6,0
13,12|6|4|1|1|1|1,82814777500,0,1,4,4,0
13,12|6|3|3|2,100205880775,0,1,0,0,0
13,12|6|3|3|1|1,138580041600,0|8,2,14,20,0
13,12|6|3|2|2|1,183907263540,0,1,4,4,0
13,12|6|3|2|1|1|1,176774540800,3|7,2,15,17,1
13,12|6|3|1|1|1|1|1,63287924700,0,1,4,4,0
13,12|6|2|2|2|2,41797105350,0,1,2,2,0
13,12|6|2|2|2|1|1,86127368600,0|2,2,6,7,0
13,12|6|2|2|1|1|1|1,65418210000,0|2,2,8,9,0
13,12|6|2|1|1|1|1|1|1,25226655300,0,1,4,4,0
13,12|6|1|1|1|1|1|1|1|1,4143153300,0,1,4,4,0
13,12|5|5|4,16827576480,0|2,2,10,11,0
13,12|5|5|3|1,77445096300,0|2,2,4,5,0
13,12|5|5|2|2,62147299500,0|2,2,4,5,0
13,12|5|5|2|1|1,102360258000,0|2,2,8,9,0
13,12|5|5|1|1|1|1,41644002400,0|2,2,10,11,0
13,12|5|4|4|1,61350539250,0,1,2,2,0
13,12|5|4|3|2,142779436800,5,1,11,11,1
13,12|5|4|3|1|1,191972352000,5|9,2,21,23,1
13,12|5|4|2|2|1,207970048000,5,1,17,17,1
13,12|5|4|2|1|1|1,193347154000,0|2,2,8,9,0
13,12|5|4|1|1|1|1|1,63761152000,5,1,17,17,1
13,12|5|3|3|3,45574686300,0|2,2,4,5,0
13,12|5|3|3|2|1,197091614720,5|9,2,21,23,1
13,12|5|3|3|1|1|1,149578457600,0|2|8|10,4,18,27,0
13,12|5|3|2|2|2,109468609250,0,1,2,2,0
13,12|5|3|2|2|1|1,218758494240,0|2,2,10,11,0
13,12|5|3|2|1|1|1|1,152642490000,0|2,2,8,9,0
13,12|5|3|1|1|1|1|1|1,45808402640,0,1,8,8,0
13,12|5|2|2|2|2|1,67671503900,0|2,2,4,5,0
13,12|5|2|2|2|1|1|1,81197875200,5|7|9|11,4,23,27,1
13,12|5|2|2|1|1|1|1|1,49717839600,0|2,2,8,9,0
13,12|5|2|1|1|1|1|1|1|1,16736051200,5|9,2,21,23,1
13,12|5|1|1|1|1|1|1|1|1|1,2511002000,0|2,2,8,9,0
13,12|4|4|4|2,36810323550,0,1,2,2,0
13,12|4|4|4|1|1,46399567500,0,1,4,4,0
13,12|4|4|3|3,37288379700,0|2,2,4,5,0
13,12|4|4|3|2|1,151178227200,5,1,13,13,1
13,12|4|4|3|1|1|1,111546435000,0|2,2,6,7,0
13,12|4|4|2|2|2,68544815625,0,1,0,0,0
13,12|4|4|2|2|1|1,135343007800,0|2,2,6,7,0
13,12|4|4|2|1|1|1|1,91585494000,0|2,2,8,9,0
13,12|4|4|1|1|1|1|1|1,25554274200,0,1,6,6,0
13,12|4|3|3|3|1,67557770280,0|2,2,6,7,0
13,12|4|3|3|2|2,87695182575,0,1,0,0,0
13,12|4|3|3|2|1|1,163601438000,0|2,2,8,9,0
13,12|4|3|3|1|1|1|1,89673269400,0|2,2,6,7,0
13,12|4|3|2|2|2|1,121532496800,3,1,7,7,1
13,12|4|3|2|2|1|1|1,141041660760,0|2,2,6,7,0
13,12|4|3|2|1|1|1|1|1,79548543360,3,1,11,11,1
13,12|4|3|1|1|1|1|1|1|1,21034470600,0,1,6,6,0
13,12|4|2|2|2|2|2,23884060200,0|2,2,6,7,0
13,12|4|2|2|2|2|1|1,52988750100,0|2,2,4,5,0
13,12|4|2|2|2|1|1|1|1,47457937800,0|2,2,6,7,0
13,12|4|2|2|1|1|1|1|1|1,24858919800,0|2,2,6,7,0
13,12|4|2|1|1|1|1|1|1|1|1,7582037400,0|2,2,6,7,0
13,12|4|1|1|1|1|1|1|1|1|1|1,1080822600,0|2,2,6,7,0
13,12|3|3|3|3|2,20106479250,0,1,2,2,0
13,12|3|3|3|3|1|1,30383124200,0|2,2,6,7,0
13,12|3|3|3|2|2|1,51125449375,0,1,0,0,0
13,12|3|3|3|2|1|1|1,55107852800,5,1,13,13,1
13,12|3|3|3|1|1|1|1|1,24540215700,0,1,4,4,0
13,12|3|3|2|2|2|2,22340532500,0,1,4,4,0
13,12|3|3|2|2|2|1|1,48972798875,0,1,0,0,0
13,12|3|3|2|2|1|1|1|1,42536373880,0,1,6,6,0
13,12|3|3|2|1|1|1|1|1|1,20715766500,0,1,4,4,0
13,12|3|3|1|1|1|1|1|1|1|1,5070292500,0,1,4,4,0
13,12|3|2|2|2|2|2|1,16418688000,5,1,15,15,1
13,12|3|2|2|2|2|1|1|1,21751554825,0,1,0,0,0
13,12|3|2|2|2|1|1|1|1|1,16070412800,5,1,13,13,1
13,12|3|2|2|1|1|1|1|1|1|1,7533006000,0|2,2,8,9,0
13,12|3|2|1|1|1|1|1|1|1|1|1,2170560000,5,1,13,13,1
13,12|3|1|1|1|1|1|1|1|1|1|1|1,313875250,0,1,2,2,0
13,12|2|2|2|2|2|2|2,1599111800,0|2,2,6,7,0
13,12|2|2|2|2|2|2|1|1,3753209460,0,1,4,4,0
13,12|2|2|2|2|2|1|1|1|1,3797890525,0,1,0,0,0
13,12|2|2|2|2|1|1|1|1|1|1,2460781960,0|2,2,6,7,0
13,12|2|2|2|1|1|1|1|1|1|1|1,1080822600,0|2,2,6,7,0
13,12|2|2|1|1|1|1|1|1|1|1|1|1,314618150,0,1,2,2,0
13,12|2|1|1|1|1|1|1|1|1|1|1|1|1,55242044,0,1,4,4,0
13,12|1|1|1|1|1|1|1|1|1|1|1|1|1|1,4457400,0|2,2,6,7,0
13,11|11|4,405623400,0,1,6,6,0
13,11|11|3|1,1303789500,0,1,4,4,0
13,11|11|2|2,898909000,0|2,2,6,7,0
13,11|11|2|1|1,1381051100,0,1,4,4,0
13,11|11|1|1|1|1,483367885,0,1,0,0,0
13,11|10|5,1297994880,3,1,11,11,1
13,11|10|4|1,5800414620,0,1,4,4,0
13,11|10|3|2,7726160000,3,1,11,11,1
13,11|10|3|1|1,9518629120,3|5,2,13,15,1
13,11|10|2|2|1,8237275200,3,1,9,9,1
13,11|10|2|1|1|1,6836202945,0,1,0,0,0
13,11|10|1|1|1|1|1,1819737920,3,1,9,9,1
13,11|9|6,2082200120,0|2,2,6,7,0
13,11|9|5|1,12555010000,0|2,2,8,9,0
13,11|9|4|2,25345667880,0|2,2,6,7,0
13,11|9|4|1|1,29002073100,0,1,4,4,0
13,11|9|3|3,14872858000,0|2,2,8,9,0
13,11|9|3|2|1,49972802880,3,1,9,9,1
13,11|9|3|1|1|1,32534376875,0,1,0,0,0
13,11|9|2|2|2,16572613200,0|2,2,8,9,0
13,11|9|2|2|1|1,30580884180,0|2,2,4,5,0
13,11|9|2|1|1|1|1,17872426000,0|2,2,8,9,0
13,11|9|1|1|1|1|1|1,3866943080,0|2,2,6,7,0
13,11|8|7,1699755200,3,1,9,9,1
13,11|8|6|1,14915351880,0|2,2,6,7,0
13,11|8|5|2,43513733120,3|5|11|13,4,23,30,1
13,11|8|5|1|1,48211238400,3|7,2,15,17,1
13,11|8|4|3,49080431400,0|2,2,6,7,0
13,11|8|4|2|1,129799488000,3|7,2,15,17,1
13,11|8|4|1|1|1,77684124375,0,1,0,0,0
13,11|8|3|3|1,83288004800,3,1,9,9,1
13,11|8|3|2|2,86780229120,3|7,2,15,17,1
13,11|8|3|2|1|1,148728580000,3,1,7,7,1
13,11|8|3|1|1|1|1,67490280000,3,1,9,9,1
13,11|8|2|2|2|1,63804560820,0|2,2,4,5,0
13,11|8|2|2|1|1|1,66328908800,3|5|7|9,4,17,21,1
13,11|8|2|1|1|1|1|1,30383124200,0|2,2,6,7,0
13,11|8|1|1|1|1|1|1|1,5582353920,3|7,2,15,17,1
13,11|7|7|1,6905255500,0,1,4,4,0
13,11|7|6|2,37182145000,0|2,2,6,7,0
13,11|7|6|1|1,40602902340,0,1,4,4,0
13,11|7|5|3,70114902000,0|2,2,8,9,0
13,11|7|5|2|1,171335324160,3|7,2,15,17,1
13,11|7|5|1|1|1,98870703750,0,1,2,2,0
13,11|7|4|4,39838012500,0,1,4,4,0
13,11|7|4|3|1,220861941300,0,1,4,4,0
13,11|7|4|2|2,185613267840,0|8,2,14,20,0
13,11|7|4|2|1|1,308020269375,0,1,0,0,0
13,11|7|4|1|1|1|1,127950322500,0,1,4,4,0
13,11|7|3|3|2,151915621000,0,1,6,6,0
13,11|7|3|3|1|1,209149565625,0,1,0,0,0
13,11|7|3|2|2|1,274640843750,0,1,2,2,0
13,11|7|3|2|1|1|1,262462200000,3,1,9,9,1
13,11|7|3|1|1|1|1|1,92955362500,0,1,4,4,0
13,11|7|2|2|2|2,60904353510,0,1,2,2,0
13,11|7|2|2|2|1|1,125106982000,0|2,2,8,9,0
13,11|7|2|2|1|1|1|1,94385445000,0|2,2,6,7,0
13,11|7|2|1|1|1|1|1|1,35980015500,0,1,4,4,0
13,11|7|1|1|1|1|1|1|1|1,5800414620,0,1,4,4,0
13,11|6|6|3,35057451000,0|2,2,6,7,0
13,11|6|6|2|1,83288004800,3,1,9,9,1
13,11|6|6|1|1|1,47370052730,0,1,2,2,0
13,11|6|5|4,50992656000,3,1,11,11,1
13,11|6|5|3|1,224367686400,3,1,13,13,1
13,11|6|5|2|2,176774540800,3|7,2,15,17,1
13,11|6|5|2|1|1,289128359520,3,1,7,7,1
13,11|6|5|1|1|1|1,115801504000,3,1,13,13,1
13,11|6|4|4|1,142779436800,3|5,2,13,15,1
13,11|6|4|3|2,319022804100,0,1,4,4,0
13,11|6|4|3|1|1,425948029650,0,1,2,2,0
13,11|6|4|2|2|1,453053813355,0,1,0,0,0
13,11|6|4|2|1|1|1,417458059200,3,1,9,9,1
13,11|6|4|1|1|1|1|1,135343007800,0,1,6,6,0
13,11|6|3|3|3,93486536000,3,1,9,9,1
13,11|6|3|3|2|1,398778505125,0,1,0,0,0
13,11|6|3|3|1|1|1,299956800000,3|7,2,15,17,1
13,11|6|3|2|2|2,216548812480,3|5,2,9,11,1
13,11|6|3|2|2|1|1,430710696000,3,1,9,9,1
13,11|6|3|2|1|1|1|1,297457160000,3,1,9,9,1
13,11|6|3|1|1|1|1|1|1,87671584000,3|5,2,13,15,1
13,11|6|2|2|2|2|1,127381654400,3,1,11,11,1
13,11|6|2|2|2|1|1|1,151915621000,0|2,2,6,7,0
13,11|6|2|2|1|1|1|1|1,91972584000,3,1,9,9,1
13,11|6|2|1|1|1|1|1|1|1,30383124200,0,1,6,6,0
13,11|6|1|1|1|1|1|1|1|1|1,4419363520,3,1,9,9,1
13,11|5|5|5,10708457760,0|2,2,10,11,0
13,11|5|5|4|1,99945605760,3,1,11,11,1
13,11|5|5|3|2,182298745200,0|2,2,8,9,0
13,11|5|5|3|1|1,240494113860,0|2,2,4,5,0
13,11|5|5|2|2|1,241683942500,0|2,2,4,5,0
13,11|5|5|2|1|1|1,219488389120,3|5|7|9,4,19,23,1
13,11|5|5|1|1|1|1|1,68901894880,0|2,2,10,11,0
13,11|5|4|4|2,156611194740,0,1,4,4,0
13,11|5|4|4|1|1,195206261250,0,1,2,2,0
13,11|5|4|3|3,147241294200,0|2,2,6,7,0
13,11|5|4|3|2|1,583355984640,5,1,11,11,1
13,11|5|4|3|1|1|1,424401377400,0|2,2,6,7,0
13,11|5|4|2|2|2,253768139625,0,1,0,0,0
13,11|5|4|2|2|1|1,497470853880,0|2,2,6,7,0
13,11|5|4|2|1|1|1|1,331259110000,0|2,2,8,9,0
13,11|5|4|1|1|1|1|1|1,89753784120,0,1,6,6,0
13,11|5|3|3|3|1,204501797500,0|2,2,4,5,0
13,11|5|3|3|2|2,260535290015,0,1,0,0,0
13,11|5|3|3|2|1|1,482555502000,0|2,2,8,9,0
13,11|5|3|3|1|1|1|1,260275015000,0|2,2,6,7,0
13,11|5|3|2|2|2|1,343930466880,3,1,9,9,1
13,11|5|3|2|2|1|1|1,395482815000,0|2,2,6,7,0
13,11|5|3|2|1|1|1|1|1,219178960000,3,1,11,11,1
13,11|5|3|1|1|1|1|1|1|1,56219403240,0,1,6,6,0
13,11|5|2|2|2|2|2,61302421180,0|2,2,4,5,0
13,11|5|2|2|2|2|1|1,135343007800,0|2,2,6,7,0
13,11|5|2|2|2|1|1|1|1,119933385000,0|2,2,6,7,0
13,11|5|2|2|1|1|1|1|1|1,61665157400,0|2,2,6,7,0
13,11|5|2|1|1|1|1|1|1|1|1,18229874520,0|2,2,6,7,0
13,11|5|1|1|1|1|1|1|1|1|1|1,2460781960,0|2,2,6,7,0
13,11|4|4|4|3,48952949760,3|7,2,17,19,1
13,11|4|4|4|2|1,155368248750,0,1,2,2,0
13,11|4|4|4|1|1|1,104984880000,3,1,11,11,1
13,11|4|4|3|3|1,170379211860,0|2,2,4,5,0
13,11|4|4|3|2|2,205086088350,0,1,2,2,0
13,11|4|4|3|2|1|1,375320946000,0|2,2,8,9,0
13,11|4|4|3|1|1|1|1,196321725600,0|2,2,10,11,0
13,11|4|4|2|2|2|1,218368550400,3|7,2,15,17,1
13,11|4|4|2|2|1|1|1,247484357120,0|2|8|10,4,18,27,0
13,11|4|4|2|1|1|1|1|1,132805370880,3|7,2,17,19,1
13,11|4|4|1|1|1|1|1|1|1,31638625200,0,1,8,8,0
13,11|4|3|3|3|2,117793035360,3,1,7,7,1
13,11|4|3|3|3|1|1,175974656000,3|5|7|9,4,19,23,1
13,11|4|3|3|2|2|1,285958816000,3,1,13,13,1
13,11|4|3|3|2|1|1|1,303831242000,0|2,2,8,9,0
13,11|4|3|3|1|1|1|1|1,131507376000,3,1,11,11,1
13,11|4|3|2|2|2|2,113733620000,3,1,7,7,1
13,11|4|3|2|2|2|1|1,247484357120,3|7,2,15,17,1
13,11|4|3|2|2|1|1|1|1,211452800000,3|7,2,17,19,1
13,11|4|3|2|1|1|1|1|1|1,99945605760,3,1,11,11,1
13,11|4|3|1|1|1|1|1|1|1|1,23178480000,3,1,11,11,1
13,11|4|2|2|2|2|2|1,63804560820,0|2,2,4,5,0
13,11|4|2|2|2|2|1|1|1,83735308800,3|7,2,15,17,1
13,11|4|2|2|2|1|1|1|1|1,60766248400,0|2,2,8,9,0
13,11|4|2|2|1|1|1|1|1|1|1,27614484480,3|5|7|9,4,19,23,1
13,11|4|2|1|1|1|1|1|1|1|1|1,7533006000,0|2,2,8,9,0
13,11|4|1|1|1|1|1|1|1|1|1|1|1,978199040,3|7,2,15,17,1
13,11|3|3|3|3|3,13672405890,0,1,2,2,0
13,11|3|3|3|3|2|1,69290020800,3,1,9,9,1
13,11|3|3|3|3|1|1|1,58429085000,0|2,2,6,7,0
13,11|3|3|3|2|2|2,50266198125,0,1,0,0,0
13,11|3|3|3|2|2|1|1,106340934700,0,1,4,4,0
13,11|3|3|3|2|1|1|1|1,83953369500,0,1,4,4,0
13,11|3|3|3|1|1|1|1|1|1,31233001800,0,1,6,6,0
13,11|3|3|2|2|2|2|1,60420985625,0,1,0,0,0
13,11|3|3|2|2|2|1|1|1,78152954880,3|5|7|9,4,17,22,1
13,11|3|3|2|2|1|1|1|1|1,54915613740,0,1,4,4,0
13,11|3|3|2|1|1|1|1|1|1|1,23178480000,3,1,11,11,1
13,11|3|3|1|1|1|1|1|1|1|1|1,5070292500,0,1,4,4,0
13,11|3|2|2|2|2|2|2,12510698200,0|2,2,6,7,0
13,11|3|2|2|2|2|2|1|1,29143812555,0,1,0,0,0
13,11|3|2|2|2|2|1|1|1|1,29002073100,0,1,4,4,0
13,11|3|2|2|2|1|1|1|1|1|1,18229874520,0|2,2,6,7,0
13,11|3|2|2|1|1|1|1|1|1|1|1,7582037400,0|2,2,6,7,0
13,11|3|2|1|1|1|1|1|1|1|1|1|1,1981508100,0,1,4,4,0
13,11|3|1|1|1|1|1|1|1|1|1|1|1|1,263655210,0,1,2,2,0
13,11|2|2|2|2|2|2|2|1,3762616000,3,1,9,9,1
13,11|2|2|2|2|2|2|1|1|1,5317046735,0,1,0,0,0
13,11|2|2|2|2|2|1|1|1|1|1,4419363520,3,1,9,9,1
13,11|2|2|2|2|1|1|1|1|1|1|1,2511002000,0|2,2,8,9,0
13,11|2|2|2|1|1|1|1|1|1|1|1|1,994840000,3,1,9,9,1
13,11|2|2|1|1|1|1|1|1|1|1|1|1|1,265586750,0,1,2,2,0
13,11|2|1|1|1|1|1|1|1|1|1|1|1|1|1,43266496,3,1,9,9,1
13,11|1|1|1|1|1|1|1|1|1|1|1|1|1|1|1,3268760,0|2,2,6,7,0
13,10|10|6,878850700,0,1,4,4,0
13,10|10|5|1,5205500300,0,1,4,4,0
13,10|10|4|2,10411000600,0,1,6,6,0
13,10|10|4|1|1,11898286400,0|2|4|6,4,12,16,0
13,10|10|3|3,6084351000,0,1,6,6,0
13,10|10|3|2|1,20397062400,3|5,2,13,15,1
13,10|10|3|1|1|1,13258090560,0|2|4|6,4,12,16,0
13,10|10|2|2|2,6741817500,0,1,4,4,0
13,10|10|2|2|1|1,12429459900,0,1,4,4,0
13,10|10|2|1|1|1|1,7250518275,0,1,0,0,0
13,10|10|1|1|1|1|1|1,1563837275,0,1,0,0,0
13,10|9|7,1381051100,0,1,4,4,0
13,10|9|6|1,11125670400,5,1,13,13,1
13,10|9|5|2,31233001800,0|2,2,6,7,0
13,10|9|5|1|1,34526277500,0,1,4,4,0
13,10|9|4|3,34613196800,5,1,17,17,1
13,10|9|4|2|1,91149372600,0,1,6,6,0
13,10|9|4|1|1|1,54392166400,5|7,2,17,22,1
13,10|9|3|3|1,58004146200,0,1,6,6,0
13,10|9|3|2|2,60235074900,0,1,4,4,0
13,10|9|3|2|1|1,103068905940,0,1,4,4,0
13,10|9|3|1|1|1|1,46610474625,0,1,0,0,0
13,10|9|2|2|2|1,43932134400,5,1,15,15,1
13,10|9|2|2|1|1|1,45574686300,0|2,2,4,5,0
13,10|9|2|1|1|1|1|1,20797004800,5,1,15,15,1
13,10|9|1|1|1|1|1|1|1,3797890525,0,1,0,0,0
13,10|8|8,690525550,0,1,2,2,0
13,10|8|7|1,10039179150,0,1,2,2,0
13,10|8|6|2,42068941200,0|2,2,8,9,0
13,10|8|6|1|1,45763011450,0,1,2,2,0
13,10|8|5|3,72877004200,0|2,2,6,7,0
13,10|8|5|2|1,176774540800,3|7,2,15,17,1
13,10|8|5|1|1|1,101507255850,0,1,2,2,0
13,10|8|4|4,40156716600,0,1,6,6,0
13,10|8|4|3|1,219712675000,0,1,6,6,0
13,10|8|4|2|2,183573561600,0|8,2,16,22,0
13,10|8|4|2|1|1,303831242000,0,1,8,8,0
13,10|8|4|1|1|1|1,125489739375,0,1,0,0,0
13,10|8|3|3|2,147849729300,0,1,4,4,0
13,10|8|3|3|1|1,203014511700,0,1,4,4,0
13,10|8|3|2|2|1,265034329560,0,1,6,6,0
13,10|8|3|2|1|1|1,252413647200,3,1,7,7,1
13,10|8|3|1|1|1|1|1,88834081050,0,1,2,2,0
13,10|8|2|2|2|2,58004146200,0,1,6,6,0
13,10|8|2|2|2|1|1,118925660700,0|2,2,4,5,0
13,10|8|2|2|1|1|1|1,89362130000,0|2,2,8,9,0
13,10|8|2|1|1|1|1|1|1,33835751950,0,1,2,2,0
13,10|8|1|1|1|1|1|1|1|1,5397002325,0,1,0,0,0
13,10|7|7|2,20450179750,0,1,2,2,0
13,10|7|7|1|1,22096817600,0|2|4|6,4,12,16,0
13,10|7|6|3,67990208000,5,1,13,13,1
13,10|7|6|2|1,159511402050,0,1,2,2,0
13,10|7|6|1|1|1,89994311680,5|7,2,17,21,1
13,10|7|5|4,78082504500,0,1,4,4,0
13,10|7|5|3|1,335595417300,0,1,4,4,0
13,10|7|5|2|2,261762300800,0|8,2,14,20,0
13,10|7|5|2|1|1,426330474570,0,1,2,2,0
13,10|7|5|1|1|1|1,169178759750,0,1,2,2,0
13,10|7|4|4|1,198871358400,0|2|4|6,4,12,16,0
13,10|7|4|3|2,435137331200,5|7|9|11,4,23,28,1
13,10|7|4|3|1|1,578534860800,5|7,2,17,22,1
13,10|7|4|2|2|1,609192263680,5|7|9|11,4,23,28,1
13,10|7|4|2|1|1|1,558289907175,0,1,0,0,0
13,10|7|4|1|1|1|1|1,179174195200,5|7|9|11,4,23,28,1
13,10|7|3|3|3,122701078500,0,1,4,4,0
13,10|7|3|3|2|1,519197952000,5|7,2,17,21,1
13,10|7|3|3|1|1|1,388420621875,0,1,0,0,0
13,10|7|3|2|2|2,278419901760,0|2|4|6,4,12,16,0
13,10|7|3|2|2|1|1,552154853250,0,1,2,2,0
13,10|7|3|2|1|1|1|1,378929801250,0,1,2,2,0
13,10|7|3|1|1|1|1|1|1,110484088000,0|2|4|6,4,12,16,0
13,10|7|2|2|2|2|1,159511402050,0,1,2,2,0
13,10|7|2|2|2|1|1|1,189511168000,5|9,2,19,21,1
13,10|7|2|2|1|1|1|1|1,113936715750,0,1,2,2,0
13,10|7|2|1|1|1|1|1|1|1,37215692800,5|7,2,17,22,1
13,10|7|1|1|1|1|1|1|1|1|1,5317046735,0,1,0,0,0
13,10|6|6|4,43025053500,0,1,4,4,0
13,10|6|6|3|1,172631387500,0,1,4,4,0
13,10|6|6|2|2,131465441250,0,1,2,2,0
13,10|6|6|2|1|1,212681869400,0,1,6,6,0
13,10|6|6|1|1|1|1,83051391150,0,1,2,2,0
13,10|6|5|5,31233001800,0,1,6,6,0
13,10|6|5|4|1,265161811200,3|5,2,13,15,1
13,10|6|5|3|2,464776812500,0,1,4,4,0
13,10|6|5|3|1|1,609043535100,0,1,4,4,0
13,10|6|5|2|2|1,601235284650,0,1,2,2,0
13,10|6|5|2|1|1|1,541372031200,3,1,7,7,1
13,10|6|5|1|1|1|1|1,167188421400,0,1,6,6,0
13,10|6|4|4|2,321253732800,0|2|4|6,4,12,16,0
13,10|6|4|4|1|1,397742716800,0|2|4|6,4,14,18,0
13,10|6|4|3|3,292145425000,0,1,6,6,0
13,10|6|4|3|2|1,1142235494400,5|7,2,17,22,1
13,10|6|4|3|1|1|1,823922531250,0,1,2,2,0
13,10|6|4|2|2|2,486129987200,0|2|4|6,4,14,18,0
13,10|6|4|2|2|1|1,948702429675,0,1,0,0,0
13,10|6|4|2|1|1|1|1,625534910000,0,1,8,8,0
13,10|6|4|1|1|1|1|1|1,166576009600,0|2|4|6,4,14,18,0
13,10|6|3|3|3|1,368103235500,0,1,4,4,0
13,10|6|3|3|2|2,464033169600,0|2|4|6,4,12,16,0
13,10|6|3|3|2|1|1,855611859375,0,1,0,0,0
13,10|6|3|3|1|1|1|1,456965437500,0,1,4,4,0
13,10|6|3|2|2|2|1,596614075200,3|5,2,9,11,1
13,10|6|3|2|2|1|1|1,682073642250,0,1,2,2,0
13,10|6|3|2|1|1|1|1|1,373946144000,3|5,2,13,15,1
13,10|6|3|1|1|1|1|1|1|1,94202222400,0|2|4|6,4,12,16,0
13,10|6|2|2|2|2|2,101507255850,0,1,2,2,0
13,10|6|2|2|2|2|1|1,223405325000,0,1,6,6,0
13,10|6|2|2|2|1|1|1|1,196636343750,0,1,2,2,0
13,10|6|2|2|1|1|1|1|1|1,99944487500,0,1,4,4,0
13,10|6|2|1|1|1|1|1|1|1|1,29002073100,0,1,4,4,0
13,10|6|1|1|1|1|1|1|1|1|1|1,3797890525,0,1,0,0,0
13,10|5|5|5|1,58004146200,0,1,6,6,0
13,10|5|5|4|2,232335288900,0,1,4,4,0
13,10|5|5|4|1|1,284220316380,0,1,4,4,0
13,10|5|5|3|3,175287255000,0|2,2,6,7,0
13,10|5|5|3|2|1,666304038400,5,1,13,13,1
13,10|5|5|3|1|1|1,473700527300,0|2,2,4,5,0
13,10|5|5|2|2|2,265852336750,0,1,2,2,0
13,10|5|5|2|2|1|1,515344529700,0|2,2,4,5,0
13,10|5|5|2|1|1|1|1,334376842800,0|2,2,8,9,0
13,10|5|5|1|1|1|1|1|1,86127368600,0,1,6,6,0
13,10|5|4|4|3,189310235400,0,1,6,6,0
13,10|5|4|4|2|1,587435397120,5|7,2,19,24,1
13,10|5|4|4|1|1|1,391527986850,0,1,2,2,0
13,10|5|4|3|3|1,598313830400,5,1,17,17,1
13,10|5|4|3|2|2,707098163200,5|7,2,17,22,1
13,10|5|4|3|2|1|1,1285014931200,5,1,11,11,1
13,10|5|4|3|1|1|1|1,661722880000,5,1,17,17,1
13,10|5|4|2|2|2|1,717801309225,0,1,0,0,0
13,10|5|4|2|2|1|1|1,806283878400,5|9,2,21,23,1
13,10|5|4|2|1|1|1|1|1,425363738800,0,1,8,8,0
13,10|5|4|1|1|1|1|1|1|1,98374348800,5|7,2,19,23,1
13,10|5|3|3|3|2,319022804100,0,1,4,4,0
13,10|5|3|3|3|1|1,473275588500,0|2,2,4,5,0
13,10|5|3|3|2|2|1,755089688925,0,1,0,0,0
13,10|5|3|3|2|1|1|1,795158208000,5,1,13,13,1
13,10|5|3|3|1|1|1|1|1,338357519500,0,1,4,4,0
13,10|5|3|2|2|2|2,287120523690,0,1,2,2,0
13,10|5|3|2|2|2|1|1,621838567350,0,1,2,2,0
13,10|5|3|2|2|1|1|1|1,525861765000,0,1,6,6,0
13,10|5|3|2|1|1|1|1|1|1,244110566700,0,1,4,4,0
13,10|5|3|1|1|1|1|1|1|1|1,54915613740,0,1,4,4,0
13,10|5|2|2|2|2|2|1,145579033600,5,1,15,15,1
13,10|5|2|2|2|2|1|1|1,189894526250,0,1,2,2,0
13,10|5|2|2|2|1|1|1|1|1,136255680000,5,1,13,13,1
13,10|5|2|2|1|1|1|1|1|1|1,60766248400,0|2,2,8,9,0
13,10|5|2|1|1|1|1|1|1|1|1|1,16070412800,5,1,13,13,1
13,10|5|1|1|1|1|1|1|1|1|1|1|1,1977414075,0,1,0,0,0
13,10|4|4|4|4,26771144400,0,1,8,8,0
13,10|4|4|4|3|1,206137811880,0,1,6,6,0
13,10|4|4|4|2|2,198871358400,0|2|4|6,4,12,16,0
13,10|4|4|4|2|1|1,351371270250,0,1,2,2,0
13,10|4|4|4|1|1|1|1,167188421400,0,1,6,6,0
13,10|4|4|3|3|2,273448117800,0,1,6,6,0
13,10|4|4|3|3|1|1,400823523100,0|2,2,4,5,0
13,10|4|4|3|2|2|1,604209856250,0,1,2,2,0
13,10|4|4|3|2|1|1|1,627109683200,5|9,2,21,23,1
13,10|4|4|3|1|1|1|1|1,258382105800,0,1,6,6,0
13,10|4|4|2|2|2|2,186096635725,0,1,0,0,0
13,10|4|4|2|2|2|1|1,400342342400,0|8,2,16,22,0
13,10|4|4|2|2|1|1|1|1,333152019200,0|8,2,16,22,0
13,10|4|4|2|1|1|1|1|1|1,149589640200,0,1,6,6,0
13,10|4|4|1|1|1|1|1|1|1|1,31233001800,0,1,6,6,0
13,10|4|3|3|3|3,73620647100,0,1,4,4,0
13,10|4|3|3|3|2|1,364597490400,3,1,7,7,1
13,10|4|3|3|3|1|1|1,303143841000,0|2,2,6,7,0
13,10|4|3|3|2|2|2,253768139625,0,1,0,0,0
13,10|4|3|3|2|2|1|1,533004486300,0,1,4,4,0
13,10|4|3|3|2|1|1|1|1,414073887500,0,1,4,4,0
13,10|4|3|3|1|1|1|1|1|1,149589640200,0,1,6,6,0
13,10|4|3|2|2|2|2|1,275860895310,0,1,2,2,0
13,10|4|3|2|2|2|1|1|1,353549081600,3|5|7|9,4,17,22,1
13,10|4|3|2|2|1|1|1|1|1,244110566700,0,1,4,4,0
13,10|4|3|2|1|1|1|1|1|1|1,99945605760,3,1,11,11,1
13,10|4|3|1|1|1|1|1|1|1|1|1,20715766500,0,1,4,4,0
13,10|4|2|2|2|2|2|2,43787443700,0|2,2,4,5,0
13,10|4|2|2|2|2|2|1|1,101507255850,0,1,2,2,0
13,10|4|2|2|2|2|1|1|1|1,99944487500,0,1,4,4,0
13,10|4|2|2|2|1|1|1|1|1|1,61665157400,0|2,2,6,7,0
13,10|4|2|2|1|1|1|1|1|1|1|1,24858919800,0|2,2,6,7,0
13,10|4|2|1|1|1|1|1|1|1|1|1|1,6151954900,0,1,4,4,0
13,10|4|1|1|1|1|1|1|1|1|1|1|1|1,735559825,0,1,0,0,0
13,10|3|3|3|3|3|1,47327558850,0,1,2,2,0
13,10|3|3|3|3|2|2,68362029450,0,1,2,2,0
13,10|3|3|3|3|2|1|1,134043195000,0,1,6,6,0
13,10|3|3|3|3|1|1|1|1,81800719000,0,1,6,6,0
13,10|3|3|3|2|2|2|1,124782028800,5|7,2,17,22,1
13,10|3|3|3|2|2|1|1|1,154677723200,0|2|4|6,4,12,16,0
13,10|3|3|3|2|1|1|1|1|1,98374348800,5|7,2,19,23,1
13,10|3|3|3|1|1|1|1|1|1|1,31638625200,0,1,8,8,0
13,10|3|3|2|2|2|2|2,42223606425,0,1,0,0,0
13,10|3|3|2|2|2|2|1|1,97225997440,0|2|4|6,4,14,18,0
13,10|3|3|2|2|2|1|1|1|1,94202222400,0|2|4|6,4,12,16,0
13,10|3|3|2|2|1|1|1|1|1|1,56219403240,0,1,6,6,0
13,10|3|3|2|1|1|1|1|1|1|1|1,21034470600,0,1,6,6,0
13,10|3|3|1|1|1|1|1|1|1|1|1|1,4172126400,0|2|4|6,4,12,16,0
13,10|3|2|2|2|2|2|2|1,26585233675,0,1,0,0,0
13,10|3|2|2|2|2|2|1|1|1,37215692800,5|7,2,17,22,1
13,10|3|2|2|2|2|1|1|1|1|1,30383124200,0,1,6,6,0
13,10|3|2|2|2|1|1|1|1|1|1|1,16736051200,5|9,2,21,23,1
13,10|3|2|2|1|1|1|1|1|1|1|1|1,6277505000,0,1,6,6,0
13,10|3|2|1|1|1|1|1|1|1|1|1|1|1,1504921600,5|7,2,17,22,1
13,10|3|1|1|1|1|1|1|1|1|1|1|1|1|1,185910725,0,1,0,0,0
13,10|2|2|2|2|2|2|2|2,2234053250,0,1,2,2,0
13,10|2|2|2|2|2|2|2|1|1,5397002325,0,1,0,0,0
13,10|2|2|2|2|2|2|1|1|1|1,5800414620,0,1,4,4,0
13,10|2|2|2|2|2|1|1|1|1|1|1,4143153300,0,1,4,4,0
13,10|2|2|2|2|1|1|1|1|1|1|1|1,2106121500,0,1,4,4,0
13,10|2|2|2|1|1|1|1|1|1|1|1|1|1,762118500,0,1,4,4,0
13,10|2|2|1|1|1|1|1|1|1|1|1|1|1|1,188325150,0,1,2,2,0
13,10|2|1|1|1|1|1|1|1|1|1|1|1|1|1|1,28683369,0,1,0,0,0
13,10|1|1|1|1|1|1|1|1|1|1|1|1|1|1|1|1,2042975,0,1,0,0,0
13,9|9|8,414315330,0,1,2,2,0
13,9|9|7|1,4833678850,0,1,2,2,0
13,9|9|6|2,18832515000,0|2,2,6,7,0
13,9|9|6|1|1,20450179750,0,1,2,2,0
13,9|9|5|3,31638625200,0|2,2,8,9,0
13,9|9|5|2|1,76488984000,3,1,9,9,1
13,9|9|5|1|1|1,43821813750,0,1,2,2,0
13,9|9|4|4,17225473720,0,1,6,6,0
13,9|9|4|3|1,93699005400,0,1,6,6,0
13,9|9|4|2|2,78082504500,0,1,4,4,0
13,9|9|4|2|1|1,129075160500,0,1,4,4,0
13,9|9|4|1|1|1|1,53170467350,0,1,2,2,0
13,9|9|3|3|2,62466003600,0,1,8,8,0
13,9|9|3|3|1|1,85667662080,0|8,2,16,22,0
13,9|9|3|2|2|1,111546435000,0,1,6,6,0
13,9|9|3|2|1|1|1,106064724480,3|7,2,15,17,1
13,9|9|3|1|1|1|1|1,37219327145,0,1,0,0,0
13,9|9|2|2|2|2,24270543000,0,1,6,6,0
13,9|9|2|2|2|1|1,49717839600,0|2,2,8,9,0
13,9|9|2|2|1|1|1|1,37288379700,0|2,2,4,5,0
13,9|9|2|1|1|1|1|1|1,14074535475,0,1,0,0,0
13,9|9|1|1|1|1|1|1|1|1,2234053250,0,1,2,2,0
13,9|8|8|1,3038312420,0,1,4,4,0
13,9|8|7|2,22096817600,3,1,9,9,1
13,9|8|7|1|1,23796572800,3|5,2,11,13,1
13,9|8|6|3,58004146200,0|2,2,6,7,0
13,9|8|6|2|1,135207800000,3,1,9,9,1
13,9|8|6|1|1|1,75957810500,0,1,4,4,0
13,9|8|5|4,61871089280,3,1,11,11,1
13,9|8|5|3|1,262843963200,3,1,9,9,1
13,9|8|5|2|2,203970624000,3|7,2,15,17,1
13,9|8|5|2|1|1,331452264000,3,1,9,9,1
13,9|8|5|1|1|1|1,130881150400,3,1,9,9,1
13,9|8|4|4|1,151432736000,3|5,2,13,15,1
13,9|8|4|3|2,327946518900,0,1,4,4,0
13,9|8|4|3|1|1,435031096500,0,1,4,4,0
13,9|8|4|2|2|1,455746863000,0,1,6,6,0
13,9|8|4|2|1|1|1,416440024000,3,1,9,9,1
13,9|8|4|1|1|1|1|1,132926168375,0,1,0,0,0
13,9|8|3|3|3,90859641600,3,1,13,13,1
13,9|8|3|3|2|1,382827364920,0,1,6,6,0
13,9|8|3|3|1|1|1,285558873600,3|7,2,15,17,1
13,9|8|3|2|2|2,203970624000,3|5,2,15,17,1
13,9|8|3|2|2|1|1,403861835520,3,1,13,13,1
13,9|8|3|2|1|1|1|1,276210220000,3,1,7,7,1
13,9|8|3|1|1|1|1|1|1,80068468480,3|5,2,13,15,1
13,9|8|2|2|2|2|1,115321852800,3,1,11,11,1
13,9|8|2|2|2|1|1|1,136724058900,0|2,2,4,5,0
13,9|8|2|2|1|1|1|1|1,81888206400,3,1,9,9,1
13,9|8|2|1|1|1|1|1|1|1,26585233675,0,1,0,0,0
13,9|8|1|1|1|1|1|1|1|1|1,3762616000,3,1,9,9,1
13,9|7|7|3,31073649750,0,1,2,2,0
13,9|7|7|2|1,71389718400,3|5,2,11,13,1
13,9|7|7|1|1|1,39774271680,0|2|4|6,4,12,16,0
13,9|7|6|4,69052555000,0,1,6,6,0
13,9|7|6|3|1,271057837050,0,1,2,2,0
13,9|7|6|2|2,204501797500,0,1,4,4,0
13,9|7|6|2|1|1,329569012500,0,1,4,4,0
13,9|7|6|1|1|1|1,127609121640,0,1,6,6,0
13,9|7|5|5,40602902340,0,1,4,4,0
13,9|7|5|4|1,330432410880,3|5,2,13,15,1
13,9|7|5|3|2,567930706200,0,1,6,6,0
13,9|7|5|3|1|1,741360785490,0,1,2,2,0
13,9|7|5|2|2|1,725051827500,0,1,4,4,0
13,9|7|5|2|1|1|1,649646437440,3,1,9,9,1
13,9|7|5|1|1|1|1|1,198775747170,0,1,2,2,0
13,9|7|4|4|2,366467221120,0|2|4|6,4,14,18,0
13,9|7|4|4|1|1,451980360000,0|2|4|6,4,12,16,0
13,9|7|4|3|3,327946518900,0,1,4,4,0
13,9|7|4|3|2|1,1272776693760,5|7,2,17,21,1
13,9|7|4|3|1|1|1,913565302650,0,1,2,2,0
13,9|7|4|2|2|2,535422888000,0|2|4|6,4,12,16,0
13,9|7|4|2|2|1|1,1042141160060,0,1,4,4,0
13,9|7|4|2|1|1|1|1,683221914375,0,1,0,0,0
13,9|7|4|1|1|1|1|1|1,180154054080,0|2|4|6,4,12,16,0
13,9|7|3|3|3|1,395482815000,0,1,6,6,0
13,9|7|3|3|2|2,495648616320,0|2|4|6,4,14,18,0
13,9|7|3|3|2|1|1,911493726000,0,1,8,8,0
13,9|7|3|3|1|1|1|1,484031851875,0,1,0,0,0
13,9|7|3|2|2|2|1,628229521920,3|5,2,15,17,1
13,9|7|3|2|2|1|1|1,715756291250,0,1,2,2,0
13,9|7|3|2|1|1|1|1|1,389943840000,3|5,2,13,15,1
13,9|7|3|1|1|1|1|1|1|1,97225997440,0|2|4|6,4,14,18,0
13,9|7|2|2|2|2|2,104407463160,0,1,6,6,0
13,9|7|2|2|2|2|1|1,229356631350,0,1,2,2,0
13,9|7|2|2|2|1|1|1|1,201064792500,0,1,4,4,0
13,9|7|2|2|1|1|1|1|1|1,101507255850,0,1,2,2,0
13,9|7|2|1|1|1|1|1|1|1|1,29143812555,0,1,0,0,0
13,9|7|1|1|1|1|1|1|1|1|1|1,3753209460,0,1,4,4,0
13,9|6|6|5,29002073100,0,1,4,4,0
13,9|6|6|4|1,190372582400,3|5|7|9,4,17,22,1
13,9|6|6|3|2,306752696250,0,1,2,2,0
13,9|6|6|3|1|1,397742716800,0|8,2,14,20,0
13,9|6|6|2|2|1,379789052500,0,1,4,4,0
13,9|6|6|2|1|1|1,337478668800,3|7,2,15,17,1
13,9|6|6|1|1|1|1|1,101507255850,0,1,2,2,0
13,9|6|5|5|1,142779436800,3|5,2,13,15,1
13,9|6|5|4|2,523524601600,3|5,2,13,15,1
13,9|6|5|4|1|1,636388346880,3|5|7|9,4,17,22,1
13,9|6|5|3|3,382444920000,3,1,9,9,1
13,9|6|5|3|2|1,1435602618450,0,1,2,2,0
13,9|6|5|3|1|1|1,1012436006400,3|7,2,15,17,1
13,9|6|5|2|2|2,560919216000,3|5,2,11,13,1
13,9|6|5|2|2|1|1,1082744062400,3,1,9,9,1
13,9|6|5|2|1|1|1|1,696049754400,3,1,7,7,1
13,9|6|5|1|1|1|1|1|1,176374598400,3|5,2,13,15,1
13,9|6|4|4|3,333152019200,3|5,2,13,15,1
13,9|6|4|4|2|1,1020872973120,0|2|4|6,4,12,16,0
13,9|6|4|4|1|1|1,674957337600,3|5|7|9,4,17,22,1
13,9|6|4|3|3|1,1006786251900,0,1,4,4,0
13,9|6|4|3|2|2,1177930353600,0|2|4|6,4,12,16,0
13,9|6|4|3|2|1|1,2131652372850,0,1,2,2,0
13,9|6|4|3|1|1|1|1,1087577741250,0,1,2,2,0
13,9|6|4|2|2|2|1,1166032067200,3|5,2,11,13,1
13,9|6|4|2|2|1|1|1,1302676450075,0,1,0,0,0
13,9|6|4|2|1|1|1|1|1,680302022400,3|5,2,13,15,1
13,9|6|4|1|1|1|1|1|1|1,154677723200,0|2|4|6,4,12,16,0
13,9|6|3|3|3|2,489529497600,3|5|7|9,4,19,24,1
13,9|6|3|3|3|1|1,723168576000,3|7,2,15,17,1
13,9|6|3|3|2|2|1,1142235494400,3|5|7|9,4,19,24,1
13,9|6|3|3|2|1|1|1,1196335515375,0,1,0,0,0
13,9|6|3|3|1|1|1|1|1,503927424000,3|5|7|9,4,17,22,1
13,9|6|3|2|2|2|2,424258897920,3|5|7|9,4,19,24,1
13,9|6|3|2|2|2|1|1,916168052800,3|5,2,9,11,1
13,9|6|3|2|2|1|1|1|1,769889120000,3|5,2,13,15,1
13,9|6|3|2|1|1|1|1|1|1,353549081600,3|5|7|9,4,17,22,1
13,9|6|3|1|1|1|1|1|1|1|1,78152954880,3|5|7|9,4,17,22,1
13,9|6|2|2|2|2|2|1,205086088350,0,1,2,2,0
13,9|6|2|2|2|2|1|1|1,266500080000,3|5,2,11,13,1
13,9|6|2|2|2|1|1|1|1|1,189894526250,0,1,2,2,0
13,9|6|2|2|1|1|1|1|1|1|1,83735308800,3|7,2,15,17,1
13,9|6|2|1|1|1|1|1|1|1|1|1,21751554825,0,1,0,0,0
13,9|6|1|1|1|1|1|1|1|1|1|1|1,2599625600,3|5,2,11,13,1
13,9|5|5|5|2,122701078500,0,1,4,4,0
13,9|5|5|5|1|1,145010365500,0,1,4,4,0
13,9|5|5|4|3,254963280000,3,1,11,11,1
13,9|5|5|4|2|1,759578105000,0,1,6,6,0
13,9|5|5|4|1|1|1,494968714240,3|7,2,17,19,1
13,9|5|5|3|3|1,621472995000,0|2,2,6,7,0
13,9|5|5|3|2|2,709913382750,0,1,2,2,0
13,9|5|5|3|2|1|1,1276091216400,0|2,2,8,9,0
13,9|5|5|3|1|1|1|1,640682160300,0|2,2,4,5,0
13,9|5|5|2|2|2|1,654405752000,3,1,9,9,1
13,9|5|5|2|2|1|1|1,725051827500,0|2,2,4,5,0
13,9|5|5|2|1|1|1|1|1,372219120000,3,1,11,11,1
13,9|5|5|1|1|1|1|1|1|1,81800719000,0,1,6,6,0
13,9|5|4|4|4,93699005400,0,1,6,6,0
13,9|5|4|4|3|1,690525550000,0,1,8,8,0
13,9|5|4|4|2|2,654405752000,0|2|4|6,4,12,16,0
13,9|5|4|4|2|1|1,1148482094760,0,1,6,6,0
13,9|5|4|4|1|1|1|1,538296053750,0,1,2,2,0
13,9|5|4|3|3|2,836598262500,0,1,4,4,0
13,9|5|4|3|3|1|1,1218087070200,0|2,2,6,7,0
13,9|5|4|3|2|2|1,1803705853950,0,1,2,2,0
13,9|5|4|3|2|1|1|1,1856132678400,5,1,11,11,1
13,9|5|4|3|1|1|1|1|1,752347896300,0,1,4,4,0
13,9|5|4|2|2|2|2,531704673500,0,1,4,4,0
13,9|5|4|2|2|2|1|1,1138703190625,0,1,0,0,0
13,9|5|4|2|2|1|1|1|1,938302365000,0,1,6,6,0
13,9|5|4|2|1|1|1|1|1|1,414073887500,0,1,4,4,0
13,9|5|4|1|1|1|1|1|1|1|1,83953369500,0,1,4,4,0
13,9|5|3|3|3|3,175287255000,0,1,6,6,0
13,9|5|3|3|3|2|1,856676620800,3|7,2,15,17,1
13,9|5|3|3|3|1|1|1,706219312500,0|2,2,4,5,0
13,9|5|3|3|2|2|2,583355984640,0|8,2,16,22,0
13,9|5|3|3|2|2|1|1,1219760266725,0,1,0,0,0
13,9|5|3|3|2|1|1|1|1,938302365000,0,1,6,6,0
13,9|5|3|3|1|1|1|1|1|1,333152019200,0|8,2,16,22,0
13,9|5|3|2|2|2|2|1,604209856250,0,1,2,2,0
13,9|5|3|2|2|2|1|1|1,769889120000,3|5,2,13,15,1
13,9|5|3|2|2|1|1|1|1|1,525861765000,0,1,6,6,0
13,9|5|3|2|1|1|1|1|1|1|1,211452800000,3|7,2,17,19,1
13,9|5|3|1|1|1|1|1|1|1|1|1,42536373880,0,1,6,6,0
13,9|5|2|2|2|2|2|2,87006219300,0|2,2,4,5,0
13,9|5|2|2|2|2|2|1|1,201064792500,0,1,4,4,0
13,9|5|2|2|2|2|1|1|1|1,196636343750,0,1,2,2,0
13,9|5|2|2|2|1|1|1|1|1|1,119933385000,0|2,2,6,7,0
13,9|5|2|2|1|1|1|1|1|1|1|1,47457937800,0|2,2,6,7,0
13,9|5|2|1|1|1|1|1|1|1|1|1|1,11393671575,0,1,0,0,0
13,9|5|1|1|1|1|1|1|1|1|1|1|1|1,1292427500,0,1,4,4,0
13,9|4|4|4|4|1,104407463160,0,1,6,6,0
13,9|4|4|4|3|2,305955936000,3|5,2,13,15,1
13,9|4|4|4|3|1|1,433097624960,3,1,11,11,1
13,9|4|4|4|2|2|1,523524601600,3|5,2,13,15,1
13,9|4|4|4|2|1|1|1,521070580030,0,1,2,2,0
13,9|4|4|4|1|1|1|1|1,194546526720,3|5,2,15,17,1
13,9|4|4|3|3|3,157758529500,0,1,4,4,0
13,9|4|4|3|3|2|1,749592043200,3,1,9,9,1
13,9|4|4|3|3|1|1|1,609043535100,0|2,2,4,5,0
13,9|4|4|3|2|2|2,478534206150,0,1,2,2,0
13,9|4|4|3|2|2|1|1,993878735850,0,1,2,2,0
13,9|4|4|3|2|1|1|1|1,752347896300,0,1,4,4,0
13,9|4|4|3|1|1|1|1|1|1,258382105800,0,1,6,6,0
13,9|4|4|2|2|2|2|1,398778505125,0,1,0,0,0
13,9|4|4|2|2|2|1|1|1,503927424000,3|5|7|9,4,17,22,1
13,9|4|4|2|2|1|1|1|1|1,338357519500,0,1,4,4,0
13,9|4|4|2|1|1|1|1|1|1|1,131507376000,3,1,11,11,1
13,9|4|4|1|1|1|1|1|1|1|1|1,24540215700,0,1,4,4,0
13,9|4|3|3|3|3|1,224367686400,3,1,13,13,1
13,9|4|3|3|3|2|2,318194173440,3|7,2,15,17,1
13,9|4|3|3|3|2|1|1,619560770400,3,1,7,7,1
13,9|4|3|3|3|1|1|1|1,372219120000,3,1,11,11,1
13,9|4|3|3|2|2|2|1,553732438545,0,1,0,0,0
13,9|4|3|3|2|2|1|1|1,680302022400,3|5,2,13,15,1
13,9|4|3|3|2|1|1|1|1|1,425363738800,0,1,8,8,0
13,9|4|3|3|1|1|1|1|1|1|1,132805370880,3|7,2,17,19,1
13,9|4|3|2|2|2|2|2,170145495520,3,1,7,7,1
13,9|4|3|2|2|2|2|1|1,389943840000,3|5,2,13,15,1
13,9|4|3|2|2|2|1|1|1|1,373946144000,3|5,2,13,15,1
13,9|4|3|2|2|1|1|1|1|1|1,219178960000,3,1,11,11,1
13,9|4|3|2|1|1|1|1|1|1|1|1,79548543360,3,1,11,11,1
13,9|4|3|1|1|1|1|1|1|1|1|1|1,14957845760,3|5,2,13,15,1
13,9|4|2|2|2|2|2|2|1,81888206400,3,1,9,9,1
13,9|4|2|2|2|2|2|1|1|1,113936715750,0,1,2,2,0
13,9|4|2|2|2|2|1|1|1|1|1,91972584000,3,1,9,9,1
13,9|4|2|2|2|1|1|1|1|1|1|1,49717839600,0|2,2,8,9,0
13,9|4|2|2|1|1|1|1|1|1|1|1|1,18079214400,3,1,9,9,1
13,9|4|2|1|1|1|1|1|1|1|1|1|1|1,4106936925,0,1,0,0,0
13,9|4|1|1|1|1|1|1|1|1|1|1|1|1|1,456456000,3,1,9,9,1
13,9|3|3|3|3|3|2,54689623560,0,1,6,6,0
13,9|3|3|3|3|3|1|1,85890754950,0,1,2,2,0
13,9|3|3|3|3|2|2|1,155368248750,0,1,2,2,0
13,9|3|3|3|3|2|1|1|1,176374598400,3|5,2,13,15,1
13,9|3|3|3|3|1|1|1|1|1,86127368600,0,1,6,6,0
13,9|3|3|3|2|2|2|2,79755701025,0,1,0,0,0
13,9|3|3|3|2|2|2|1|1,180154054080,0|2|4|6,4,12,16,0
13,9|3|3|3|2|2|1|1|1|1,166576009600,0|2|4|6,4,14,18,0
13,9|3|3|3|2|1|1|1|1|1|1,89753784120,0,1,6,6,0
13,9|3|3|3|1|1|1|1|1|1|1|1,25554274200,0,1,6,6,0
13,9|3|3|2|2|2|2|2|1,80068468480,3|5,2,13,15,1
13,9|3|3|2|2|2|2|1|1|1,110484088000,0|2|4|6,4,12,16,0
13,9|3|3|2|2|2|1|1|1|1|1,87671584000,3|5,2,13,15,1
13,9|3|3|2|2|1|1|1|1|1|1|1,45808402640,0,1,8,8,0
13,9|3|3|2|1|1|1|1|1|1|1|1|1,15452320000,3|5,2,13,15,1
13,9|3|3|1|1|1|1|1|1|1|1|1|1|1,2812322240,0|2|4|6,4,12,16,0
13,9|3|2|2|2|2|2|2|2,14074535475,0,1,0,0,0
13,9|3|2|2|2|2|2|2|1|1,33835751950,0,1,2,2,0
13,9|3|2|2|2|2|2|1|1|1|1,35980015500,0,1,4,4,0
13,9|3|2|2|2|2|1|1|1|1|1|1,25226655300,0,1,4,4,0
13,9|3|2|2|2|1|1|1|1|1|1|1|1,12429459900,0,1,4,4,0
13,9|3|2|2|1|1|1|1|1|1|1|1|1|1,4259045700,0,1,4,4,0
13,9|3|2|1|1|1|1|1|1|1|1|1|1|1|1,945719775,0,1,0,0,0
13,9|3|1|1|1|1|1|1|1|1|1|1|1|1|1|1,109359250,0,1,2,2,0
13,9|2|2|2|2|2|2|2|2|1,3797890525,0,1,0,0,0
13,9|2|2|2|2|2|2|2|1|1|1,5582353920,3|7,2,15,17,1
13,9|2|2|2|2|2|2|1|1|1|1|1,4971783960,0,1,6,6,0
13,9|2|2|2|2|2|1|1|1|1|1|1|1,3138009600,3|5,2,15,17,1
13,9|2|2|2|2|1|1|1|1|1|1|1|1|1,1448655000,0,1,6,6,0
13,9|2|2|2|1|1|1|1|1|1|1|1|1|1|1,483724800,3|7,2,15,17,1
13,9|2|2|1|1|1|1|1|1|1|1|1|1|1|1|1,111546435,0,1,0,0,0
13,9|2|1|1|1|1|1|1|1|1|1|1|1|1|1|1|1,15997696,3|5,2,13,15,1
13,9|1|1|1|1|1|1|1|1|1|1|1|1|1|1|1|1|1,1081575,0,1,0,0,0
13,8|8|8|2,3866943080,0|2,2,6,7,0
13,8|8|8|1|1,4143153300,0,1,4,4,0
13,8|8|7|3,19334715400,0|2,2,6,7,0
13,8|8|7|2|1,44193635200,3,1,11,11,1
13,8|8|7|1|1|1,24540215700,0,1,4,4,0
13,8|8|6|4,34802487720,0|2,2,6,7,0
13,8|8|6|3|1,135343007800,0|2,2,6,7,0
13,8|8|6|2|2,101695581000,0|2,2,6,7,0
13,8|8|6|2|1|1,163601438000,0|2,2,8,9,0
13,8|8|6|1|1|1|1,63103411800,0|2,2,6,7,0
13,8|8|5|5,19334715400,0|2,2,6,7,0
13,8|8|5|4|1,154677723200,3,1,9,9,1
13,8|8|5|3|2,263655210000,0|2,2,8,9,0
13,8|8|5|3|1|1,343563019800,0|2,2,6,7,0
13,8|8|5|2|2|1,334639305000,0|2,2,6,7,0
13,8|8|5|2|1|1|1,299156915200,3|5|7|9,4,17,21,1
13,8|8|5|1|1|1|1|1,91149372600,0|2,2,6,7,0
13,8|8|4|4|2,166102782300,0,1,4,4,0
13,8|8|4|4|1|1,204501797500,0,1,4,4,0
13,8|8|4|3|3,147646917600,0|2,2,10,11,0
13,8|8|4|3|2|1,571117747200,5,1,15,15,1
13,8|8|4|3|1|1|1,409003595000,0|2,2,6,7,0
13,8|8|4|2|2|2,239028075000,0,1,6,6,0
13,8|8|4|2|2|1|1,464670577800,0|2,2,6,7,0
13,8|8|4|2|1|1|1|1,303831242000,0|2,2,8,9,0
13,8|8|4|1|1|1|1|1|1,79755701025,0,1,0,0,0
13,8|8|3|3|3|1,174904810080,0|2,2,10,11,0
13,8|8|3|3|2|2,218631012600,0,1,6,6,0
13,8|8|3|3|2|1|1,401567166000,0|2,2,8,9,0
13,8|8|3|3|1|1|1|1,212681869400,0|2,2,6,7,0
13,8|8|3|2|2|2|1,275360342400,3,1,11,11,1
13,8|8|3|2|2|1|1|1,313222389480,0|2,2,6,7,0
13,8|8|3|2|1|1|1|1|1,170145495520,3,1,7,7,1
13,8|8|3|1|1|1|1|1|1|1,42223606425,0,1,0,0,0
13,8|8|2|2|2|2|2,45305013600,0|2,2,10,11,0
13,8|8|2|2|2|2|1|1,99435679200,0|2,2,10,11,0
13,8|8|2|2|2|1|1|1|1,87006219300,0|2,2,4,5,0
13,8|8|2|2|1|1|1|1|1|1,43787443700,0|2,2,4,5,0
13,8|8|2|1|1|1|1|1|1|1|1,12510698200,0|2,2,6,7,0
13,8|8|1|1|1|1|1|1|1|1|1|1,1599111800,0|2,2,6,7,0
13,8|7|7|4,24168394250,0,1,2,2,0
13,8|7|7|3|1,91149372600,0,1,6,6,0
13,8|7|7|2|2,67671503900,0,1,4,4,0
13,8|7|7|2|1|1,108423134820,0,1,4,4,0
13,8|7|7|1|1|1|1,41431533000,0,1,6,6,0
13,8|7|6|5,35354908160,5,1,13,13,1
13,8|7|6|4|1,223315962870,0,1,2,2,0
13,8|7|6|3|2,353549081600,5,1,15,15,1
13,8|7|6|3|1|1,456894197760,5|9,2,19,21,1
13,8|7|6|2|2|1,432664960000,5,1,15,15,1
13,8|7|6|2|1|1|1,382827364920,0|2,2,6,7,0
13,8|7|6|1|1|1|1|1,114223549440,5,1,15,15,1
13,8|7|5|5|1,136724058900,0,1,4,4,0
13,8|7|5|4|2,483367885000,0,1,6,6,0
13,8|7|5|4|1|1,585618783750,0,1,2,2,0
13,8|7|5|3|3,348024877200,0|2,2,8,9,0
13,8|7|5|3|2|1,1297994880000,5,1,15,15,1
13,8|7|5|3|1|1|1,911493726000,0|2,2,8,9,0
13,8|7|5|2|2|2,501958957500,0,1,4,4,0
13,8|7|5|2|2|1|1,966735770000,0|2,2,8,9,0
13,8|7|5|2|1|1|1|1,618413435640,0|2,2,6,7,0
13,8|7|5|1|1|1|1|1|1,155368248750,0,1,2,2,0
13,8|7|4|4|3,284220316380,0,1,4,4,0
13,8|7|4|4|2|1,865329920000,5|7,2,17,21,1
13,8|7|4|4|1|1|1,569683578750,0,1,2,2,0
13,8|7|4|3|3|1,841100682240,5,1,15,15,1
13,8|7|4|3|2|2,979058995200,5|7,2,19,23,1
13,8|7|4|3|2|1|1,1767745408000,5,1,15,15,1
13,8|7|4|3|1|1|1|1,897470745600,5,1,15,15,1
13,8|7|4|2|2|2|1,957068412300,0,1,4,4,0
13,8|7|4|2|2|1|1|1,1066086461440,5|9,2,19,21,1
13,8|7|4|2|1|1|1|1|1,553732438545,0,1,0,0,0
13,8|7|4|1|1|1|1|1|1|1,124782028800,5|7,2,17,22,1
13,8|7|3|3|3|2,393535822680,0,1,6,6,0
13,8|7|3|3|3|1|1,580041462000,0|2,2,8,9,0
13,8|7|3|3|2|2|1,911493726000,0,1,8,8,0
13,8|7|3|3|2|1|1|1,951862912000,5,1,15,15,1
13,8|7|3|3|1|1|1|1|1,398778505125,0,1,0,0,0
13,8|7|3|2|2|2|2,334639305000,0,1,6,6,0
13,8|7|3|2|2|2|1|1,721482341580,0,1,4,4,0
13,8|7|3|2|2|1|1|1|1,604209856250,0,1,2,2,0
13,8|7|3|2|1|1|1|1|1|1,275860895310,0,1,2,2,0
13,8|7|3|1|1|1|1|1|1|1|1,60420985625,0,1,0,0,0
13,8|7|2|2|2|2|2|1,158155683840,5,1,17,17,1
13,8|7|2|2|2|2|1|1|1,205086088350,0,1,2,2,0
13,8|7|2|2|2|1|1|1|1|1,145579033600,5,1,15,15,1
13,8|7|2|2|1|1|1|1|1|1|1,63804560820,0|2,2,4,5,0
13,8|7|2|1|1|1|1|1|1|1|1|1,16418688000,5,1,15,15,1
13,8|7|1|1|1|1|1|1|1|1|1|1|1,1933471540,0,1,4,4,0
13,8|6|6|6,8286306600,0|2,2,6,7,0
13,8|6|6|5|1,106340934700,0,1,4,4,0
13,8|6|6|4|2,304521767550,0,1,2,2,0
13,8|6|6|4|1|1,366467221120,0|8,2,14,20,0
13,8|6|6|3|3,207157665000,0|2,2,6,7,0
13,8|6|6|3|2|1,761490329600,5|9,2,19,21,1
13,8|6|6|3|1|1|1,530323622400,0|2|8|10,4,18,27,0
13,8|6|6|2|2|2,286302516500,0,1,4,4,0
13,8|6|6|2|2|1|1,549156137400,0|2,2,6,7,0
13,8|6|6|2|1|1|1|1,348024877200,0|2,2,8,9,0
13,8|6|6|1|1|1|1|1|1,85890754950,0,1,2,2,0
13,8|6|5|5|2,241683942500,0,1,4,4,0
13,8|6|5|5|1|1,283965353100,0,1,4,4,0
13,8|6|5|4|3,464033169600,3,1,9,9,1
13,8|6|5|4|2|1,1366443828750,0,1,2,2,0
13,8|6|5|4|1|1|1,883872704000,3|7,2,15,17,1
13,8|6|5|3|3|1,1084231348200,0|2,2,6,7,0
13,8|6|5|3|2|2,1227010785000,0,1,6,6,0
13,8|6|5|3|2|1|1,2197126750000,0|2,2,8,9,0
13,8|6|5|3|1|1|1|1,1093792471200,0|2,2,10,11,0
13,8|6|5|2|2|2|1,1104840880000,3,1,11,11,1
13,8|6|5|2|2|1|1|1,1218087070200,0|2,2,6,7,0
13,8|6|5|2|1|1|1|1|1,619560770400,3,1,7,7,1
13,8|6|5|1|1|1|1|1|1|1,134043195000,0,1,6,6,0
13,8|6|4|4|4,135343007800,0,1,6,6,0
13,8|6|4|4|3|1,975808213380,0,1,4,4,0
13,8|6|4|4|2|2,916168052800,0|2|4|6,4,12,16,0
13,8|6|4|4|2|1|1,1601705400750,0,1,2,2,0
13,8|6|4|4|1|1|1|1,744386542900,0,1,4,4,0
13,8|6|4|3|3|2,1135861412400,0,1,8,8,0
13,8|6|4|3|3|1|1,1647468412200,0|2,2,6,7,0
13,8|6|4|3|2|2|1,2416839425000,0,1,6,6,0
13,8|6|4|3|2|1|1|1,2474843571200,5,1,15,15,1
13,8|6|4|3|1|1|1|1|1,993878735850,0,1,2,2,0
13,8|6|4|2|2|2|2,697005866700,0,1,4,4,0
13,8|6|4|2|2|2|1|1,1488773085800,0,1,6,6,0
13,8|6|4|2|2|1|1|1|1,1219760266725,0,1,0,0,0
13,8|6|4|2|1|1|1|1|1|1,533004486300,0,1,4,4,0
13,8|6|4|1|1|1|1|1|1|1|1,106340934700,0,1,4,4,0
13,8|6|3|3|3|3,218631012600,0,1,6,6,0
13,8|6|3|3|3|2|1,1060647244800,3|7,2,17,19,1
13,8|6|3|3|3|1|1|1,870062193000,0|2,2,6,7,0
13,8|6|3|3|2|2|2,713897184000,0|8,2,16,22,0
13,8|6|3|3|2|2|1|1,1488773085800,0,1,6,6,0
13,8|6|3|3|2|1|1|1|1,1138703190625,0,1,0,0,0
13,8|6|3|3|1|1|1|1|1|1,400342342400,0|8,2,16,22,0
13,8|6|3|2|2|2|2|1,721482341580,0,1,4,4,0
13,8|6|3|2|2|2|1|1|1,916168052800,3|5,2,9,11,1
13,8|6|3|2|2|1|1|1|1|1,621838567350,0,1,2,2,0
13,8|6|3|2|1|1|1|1|1|1|1,247484357120,3|7,2,15,17,1
13,8|6|3|1|1|1|1|1|1|1|1|1,48972798875,0,1,0,0,0
13,8|6|2|2|2|2|2|2,99435679200,0|2,2,10,11,0
13,8|6|2|2|2|2|2|1|1,229356631350,0,1,2,2,0
13,8|6|2|2|2|2|1|1|1|1,223405325000,0,1,6,6,0
13,8|6|2|2|2|1|1|1|1|1|1,135343007800,0|2,2,6,7,0
13,8|6|2|2|1|1|1|1|1|1|1|1,52988750100,0|2,2,4,5,0
13,8|6|2|1|1|1|1|1|1|1|1|1|1,12510698200,0,1,6,6,0
13,8|6|1|1|1|1|1|1|1|1|1|1|1|1,1381051100,0,1,4,4,0
13,8|5|5|5|3,124294599000,0|2,2,6,7,0
13,8|5|5|5|2|1,339951040000,5,1,13,13,1
13,8|5|5|5|1|1|1,212681869400,0|2,2,6,7,0
13,8|5|5|4|4,116008292400,0|2,2,8,9,0
13,8|5|5|4|3|1,780825045000,0|2,2,6,7,0
13,8|5|5|4|2|2,715756291250,0,1,2,2,0
13,8|5|5|4|2|1|1,1242945990000,0|2,2,8,9,0
13,8|5|5|4|1|1|1|1,568440632760,0|2,2,6,7,0
13,8|5|5|3|3|2,736206471000,0|2,2,6,7,0
13,8|5|5|3|3|1|1,1060647244800,0|4|8|12,4,20,30,0
13,8|5|5|3|2|2|1,1519156210000,0|2,2,8,9,0
13,8|5|5|3|2|1|1|1,1542759628800,5|7|9|11,4,23,27,1
13,8|5|5|3|1|1|1|1|1,609043535100,0|2,2,4,5,0
13,8|5|5|2|2|2|2,409003595000,0|2,2,6,7,0
13,8|5|5|2|2|2|1|1,870062193000,0|2,2,6,7,0
13,8|5|5|2|2|1|1|1|1,706219312500,0|2,2,4,5,0
13,8|5|5|2|1|1|1|1|1|1,303143841000,0|2,2,6,7,0
13,8|5|5|1|1|1|1|1|1|1|1,58429085000,0|2,2,6,7,0
13,8|5|4|4|4|1,304596131840,5|9,2,21,23,1
13,8|5|4|4|3|2,858907549500,0,1,4,4,0
13,8|5|4|4|3|1|1,1208143502280,0|2,2,6,7,0
13,8|5|4|4|2|2|1,1435602618450,0,1,2,2,0
13,8|5|4|4|2|1|1|1,1417410408960,5,1,13,13,1
13,8|5|4|4|1|1|1|1|1,521070580030,0,1,2,2,0
13,8|5|4|3|3|3,407941248000,5,1,15,15,1
13,8|5|4|3|3|2|1,1914136824600,0|2,2,6,7,0
13,8|5|4|3|3|1|1|1,1542759628800,5|7|9|11,4,23,27,1
13,8|5|4|3|2|2|2,1196627660800,5|9,2,19,21,1
13,8|5|4|3|2|2|1|1,2474843571200,5,1,15,15,1
13,8|5|4|3|2|1|1|1|1,1856132678400,5,1,11,11,1
13,8|5|4|3|1|1|1|1|1|1,627109683200,5|9,2,21,23,1
13,8|5|4|2|2|2|2|1,951862912000,5,1,15,15,1
13,8|5|4|2|2|2|1|1|1,1196335515375,0,1,0,0,0
13,8|5|4|2|2|1|1|1|1|1,795158208000,5,1,13,13,1
13,8|5|4|2|1|1|1|1|1|1|1,303831242000,0|2,2,8,9,0
13,8|5|4|1|1|1|1|1|1|1|1|1,55107852800,5,1,13,13,1
13,8|5|3|3|3|3|1,447460556400,0|2,2,8,9,0
13,8|5|3|3|3|2|2,628229521920,0|2|8|10,4,18,27,0
13,8|5|3|3|3|2|1|1,1218087070200,0|2,2,6,7,0
13,8|5|3|3|3|1|1|1|1,725051827500,0|2,2,4,5,0
13,8|5|3|3|2|2|2|1,1066086461440,5|9,2,19,21,1
13,8|5|3|3|2|2|1|1|1,1302676450075,0,1,0,0,0
13,8|5|3|3|2|1|1|1|1|1,806283878400,5|9,2,21,23,1
13,8|5|3|3|1|1|1|1|1|1|1,247484357120,0|2|8|10,4,18,27,0
13,8|5|3|2|2|2|2|2,313222389480,0|2,2,6,7,0
13,8|5|3|2|2|2|2|1|1,715756291250,0,1,2,2,0
13,8|5|3|2|2|2|1|1|1|1,682073642250,0,1,2,2,0
13,8|5|3|2|2|1|1|1|1|1|1,395482815000,0|2,2,6,7,0
13,8|5|3|2|1|1|1|1|1|1|1|1,141041660760,0|2,2,6,7,0
13,8|5|3|1|1|1|1|1|1|1|1|1|1,25767226485,0,1,0,0,0
13,8|5|2|2|2|2|2|2|1,136724058900,0|2,2,4,5,0
13,8|5|2|2|2|2|2|1|1|1,189511168000,5|9,2,19,21,1
13,8|5|2|2|2|2|1|1|1|1|1,151915621000,0|2,2,6,7,0
13,8|5|2|2|2|1|1|1|1|1|1|1,81197875200,5|7|9|11,4,23,27,1
13,8|5|2|2|1|1|1|1|1|1|1|1|1,29002073100,0|2,2,4,5,0
13,8|5|2|1|1|1|1|1|1|1|1|1|1|1,6399078400,5|9,2,19,21,1
13,8|5|1|1|1|1|1|1|1|1|1|1|1|1|1,676039000,0|2,2,6,7,0
13,8|4|4|4|4|2,147241294200,0,1,6,6,0
13,8|4|4|4|4|1|1,193347154000,0|2,2,8,9,0
13,8|4|4|4|3|3,167319652500,0,1,4,4,0
13,8|4|4|4|3|2|1,729194980800,3,1,9,9,1
13,8|4|4|4|3|1|1|1,568440632760,0|2,2,6,7,0
13,8|4|4|4|2|2|2,365181781250,0,1,2,2,0
13,8|4|4|4|2|2|1|1,744386542900,0,1,4,4,0
13,8|4|4|4|2|1|1|1|1,538296053750,0,1,2,2,0
13,8|4|4|4|1|1|1|1|1|1,167188421400,0,1,6,6,0
13,8|4|4|3|3|3|1,414315330000,0|2,2,8,9,0
13,8|4|4|3|3|2|2,567930706200,0|2,2,6,7,0
13,8|4|4|3|3|2|1|1,1093792471200,0|2,2,10,11,0
13,8|4|4|3|3|1|1|1|1,640682160300,0|2,2,4,5,0
13,8|4|4|3|2|2|2|1,897470745600,5,1,15,15,1
13,8|4|4|3|2|2|1|1|1,1087577741250,0,1,2,2,0
13,8|4|4|3|2|1|1|1|1|1,661722880000,5,1,17,17,1
13,8|4|4|3|1|1|1|1|1|1|1,196321725600,0|2,2,10,11,0
13,8|4|4|2|2|2|2|2,212681869400,0|2,2,6,7,0
13,8|4|4|2|2|2|2|1|1,484031851875,0,1,0,0,0
13,8|4|4|2|2|2|1|1|1|1,456965437500,0,1,4,4,0
13,8|4|4|2|2|1|1|1|1|1|1,260275015000,0|2,2,6,7,0
13,8|4|4|2|1|1|1|1|1|1|1|1,89673269400,0|2,2,6,7,0
13,8|4|4|1|1|1|1|1|1|1|1|1|1,15191562100,0,1,4,4,0
13,8|4|3|3|3|3|2,223092870000,0|2,2,8,9,0
13,8|4|3|3|3|3|1|1,348024877200,0|2,2,8,9,0
13,8|4|3|3|3|2|2|1,618413435640,0|2,2,6,7,0
13,8|4|3|3|3|2|1|1|1,696049754400,3,1,7,7,1
13,8|4|3|3|3|1|1|1|1|1,334376842800,0|2,2,8,9,0
13,8|4|3|3|2|2|2|2,303831242000,0|2,2,8,9,0
13,8|4|3|3|2|2|2|1|1,683221914375,0,1,0,0,0
13,8|4|3|3|2|2|1|1|1|1,625534910000,0,1,8,8,0
13,8|4|3|3|2|1|1|1|1|1|1,331259110000,0|2,2,8,9,0
13,8|4|3|3|1|1|1|1|1|1|1|1,91585494000,0|2,2,8,9,0
13,8|4|3|2|2|2|2|2|1,276210220000,3,1,7,7,1
13,8|4|3|2|2|2|2|1|1|1,378929801250,0,1,2,2,0
13,8|4|3|2|2|2|1|1|1|1|1,297457160000,3,1,9,9,1
13,8|4|3|2|2|1|1|1|1|1|1|1,152642490000,0|2,2,8,9,0
13,8|4|3|2|1|1|1|1|1|1|1|1|1,49972802880,3,1,9,9,1
13,8|4|3|1|1|1|1|1|1|1|1|1|1|1,8631569375,0,1,0,0,0
13,8|4|2|2|2|2|2|2|2,37288379700,0|2,2,4,5,0
13,8|4|2|2|2|2|2|2|1|1,89362130000,0|2,2,8,9,0
13,8|4|2|2|2|2|2|1|1|1|1,94385445000,0|2,2,6,7,0
13,8|4|2|2|2|2|1|1|1|1|1|1,65418210000,0|2,2,8,9,0
13,8|4|2|2|2|1|1|1|1|1|1|1|1,31638625200,0|2,2,8,9,0
13,8|4|2|2|1|1|1|1|1|1|1|1|1|1,10517235300,0|2,2,4,5,0
13,8|4|2|1|1|1|1|1|1|1|1|1|1|1|1,2215590000,0|2,2,8,9,0
13,8|4|1|1|1|1|1|1|1|1|1|1|1|1|1|1,230945000,0|2,2,6,7,0
13,8|3|3|3|3|3|3,21034470600,0,1,6,6,0
13,8|3|3|3|3|3|2|1,114223549440,5,1,15,15,1
13,8|3|3|3|3|3|1|1|1,101507255850,0,1,2,2,0
13,8|3|3|3|3|2|2|2,91149372600,0|2,2,6,7,0
13,8|3|3|3|3|2|2|1|1,198775747170,0,1,2,2,0
13,8|3|3|3|3|2|1|1|1|1,167188421400,0,1,6,6,0
13,8|3|3|3|3|1|1|1|1|1|1,68901894880,0|2,2,10,11,0
13,8|3|3|3|2|2|2|2|1,132926168375,0,1,0,0,0
13,8|3|3|3|2|2|2|1|1|1,179174195200,5|7|9|11,4,23,28,1
13,8|3|3|3|2|2|1|1|1|1|1,135343007800,0,1,6,6,0
13,8|3|3|3|2|1|1|1|1|1|1|1,63761152000,5,1,17,17,1
13,8|3|3|3|1|1|1|1|1|1|1|1|1,16360143800,0,1,6,6,0
13,8|3|3|2|2|2|2|2|2,37219327145,0,1,0,0,0
13,8|3|3|2|2|2|2|2|1|1,88834081050,0,1,2,2,0
13,8|3|3|2|2|2|2|1|1|1|1,92955362500,0,1,4,4,0
13,8|3|3|2|2|2|1|1|1|1|1|1,63287924700,0,1,4,4,0
13,8|3|3|2|2|1|1|1|1|1|1|1|1,29569945860,0,1,4,4,0
13,8|3|3|2|1|1|1|1|1|1|1|1|1|1,9114937260,0,1,4,4,0
13,8|3|3|1|1|1|1|1|1|1|1|1|1|1|1,1537988725,0,1,0,0,0
13,8|3|2|2|2|2|2|2|2|1,20797004800,5,1,15,15,1
13,8|3|2|2|2|2|2|2|1|1|1,30383124200,0|2,2,6,7,0
13,8|3|2|2|2|2|2|1|1|1|1|1,26755660800,5,1,15,15,1
13,8|3|2|2|2|2|1|1|1|1|1|1|1,16572613200,0,1,8,8,0
13,8|3|2|2|2|1|1|1|1|1|1|1|1|1,7417113600,5,1,15,15,1
13,8|3|2|2|1|1|1|1|1|1|1|1|1|1|1,2346821100,0|2,2,4,5,0
13,8|3|2|1|1|1|1|1|1|1|1|1|1|1|1|1,486886400,5,1,15,15,1
13,8|3|1|1|1|1|1|1|1|1|1|1|1|1|1|1|1,53117350,0,1,2,2,0
13,8|2|2|2|2|2|2|2|2|2,1563837275,0,1,0,0,0
13,8|2|2|2|2|2|2|2|2|1|1,3866943080,0|2,2,6,7,0
13,8|2|2|2|2|2|2|2|1|1|1|1,4361214000,0|2,2,8,9,0
13,8|2|2|2|2|2|2|1|1|1|1|1|1,3363554040,0,1,6,6,0
13,8|2|2|2|2|2|1|1|1|1|1|1|1|1,1912224600,0,1,6,6,0
13,8|2|2|2|2|1|1|1|1|1|1|1|1|1|1,811246800,0|2,2,8,9,0
13,8|2|2|2|1|1|1|1|1|1|1|1|1|1|1|1,252191940,0|2,2,4,5,0
13,8|2|2|1|1|1|1|1|1|1|1|1|1|1|1|1|1,54679625,0,1,0,0,0
13,8|2|1|1|1|1|1|1|1|1|1|1|1|1|1|1|1|1,7436429,0,1,0,0,0
13,8|1|1|1|1|1|1|1|1|1|1|1|1|1|1|1|1|1|1,480700,0|2,2,4,5,0
13,7|7|7|5,7595781050,0,1,2,2,0
13,7|7|7|4|1,44193635200,3|5,2,11,13,1
13,7|7|7|3|2,67671503900,0,1,4,4,0
13,7|7|7|3|1|1,87006219300,0,1,4,4,0
13,7|7|7|2|2|1,81205804680,0,1,6,6,0
13,7|7|7|2|1|1|1,71389718400,3,1,11,11,1
13,7|7|7|1|1|1|1|1,21034470600,0,1,6,6,0
13,7|7|6|6,6076624840,0|2,2,6,7,0
13,7|7|6|5|1,72505182750,0,1,2,2,0
13,7|7|6|4|2,201357250380,0,1,4,4,0
13,7|7|6|4|1|1,241683942500,0,1,4,4,0
13,7|7|6|3|3,135343007800,0|2,2,6,7,0
13,7|7|6|3|2|1,494968714240,5,1,15,15,1
13,7|7|6|3|1|1|1,343563019800,0|2,2,6,7,0
13,7|7|6|2|2|2,184558647000,0,1,6,6,0
13,7|7|6|2|2|1|1,353379106080,0|2,2,10,11,0
13,7|7|6|2|1|1|1|1,223092870000,0|2,2,8,9,0
13,7|7|6|1|1|1|1|1|1,54689623560,0,1,6,6,0
13,7|7|5|5|2,132580905600,0|8,2,14,20,0
13,7|7|5|5|1|1,155368248750,0,1,2,2,0
13,7|7|5|4|3,247484357120,3|7,2,15,17,1
13,7|7|5|4|2|1,725051827500,0,1,4,4,0
13,7|7|5|4|1|1|1,467432680000,3,1,9,9,1
13,7|7|5|3|3|1,568440632760,0|2,2,6,7,0
13,7|7|5|3|2|2,640682160300,0,1,4,4,0
13,7|7|5|3|2|1|1,1145210066000,0|2,2,8,9,0
13,7|7|5|3|1|1|1|1,567930706200,0|2,2,6,7,0
13,7|7|5|2|2|2|1,571117747200,3|7,2,17,19,1
13,7|7|5|2|2|1|1|1,628229521920,0|2|8|10,4,18,27,0
13,7|7|5|2|1|1|1|1|1,318194173440,3|7,2,15,17,1
13,7|7|5|1|1|1|1|1|1|1,68362029450,0,1,2,2,0
13,7|7|4|4|4,67671503900,0,1,4,4,0
13,7|7|4|4|3|1,483367885000,0,1,6,6,0
13,7|7|4|4|2|2,451980360000,0|2|4|6,4,12,16,0
13,7|7|4|4|2|1|1,788792647500,0,1,4,4,0
13,7|7|4|4|1|1|1|1,365181781250,0,1,2,2,0
13,7|7|4|3|3|2,553675941000,0,1,6,6,0
13,7|7|4|3|3|1|1,801647046200,0|2,2,6,7,0
13,7|7|4|3|2|2|1,1171237567500,0,1,4,4,0
13,7|7|4|3|2|1|1|1,1196627660800,5|9,2,19,21,1
13,7|7|4|3|1|1|1|1|1,478534206150,0,1,2,2,0
13,7|7|4|2|2|2|2,334639305000,0,1,6,6,0
13,7|7|4|2|2|2|1|1,713897184000,0|8,2,16,22,0
13,7|7|4|2|2|1|1|1|1,583355984640,0|8,2,16,22,0
13,7|7|4|2|1|1|1|1|1|1,253768139625,0,1,0,0,0
13,7|7|4|1|1|1|1|1|1|1|1,50266198125,0,1,0,0,0
13,7|7|3|3|3|3,103352842320,0,1,8,8,0
13,7|7|3|3|3|2|1,499728028800,3,1,11,11,1
13,7|7|3|3|3|1|1|1,409003595000,0|2,2,6,7,0
13,7|7|3|3|2|2|2,334639305000,0,1,6,6,0
13,7|7|3|3|2|2|1|1,697005866700,0,1,4,4,0
13,7|7|3|3|2|1|1|1|1,531704673500,0,1,4,4,0
13,7|7|3|3|1|1|1|1|1|1,186096635725,0,1,0,0,0
13,7|7|3|2|2|2|2|1,334639305000,0,1,6,6,0
13,7|7|3|2|2|2|1|1|1,424258897920,3|5|7|9,4,19,24,1
13,7|7|3|2|2|1|1|1|1|1,287120523690,0,1,2,2,0
13,7|7|3|2|1|1|1|1|1|1|1,113733620000,3,1,7,7,1
13,7|7|3|1|1|1|1|1|1|1|1|1,22340532500,0,1,4,4,0
13,7|7|2|2|2|2|2|2,45305013600,0|2,2,10,11,0
13,7|7|2|2|2|2|2|1|1,104407463160,0,1,6,6,0
13,7|7|2|2|2|2|1|1|1|1,101507255850,0,1,2,2,0
13,7|7|2|2|2|1|1|1|1|1|1,61302421180,0|2,2,4,5,0
13,7|7|2|2|1|1|1|1|1|1|1|1,23884060200,0|2,2,6,7,0
13,7|7|2|1|1|1|1|1|1|1|1|1|1,5596891300,0,1,4,4,0
13,7|7|1|1|1|1|1|1|1|1|1|1|1|1,610569960,0,1,6,6,0
13,7|6|6|6|1,22096817600,3,1,9,9,1
13,7|6|6|5|2,130509328950,0,1,2,2,0
13,7|6|6|5|1|1,151915621000,0,1,6,6,0
13,7|6|6|4|3,198871358400,3,1,9,9,1
13,7|6|6|4|2|1,574241047380,0,1,4,4,0
13,7|6|6|4|1|1|1,367147123200,3|7,2,15,17,1
13,7|6|6|3|3|1,425363738800,0|2,2,8,9,0
13,7|6|6|3|2|2,473700527300,0,1,4,4,0
13,7|6|6|3|2|1|1,843291048600,0|2,2,6,7,0
13,7|6|6|3|1|1|1|1,414315330000,0|2,2,8,9,0
13,7|6|6|2|2|2|1,408868387200,3,1,11,11,1
13,7|6|6|2|2|1|1|1,447460556400,0|2,2,8,9,0
13,7|6|6|2|1|1|1|1|1,224367686400,3,1,13,13,1
13,7|6|6|1|1|1|1|1|1|1,47327558850,0,1,2,2,0
13,7|6|5|5|3,176774540800,3|7,2,15,17,1
13,7|6|5|5|2|1,478534206150,0,1,2,2,0
13,7|6|5|5|1|1|1,297457160000,3,1,9,9,1
13,7|6|5|4|4,154677723200,3,1,9,9,1
13,7|6|5|4|3|1,1020872973120,3,1,9,9,1
13,7|6|5|4|2|2,928066339200,3|5,2,11,13,1
13,7|6|5|4|2|1|1,1606268664000,3,1,9,9,1
13,7|6|5|4|1|1|1|1,729194980800,3,1,9,9,1
13,7|6|5|3|3|2,928066339200,3,1,11,11,1
13,7|6|5|3|3|1|1,1332608076800,3|5|7|9,4,17,21,1
13,7|6|5|3|2|2|1,1892909200000,3,1,11,11,1
13,7|6|5|3|2|1|1|1,1914136824600,0|2,2,6,7,0
13,7|6|5|3|1|1|1|1|1,749592043200,3,1,9,9,1
13,7|6|5|2|2|2|2,499728028800,3,1,11,11,1
13,7|6|5|2|2|2|1|1,1060647244800,3|7,2,17,19,1
13,7|6|5|2|2|1|1|1|1,856676620800,3|7,2,15,17,1
13,7|6|5|2|1|1|1|1|1|1,364597490400,3,1,7,7,1
13,7|6|5|1|1|1|1|1|1|1|1,69290020800,3,1,9,9,1
13,7|6|4|4|4|1,319022804100,0,1,4,4,0
13,7|6|4|4|3|2,883872704000,3|5,2,15,17,1
13,7|6|4|4|3|1|1,1239121540800,3,1,9,9,1
13,7|6|4|4|2|2|1,1460244240000,3|5,2,11,13,1
13,7|6|4|4|2|1|1|1,1435602618450,0,1,2,2,0
13,7|6|4|4|1|1|1|1|1,523524601600,3|5,2,13,15,1
13,7|6|4|3|3|3,406029023400,0,1,6,6,0
13,7|6|4|3|3|2|1,1892909200000,3,1,11,11,1
13,7|6|4|3|3|1|1|1,1519156210000,0|2,2,8,9,0
13,7|6|4|3|2|2|2,1171237567500,0,1,4,4,0
13,7|6|4|3|2|2|1|1,2416839425000,0,1,6,6,0
13,7|6|4|3|2|1|1|1|1,1803705853950,0,1,2,2,0
13,7|6|4|3|1|1|1|1|1|1,604209856250,0,1,2,2,0
13,7|6|4|2|2|2|2|1,911493726000,0,1,8,8,0
13,7|6|4|2|2|2|1|1|1,1142235494400,3|5|7|9,4,19,24,1
13,7|6|4|2|2|1|1|1|1|1,755089688925,0,1,0,0,0
13,7|6|4|2|1|1|1|1|1|1|1,285958816000,3,1,13,13,1
13,7|6|4|1|1|1|1|1|1|1|1|1,51125449375,0,1,0,0,0
13,7|6|3|3|3|3|1,408868387200,3,1,11,11,1
13,7|6|3|3|3|2|2,571117747200,3|7,2,17,19,1
13,7|6|3|3|3|2|1|1,1104840880000,3,1,11,11,1
13,7|6|3|3|3|1|1|1|1,654405752000,3,1,9,9,1
13,7|6|3|3|2|2|2|1,957068412300,0,1,4,4,0
13,7|6|3|3|2|2|1|1|1,1166032067200,3|5,2,11,13,1
13,7|6|3|3|2|1|1|1|1|1,717801309225,0,1,0,0,0
13,7|6|3|3|1|1|1|1|1|1|1,218368550400,3|7,2,15,17,1
13,7|6|3|2|2|2|2|2,275360342400,3,1,11,11,1
13,7|6|3|2|2|2|2|1|1,628229521920,3|5,2,15,17,1
13,7|6|3|2|2|2|1|1|1|1,596614075200,3|5,2,9,11,1
13,7|6|3|2|2|1|1|1|1|1|1,343930466880,3,1,9,9,1
13,7|6|3|2|1|1|1|1|1|1|1|1,121532496800,3,1,7,7,1
13,7|6|3|1|1|1|1|1|1|1|1|1|1,21881059200,3|5,2,11,13,1
13,7|6|2|2|2|2|2|2|1,115321852800,3,1,11,11,1
13,7|6|2|2|2|2|2|1|1|1,159511402050,0,1,2,2,0
13,7|6|2|2|2|2|1|1|1|1|1,127381654400,3,1,11,11,1
13,7|6|2|2|2|1|1|1|1|1|1|1,67671503900,0|2,2,4,5,0
13,7|6|2|2|1|1|1|1|1|1|1|1|1,23943920000,3,1,11,11,1
13,7|6|2|1|1|1|1|1|1|1|1|1|1|1,5205500300,0,1,4,4,0
13,7|6|1|1|1|1|1|1|1|1|1|1|1|1|1,536764800,3,1,11,11,1
13,7|5|5|5|4,58004146200,0|2,2,6,7,0
13,7|5|5|5|3|1,303831242000,0|2,2,8,9,0
13,7|5|5|5|2|2,258947081250,0,1,2,2,0
13,7|5|5|5|2|1|1,441723882600,0|2,2,6,7,0
13,7|5|5|5|1|1|1|1,193347154000,0|2,2,8,9,0
13,7|5|5|4|4|1,297754617160,0|2,2,6,7,0
13,7|5|5|4|3|2,773388616000,3,1,9,9,1
13,7|5|5|4|3|1|1,1076964894720,3|5|7|9,4,19,23,1
13,7|5|5|4|2|2|1,1239121540800,3,1,9,9,1
13,7|5|5|4|2|1|1|1,1208143502280,0|2,2,6,7,0
13,7|5|5|4|1|1|1|1|1,433097624960,3,1,11,11,1
13,7|5|5|3|3|3,290020731000,0|2,2,6,7,0
13,7|5|5|3|3|2|1,1332608076800,3|5|7|9,4,17,21,1
13,7|5|5|3|3|1|1|1,1060647244800,0|4|8|12,4,20,30,0
13,7|5|5|3|2|2|2,801647046200,0|2,2,6,7,0
13,7|5|5|3|2|2|1|1,1647468412200,0|2,2,6,7,0
13,7|5|5|3|2|1|1|1|1,1218087070200,0|2,2,6,7,0
13,7|5|5|3|1|1|1|1|1|1,400823523100,0|2,2,4,5,0
13,7|5|5|2|2|2|2|1,580041462000,0|2,2,8,9,0
13,7|5|5|2|2|2|1|1|1,723168576000,3|7,2,15,17,1
13,7|5|5|2|2|1|1|1|1|1,473275588500,0|2,2,4,5,0
13,7|5|5|2|1|1|1|1|1|1|1,175974656000,3|5|7|9,4,19,23,1
13,7|5|5|1|1|1|1|1|1|1|1|1,30383124200,0|2,2,6,7,0
13,7|5|4|4|4|2,338357519500,0,1,4,4,0
13,7|5|4|4|4|1|1,441723882600,0|2,2,6,7,0
13,7|5|4|4|3|3,372883797000,0,1,6,6,0
13,7|5|4|4|3|2|1,1606268664000,3,1,9,9,1
13,7|5|4|4|3|1|1|1,1242945990000,0|2,2,8,9,0
13,7|5|4|4|2|2|2,788792647500,0,1,4,4,0
13,7|5|4|4|2|2|1|1,1601705400750,0,1,2,2,0
13,7|5|4|4|2|1|1|1|1,1148482094760,0,1,6,6,0
13,7|5|4|4|1|1|1|1|1|1,351371270250,0,1,2,2,0
13,7|5|4|3|3|3|1,843291048600,0|2,2,6,7,0
13,7|5|4|3|3|2|2,1145210066000,0|2,2,8,9,0
13,7|5|4|3|3|2|1|1,2197126750000,0|2,2,8,9,0
13,7|5|4|3|3|1|1|1|1,1276091216400,0|2,2,8,9,0
13,7|5|4|3|2|2|2|1,1767745408000,5,1,15,15,1
13,7|5|4|3|2|2|1|1|1,2131652372850,0,1,2,2,0
13,7|5|4|3|2|1|1|1|1|1,1285014931200,5,1,11,11,1
13,7|5|4|3|1|1|1|1|1|1|1,375320946000,0|2,2,8,9,0
13,7|5|4|2|2|2|2|2,401567166000,0|2,2,8,9,0
13,7|5|4|2|2|2|2|1|1,911493726000,0,1,8,8,0
13,7|5|4|2|2|2|1|1|1|1,855611859375,0,1,0,0,0
13,7|5|4|2|2|1|1|1|1|1|1,482555502000,0|2,2,8,9,0
13,7|5|4|2|1|1|1|1|1|1|1|1,163601438000,0|2,2,8,9,0
13,7|5|4|1|1|1|1|1|1|1|1|1|1,26985011625,0,1,0,0,0
13,7|5|3|3|3|3|2,353379106080,0|2,2,10,11,0
13,7|5|3|3|3|3|1|1,549156137400,0|2,2,6,7,0
13,7|5|3|3|3|2|2|1,966735770000,0|2,2,8,9,0
13,7|5|3|3|3|2|1|1|1,1082744062400,3,1,9,9,1
13,7|5|3|3|3|1|1|1|1|1,515344529700,0|2,2,4,5,0
13,7|5|3|3|2|2|2|2,464670577800,0|2,2,6,7,0
13,7|5|3|3|2|2|2|1|1,1042141160060,0,1,4,4,0
13,7|5|3|3|2|2|1|1|1|1,948702429675,0,1,0,0,0
13,7|5|3|3|2|1|1|1|1|1|1,497470853880,0|2,2,6,7,0
13,7|5|3|3|1|1|1|1|1|1|1|1,135343007800,0|2,2,6,7,0
13,7|5|3|2|2|2|2|2|1,403861835520,3,1,13,13,1
13,7|5|3|2|2|2|2|1|1|1,552154853250,0,1,2,2,0
13,7|5|3|2|2|2|1|1|1|1|1,430710696000,3,1,9,9,1
13,7|5|3|2|2|1|1|1|1|1|1|1,218758494240,0|2,2,10,11,0
13,7|5|3|2|1|1|1|1|1|1|1|1|1,70450380000,3,1,7,7,1
13,7|5|3|1|1|1|1|1|1|1|1|1|1|1,11844544140,0,1,4,4,0
13,7|5|2|2|2|2|2|2|2,49717839600,0|2,2,8,9,0
13,7|5|2|2|2|2|2|2|1|1,118925660700,0|2,2,4,5,0
13,7|5|2|2|2|2|2|1|1|1|1,125106982000,0|2,2,8,9,0
13,7|5|2|2|2|2|1|1|1|1|1|1,86127368600,0|2,2,6,7,0
13,7|5|2|2|2|1|1|1|1|1|1|1|1,41213472300,0|2,2,4,5,0
13,7|5|2|2|1|1|1|1|1|1|1|1|1|1,13473059600,0|2,2,8,9,0
13,7|5|2|1|1|1|1|1|1|1|1|1|1|1|1,2762102200,0|2,2,6,7,0
13,7|5|1|1|1|1|1|1|1|1|1|1|1|1|1|1,274482000,0|2,2,8,9,0
13,7|4|4|4|4|3,87006219300,0,1,4,4,0
13,7|4|4|4|4|2|1,297457160000,3,1,9,9,1
13,7|4|4|4|4|1|1|1,212681869400,0|2,2,6,7,0
13,7|4|4|4|3|3|1,367147123200,3|7,2,15,17,1
13,7|4|4|4|3|2|2,467432680000,3,1,9,9,1
13,7|4|4|4|3|2|1|1,883872704000,3|7,2,15,17,1
13,7|4|4|4|3|1|1|1|1,494968714240,3|7,2,17,19,1
13,7|4|4|4|2|2|2|1,569683578750,0,1,2,2,0
13,7|4|4|4|2|2|1|1|1,674957337600,3|5|7|9,4,17,22,1
13,7|4|4|4|2|1|1|1|1|1,391527986850,0,1,2,2,0
13,7|4|4|4|1|1|1|1|1|1|1,104984880000,3,1,11,11,1
13,7|4|4|3|3|3|2,343563019800,0|2,2,6,7,0
13,7|4|4|3|3|3|1|1,530323622400,0|2|8|10,4,18,27,0
13,7|4|4|3|3|2|2|1,911493726000,0|2,2,8,9,0
13,7|4|4|3|3|2|1|1|1,1012436006400,3|7,2,15,17,1
13,7|4|4|3|3|1|1|1|1|1,473700527300,0|2,2,4,5,0
13,7|4|4|3|2|2|2|2,409003595000,0|2,2,6,7,0
13,7|4|4|3|2|2|2|1|1,913565302650,0,1,2,2,0
13,7|4|4|3|2|2|1|1|1|1,823922531250,0,1,2,2,0
13,7|4|4|3|2|1|1|1|1|1|1,424401377400,0|2,2,6,7,0
13,7|4|4|3|1|1|1|1|1|1|1|1,111546435000,0|2,2,6,7,0
13,7|4|4|2|2|2|2|2|1,285558873600,3|7,2,15,17,1
13,7|4|4|2|2|2|2|1|1|1,388420621875,0,1,0,0,0
13,7|4|4|2|2|2|1|1|1|1|1,299956800000,3|7,2,15,17,1
13,7|4|4|2|2|1|1|1|1|1|1|1,149578457600,0|2|8|10,4,18,27,0
13,7|4|4|2|1|1|1|1|1|1|1|1|1,46519616000,3|7,2,15,17,1
13,7|4|4|1|1|1|1|1|1|1|1|1|1|1,7250518275,0,1,0,0,0
13,7|4|3|3|3|3|3,71389718400,3,1,11,11,1
13,7|4|3|3|3|3|2|1,382827364920,0|2,2,6,7,0
13,7|4|3|3|3|3|1|1|1,337478668800,3|7,2,15,17,1
13,7|4|3|3|3|2|2|2,299156915200,3|5|7|9,4,17,21,1
13,7|4|3|3|3|2|2|1|1,649646437440,3,1,9,9,1
13,7|4|3|3|3|2|1|1|1|1,541372031200,3,1,7,7,1
13,7|4|3|3|3|1|1|1|1|1|1,219488389120,3|5|7|9,4,19,23,1
13,7|4|3|3|2|2|2|2|1,416440024000,3,1,9,9,1
13,7|4|3|3|2|2|2|1|1|1,558289907175,0,1,0,0,0
13,7|4|3|3|2|2|1|1|1|1|1,417458059200,3,1,9,9,1
13,7|4|3|3|2|1|1|1|1|1|1|1,193347154000,0|2,2,8,9,0
13,7|4|3|3|1|1|1|1|1|1|1|1|1,48219371200,3,1,9,9,1
13,7|4|3|2|2|2|2|2|2,106064724480,3|7,2,15,17,1
13,7|4|3|2|2|2|2|2|1|1,252413647200,3,1,7,7,1
13,7|4|3|2|2|2|2|1|1|1|1,262462200000,3,1,9,9,1
13,7|4|3|2|2|2|1|1|1|1|1|1,176774540800,3|7,2,15,17,1
13,7|4|3|2|2|1|1|1|1|1|1|1|1,81158837760,3|7,2,15,17,1
13,7|4|3|2|1|1|1|1|1|1|1|1|1|1,24306499360,3,1,7,7,1
13,7|4|3|1|1|1|1|1|1|1|1|1|1|1|1,3899438400,3,1,9,9,1
13,7|4|2|2|2|2|2|2|2|1,45574686300,0|2,2,4,5,0
13,7|4|2|2|2|2|2|2|1|1|1,66328908800,3|5|7|9,4,17,21,1
13,7|4|2|2|2|2|2|1|1|1|1|1,58004146200,0|2,2,6,7,0
13,7|4|2|2|2|2|1|1|1|1|1|1|1,35524070400,3|7,2,17,19,1
13,7|4|2|2|2|1|1|1|1|1|1|1|1|1,15616500900,0|2,2,4,5,0
13,7|4|2|2|1|1|1|1|1|1|1|1|1|1|1,4799308800,3|5|7|9,4,17,21,1
13,7|4|2|1|1|1|1|1|1|1|1|1|1|1|1|1,946454600,0|2,2,6,7,0
13,7|4|1|1|1|1|1|1|1|1|1|1|1|1|1|1|1,93350400,3|7,2,15,17,1
13,7|3|3|3|3|3|3|1,41431533000,0,1,6,6,0
13,7|3|3|3|3|3|2|2,63103411800,0|2,2,6,7,0
13,7|3|3|3|3|3|2|1|1,127609121640,0,1,6,6,0
13,7|3|3|3|3|3|1|1|1|1,83051391150,0,1,2,2,0
13,7|3|3|3|3|2|2|2|1,130881150400,3,1,9,9,1
13,7|3|3|3|3|2|2|1|1|1,169178759750,0,1,2,2,0
13,7|3|3|3|3|2|1|1|1|1|1,115801504000,3,1,13,13,1
13,7|3|3|3|3|1|1|1|1|1|1|1,41644002400,0|2,2,10,11,0
13,7|3|3|3|2|2|2|2|2,53170467350,0,1,2,2,0
13,7|3|3|3|2|2|2|2|1|1,125489739375,0,1,0,0,0
13,7|3|3|3|2|2|2|1|1|1|1,127950322500,0,1,4,4,0
13,7|3|3|3|2|2|1|1|1|1|1|1,82814777500,0,1,4,4,0
13,7|3|3|3|2|1|1|1|1|1|1|1|1,34872938100,0,1,4,4,0
13,7|3|3|3|1|1|1|1|1|1|1|1|1|1,8180071900,0,1,4,4,0
13,7|3|3|2|2|2|2|2|2|1,46610474625,0,1,0,0,0
13,7|3|3|2|2|2|2|2|1|1|1,67490280000,3,1,9,9,1
13,7|3|3|2|2|2|2|1|1|1|1|1,58429085000,0,1,6,6,0
13,7|3|3|2|2|2|1|1|1|1|1|1|1,35133696000,3|5|7|9,4,19,24,1
13,7|3|3|2|2|1|1|1|1|1|1|1|1|1,14915351880,0,1,6,6,0
13,7|3|3|2|1|1|1|1|1|1|1|1|1|1|1,4249388000,3,1,7,7,1
13,7|3|3|1|1|1|1|1|1|1|1|1|1|1|1|1,671068125,0,1,0,0,0
13,7|3|2|2|2|2|2|2|2|2,7250518275,0,1,0,0,0
13,7|3|2|2|2|2|2|2|2|1|1,17872426000,0|2,2,8,9,0
13,7|3|2|2|2|2|2|2|1|1|1|1,20021155000,0|2,2,6,7,0
13,7|3|2|2|2|2|2|1|1|1|1|1|1,15264249000,0,1,6,6,0
13,7|3|2|2|2|2|1|1|1|1|1|1|1|1,8518091400,0,1,6,6,0
13,7|3|2|2|2|1|1|1|1|1|1|1|1|1|1,3505745100,0|2,2,4,5,0
13,7|3|2|2|1|1|1|1|1|1|1|1|1|1|1|1,1033942000,0|2,2,8,9,0
13,7|3|2|1|1|1|1|1|1|1|1|1|1|1|1|1|1,202076875,0,1,0,0,0
13,7|3|1|1|1|1|1|1|1|1|1|1|1|1|1|1|1|1,20967375,0,1,0,0,0
13,7|2|2|2|2|2|2|2|2|2|1,1819737920,3,1,9,9,1
13,7|2|2|2|2|2|2|2|2|1|1|1,2762102200,0|2,2,6,7,0
13,7|2|2|2|2|2|2|2|1|1|1|1|1,2601244800,3,1,11,11,1
13,7|2|2|2|2|2|2|1|1|1|1|1|1|1,1784742960,0,1,8,8,0
13,7|2|2|2|2|2|1|1|1|1|1|1|1|1|1,927139200,3,1,11,11,1
13,7|2|2|2|2|1|1|1|1|1|1|1|1|1|1|1,365061060,0|2,2,4,5,0
13,7|2|2|2|1|1|1|1|1|1|1|1|1|1|1|1|1,106506400,3,1,7,7,1
13,7|2|2|1|1|1|1|1|1|1|1|1|1|1|1|1|1|1,21871850,0,1,2,2,0
13,7|2|1|1|1|1|1|1|1|1|1|1|1|1|1|1|1|1|1,2841696,3,1,7,7,1
13,7|1|1|1|1|1|1|1|1|1|1|1|1|1|1|1|1|1|1|1,177100,0|2,2,4,5,0
13,6|6|6|6|2,15191562100,0,1,4,4,0
13,6|6|6|6|1|1,17401243860,0,1,4,4,0
13,6|6|6|5|3,53170467350,0,1,2,2,0
13,6|6|6|5|2|1,141419632640,5|7,2,17,21,1
13,6|6|6|5|1|1|1,87006219300,0,1,4,4,0
13,6|6|6|4|4,37978905250,0,1,2,2,0
13,6|6|6|4|3|1,241683942500,0,1,4,4,0
13,6|6|6|4|2|2,216548812480,0|2|4|6,4,12,16,0
13,6|6|6|4|2|1|1,372883797000,0,1,6,6,0
13,6|6|6|4|1|1|1|1,167319652500,0,1,4,4,0
13,6|6|6|3|3|2,203014511700,0,1,4,4,0
13,6|6|6|3|3|1|1,290020731000,0|2,2,6,7,0
13,6|6|6|3|2|2|1,406029023400,0,1,6,6,0
13,6|6|6|3|2|1|1|1,407941248000,5,1,15,15,1
13,6|6|6|3|1|1|1|1|1,157758529500,0,1,4,4,0
13,6|6|6|2|2|2|2,103352842320,0,1,8,8,0
13,6|6|6|2|2|2|1|1,218631012600,0,1,6,6,0
13,6|6|6|2|2|1|1|1|1,175287255000,0,1,6,6,0
13,6|6|6|2|1|1|1|1|1|1,73620647100,0,1,4,4,0
13,6|6|6|1|1|1|1|1|1|1|1,13672405890,0,1,2,2,0
13,6|6|5|5|4,45574686300,0,1,4,4,0
13,6|6|5|5|3|1,234916792110,0,1,2,2,0
13,6|6|5|5|2|2,198871358400,0|2|4|6,4,12,16,0
13,6|6|5|5|2|1|1,338357519500,0,1,4,4,0
13,6|6|5|5|1|1|1|1,147241294200,0,1,6,6,0
13,6|6|5|4|4|1,217515548250,0,1,2,2,0
13,6|6|5|4|3|2,556839803520,3|5,2,11,13,1
13,6|6|5|4|3|1|1,773388616000,3,1,9,9,1
13,6|6|5|4|2|2|1,883872704000,3|5,2,15,17,1
13,6|6|5|4|2|1|1|1,858907549500,0,1,4,4,0
13,6|6|5|4|1|1|1|1|1,305955936000,3|5,2,13,15,1
13,6|6|5|3|3|3,203014511700,0,1,4,4,0
13,6|6|5|3|3|2|1,928066339200,3,1,11,11,1
13,6|6|5|3|3|1|1|1,736206471000,0|2,2,6,7,0
13,6|6|5|3|2|2|2,553675941000,0,1,6,6,0
13,6|6|5|3|2|2|1|1,1135861412400,0,1,8,8,0
13,6|6|5|3|2|1|1|1|1,836598262500,0,1,4,4,0
13,6|6|5|3|1|1|1|1|1|1,273448117800,0,1,6,6,0
13,6|6|5|2|2|2|2|1,393535822680,0,1,6,6,0
13,6|6|5|2|2|2|1|1|1,489529497600,3|5|7|9,4,19,24,1
13,6|6|5|2|2|1|1|1|1|1,319022804100,0,1,4,4,0
13,6|6|5|2|1|1|1|1|1|1|1,117793035360,3,1,7,7,1
13,6|6|5|1|1|1|1|1|1|1|1|1,20106479250,0,1,2,2,0
13,6|6|4|4|4|2,198871358400,0|2|4|6,4,12,16,0
13,6|6|4|4|4|1|1,258947081250,0,1,2,2,0
13,6|6|4|4|3|3,216548812480,0|2|4|6,4,12,16,0
13,6|6|4|4|3|2|1,928066339200,3|5,2,11,13,1
13,6|6|4|4|3|1|1|1,715756291250,0,1,2,2,0
13,6|6|4|4|2|2|2,451980360000,0|2|4|6,4,12,16,0
13,6|6|4|4|2|2|1|1,916168052800,0|2|4|6,4,12,16,0
13,6|6|4|4|2|1|1|1|1,654405752000,0|2|4|6,4,12,16,0
13,6|6|4|4|1|1|1|1|1|1,198871358400,0|2|4|6,4,12,16,0
13,6|6|4|3|3|3|1,473700527300,0,1,4,4,0
13,6|6|4|3|3|2|2,640682160300,0,1,4,4,0
13,6|6|4|3|3|2|1|1,1227010785000,0,1,6,6,0
13,6|6|4|3|3|1|1|1|1,709913382750,0,1,2,2,0
13,6|6|4|3|2|2|2|1,979058995200,5|7,2,19,23,1
13,6|6|4|3|2|2|1|1|1,1177930353600,0|2|4|6,4,12,16,0
13,6|6|4|3|2|1|1|1|1|1,707098163200,5|7,2,17,22,1
13,6|6|4|3|1|1|1|1|1|1|1,205086088350,0,1,2,2,0
13,6|6|4|2|2|2|2|2,218631012600,0,1,6,6,0
13,6|6|4|2|2|2|2|1|1,495648616320,0|2|4|6,4,14,18,0
13,6|6|4|2|2|2|1|1|1|1,464033169600,0|2|4|6,4,12,16,0
13,6|6|4|2|2|1|1|1|1|1|1,260535290015,0,1,0,0,0
13,6|6|4|2|1|1|1|1|1|1|1|1,87695182575,0,1,0,0,0
13,6|6|4|1|1|1|1|1|1|1|1|1|1,14297940800,0|2|4|6,4,12,16,0
13,6|6|3|3|3|3|2,184558647000,0,1,6,6,0
13,6|6|3|3|3|3|1|1,286302516500,0,1,4,4,0
13,6|6|3|3|3|2|2|1,501958957500,0,1,4,4,0
13,6|6|3|3|3|2|1|1|1,560919216000,3|5,2,11,13,1
13,6|6|3|3|3|1|1|1|1|1,265852336750,0,1,2,2,0
13,6|6|3|3|2|2|2|2,239028075000,0,1,6,6,0
13,6|6|3|3|2|2|2|1|1,535422888000,0|2|4|6,4,12,16,0
13,6|6|3|3|2|2|1|1|1|1,486129987200,0|2|4|6,4,14,18,0
13,6|6|3|3|2|1|1|1|1|1|1,253768139625,0,1,0,0,0
13,6|6|3|3|1|1|1|1|1|1|1|1,68544815625,0,1,0,0,0
13,6|6|3|2|2|2|2|2|1,203970624000,3|5,2,15,17,1
13,6|6|3|2|2|2|2|1|1|1,278419901760,0|2|4|6,4,12,16,0
13,6|6|3|2|2|2|1|1|1|1|1,216548812480,3|5,2,9,11,1
13,6|6|3|2|2|1|1|1|1|1|1|1,109468609250,0,1,2,2,0
13,6|6|3|2|1|1|1|1|1|1|1|1|1,34994960000,3|5,2,11,13,1
13,6|6|3|1|1|1|1|1|1|1|1|1|1|1,5814952000,0|2|4|6,4,12,16,0
13,6|6|2|2|2|2|2|2|2,24270543000,0,1,6,6,0
13,6|6|2|2|2|2|2|2|1|1,58004146200,0,1,6,6,0
13,6|6|2|2|2|2|2|1|1|1|1,60904353510,0,1,2,2,0
13,6|6|2|2|2|2|1|1|1|1|1|1,41797105350,0,1,2,2,0
13,6|6|2|2|2|1|1|1|1|1|1|1|1,19903383500,0,1,4,4,0
13,6|6|2|2|1|1|1|1|1|1|1|1|1|1,6457951500,0,1,4,4,0
13,6|6|2|1|1|1|1|1|1|1|1|1|1|1|1,1308364200,0,1,6,6,0
13,6|6|1|1|1|1|1|1|1|1|1|1|1|1|1|1,127481640,0,1,6,6,0
13,6|5|5|5|5,9114937260,0,1,4,4,0
13,6|5|5|5|4|1,106064724480,5,1,13,13,1
13,6|5|5|5|3|2,217515548250,0,1,2,2,0
13,6|5|5|5|3|1|1,297754617160,0|2,2,6,7,0
13,6|5|5|5|2|2|1,319022804100,0,1,4,4,0
13,6|5|5|5|2|1|1|1,304596131840,5|9,2,21,23,1
13,6|5|5|5|1|1|1|1|1,104407463160,0,1,6,6,0
13,6|5|5|4|4|2,234916792110,0,1,2,2,0
13,6|5|5|4|4|1|1,303831242000,0|2,2,8,9,0
13,6|5|5|4|3|3,241683942500,0,1,4,4,0
13,6|5|5|4|3|2|1,1020872973120,3,1,9,9,1
13,6|5|5|4|3|1|1|1,780825045000,0|2,2,6,7,0
13,6|5|5|4|2|2|2,483367885000,0,1,6,6,0
13,6|5|5|4|2|2|1|1,975808213380,0,1,4,4,0
13,6|5|5|4|2|1|1|1|1,690525550000,0,1,8,8,0
13,6|5|5|4|1|1|1|1|1|1,206137811880,0,1,6,6,0
13,6|5|5|3|3|3|1,425363738800,0|2,2,8,9,0
13,6|5|5|3|3|2|2,568440632760,0|2,2,6,7,0
13,6|5|5|3|3|2|1|1,1084231348200,0|2,2,6,7,0
13,6|5|5|3|3|1|1|1|1,621472995000,0|2,2,6,7,0
13,6|5|5|3|2|2|2|1,841100682240,5,1,15,15,1
13,6|5|5|3|2|2|1|1|1,1006786251900,0,1,4,4,0
13,6|5|5|3|2|1|1|1|1|1,598313830400,5,1,17,17,1
13,6|5|5|3|1|1|1|1|1|1|1,170379211860,0|2,2,4,5,0
13,6|5|5|2|2|2|2|2,174904810080,0|2,2,10,11,0
13,6|5|5|2|2|2|2|1|1,395482815000,0,1,6,6,0
13,6|5|5|2|2|2|1|1|1|1,368103235500,0,1,4,4,0
13,6|5|5|2|2|1|1|1|1|1|1,204501797500,0|2,2,4,5,0
13,6|5|5|2|1|1|1|1|1|1|1|1,67557770280,0|2,2,6,7,0
13,6|5|5|1|1|1|1|1|1|1|1|1|1,10634093470,0,1,2,2,0
13,6|5|4|4|4|3,141419632640,5|7,2,17,21,1
13,6|5|4|4|4|2|1,478534206150,0,1,2,2,0
13,6|5|4|4|4|1|1|1,339951040000,5,1,13,13,1
13,6|5|4|4|3|3|1,574241047380,0,1,4,4,0
13,6|5|4|4|3|2|2,725051827500,0,1,4,4,0
13,6|5|4|4|3|2|1|1,1366443828750,0,1,2,2,0
13,6|5|4|4|3|1|1|1|1,759578105000,0,1,6,6,0
13,6|5|4|4|2|2|2|1,865329920000,5|7,2,17,21,1
13,6|5|4|4|2|2|1|1|1,1020872973120,0|2|4|6,4,12,16,0
13,6|5|4|4|2|1|1|1|1|1,587435397120,5|7,2,19,24,1
13,6|5|4|4|1|1|1|1|1|1|1,155368248750,0,1,2,2,0
13,6|5|4|3|3|3|2,494968714240,5,1,15,15,1
13,6|5|4|3|3|3|1|1,761490329600,5|9,2,19,21,1
13,6|5|4|3|3|2|2|1,1297994880000,5,1,15,15,1
13,6|5|4|3|3|2|1|1|1,1435602618450,0,1,2,2,0
13,6|5|4|3|3|1|1|1|1|1,666304038400,5,1,13,13,1
13,6|5|4|3|2|2|2|2,571117747200,5,1,15,15,1
13,6|5|4|3|2|2|2|1|1,1272776693760,5|7,2,17,21,1
13,6|5|4|3|2|2|1|1|1|1,1142235494400,5|7,2,17,22,1
13,6|5|4|3|2|1|1|1|1|1|1,583355984640,5,1,11,11,1
13,6|5|4|3|1|1|1|1|1|1|1|1,151178227200,5,1,13,13,1
13,6|5|4|2|2|2|2|2|1,382827364920,0,1,6,6,0
13,6|5|4|2|2|2|2|1|1|1,519197952000,5|7,2,17,21,1
13,6|5|4|2|2|2|1|1|1|1|1,398778505125,0,1,0,0,0
13,6|5|4|2|2|1|1|1|1|1|1|1,197091614720,5|9,2,21,23,1
13,6|5|4|2|1|1|1|1|1|1|1|1|1,60420985625,0,1,0,0,0
13,6|5|4|1|1|1|1|1|1|1|1|1|1|1,9194465280,5|7,2,17,21,1
13,6|5|3|3|3|3|3,81205804680,0,1,6,6,0
13,6|5|3|3|3|3|2|1,432664960000,5,1,15,15,1
13,6|5|3|3|3|3|1|1|1,379789052500,0,1,4,4,0
13,6|5|3|3|3|2|2|2,334639305000,0|2,2,6,7,0
13,6|5|3|3|3|2|2|1|1,725051827500,0,1,4,4,0
13,6|5|3|3|3|2|1|1|1|1,601235284650,0,1,2,2,0
13,6|5|3|3|3|1|1|1|1|1|1,241683942500,0|2,2,4,5,0
13,6|5|3|3|2|2|2|2|1,455746863000,0,1,6,6,0
13,6|5|3|3|2|2|2|1|1|1,609192263680,5|7|9|11,4,23,28,1
13,6|5|3|3|2|2|1|1|1|1|1,453053813355,0,1,0,0,0
13,6|5|3|3|2|1|1|1|1|1|1|1,207970048000,5,1,17,17,1
13,6|5|3|3|1|1|1|1|1|1|1|1|1,51125449375,0,1,0,0,0
13,6|5|3|2|2|2|2|2|2,111546435000,0,1,6,6,0
13,6|5|3|2|2|2|2|2|1|1,265034329560,0,1,6,6,0
13,6|5|3|2|2|2|2|1|1|1|1,274640843750,0,1,2,2,0
13,6|5|3|2|2|2|1|1|1|1|1|1,183907263540,0,1,4,4,0
13,6|5|3|2|2|1|1|1|1|1|1|1|1,83659826250,0,1,2,2,0
13,6|5|3|2|1|1|1|1|1|1|1|1|1|1,24692167500,0,1,4,4,0
13,6|5|3|1|1|1|1|1|1|1|1|1|1|1|1,3866943080,0,1,6,6,0
13,6|5|2|2|2|2|2|2|2|1,43932134400,5,1,15,15,1
13,6|5|2|2|2|2|2|2|1|1|1,63804560820,0|2,2,4,5,0
13,6|5|2|2|2|2|2|1|1|1|1|1,55584721920,5,1,15,15,1
13,6|5|2|2|2|2|1|1|1|1|1|1|1,33835751950,0,1,2,2,0
13,6|5|2|2|2|1|1|1|1|1|1|1|1|1,14734720000,5,1,15,15,1
13,6|5|2|2|1|1|1|1|1|1|1|1|1|1|1,4461857400,0|2,2,6,7,0
13,6|5|2|1|1|1|1|1|1|1|1|1|1|1|1|1,858823680,5,1,15,15,1
13,6|5|1|1|1|1|1|1|1|1|1|1|1|1|1|1|1,81124680,0,1,6,6,0
13,6|4|4|4|4|4,17401243860,0,1,4,4,0
13,6|4|4|4|4|3|1,151915621000,0,1,6,6,0
13,6|4|4|4|4|2|2,155368248750,0,1,2,2,0
13,6|4|4|4|4|2|1|1,283965353100,0,1,4,4,0
13,6|4|4|4|4|1|1|1|1,145010365500,0,1,4,4,0
13,6|4|4|4|3|3|2,241683942500,0,1,4,4,0
13,6|4|4|4|3|3|1|1,366467221120,0|8,2,14,20,0
13,6|4|4|4|3|2|2|1,585618783750,0,1,2,2,0
13,6|4|4|4|3|2|1|1|1,636388346880,3|5|7|9,4,17,22,1
13,6|4|4|4|3|1|1|1|1|1,284220316380,0,1,4,4,0
13,6|4|4|4|2|2|2|2,204501797500,0,1,4,4,0
13,6|4|4|4|2|2|2|1|1,451980360000,0|2|4|6,4,12,16,0
13,6|4|4|4|2|2|1|1|1|1,397742716800,0|2|4|6,4,14,18,0
13,6|4|4|4|2|1|1|1|1|1|1,195206261250,0,1,2,2,0
13,6|4|4|4|1|1|1|1|1|1|1|1,46399567500,0,1,4,4,0
13,6|4|4|3|3|3|3,87006219300,0,1,4,4,0
13,6|4|4|3|3|3|2|1,456894197760,5|9,2,19,21,1
13,6|4|4|3|3|3|1|1|1,397742716800,0|8,2,14,20,0
13,6|4|4|3|3|2|2|2,343563019800,0|2,2,6,7,0
13,6|4|4|3|3|2|2|1|1,741360785490,0,1,2,2,0
13,6|4|4|3|3|2|1|1|1|1,609043535100,0,1,4,4,0
13,6|4|4|3|3|1|1|1|1|1|1,240494113860,0|2,2,4,5,0
13,6|4|4|3|2|2|2|2|1,435031096500,0,1,4,4,0
13,6|4|4|3|2|2|2|1|1|1,578534860800,5|7,2,17,22,1
13,6|4|4|3|2|2|1|1|1|1|1,425948029650,0,1,2,2,0
13,6|4|4|3|2|1|1|1|1|1|1|1,191972352000,5|9,2,21,23,1
13,6|4|4|3|1|1|1|1|1|1|1|1|1,45574686300,0,1,4,4,0
13,6|4|4|2|2|2|2|2|2,85667662080,0|8,2,16,22,0
13,6|4|4|2|2|2|2|2|1|1,203014511700,0,1,4,4,0
13,6|4|4|2|2|2|2|1|1|1|1,209149565625,0,1,0,0,0
13,6|4|4|2|2|2|1|1|1|1|1|1,138580041600,0|8,2,14,20,0
13,6|4|4|2|2|1|1|1|1|1|1|1|1,61871089280,0|8,2,14,20,0
13,6|4|4|2|1|1|1|1|1|1|1|1|1|1,17630207595,0,1,0,0,0
13,6|4|4|1|1|1|1|1|1|1|1|1|1|1|1,2559006450,0,1,2,2,0
13,6|4|3|3|3|3|3|1,108423134820,0,1,4,4,0
13,6|4|3|3|3|3|2|2,163601438000,0|2,2,8,9,0
13,6|4|3|3|3|3|2|1|1,329569012500,0,1,4,4,0
13,6|4|3|3|3|3|1|1|1|1,212681869400,0,1,6,6,0
13,6|4|3|3|3|2|2|2|1,331452264000,3,1,9,9,1
13,6|4|3|3|3|2|2|1|1|1,426330474570,0,1,2,2,0
13,6|4|3|3|3|2|1|1|1|1|1,289128359520,3,1,7,7,1
13,6|4|3|3|3|1|1|1|1|1|1|1,102360258000,0|2,2,8,9,0
13,6|4|3|3|2|2|2|2|2,129075160500,0,1,4,4,0
13,6|4|3|3|2|2|2|2|1|1,303831242000,0,1,8,8,0
13,6|4|3|3|2|2|2|1|1|1|1,308020269375,0,1,0,0,0
13,6|4|3|3|2|2|1|1|1|1|1|1,197409069000,0,1,6,6,0
13,6|4|3|3|2|1|1|1|1|1|1|1|1,81800719000,0,1,6,6,0
13,6|4|3|3|1|1|1|1|1|1|1|1|1|1,18681931125,0,1,0,0,0
13,6|4|3|2|2|2|2|2|2|1,103068905940,0,1,4,4,0
13,6|4|3|2|2|2|2|2|1|1|1,148728580000,3,1,7,7,1
13,6|4|3|2|2|2|2|1|1|1|1|1,127950322500,0,1,4,4,0
13,6|4|3|2|2|2|1|1|1|1|1|1|1,76149032960,3|5|7|9,4,19,24,1
13,6|4|3|2|2|1|1|1|1|1|1|1|1|1,31800518750,0,1,2,2,0
13,6|4|3|2|1|1|1|1|1|1|1|1|1|1|1,8818729920,3,1,9,9,1
13,6|4|3|1|1|1|1|1|1|1|1|1|1|1|1|1,1327933750,0,1,2,2,0
13,6|4|2|2|2|2|2|2|2|2,12429459900,0,1,4,4,0
13,6|4|2|2|2|2|2|2|2|1|1,30580884180,0|2,2,4,5,0
13,6|4|2|2|2|2|2|2|1|1|1|1,34120086000,0|2,2,8,9,0
13,6|4|2|2|2|2|2|1|1|1|1|1|1,25838210580,0,1,4,4,0
13,6|4|2|2|2|2|1|1|1|1|1|1|1|1,14266201950,0,1,2,2,0
13,6|4|2|2|2|1|1|1|1|1|1|1|1|1|1,5774168400,0|2,2,8,9,0
13,6|4|2|2|1|1|1|1|1|1|1|1|1|1|1|1,1657261320,0|2,2,6,7,0
13,6|4|2|1|1|1|1|1|1|1|1|1|1|1|1|1|1,308792250,0,1,2,2,0
13,6|4|1|1|1|1|1|1|1|1|1|1|1|1|1|1|1|1,29099070,0,1,2,2,0
13,6|3|3|3|3|3|3|2,24540215700,0,1,4,4,0
13,6|3|3|3|3|3|3|1|1,39774271680,0|2|4|6,4,12,16,0
13,6|3|3|3|3|3|2|2|1,75957810500,0,1,4,4,0
13,6|3|3|3|3|3|2|1|1|1,89994311680,5|7,2,17,21,1
13,6|3|3|3|3|3|1|1|1|1|1,47370052730,0,1,2,2,0
13,6|3|3|3|3|2|2|2|2,43821813750,0,1,2,2,0
13,6|3|3|3|3|2|2|2|1|1,101507255850,0,1,2,2,0
13,6|3|3|3|3|2|2|1|1|1|1,98870703750,0,1,2,2,0
13,6|3|3|3|3|2|1|1|1|1|1|1,57872915100,0,1,4,4,0
13,6|3|3|3|3|1|1|1|1|1|1|1|1,18591072500,0,1,4,4,0
13,6|3|3|3|2|2|2|2|2|1,54392166400,5|7,2,17,22,1
13,6|3|3|3|2|2|2|2|1|1|1,77684124375,0,1,0,0,0
13,6|3|3|3|2|2|2|1|1|1|1|1,65445120000,5|7,2,17,21,1
13,6|3|3|3|2|2|1|1|1|1|1|1|1,37394614400,0|2|4|6,4,14,18,0
13,6|3|3|3|2|1|1|1|1|1|1|1|1|1,14313728000,5|7,2,17,21,1
13,6|3|3|3|1|1|1|1|1|1|1|1|1|1|1,3107364975,0,1,0,0,0
13,6|3|3|2|2|2|2|2|2|2,13258090560,0|2|4|6,4,12,16,0
13,6|3|3|2|2|2|2|2|2|1|1,32534376875,0,1,0,0,0
13,6|3|3|2|2|2|2|2|1|1|1|1,36088552500,0,1,4,4,0
13,6|3|3|2|2|2|2|1|1|1|1|1|1,27041560000,0|2|4|6,4,12,16,0
13,6|3|3|2|2|2|1|1|1|1|1|1|1|1,14653679040,0|2|4|6,4,12,16,0
13,6|3|3|2|2|1|1|1|1|1|1|1|1|1|1,5726050330,0,1,2,2,0
13,6|3|3|2|1|1|1|1|1|1|1|1|1|1|1|1,1523218125,0,1,0,0,0
13,6|3|3|1|1|1|1|1|1|1|1|1|1|1|1|1|1,227240000,0|2|4|6,4,12,16,0
13,6|3|2|2|2|2|2|2|2|2|1,6836202945,0,1,0,0,0
13,6|3|2|2|2|2|2|2|2|1|1|1,10336972800,5|9,2,19,21,1
13,6|3|2|2|2|2|2|2|1|1|1|1|1,9667357700,0,1,4,4,0
13,6|3|2|2|2|2|2|1|1|1|1|1|1|1,6558289920,5|7,2,19,24,1
13,6|3|2|2|2|2|1|1|1|1|1|1|1|1|1,3346393050,0,1,2,2,0
13,6|3|2|2|2|1|1|1|1|1|1|1|1|1|1|1,1279815680,5|9,2,19,21,1
13,6|3|2|2|1|1|1|1|1|1|1|1|1|1|1|1|1,354920475,0,1,0,0,0
13,6|3|2|1|1|1|1|1|1|1|1|1|1|1|1|1|1|1,65894400,5|7,2,17,22,1
13,6|3|1|1|1|1|1|1|1|1|1|1|1|1|1|1|1|1|1,6561555,0,1,0,0,0
13,6|2|2|2|2|2|2|2|2|2|2,483367885,0,1,0,0,0
13,6|2|2|2|2|2|2|2|2|2|1|1,1218574500,0,1,4,4,0
13,6|2|2|2|2|2|2|2|2|1|1|1|1,1430082500,0,1,4,4,0
13,6|2|2|2|2|2|2|2|1|1|1|1|1|1,1174173000,0,1,6,6,0
13,6|2|2|2|2|2|2|1|1|1|1|1|1|1|1,730122120,0,1,6,6,0
13,6|2|2|2|2|2|1|1|1|1|1|1|1|1|1|1,350574510,0,1,2,2,0
13,6|2|2|2|2|1|1|1|1|1|1|1|1|1|1|1|1,129242750,0,1,2,2,0
13,6|2|2|2|1|1|1|1|1|1|1|1|1|1|1|1|1|1,35660625,0,1,0,0,0
13,6|2|2|1|1|1|1|1|1|1|1|1|1|1|1|1|1|1|1,6989125,0,1,0,0,0
13,6|2|1|1|1|1|1|1|1|1|1|1|1|1|1|1|1|1|1|1,874874,0,1,2,2,0
13,6|1|1|1|1|1|1|1|1|1|1|1|1|1|1|1|1|1|1|1|1,53130,0,1,2,2,0
13,5|5|5|5|5|1,9114937260,0,1,4,4,0
13,5|5|5|5|4|2,45574686300,0,1,4,4,0
13,5|5|5|5|4|1|1,58004146200,0|2,2,6,7,0
13,5|5|5|5|3|3,37978905250,0,1,2,2,0
13,5|5|5|5|3|2|1,154677723200,3,1,9,9,1
13,5|5|5|5|3|1|1|1,116008292400,0|2,2,8,9,0
13,5|5|5|5|2|2|2,67671503900,0,1,4,4,0
13,5|5|5|5|2|2|1|1,135343007800,0,1,6,6,0
13,5|5|5|5|2|1|1|1|1,93699005400,0,1,6,6,0
13,5|5|5|5|1|1|1|1|1|1,26771144400,0,1,8,8,0
13,5|5|5|4|4|3,53170467350,0,1,2,2,0
13,5|5|5|4|4|2|1,176774540800,3|7,2,15,17,1
13,5|5|5|4|4|1|1|1,124294599000,0|2,2,6,7,0
13,5|5|5|4|3|3|1,198871358400,3,1,9,9,1
13,5|5|5|4|3|2|2,247484357120,3|7,2,15,17,1
13,5|5|5|4|3|2|1|1,464033169600,3,1,9,9,1
13,5|5|5|4|3|1|1|1|1,254963280000,3,1,11,11,1
13,5|5|5|4|2|2|2|1,284220316380,0,1,4,4,0
13,5|5|5|4|2|2|1|1|1,333152019200,3|5,2,13,15,1
13,5|5|5|4|2|1|1|1|1|1,189310235400,0,1,6,6,0
13,5|5|5|4|1|1|1|1|1|1|1,48952949760,3|7,2,17,19,1
13,5|5|5|3|3|3|2,135343007800,0|2,2,6,7,0
13,5|5|5|3|3|3|1|1,207157665000,0|2,2,6,7,0
13,5|5|5|3|3|2|2|1,348024877200,0|2,2,8,9,0
13,5|5|5|3|3|2|1|1|1,382444920000,3,1,9,9,1
13,5|5|5|3|3|1|1|1|1|1,175287255000,0|2,2,6,7,0
13,5|5|5|3|2|2|2|2,147646917600,0|2,2,10,11,0
13,5|5|5|3|2|2|2|1|1,327946518900,0,1,4,4,0
13,5|5|5|3|2|2|1|1|1|1,292145425000,0,1,6,6,0
13,5|5|5|3|2|1|1|1|1|1|1,147241294200,0|2,2,6,7,0
13,5|5|5|3|1|1|1|1|1|1|1|1,37288379700,0|2,2,4,5,0
13,5|5|5|2|2|2|2|2|1,90859641600,3,1,13,13,1
13,5|5|5|2|2|2|2|1|1|1,122701078500,0,1,4,4,0
13,5|5|5|2|2|2|1|1|1|1|1,93486536000,3,1,9,9,1
13,5|5|5|2|2|1|1|1|1|1|1|1,45574686300,0|2,2,4,5,0
13,5|5|5|2|1|1|1|1|1|1|1|1|1,13648034400,3,1,7,7,1
13,5|5|5|1|1|1|1|1|1|1|1|1|1|1,1990338350,0,1,2,2,0
13,5|5|4|4|4|4,15191562100,0,1,4,4,0
13,5|5|4|4|4|3|1,130509328950,0,1,2,2,0
13,5|5|4|4|4|2|2,132580905600,0|8,2,14,20,0
13,5|5|4|4|4|2|1|1,241683942500,0,1,4,4,0
13,5|5|4|4|4|1|1|1|1,122701078500,0,1,4,4,0
13,5|5|4|4|3|3|2,201357250380,0,1,4,4,0
13,5|5|4|4|3|3|1|1,304521767550,0,1,2,2,0
13,5|5|4|4|3|2|2|1,483367885000,0,1,6,6,0
13,5|5|4|4|3|2|1|1|1,523524601600,3|5,2,13,15,1
13,5|5|4|4|3|1|1|1|1|1,232335288900,0,1,4,4,0
13,5|5|4|4|2|2|2|2,166102782300,0,1,4,4,0
13,5|5|4|4|2|2|2|1|1,366467221120,0|2|4|6,4,14,18,0
13,5|5|4|4|2|2|1|1|1|1,321253732800,0|2|4|6,4,12,16,0
13,5|5|4|4|2|1|1|1|1|1|1,156611194740,0,1,4,4,0
13,5|5|4|4|1|1|1|1|1|1|1|1,36810323550,0,1,2,2,0
13,5|5|4|3|3|3|3,67671503900,0,1,4,4,0
13,5|5|4|3|3|3|2|1,353549081600,5,1,15,15,1
13,5|5|4|3|3|3|1|1|1,306752696250,0,1,2,2,0
13,5|5|4|3|3|2|2|2,263655210000,0|2,2,8,9,0
13,5|5|4|3|3|2|2|1|1,567930706200,0,1,6,6,0
13,5|5|4|3|3|2|1|1|1|1,464776812500,0,1,4,4,0
13,5|5|4|3|3|1|1|1|1|1|1,182298745200,0|2,2,8,9,0
13,5|5|4|3|2|2|2|2|1,327946518900,0,1,4,4,0
13,5|5|4|3|2|2|2|1|1|1,435137331200,5|7|9|11,4,23,28,1
13,5|5|4|3|2|2|1|1|1|1|1,319022804100,0,1,4,4,0
13,5|5|4|3|2|1|1|1|1|1|1|1,142779436800,5,1,11,11,1
13,5|5|4|3|1|1|1|1|1|1|1|1|1,33510798750,0,1,2,2,0
13,5|5|4|2|2|2|2|2|2,62466003600,0,1,8,8,0
13,5|5|4|2|2|2|2|2|1|1,147849729300,0,1,4,4,0
13,5|5|4|2|2|2|2|1|1|1|1,151915621000,0,1,6,6,0
13,5|5|4|2|2|2|1|1|1|1|1|1,100205880775,0,1,0,0,0
13,5|5|4|2|2|1|1|1|1|1|1|1|1,44417040525,0,1,0,0,0
13,5|5|4|2|1|1|1|1|1|1|1|1|1|1,12510698200,0,1,6,6,0
13,5|5|4|1|1|1|1|1|1|1|1|1|1|1|1,1780829050,0,1,2,2,0
13,5|5|3|3|3|3|3|1,67671503900,0,1,4,4,0
13,5|5|3|3|3|3|2|2,101695581000,0|2,2,6,7,0
13,5|5|3|3|3|3|2|1|1,204501797500,0,1,4,4,0
13,5|5|3|3|3|3|1|1|1|1,131465441250,0,1,2,2,0
13,5|5|3|3|3|2|2|2|1,203970624000,3|7,2,15,17,1
13,5|5|3|3|3|2|2|1|1|1,261762300800,0|8,2,14,20,0
13,5|5|3|3|3|2|1|1|1|1|1,176774540800,3|7,2,15,17,1
13,5|5|3|3|3|1|1|1|1|1|1|1,62147299500,0|2,2,4,5,0
13,5|5|3|3|2|2|2|2|2,78082504500,0,1,4,4,0
13,5|5|3|3|2|2|2|2|1|1,183573561600,0|8,2,16,22,0
13,5|5|3|3|2|2|2|1|1|1|1,185613267840,0|8,2,14,20,0
13,5|5|3|3|2|2|1|1|1|1|1|1,118425131825,0,1,0,0,0
13,5|5|3|3|2|1|1|1|1|1|1|1|1,48719545875,0,1,0,0,0
13,5|5|3|3|1|1|1|1|1|1|1|1|1|1,10998416000,0|8,2,14,20,0
13,5|5|3|2|2|2|2|2|2|1,60235074900,0,1,4,4,0
13,5|5|3|2|2|2|2|2|1|1|1,86780229120,3|7,2,15,17,1
13,5|5|3|2|2|2|2|1|1|1|1|1,74438654290,0,1,2,2,0
13,5|5|3|2|2|2|1|1|1|1|1|1|1,44093649600,3|5,2,9,11,1
13,5|5|3|2|2|1|1|1|1|1|1|1|1|1,18278617500,0,1,4,4,0
13,5|5|3|2|1|1|1|1|1|1|1|1|1|1|1,5009804800,3|7,2,15,17,1
13,5|5|3|1|1|1|1|1|1|1|1|1|1|1|1|1,739728990,0,1,2,2,0
13,5|5|2|2|2|2|2|2|2|2,6741817500,0,1,4,4,0
13,5|5|2|2|2|2|2|2|2|1|1,16572613200,0|2,2,8,9,0
13,5|5|2|2|2|2|2|2|1|1|1|1,18455864700,0|2,2,4,5,0
13,5|5|2|2|2|2|2|1|1|1|1|1|1,13932368450,0,1,2,2,0
13,5|5|2|2|2|2|1|1|1|1|1|1|1|1,7655147500,0,1,4,4,0
13,5|5|2|2|2|1|1|1|1|1|1|1|1|1|1,3075215000,0|2,2,6,7,0
13,5|5|2|2|1|1|1|1|1|1|1|1|1|1|1|1,872242800,0|2,2,8,9,0
13,5|5|2|1|1|1|1|1|1|1|1|1|1|1|1|1|1,159352050,0,1,2,2,0
13,5|5|1|1|1|1|1|1|1|1|1|1|1|1|1|1|1|1,14486550,0,1,2,2,0
13,5|4|4|4|4|4|1,22096817600,3,1,9,9,1
13,5|4|4|4|4|3|2,72505182750,0,1,2,2,0
13,5|4|4|4|4|3|1|1,106340934700,0,1,4,4,0
13,5|4|4|4|4|2|2|1,136724058900,0,1,4,4,0
13,5|4|4|4|4|2|1|1|1,142779436800,3|5,2,13,15,1
13,5|4|4|4|4|1|1|1|1|1,58004146200,0,1,6,6,0
13,5|4|4|4|3|3|3,44193635200,3|5,2,11,13,1
13,5|4|4|4|3|3|2|1,223315962870,0,1,2,2,0
13,5|4|4|4|3|3|1|1|1,190372582400,3|5|7|9,4,17,22,1
13,5|4|4|4|3|2|2|2,154677723200,3,1,9,9,1
13,5|4|4|4|3|2|2|1|1,330432410880,3|5,2,13,15,1
13,5|4|4|4|3|2|1|1|1|1,265161811200,3|5,2,13,15,1
13,5|4|4|4|3|1|1|1|1|1|1,99945605760,3,1,11,11,1
13,5|4|4|4|2|2|2|2|1,151432736000,3|5,2,13,15,1
13,5|4|4|4|2|2|2|1|1|1,198871358400,0|2|4|6,4,12,16,0
13,5|4|4|4|2|2|1|1|1|1|1,142779436800,3|5,2,13,15,1
13,5|4|4|4|2|1|1|1|1|1|1|1,61350539250,0,1,2,2,0
13,5|4|4|4|1|1|1|1|1|1|1|1|1,13198099200,3|5,2,13,15,1
13,5|4|4|3|3|3|3|1,91149372600,0,1,6,6,0
13,5|4|4|3|3|3|2|2,135343007800,0|2,2,6,7,0
13,5|4|4|3|3|3|2|1|1,271057837050,0,1,2,2,0
13,5|4|4|3|3|3|1|1|1|1,172631387500,0,1,4,4,0
13,5|4|4|3|3|2|2|2|1,262843963200,3,1,9,9,1
13,5|4|4|3|3|2|2|1|1|1,335595417300,0,1,4,4,0
13,5|4|4|3|3|2|1|1|1|1|1,224367686400,3,1,13,13,1
13,5|4|4|3|3|1|1|1|1|1|1|1,77445096300,0|2,2,4,5,0
13,5|4|4|3|2|2|2|2|2,93699005400,0,1,6,6,0
13,5|4|4|3|2|2|2|2|1|1,219712675000,0,1,6,6,0
13,5|4|4|3|2|2|2|1|1|1|1,220861941300,0,1,4,4,0
13,5|4|4|3|2|2|1|1|1|1|1|1,139433043750,0,1,2,2,0
13,5|4|4|3|2|1|1|1|1|1|1|1|1,56298141900,0,1,4,4,0
13,5|4|4|3|1|1|1|1|1|1|1|1|1|1,12270107850,0,1,2,2,0
13,5|4|4|2|2|2|2|2|2|1,58004146200,0,1,6,6,0
13,5|4|4|2|2|2|2|2|1|1|1,83288004800,3,1,9,9,1
13,5|4|4|2|2|2|2|1|1|1|1|1,70991338275,0,1,0,0,0
13,5|4|4|2|2|2|1|1|1|1|1|1|1,41594009600,3|5|7|9,4,19,24,1
13,5|4|4|2|2|1|1|1|1|1|1|1|1|1,16917875975,0,1,0,0,0
13,5|4|4|2|1|1|1|1|1|1|1|1|1|1|1,4475671200,3,1,7,7,1
13,5|4|4|1|1|1|1|1|1|1|1|1|1|1|1|1,612411800,0,1,6,6,0
13,5|4|3|3|3|3|3|2,44193635200,3,1,11,11,1
13,5|4|3|3|3|3|3|1|1,71389718400,3|5,2,11,13,1
13,5|4|3|3|3|3|2|2|1,135207800000,3,1,9,9,1
13,5|4|3|3|3|3|2|1|1|1,159511402050,0,1,2,2,0
13,5|4|3|3|3|3|1|1|1|1|1,83288004800,3,1,9,9,1
13,5|4|3|3|3|2|2|2|2,76488984000,3,1,9,9,1
13,5|4|3|3|3|2|2|2|1|1,176774540800,3|7,2,15,17,1
13,5|4|3|3|3|2|2|1|1|1|1,171335324160,3|7,2,15,17,1
13,5|4|3|3|3|2|1|1|1|1|1|1,99435679200,3,1,7,7,1
13,5|4|3|3|3|1|1|1|1|1|1|1|1,31495464000,3,1,9,9,1
13,5|4|3|3|2|2|2|2|2|1,91149372600,0,1,6,6,0
13,5|4|3|3|2|2|2|2|1|1|1,129799488000,3|7,2,15,17,1
13,5|4|3|3|2|2|2|1|1|1|1|1,108757774125,0,1,0,0,0
13,5|4|3|3|2|2|1|1|1|1|1|1|1,61591129600,3|5,2,15,17,1
13,5|4|3|3|2|1|1|1|1|1|1|1|1|1,23238840625,0,1,0,0,0
13,5|4|3|3|1|1|1|1|1|1|1|1|1|1|1,4925606400,3|7,2,15,17,1
13,5|4|3|2|2|2|2|2|2|2,20397062400,3|5,2,13,15,1
13,5|4|3|2|2|2|2|2|2|1|1,49972802880,3,1,9,9,1
13,5|4|3|2|2|2|2|2|1|1|1|1,55242044000,3,1,7,7,1
13,5|4|3|2|2|2|2|1|1|1|1|1|1,41154072960,3|5,2,11,13,1
13,5|4|3|2|2|2|1|1|1|1|1|1|1|1,22096817600,3|5,2,9,11,1
13,5|4|3|2|2|1|1|1|1|1|1|1|1|1|1,8509300800,3,1,9,9,1
13,5|4|3|2|1|1|1|1|1|1|1|1|1|1|1|1,2209681760,3,1,7,7,1
13,5|4|3|1|1|1|1|1|1|1|1|1|1|1|1|1|1,315744000,3|5,2,13,15,1
13,5|4|2|2|2|2|2|2|2|2|1,8237275200,3,1,9,9,1
13,5|4|2|2|2|2|2|2|2|1|1|1,12429459900,0|2,2,4,5,0
13,5|4|2|2|2|2|2|2|1|1|1|1|1,11580150400,3,1,11,11,1
13,5|4|2|2|2|2|2|1|1|1|1|1|1|1,7808250450,0,1,2,2,0
13,5|4|2|2|2|2|1|1|1|1|1|1|1|1|1,3946800000,3,1,11,11,1
13,5|4|2|2|2|1|1|1|1|1|1|1|1|1|1|1,1487285800,0|2,2,6,7,0
13,5|4|2|2|1|1|1|1|1|1|1|1|1|1|1|1|1,402573600,3,1,7,7,1
13,5|4|2|1|1|1|1|1|1|1|1|1|1|1|1|1|1|1,71580600,0,1,6,6,0
13,5|4|1|1|1|1|1|1|1|1|1|1|1|1|1|1|1|1|1,6520800,3,1,7,7,1
13,5|3|3|3|3|3|3|3,4143153300,0,1,4,4,0
13,5|3|3|3|3|3|3|2|1,23796572800,3|5,2,11,13,1
13,5|3|3|3|3|3|3|1|1|1,22096817600,0|2|4|6,4,12,16,0
13,5|3|3|3|3|3|2|2|2,20450179750,0,1,2,2,0
13,5|3|3|3|3|3|2|2|1|1,45763011450,0,1,2,2,0
13,5|3|3|3|3|3|2|1|1|1|1,40602902340,0,1,4,4,0
13,5|3|3|3|3|3|1|1|1|1|1|1,18219251050,0,1,2,2,0
13,5|3|3|3|3|2|2|2|2|1,34526277500,0,1,4,4,0
13,5|3|3|3|3|2|2|2|1|1|1,48211238400,3|7,2,15,17,1
13,5|3|3|3|3|2|2|1|1|1|1|1,38722548150,0,1,2,2,0
13,5|3|3|3|3|2|1|1|1|1|1|1|1,19997120000,3|5,2,15,17,1
13,5|3|3|3|3|1|1|1|1|1|1|1|1|1,5842908500,0,1,4,4,0
13,5|3|3|3|2|2|2|2|2|2,11898286400,0|2|4|6,4,12,16,0
13,5|3|3|3|2|2|2|2|2|1|1,29002073100,0,1,4,4,0
13,5|3|3|3|2|2|2|2|1|1|1|1,31689328125,0,1,0,0,0
13,5|3|3|3|2|2|2|1|1|1|1|1|1,23096673600,0|2|4|6,4,12,16,0
13,5|3|3|3|2|2|1|1|1|1|1|1|1|1,11898286400,0|2|4|6,4,12,16,0
13,5|3|3|3|2|1|1|1|1|1|1|1|1|1|1,4197668475,0,1,0,0,0
13,5|3|3|3|1|1|1|1|1|1|1|1|1|1|1|1,853002150,0,1,2,2,0
13,5|3|3|2|2|2|2|2|2|2|1,9518629120,3|5,2,13,15,1
13,5|3|3|2|2|2|2|2|2|1|1|1,14315125825,0,1,0,0,0
13,5|3|3|2|2|2|2|2|1|1|1|1|1,13252636800,3|5,2,11,13,1
13,5|3|3|2|2|2|2|1|1|1|1|1|1|1,8838727040,0|2|4|6,4,14,18,0
13,5|3|3|2|2|2|1|1|1|1|1|1|1|1|1,4383579200,3|5,2,9,11,1
13,5|3|3|2|2|1|1|1|1|1|1|1|1|1|1|1,1594457865,0,1,0,0,0
13,5|3|3|2|1|1|1|1|1|1|1|1|1|1|1|1|1,399942400,3|5,2,13,15,1
13,5|3|3|1|1|1|1|1|1|1|1|1|1|1|1|1|1|1,56929600,0|2|4|6,4,12,16,0
13,5|3|2|2|2|2|2|2|2|2|2,1381051100,0,1,4,4,0
13,5|3|2|2|2|2|2|2|2|2|1|1,3475100475,0,1,0,0,0
13,5|3|2|2|2|2|2|2|2|1|1|1|1,4061915000,0,1,6,6,0
13,5|3|2|2|2|2|2|2|1|1|1|1|1|1,3312591100,0,1,4,4,0
13,5|3|2|2|2|2|2|1|1|1|1|1|1|1|1,2038028850,0,1,2,2,0
13,5|3|2|2|2|2|1|1|1|1|1|1|1|1|1|1,962361400,0,1,6,6,0
13,5|3|2|2|2|1|1|1|1|1|1|1|1|1|1|1|1,345262775,0,1,0,0,0
13,5|3|2|2|1|1|1|1|1|1|1|1|1|1|1|1|1|1,90821250,0,1,2,2,0
13,5|3|2|1|1|1|1|1|1|1|1|1|1|1|1|1|1|1|1,16166150,0,1,2,2,0
13,5|3|1|1|1|1|1|1|1|1|1|1|1|1|1|1|1|1|1|1,1562275,0,1,0,0,0
13,5|2|2|2|2|2|2|2|2|2|2|1,345262775,0,1,0,0,0
13,5|2|2|2|2|2|2|2|2|2|1|1|1,538384000,3|5,2,11,13,1
13,5|2|2|2|2|2|2|2|2|1|1|1|1|1,531173500,0,1,4,4,0
13,5|2|2|2|2|2|2|2|1|1|1|1|1|1|1,390374400,3|7,2,17,19,1
13,5|2|2|2|2|2|2|1|1|1|1|1|1|1|1|1,223092870,0,1,2,2,0
13,5|2|2|2|2|2|1|1|1|1|1|1|1|1|1|1|1,99985600,3|5,2,9,11,1
13,5|2|2|2|2|1|1|1|1|1|1|1|1|1|1|1|1|1,34796125,0,1,0,0,0
13,5|2|2|2|1|1|1|1|1|1|1|1|1|1|1|1|1|1|1,9152000,3|7,2,15,17,1
13,5|2|2|1|1|1|1|1|1|1|1|1|1|1|1|1|1|1|1|1,1726725,0,1,0,0,0
13,5|2|1|1|1|1|1|1|1|1|1|1|1|1|1|1|1|1|1|1|1,210496,3|5,2,9,11,1
13,5|1|1|1|1|1|1|1|1|1|1|1|1|1|1|1|1|1|1|1|1|1,12650,0,1,2,2,0
13,4|4|4|4|4|4|2,6076624840,0|2,2,6,7,0
13,4|4|4|4|4|4|1|1,8286306600,0|2,2,6,7,0
13,4|4|4|4|4|3|3,7595781050,0,1,2,2,0
13,4|4|4|4|4|3|2|1,35354908160,5,1,13,13,1
13,4|4|4|4|4|3|1|1|1,29002073100,0,1,4,4,0
13,4|4|4|4|4|2|2|2,19334715400,0|2,2,6,7,0
13,4|4|4|4|4|2|2|1|1,40602902340,0,1,4,4,0
13,4|4|4|4|4|2|1|1|1|1,31233001800,0,1,6,6,0
13,4|4|4|4|4|1|1|1|1|1|1,10708457760,0|2,2,10,11,0
13,4|4|4|4|3|3|3|1,24168394250,0,1,2,2,0
13,4|4|4|4|3|3|2|2,34802487720,0|2,2,6,7,0
13,4|4|4|4|3|3|2|1|1,69052555000,0,1,6,6,0
13,4|4|4|4|3|3|1|1|1|1,43025053500,0,1,4,4,0
13,4|4|4|4|3|2|2|2|1,61871089280,3,1,11,11,1
13,4|4|4|4|3|2|2|1|1|1,78082504500,0,1,4,4,0
13,4|4|4|4|3|2|1|1|1|1|1,50992656000,3,1,11,11,1
13,4|4|4|4|3|1|1|1|1|1|1|1,16827576480,0|2,2,10,11,0
13,4|4|4|4|2|2|2|2|2,17225473720,0,1,6,6,0
13,4|4|4|4|2|2|2|2|1|1,40156716600,0,1,6,6,0
13,4|4|4|4|2|2|2|1|1|1|1,39838012500,0,1,4,4,0
13,4|4|4|4|2|2|1|1|1|1|1|1,24540215700,0,1,4,4,0
13,4|4|4|4|2|1|1|1|1|1|1|1|1,9465511770,0,1,2,2,0
13,4|4|4|4|1|1|1|1|1|1|1|1|1|1,1876604730,0,1,2,2,0
13,4|4|4|3|3|3|3|2,19334715400,0|2,2,6,7,0
13,4|4|4|3|3|3|3|1|1,31073649750,0,1,2,2,0
13,4|4|4|3|3|3|2|2|1,58004146200,0|2,2,6,7,0
13,4|4|4|3|3|3|2|1|1|1,67990208000,5,1,13,13,1
13,4|4|4|3|3|3|1|1|1|1|1,35057451000,0|2,2,6,7,0
13,4|4|4|3|3|2|2|2|2,31638625200,0|2,2,8,9,0
13,4|4|4|3|3|2|2|2|1|1,72877004200,0|2,2,6,7,0
13,4|4|4|3|3|2|2|1|1|1|1,70114902000,0|2,2,8,9,0
13,4|4|4|3|3|2|1|1|1|1|1|1,40156716600,0|2,2,6,7,0
13,4|4|4|3|3|1|1|1|1|1|1|1|1,12429459900,0|2,2,4,5,0
13,4|4|4|3|2|2|2|2|2|1,34613196800,5,1,17,17,1
13,4|4|4|3|2|2|2|2|1|1|1,49080431400,0|2,2,6,7,0
13,4|4|4|3|2|2|2|1|1|1|1|1,40794124800,5,1,13,13,1
13,4|4|4|3|2|2|1|1|1|1|1|1|1,22787343150,0,1,2,2,0
13,4|4|4|3|2|1|1|1|1|1|1|1|1|1,8398790400,5,1,11,11,1
13,4|4|4|3|1|1|1|1|1|1|1|1|1|1|1,1706004300,0|2,2,4,5,0
13,4|4|4|2|2|2|2|2|2|2,6084351000,0,1,6,6,0
13,4|4|4|2|2|2|2|2|2|1|1,14872858000,0|2,2,8,9,0
13,4|4|4|2|2|2|2|2|1|1|1|1,16360143800,0|2,2,6,7,0
13,4|4|4|2|2|2|2|1|1|1|1|1|1,12084197125,0,1,0,0,0
13,4|4|4|2|2|2|1|1|1|1|1|1|1|1,6397516125,0,1,0,0,0
13,4|4|4|2|2|1|1|1|1|1|1|1|1|1|1,2405903500,0|2,2,4,5,0
13,4|4|4|2|1|1|1|1|1|1|1|1|1|1|1|1,598598000,0|2,2,8,9,0
13,4|4|4|1|1|1|1|1|1|1|1|1|1|1|1|1|1,78278200,0,1,6,6,0
13,4|4|3|3|3|3|3|3,3866943080,0|2,2,6,7,0
13,4|4|3|3|3|3|3|2|1,22096817600,3,1,9,9,1
13,4|4|3|3|3|3|3|1|1|1,20450179750,0,1,2,2,0
13,4|4|3|3|3|3|2|2|2,18832515000,0|2,2,6,7,0
13,4|4|3|3|3|3|2|2|1|1,42068941200,0|2,2,8,9,0
13,4|4|3|3|3|3|2|1|1|1|1,37182145000,0|2,2,6,7,0
13,4|4|3|3|3|3|1|1|1|1|1|1,16572613200,0|2,2,8,9,0
13,4|4|3|3|3|2|2|2|2|1,31233001800,0|2,2,6,7,0
13,4|4|3|3|3|2|2|2|1|1|1,43513733120,3|5|11|13,4,23,30,1
13,4|4|3|3|3|2|2|1|1|1|1|1,34802487720,0|2,2,6,7,0
13,4|4|3|3|3|2|1|1|1|1|1|1|1,17847429600,3,1,7,7,1
13,4|4|3|3|3|1|1|1|1|1|1|1|1|1,5155507500,0|2,2,4,5,0
13,4|4|3|3|2|2|2|2|2|2,10411000600,0,1,6,6,0
13,4|4|3|3|2|2|2|2|2|1|1,25345667880,0|2,2,6,7,0
13,4|4|3|3|2|2|2|2|1|1|1|1,27621022000,0|2,2,8,9,0
13,4|4|3|3|2|2|2|1|1|1|1|1|1,20041176155,0,1,0,0,0
13,4|4|3|3|2|2|1|1|1|1|1|1|1|1,10250086275,0,1,0,0,0
13,4|4|3|3|2|1|1|1|1|1|1|1|1|1|1,3574485200,0|2,2,8,9,0
13,4|4|3|3|1|1|1|1|1|1|1|1|1|1|1|1,712331620,0|2,2,4,5,0
13,4|4|3|2|2|2|2|2|2|2|1,7726160000,3,1,11,11,1
13,4|4|3|2|2|2|2|2|2|1|1|1,11600829240,0|2,2,6,7,0
13,4|4|3|2|2|2|2|2|1|1|1|1|1,10708457760,3,1,7,7,1
13,4|4|3|2|2|2|2|1|1|1|1|1|1|1,7108351250,0,1,2,2,0
13,4|4|3|2|2|2|1|1|1|1|1|1|1|1|1,3499496000,3,1,9,9,1
13,4|4|3|2|2|1|1|1|1|1|1|1|1|1|1|1,1258042500,0|2,2,4,5,0
13,4|4|3|2|1|1|1|1|1|1|1|1|1|1|1|1|1,309429120,3,1,11,11,1
13,4|4|3|1|1|1|1|1|1|1|1|1|1|1|1|1|1|1,42493880,0,1,6,6,0
13,4|4|2|2|2|2|2|2|2|2|2,898909000,0|2,2,6,7,0
13,4|4|2|2|2|2|2|2|2|2|1|1,2259901800,0|2,2,6,7,0
13,4|4|2|2|2|2|2|2|2|1|1|1|1,2636552100,0|2,2,4,5,0
13,4|4|2|2|2|2|2|2|1|1|1|1|1|1,2143441300,0|2,2,4,5,0
13,4|4|2|2|2|2|2|1|1|1|1|1|1|1|1,1312311000,0|2,2,6,7,0
13,4|4|2|2|2|2|1|1|1|1|1|1|1|1|1|1,615043000,0|2,2,6,7,0
13,4|4|2|2|2|1|1|1|1|1|1|1|1|1|1|1|1,218060700,0|2,2,4,5,0
13,4|4|2|2|1|1|1|1|1|1|1|1|1|1|1|1|1|1,56241900,0|2,2,4,5,0
13,4|4|2|1|1|1|1|1|1|1|1|1|1|1|1|1|1|1|1,9657700,0|2,2,4,5,0
13,4|4|1|1|1|1|1|1|1|1|1|1|1|1|1|1|1|1|1|1,864500,0|2,2,4,5,0
13,4|3|3|3|3|3|3|3|1,3038312420,0,1,4,4,0
13,4|3|3|3|3|3|3|2|2,4833678850,0,1,2,2,0
13,4|3|3|3|3|3|3|2|1|1,10039179150,0,1,2,2,0
13,4|3|3|3|3|3|3|1|1|1|1,6905255500,0,1,4,4,0
13,4|3|3|3|3|3|2|2|2|1,11125670400,5,1,13,13,1
13,4|3|3|3|3|3|2|2|1|1|1,14915351880,0|2,2,6,7,0
13,4|3|3|3|3|3|2|1|1|1|1|1,10878433280,5,1,17,17,1
13,4|3|3|3|3|3|1|1|1|1|1|1|1,4302505350,0,1,2,2,0
13,4|3|3|3|3|2|2|2|2|2,5205500300,0,1,4,4,0
13,4|3|3|3|3|2|2|2|2|1|1,12555010000,0|2,2,8,9,0
13,4|3|3|3|3|2|2|2|1|1|1|1,13385572200,0|2,2,6,7,0
13,4|3|3|3|3|2|2|1|1|1|1|1|1,9295536250,0,1,2,2,0
13,4|3|3|3|3|2|1|1|1|1|1|1|1|1,4330626300,0,1,4,4,0
13,4|3|3|3|3|1|1|1|1|1|1|1|1|1|1,1168581700,0|2,2,4,5,0
13,4|3|3|3|2|2|2|2|2|2|1,5800414620,0,1,4,4,0
13,4|3|3|3|2|2|2|2|2|1|1|1,8653299200,5,1,13,13,1
13,4|3|3|3|2|2|2|2|1|1|1|1|1,7887926475,0,1,0,0,0
13,4|3|3|3|2|2|2|1|1|1|1|1|1|1,5119262720,5|7|9|11,4,23,28,1
13,4|3|3|3|2|2|1|1|1|1|1|1|1|1|1,2416839425,0,1,0,0,0
13,4|3|3|3|2|1|1|1|1|1|1|1|1|1|1|1,795674880,5,1,11,11,1
13,4|3|3|3|1|1|1|1|1|1|1|1|1|1|1|1|1,153102950,0,1,2,2,0
13,4|3|3|2|2|2|2|2|2|2|2,1303789500,0,1,4,4,0
13,4|3|3|2|2|2|2|2|2|2|1|1,3272028760,0,1,6,6,0
13,4|3|3|2|2|2|2|2|2|1|1|1|1,3802719375,0,1,0,0,0
13,4|3|3|2|2|2|2|2|1|1|1|1|1|1,3070807740,0,1,4,4,0
13,4|3|3|2|2|2|2|1|1|1|1|1|1|1|1,1859107250,0,1,2,2,0
13,4|3|3|2|2|2|1|1|1|1|1|1|1|1|1|1,854728875,0,1,0,0,0
13,4|3|3|2|2|1|1|1|1|1|1|1|1|1|1|1|1,292457880,0,1,6,6,0
13,4|3|3|2|1|1|1|1|1|1|1|1|1|1|1|1|1|1,69891250,0,1,2,2,0
13,4|3|3|1|1|1|1|1|1|1|1|1|1|1|1|1|1|1|1,9606870,0,1,2,2,0
13,4|3|2|2|2|2|2|2|2|2|2|1,665638400,5,1,13,13,1
13,4|3|2|2|2|2|2|2|2|2|1|1|1,1035788325,0,1,0,0,0
13,4|3|2|2|2|2|2|2|2|1|1|1|1|1,1018035200,5,1,15,15,1
13,4|3|2|2|2|2|2|2|1|1|1|1|1|1|1,743642900,0|2,2,4,5,0
13,4|3|2|2|2|2|2|1|1|1|1|1|1|1|1|1,420992000,5,1,15,15,1
13,4|3|2|2|2|2|1|1|1|1|1|1|1|1|1|1|1,185910725,0,1,0,0,0
13,4|3|2|2|2|1|1|1|1|1|1|1|1|1|1|1|1|1,63148800,5,1,11,11,1
13,4|3|2|2|1|1|1|1|1|1|1|1|1|1|1|1|1|1|1,15906800,0|2,2,8,9,0
13,4|3|2|1|1|1|1|1|1|1|1|1|1|1|1|1|1|1|1|1,2745600,5,1,11,11,1
13,4|3|1|1|1|1|1|1|1|1|1|1|1|1|1|1|1|1|1|1|1,261625,0,1,0,0,0
13,4|2|2|2|2|2|2|2|2|2|2|2,50220040,0|2,2,6,7,0
13,4|2|2|2|2|2|2|2|2|2|2|1|1,128707425,0,1,0,0,0
13,4|2|2|2|2|2|2|2|2|2|1|1|1|1,156227500,0,1,4,4,0
13,4|2|2|2|2|2|2|2|2|1|1|1|1|1|1,135207800,0|2,2,6,7,0
13,4|2|2|2|2|2|2|2|1|1|1|1|1|1|1|1,90579060,0|2,2,4,5,0
13,4|2|2|2|2|2|2|1|1|1|1|1|1|1|1|1|1,48118070,0,1,2,2,0
13,4|2|2|2|2|2|1|1|1|1|1|1|1|1|1|1|1|1,20309575,0,1,0,0,0
13,4|2|2|2|2|1|1|1|1|1|1|1|1|1|1|1|1|1|1,6727500,0|2,2,4,5,0
13,4|2|2|2|1|1|1|1|1|1|1|1|1|1|1|1|1|1|1|1,1701700,0|2,2,4,5,0
13,4|2|2|1|1|1|1|1|1|1|1|1|1|1|1|1|1|1|1|1|1,312455,0,1,0,0,0
13,4|2|1|1|1|1|1|1|1|1|1|1|1|1|1|1|1|1|1|1|1|1,37674,0,1,2,2,0
13,4|1|1|1|1|1|1|1|1|1|1|1|1|1|1|1|1|1|1|1|1|1|1,2300,0|2,2,4,5,0
13,3|3|3|3|3|3|3|3|2,414315330,0,1,2,2,0
13,3|3|3|3|3|3|3|3|1|1,690525550,0,1,2,2,0
13,3|3|3|3|3|3|3|2|2|1,1381051100,0,1,4,4,0
13,3|3|3|3|3|3|3|2|1|1|1,1699755200,3,1,9,9,1
13,3|3|3|3|3|3|3|1|1|1|1|1,956112300,0,1,4,4,0
13,3|3|3|3|3|3|2|2|2|2,878850700,0,1,4,4,0
13,3|3|3|3|3|3|2|2|2|1|1,2082200120,0|2,2,6,7,0
13,3|3|3|3|3|3|2|2|1|1|1|1,2124694000,0|2,2,8,9,0
13,3|3|3|3|3|3|2|1|1|1|1|1|1,1338557220,0,1,4,4,0
13,3|3|3|3|3|3|1|1|1|1|1|1|1|1,478056150,0,1,2,2,0
13,3|3|3|3|3|2|2|2|2|2|1,1297994880,3,1,11,11,1
13,3|3|3|3|3|2|2|2|2|1|1|1,1912224600,0|2,2,6,7,0
13,3|3|3|3|3|2|2|2|1|1|1|1|1,1699755200,3,1,9,9,1
13,3|3|3|3|3|2|2|1|1|1|1|1|1|1,1051723530,0,1,2,2,0
13,3|3|3|3|3|2|1|1|1|1|1|1|1|1|1,449935200,3,1,7,7,1
13,3|3|3|3|3|1|1|1|1|1|1|1|1|1|1|1,113733620,0|2,2,4,5,0
13,3|3|3|3|2|2|2|2|2|2|2,405623400,0,1,6,6,0
13,3|3|3|3|2|2|2|2|2|2|1|1,1014058500,0,1,4,4,0
13,3|3|3|3|2|2|2|2|2|1|1|1|1,1168581700,0,1,4,4,0
13,3|3|3|3|2|2|2|2|1|1|1|1|1|1,929553625,0,1,0,0,0
13,3|3|3|3|2|2|2|1|1|1|1|1|1|1|1,548358525,0,1,0,0,0
13,3|3|3|3|2|2|1|1|1|1|1|1|1|1|1|1,240590350,0,1,2,2,0
13,3|3|3|3|2|1|1|1|1|1|1|1|1|1|1|1|1,74824750,0,1,2,2,0
13,3|3|3|3|1|1|1|1|1|1|1|1|1|1|1|1|1|1,13813800,0,1,6,6,0
13,3|3|3|2|2|2|2|2|2|2|2|1,318704100,0,1,4,4,0
13,3|3|3|2|2|2|2|2|2|2|1|1|1,494474240,3|5|7|9,4,17,22,1
13,3|3|3|2|2|2|2|2|2|1|1|1|1|1,483367885,0,1,0,0,0
13,3|3|3|2|2|2|2|2|1|1|1|1|1|1|1,349949600,3,1,7,7,1
13,3|3|3|2|2|2|2|1|1|1|1|1|1|1|1|1,195284375,0,1,0,0,0
13,3|3|3|2|2|2|1|1|1|1|1|1|1|1|1|1|1,84198400,3|5|7|9,4,17,22,1
13,3|3|3|2|2|1|1|1|1|1|1|1|1|1|1|1|1|1,27397370,0,1,2,2,0
13,3|3|3|2|1|1|1|1|1|1|1|1|1|1|1|1|1|1|1,6314880,3,1,11,11,1
13,3|3|3|1|1|1|1|1|1|1|1|1|1|1|1|1|1|1|1|1,852150,0,1,2,2,0
13,3|3|2|2|2|2|2|2|2|2|2|2,49031400,0|2,2,6,7,0
13,3|3|2|2|2|2|2|2|2|2|2|1|1,125550100,0,1,4,4,0
13,3|3|2|2|2|2|2|2|2|2|1|1|1|1,152108775,0,1,0,0,0
13,3|3|2|2|2|2|2|2|2|1|1|1|1|1|1,131231100,0|2,2,4,5,0
13,3|3|2|2|2|2|2|2|1|1|1|1|1|1|1|1,87487400,0|2,2,6,7,0
13,3|3|2|2|2|2|2|1|1|1|1|1|1|1|1|1|1,46128225,0,1,0,0,0
13,3|3|2|2|2|2|1|1|1|1|1|1|1|1|1|1|1|1,19240650,0,1,2,2,0
13,3|3|2|2|2|1|1|1|1|1|1|1|1|1|1|1|1|1|1,6249100,0|2,2,4,5,0
13,3|3|2|2|1|1|1|1|1|1|1|1|1|1|1|1|1|1|1|1,1524900,0|2,2,4,5,0
13,3|3|2|1|1|1|1|1|1|1|1|1|1|1|1|1|1|1|1|1|1,259350,0,1,2,2,0
13,3|3|1|1|1|1|1|1|1|1|1|1|1|1|1|1|1|1|1|1|1|1,25025,0,1,0,0,0
13,3|2|2|2|2|2|2|2|2|2|2|2|1,16640960,3,1,9,9,1
13,3|2|2|2|2|2|2|2|2|2|2|1|1|1,26558675,0,1,0,0,0
13,3|2|2|2|2|2|2|2|2|2|1|1|1|1|1,27268800,3,1,9,9,1
13,3|2|2|2|2|2|2|2|2|1|1|1|1|1|1|1,21246940,0|2,2,4,5,0
13,3|2|2|2|2|2|2|2|1|1|1|1|1|1|1|1|1,13156000,3,1,7,7,1
13,3|2|2|2|2|2|2|1|1|1|1|1|1|1|1|1|1|1,6561555,0,1,0,0,0
13,3|2|2|2|2|2|1|1|1|1|1|1|1|1|1|1|1|1|1,2631200,3,1,7,7,1
13,3|2|2|2|2|1|1|1|1|1|1|1|1|1|1|1|1|1|1|1,837200,0|2,2,8,9,0
13,3|2|2|2|1|1|1|1|1|1|1|1|1|1|1|1|1|1|1|1|1,205920,3,1,7,7,1
13,3|2|2|1|1|1|1|1|1|1|1|1|1|1|1|1|1|1|1|1|1|1,37375,0,1,0,0,0
13,3|2|1|1|1|1|1|1|1|1|1|1|1|1|1|1|1|1|1|1|1|1|1,4576,3,1,7,7,1
13,3|1|1|1|1|1|1|1|1|1|1|1|1|1|1|1|1|1|1|1|1|1|1|1,300,0|2,2,4,5,0
13,2|2|2|2|2|2|2|2|2|2|2|2|2,742900,0,1,4,4,0
13,2|2|2|2|2|2|2|2|2|2|2|2|1|1,1931540,0,1,4,4,0
13,2|2|2|2|2|2|2|2|2|2|2|1|1|1|1,2414425,0,1,0,0,0
13,2|2|2|2|2|2|2|2|2|2|1|1|1|1|1|1,2187185,0,1,0,0,0
13,2|2|2|2|2|2|2|2|2|1|1|1|1|1|1|1|1,1562275,0,1,0,0,0
13,2|2|2|2|2|2|2|2|1|1|1|1|1|1|1|1|1|1,904475,0,1,0,0,0
13,2|2|2|2|2|2|2|1|1|1|1|1|1|1|1|1|1|1|1,427570,0,1,2,2,0
13,2|2|2|2|2|2|1|1|1|1|1|1|1|1|1|1|1|1|1|1,164450,0,1,2,2,0
13,2|2|2|2|2|1|1|1|1|1|1|1|1|1|1|1|1|1|1|1|1,50830,0,1,2,2,0
13,2|2|2|2|1|1|1|1|1|1|1|1|1|1|1|1|1|1|1|1|1|1,12350,0,1,2,2,0
13,2|2|2|1|1|1|1|1|1|1|1|1|1|1|1|1|1|1|1|1|1|1|1,2275,0,1,0,0,0
13,2|2|1|1|1|1|1|1|1|1|1|1|1|1|1|1|1|1|1|1|1|1|1|1,299,0,1,0,0,0
13,2|1|1|1|1|1|1|1|1|1|1|1|1|1|1|1|1|1|1|1|1|1|1|1|1,25,0,1,0,0,0
13,1|1|1|1|1|1|1|1|1|1|1|1|1|1|1|1|1|1|1|1|1|1|1|1|1|1,1,0,1,0,0,0
14,28,1,0,1,0,0,0
14,27|1,27,0,1,0,0,0
14,26|2,350,0|2,2,2,6,0
14,26|1|1,351,0,1,0,0,0
14,25|3,2898,0|2,2,2,6,0
14,25|2|1,5824,3,1,9,9,1
14,25|1|1|1,2925,0,1,0,0,0
14,24|4,17199,0,1,0,0,0
14,24|3|1,51975,0,1,0,0,0
14,24|2|2,34776,0|4,2,6,8,0
14,24|2|1|1,52325,0,1,0,0,0
14,24|1|1|1|1,17550,0,1,2,2,0
14,23|5,77805,0,1,0,0,0
14,23|4|1,314496,3|5,2,11,12,1
14,23|3|2,395577,0,1,0,0,0
14,23|3|1|1,476280,0|4,2,6,8,0
14,23|2|2|1,398475,0,1,0,0,0
14,23|2|1|1|1,320320,3,1,9,9,1
14,23|1|1|1|1|1,80730,0,1,2,2,0
14,22|6,278460,0|2,2,4,9,0
14,22|5|1,1412775,0,1,0,0,0
14,22|4|2,2567565,0,1,0,0,0
14,22|4|1|1,2863224,0|4,2,6,8,0
14,22|3|3,1433250,0|2,2,2,6,0
14,22|3|2|1,4612608,5,1,13,13,1
14,22|3|1|1|1,2898000,0|2|4|6,4,8,15,0
14,22|2|2|2,1450449,0,1,0,0,0
14,22|2|2|1|1,2619540,0|2,2,4,9,0
14,22|2|1|1|1|1,1465100,0|2,2,4,8,0
14,22|1|1|1|1|1|1,296010,0,1,2,2,0
14,21|7,807300,0|2,2,4,9,0
14,21|6|1,4942080,3,1,13,13,1
14,21|5|2,11695320,0|4,2,6,8,0
14,21|5|1|1,12580425,0,1,0,0,0
14,21|4|3,11793600,3,1,9,9,1
14,21|4|2|1,29668275,0,1,0,0,0
14,21|4|1|1|1,17050176,3,1,9,9,1
14,21|3|3|1,17895150,0|2,2,2,6,0
14,21|3|2|2,17972955,0,1,0,0,0
14,21|3|2|1|1,30063852,0|2,2,4,8,0
14,21|3|1|1|1|1,12978900,0|2,2,4,9,0
14,21|2|2|2|1,12108096,3,1,9,9,1
14,21|2|2|1|1|1,12171600,0|2|4|6,4,8,15,0
14,21|2|1|1|1|1|1,5262400,3,1,9,9,1
14,21|1|1|1|1|1|1|1,888030,0,1,2,2,0
14,20|8,1924065,0,1,0,0,0
14,20|7|1,13845195,0,1,0,0,0
14,20|6|2,40365000,0|4,2,6,8,0
14,20|6|1|1,42567525,0,1,0,0,0
14,20|5|3,57264480,0|4,2,10,12,0
14,20|5|2|1,131788800,5|7,2,19,20,1
14,20|5|1|1|1,72522450,0,1,2,2,0
14,20|4|4,28820610,0,1,2,2,0
14,20|4|3|1,145495350,0,1,2,2,0
14,20|4|2|2,116953200,0|2|4|6,4,8,12,0
14,20|4|2|1|1,188706375,0,1,0,0,0
14,20|4|1|1|1|1,73972899,0,1,0,0,0
14,20|3|3|2,88230870,0,1,2,2,0
14,20|3|3|1|1,118107990,0|2,2,2,6,0
14,20|3|2|2|1,148341375,0,1,0,0,0
14,20|3|2|1|1|1,136401408,5,1,13,13,1
14,20|3|1|1|1|1|1,45187065,0,1,0,0,0
14,20|2|2|2|2,29954925,0,1,0,0,0
14,20|2|2|2|1|1,60127704,0|4,2,6,8,0
14,20|2|2|1|1|1|1,43263000,0|4,2,6,8,0
14,20|2|1|1|1|1|1|1,15310295,0,1,0,0,0
14,20|1|1|1|1|1|1|1|1,2220075,0,1,0,0,0
14,19|9,3798795,0,1,0,0,0
14,19|8|1,31574400,3|5,2,11,12,1
14,19|7|2,109671705,0,1,0,0,0
14,19|7|1|1,114277800,0|4,2,6,8,0
14,19|6|3,198918720,3,1,9,9,1
14,19|6|2|1,438431175,0,1,0,0,0
14,19|6|1|1|1,235435200,3,1,9,9,1
14,19|5|4,176125950,0,1,2,2,0
14,19|5|3|1,686608650,0,1,2,2,0
14,19|5|2|2,511290000,0|2|4|6,4,8,12,0
14,19|5|2|1|1,808782975,0,1,0,0,0
14,19|5|1|1|1|1,302176875,0,1,0,0,0
14,19|4|4|1,358656480,0|4,2,10,12,0
14,19|4|3|2,723340800,3|5,2,15,16,1
14,19|4|3|1|1,934053120,3,1,13,13,1
14,19|4|2|2|1,938995200,3|5,2,15,16,1
14,19|4|2|1|1|1,826755930,0,1,2,2,0
14,19|4|1|1|1|1|1,247543296,3|5,2,15,16,1
14,19|3|3|3,182530530,0,1,2,2,0
14,19|3|3|2|1,735134400,3,1,9,9,1
14,19|3|3|1|1|1,528377850,0|2,2,2,6,0
14,19|3|2|2|2,370351800,0|4,2,6,8,0
14,19|3|2|2|1|1,717084225,0,1,0,0,0
14,19|3|2|1|1|1|1,468495027,0,1,0,0,0
14,19|3|1|1|1|1|1|1,126449400,0|4,2,6,8,0
14,19|2|2|2|2|1,187899075,0,1,0,0,0
14,19|2|2|2|1|1|1,215968896,3|5,2,11,12,1
14,19|2|2|1|1|1|1|1,122650605,0,1,0,0,0
14,19|2|1|1|1|1|1|1|1,36836800,3,1,9,9,1
14,19|1|1|1|1|1|1|1|1|1,4686825,0,1,0,0,0
14,18|10,6216210,0|2,2,2,6,0
14,18|9|1,59053995,0,1,0,0,0
14,18|8|2,239324085,0,1,0,0,0
14,18|8|1|1,247464360,0|4,2,6,8,0
14,18|7|3,528377850,0|2,2,2,6,0
14,18|7|2|1,1136678400,5,1,13,13,1
14,18|7|1|1|1,601277040,0|2|4|6,4,8,15,0
14,18|6|4,646485840,0|2,2,8,13,0
14,18|6|3|1,2289637350,0|2,2,2,6,0
14,18|6|2|2,1645075575,0,1,0,0,0
14,18|6|2|1|1,2571250500,0|2,2,4,8,0
14,18|6|1|1|1|1,934593660,0|2,2,4,9,0
14,18|5|5,304594290,0,1,2,2,0
14,18|5|4|1,2121799680,5,1,17,17,1
14,18|5|3|2,3346393050,0,1,2,2,0
14,18|5|3|1|1,4236629670,0|2,2,2,6,0
14,18|5|2|2|1,3945880575,0,1,0,0,0
14,18|5|2|1|1|1,3390266880,5,1,13,13,1
14,18|5|1|1|1|1|1,964548585,0,1,0,0,0
14,18|4|4|2,1889727840,0|4,2,10,12,0
14,18|4|4|1|1,2260440000,0|2|4|6,4,12,23,0
14,18|4|3|3,1585133550,0,1,2,2,0
14,18|4|3|2|1,5840976960,3,1,9,9,1
14,18|4|3|1|1|1,4020266250,0|2,2,2,6,0
14,18|4|2|2|2,2300805000,0|4,2,6,8,0
14,18|4|2|2|1|1,4367428065,0,1,0,0,0
14,18|4|2|1|1|1|1,2719591875,0,1,0,0,0
14,18|4|1|1|1|1|1|1,661404744,0|4,2,6,8,0
14,18|3|3|3|1,1613954160,0|2,2,8,13,0
14,18|3|3|2|2,1946992320,0|2|4|6,4,12,25,0
14,18|3|3|2|1|1,3491888400,0|2,2,8,12,0
14,18|3|3|1|1|1|1,1761259500,0|2,2,4,8,0
14,18|3|2|2|2|1,2253588480,5,1,17,17,1
14,18|3|2|2|1|1|1,2480267790,0,1,2,2,0
14,18|3|2|1|1|1|1|1,1273079808,5,1,17,17,1
14,18|3|1|1|1|1|1|1|1,290727360,0|2|4|6,4,12,19,0
14,18|2|2|2|2|2,333316620,0|2,2,4,9,0
14,18|2|2|2|2|1|1,717084225,0,1,0,0,0
14,18|2|2|2|1|1|1|1,602350749,0,1,0,0,0
14,18|2|2|1|1|1|1|1|1,284511150,0|2,2,2,6,0
14,18|2|1|1|1|1|1|1|1|1,74364290,0|2,2,2,6,0
14,18|1|1|1|1|1|1|1|1|1|1,8436285,0,1,0,0,0
14,17|11,8351070,0|2,2,2,6,0
14,17|10|1,90417600,3,1,9,9,1
14,17|9|2,422702280,0|4,2,6,8,0
14,17|9|1|1,434852145,0,1,0,0,0
14,17|8|3,1105104000,3,1,11,11,1
14,17|8|2|1,2342475135,0,1,0,0,0
14,17|8|1|1|1,1227096000,3,1,9,9,1
14,17|7|4,1709457750,0|2,2,2,6,0
14,17|7|3|1,5774168400,0|2,2,8,13,0
14,17|7|2|2,4068509445,0,1,0,0,0
14,17|7|2|1|1,6310341180,0|2,2,4,9,0
14,17|7|1|1|1|1,2254788900,0|2,2,4,8,0
14,17|6|5,1392431040,3,1,9,9,1
14,17|6|4|1,7440803370,0|2,2,2,6,0
14,17|6|3|2,10741610880,3,1,11,11,1
14,17|6|3|1|1,13438064640,3|5|7|9,4,19,23,1
14,17|6|2|2|1,12077208000,3,1,9,9,1
14,17|6|2|1|1|1,10221709680,0|2|4|6,4,8,15,0
14,17|6|1|1|1|1|1,2823387840,3,1,9,9,1
14,17|5|5|1,3582609030,0,1,2,2,0
14,17|5|4|2,10909448550,0,1,2,2,0
14,17|5|4|1|1,12795032250,0|2,2,2,6,0
14,17|5|3|3,7326839520,0|4,2,10,12,0
14,17|5|3|2|1,25859433600,3,1,11,11,1
14,17|5|3|1|1|1,17370225600,0|2|4|6,4,12,21,0
14,17|5|2|2|2,9322094925,0,1,0,0,0
14,17|5|2|2|1|1,17484503400,0|4,2,6,8,0
14,17|5|2|1|1|1|1,10592061480,0|4,2,6,8,0
14,17|5|1|1|1|1|1|1,2442687975,0,1,0,0,0
14,17|4|4|3,5178102930,0,1,2,2,0
14,17|4|4|2|1,14918904000,3,1,9,9,1
14,17|4|4|1|1|1,9394953750,0|2,2,2,6,0
14,17|4|3|3|1,13526472960,3,1,13,13,1
14,17|4|3|2|2,15117822720,3,1,13,13,1
14,17|4|3|2|1|1,26582774400,3,1,11,11,1
14,17|4|3|1|1|1|1,12780768000,3,1,13,13,1
14,17|4|2|2|2|1,13415993955,0,1,0,0,0
14,17|4|2|2|1|1|1,14408634240,3|5,2,11,12,1
14,17|4|2|1|1|1|1|1,7027425405,0,1,0,0,0
14,17|4|1|1|1|1|1|1|1,1443064896,3,1,9,9,1
14,17|3|3|3|2,5354228880,0|2,2,8,12,0
14,17|3|3|3|1|1,7685496000,0|2|4|6,4,12,21,0
14,17|3|3|2|2|1,11596057200,0|2,2,8,13,0
14,17|3|3|2|1|1|1,11675664000,3,1,11,11,1
14,17|3|3|1|1|1|1|1,4593088500,0|2,2,4,8,0
14,17|3|2|2|2|2,3911368500,0|2,2,4,9,0
14,17|3|2|2|2|1|1,8249586345,0,1,0,0,0
14,17|3|2|2|1|1|1|1,6604723125,0,1,0,0,0
14,17|3|2|1|1|1|1|1|1,2810970162,0|2,2,2,6,0
14,17|3|1|1|1|1|1|1|1|1,557502750,0|2,2,2,6,0
14,17|2|2|2|2|2|1,1596291840,3,1,13,13,1
14,17|2|2|2|2|1|1|1,2007835830,0,1,2,2,0
14,17|2|2|2|1|1|1|1|1,1352647296,3,1,11,11,1
14,17|2|2|1|1|1|1|1|1|1,549151680,0|2|4|6,4,12,19,0
14,17|2|1|1|1|1|1|1|1|1|1,127254400,3,1,11,11,1
14,17|1|1|1|1|1|1|1|1|1|1|1,13037895,0,1,0,0,0
14,16|12,8947575,0,1,0,0,0
14,16|11|1,111546435,0,1,0,0,0
14,16|10|2,601277040,0|4,2,8,10,0
14,16|10|1|1,616440825,0,1,0,0,0
14,16|9|3,1837235400,0|4,2,6,8,0
14,16|9|2|1,3857817600,5|7,2,21,22,1
14,16|9|1|1|1,2007835830,0,1,2,2,0
14,16|8|4,3444816375,0,1,0,0,0
14,16|8|3|1,11329042725,0,1,0,0,0
14,16|8|2|2,7890442560,0|2|4|6,4,12,16,0
14,16|8|2|1|1,12175860060,0,1,4,4,0
14,16|8|1|1|1|1,4302505350,0,1,2,2,0
14,16|7|5,3838509675,0,1,0,0,0
14,16|7|4|1,18565747200,5,1,13,13,1
14,16|7|3|2,25685034375,0,1,0,0,0
14,16|7|3|1|1,31889157300,0|2,2,4,9,0
14,16|7|2|2|1,28109701620,0,1,4,4,0
14,16|7|2|1|1|1,23560243200,5,1,17,17,1
14,16|7|1|1|1|1|1,6388568550,0,1,2,2,0
14,16|6|6,1732250520,0|4,2,6,8,0
14,16|6|5|1,15556065525,0,1,0,0,0
14,16|6|4|2,36616585005,0,1,0,0,0
14,16|6|4|1|1,42440137740,0|2,2,4,8,0
14,16|6|3|3,22792770000,0|4,2,8,10,0
14,16|6|3|2|1,78528690240,3,1,9,9,1
14,16|6|3|1|1|1,51967515600,0|2|4|6,4,8,15,0
14,16|6|2|2|2,27123396300,0,1,4,4,0
14,16|6|2|2|1|1,50482729440,0|4,2,10,12,0
14,16|6|2|1|1|1|1,30063852000,0|4,2,10,12,0
14,16|6|1|1|1|1|1|1,6721885170,0,1,2,2,0
14,16|5|5|2,18317098800,0|2|4|6,4,8,12,0
14,16|5|5|1|1,20727952245,0,1,0,0,0
14,16|5|4|3,29705195520,5|7,2,19,20,1
14,16|5|4|2|1,81986629725,0,1,0,0,0
14,16|5|4|1|1|1,50392742400,5,1,13,13,1
14,16|5|3|3|1,59526426960,0|4,2,8,10,0
14,16|5|3|2|2,64197908775,0,1,0,0,0
14,16|5|3|2|1|1,111546435000,0|4,2,6,8,0
14,16|5|3|1|1|1|1,52182257400,0|4,2,6,8,0
14,16|5|2|2|2|1,51529420800,5|7,2,19,20,1
14,16|5|2|2|1|1|1,54515784960,0|2|8|10,4,16,23,0
14,16|5|2|1|1|1|1|1,25813831680,5|7,2,19,20,1
14,16|5|1|1|1|1|1|1|1,5019589575,0,1,0,0,0
14,16|4|4|4,6599542950,0,1,2,2,0
14,16|4|4|3|1,42991308360,0,1,6,6,0
14,16|4|4|2|2,38465907480,0|4,2,6,8,0
14,16|4|4|2|1|1,65254664475,0,1,0,0,0
14,16|4|4|1|1|1|1,28498026375,0,1,0,0,0
14,16|4|3|3|2,43637794200,0,1,6,6,0
14,16|4|3|3|1|1,61416154800,0|4,2,8,10,0
14,16|4|3|2|2|1,85861400625,0,1,0,0,0
14,16|4|3|2|1|1|1,84369667200,3|5,2,11,12,1
14,16|4|3|1|1|1|1|1,31542536025,0,1,0,0,0
14,16|4|2|2|2|2,22373027820,0,1,4,4,0
14,16|4|2|2|2|1|1,46625342400,0|2|4|6,4,12,16,0
14,16|4|2|2|1|1|1|1,36315639360,0|2|4|6,4,12,16,0
14,16|4|2|1|1|1|1|1|1,14656127850,0,1,2,2,0
14,16|4|1|1|1|1|1|1|1|1,2610186579,0,1,0,0,0
14,16|3|3|3|3,6904137240,0,1,6,6,0
14,16|3|3|3|2|1,31826995200,5,1,17,17,1
14,16|3|3|3|1|1|1,25053210000,0|4,2,8,10,0
14,16|3|3|2|2|2,20078358300,0|2,2,4,9,0
14,16|3|3|2|2|1|1,40853214675,0,1,0,0,0
14,16|3|3|2|1|1|1|1,29705300625,0,1,0,0,0
14,16|3|3|1|1|1|1|1|1,9645485850,0|2,2,2,6,0
14,16|3|2|2|2|2|1,17887991940,0,1,4,4,0
14,16|3|2|2|2|1|1|1,21956014080,5|7,2,19,20,1
14,16|3|2|2|1|1|1|1|1,14054850810,0,1,2,2,0
14,16|3|2|1|1|1|1|1|1|1,5130897408,5,1,17,17,1
14,16|3|1|1|1|1|1|1|1|1|1,900951975,0,1,0,0,0
14,16|2|2|2|2|2|2,2086063200,0|4,2,10,12,0
14,16|2|2|2|2|2|1|1,4714049340,0,1,4,4,0
14,16|2|2|2|2|1|1|1|1,4403148750,0,1,2,2,0
14,16|2|2|2|1|1|1|1|1|1,2498640144,0|4,2,8,10,0
14,16|2|2|1|1|1|1|1|1|1|1,892004400,0|4,2,8,10,0
14,16|2|1|1|1|1|1|1|1|1|1|1,185910725,0,1,0,0,0
14,16|1|1|1|1|1|1|1|1|1|1|1|1,17383860,0,1,4,4,0
14,15|13,7020405,0,1,0,0,0
14,15|12|1,105719040,3|5,2,13,14,1
14,15|11|2,671068125,0,1,0,0,0
14,15|11|1|1,686439600,0|4,2,8,10,0
14,15|10|3,2405108160,3,1,9,9,1
14,15|10|2|1,5019589575,0,1,0,0,0
14,15|10|1|1|1,2601244800,3,1,11,11,1
14,15|9|4,5373913545,0,1,0,0,0
14,15|9|3|1,17391103275,0,1,0,0,0
14,15|9|2|2,12025540800,0|2|4|6,4,12,16,0
14,15|9|2|1|1,18493224750,0,1,2,2,0
14,15|9|1|1|1|1,6486854220,0,1,4,4,0
14,15|8|5,7558911360,3|5,2,11,12,1
14,15|8|4|1,34802487720,0|4,2,6,8,0
14,15|8|3|2,47033226240,3|5,2,17,18,1
14,15|8|3|1|1,58102349760,3,1,9,9,1
14,15|8|2|2|1,50633856000,3|5,2,17,18,1
14,15|8|2|1|1|1,42164552430,0,1,2,2,0
14,15|8|1|1|1|1|1,11296834560,3|5,2,17,18,1
14,15|7|6,5846345505,0,1,0,0,0
14,15|7|5|1,40156716600,0|4,2,6,8,0
14,15|7|4|2,85982616720,0|4,2,8,10,0
14,15|7|4|1|1,98912333520,0|2|4|6,4,8,15,0
14,15|7|3|3,51672245625,0,1,0,0,0
14,15|7|3|2|1,175446311040,3,1,11,11,1
14,15|7|3|1|1|1,114994233900,0|2,2,4,8,0
14,15|7|2|2|2,59178319200,0|4,2,10,12,0
14,15|7|2|2|1|1,109582740540,0,1,4,4,0
14,15|7|2|1|1|1|1,64537580250,0,1,2,2,0
14,15|7|1|1|1|1|1|1,14153136480,0|4,2,10,12,0
14,15|6|6|1,18405161775,0,1,0,0,0
14,15|6|5|2,75589113600,3|5,2,13,14,1
14,15|6|5|1|1,84540456000,3,1,9,9,1
14,15|6|4|3,95962741875,0,1,0,0,0
14,15|6|4|2|1,258594336000,3,1,13,13,1
14,15|6|4|1|1|1,156611194740,0|2,2,4,9,0
14,15|6|3|3|1,174053880000,3,1,9,9,1
14,15|6|3|2|2,184110326400,3,1,11,11,1
14,15|6|3|2|1|1,317474277120,3,1,13,13,1
14,15|6|3|1|1|1|1,146024424000,3,1,9,9,1
14,15|6|2|2|2|1,140548508100,0,1,4,4,0
14,15|6|2|2|1|1|1,147251520000,3|5,2,15,16,1
14,15|6|2|1|1|1|1|1,68448948750,0,1,2,2,0
14,15|6|1|1|1|1|1|1|1,12893126400,3,1,13,13,1
14,15|5|5|3,51967515600,0|2|4|6,4,8,12,0
14,15|5|5|2|1,131286355200,3|5,2,13,14,1
14,15|5|5|1|1|1,77301679455,0,1,0,0,0
14,15|5|4|4,39408699330,0,1,2,2,0
14,15|5|4|3|1,233340982875,0,1,0,0,0
14,15|5|4|2|2,201488086800,0|4,2,8,10,0
14,15|5|4|2|1|1,337788851400,0,1,6,6,0
14,15|5|4|1|1|1|1,143560261845,0,1,0,0,0
14,15|5|3|3|2,183082925025,0,1,0,0,0
14,15|5|3|3|1|1,254640826440,0|4,2,6,8,0
14,15|5|3|2|2|1,343563019800,0,1,6,6,0
14,15|5|3|2|1|1|1,332592099840,3|5,2,15,16,1
14,15|5|3|1|1|1|1|1,120743945595,0,1,0,0,0
14,15|5|2|2|2|2,81370188900,0,1,4,4,0
14,15|5|2|2|2|1|1,168275764800,0|2|4|6,4,12,16,0
14,15|5|2|2|1|1|1|1,128845080000,0|2|4|6,4,12,16,0
14,15|5|2|1|1|1|1|1|1,50414138775,0,1,0,0,0
14,15|5|1|1|1|1|1|1|1|1,8494690050,0,1,2,2,0
14,15|4|4|4|1,54304810560,3,1,9,9,1
14,15|4|4|3|2,137378241000,0|4,2,6,8,0
14,15|4|4|3|1|1,186551570205,0,1,0,0,0
14,15|4|4|2|2|1,208814926320,0|4,2,8,10,0
14,15|4|4|2|1|1|1,196531695360,3|5,2,13,14,1
14,15|4|4|1|1|1|1|1,66441112920,0|4,2,6,8,0
14,15|4|3|3|3,55697241600,3|5,2,15,16,1
14,15|4|3|3|2|1,245959889175,0,1,0,0,0
14,15|4|3|3|1|1|1,188972784000,3|5,2,11,12,1
14,15|4|3|2|2|2,142027966080,3,1,11,11,1
14,15|4|3|2|2|1|1,285558873600,3|5,2,15,16,1
14,15|4|3|2|1|1|1|1,202029085440,3|5,2,13,14,1
14,15|4|3|1|1|1|1|1|1,62219102400,3,1,9,9,1
14,15|4|2|2|2|2|1,96617664000,3|5,2,15,16,1
14,15|4|2|2|2|1|1|1,116819539200,0|2|8|10,4,16,23,0
14,15|4|2|2|1|1|1|1|1,72601401600,3|5,2,13,14,1
14,15|4|2|1|1|1|1|1|1|1,25097947875,0,1,0,0,0
14,15|4|1|1|1|1|1|1|1|1|1,3953892096,3|5,2,13,14,1
14,15|3|3|3|3|1,42991308360,0,1,6,6,0
14,15|3|3|3|2|2,57698861220,0|2,2,4,9,0
14,15|3|3|3|2|1|1,108757774125,0,1,0,0,0
14,15|3|3|3|1|1|1|1,61067199375,0,1,0,0,0
14,15|3|3|2|2|2|1,87922074240,3,1,11,11,1
14,15|3|3|2|2|1|1|1,103352842320,0|4,2,8,10,0
14,15|3|3|2|1|1|1|1|1,59813994240,3,1,13,13,1
14,15|3|3|1|1|1|1|1|1|1,16610278230,0|2,2,2,6,0
14,15|3|2|2|2|2|2,22373027820,0,1,4,4,0
14,15|3|2|2|2|2|1|1,49955724000,0|4,2,10,12,0
14,15|3|2|2|2|1|1|1|1,45394549200,0|4,2,8,10,0
14,15|3|2|2|1|1|1|1|1|1,24426879750,0,1,2,2,0
14,15|3|2|1|1|1|1|1|1|1|1,7830559737,0,1,0,0,0
14,15|3|1|1|1|1|1|1|1|1|1|1,1235591280,0|4,2,8,10,0
14,15|2|2|2|2|2|2|1,7666282260,0,1,4,4,0
14,15|2|2|2|2|2|1|1|1,10291881600,3,1,11,11,1
14,15|2|2|2|2|1|1|1|1|1,7808250450,0,1,2,2,0
14,15|2|2|2|1|1|1|1|1|1|1,3848173056,3|5,2,15,16,1
14,15|2|2|1|1|1|1|1|1|1|1|1,1228570875,0,1,0,0,0
14,15|2|1|1|1|1|1|1|1|1|1|1|1,232973440,3,1,11,11,1
14,15|1|1|1|1|1|1|1|1|1|1|1|1|1,20058300,0,1,4,4,0
14,14|14,2674440,0|2,2,6,11,0
14,14|13|1,65189475,0,1,0,0,0
14,14|12|2,540571185,0,1,0,0,0
14,14|12|1|1,552193200,0|4,2,8,10,0
14,14|11|3,2372896890,0|2,2,2,6,0
14,14|11|2|1,4933555200,5,1,15,15,1
14,14|11|1|1|1,2549632800,0|2|4|6,4,10,17,0
14,14|10|4,6388568550,0|2,2,2,6,0
14,14|10|3|1,20472051600,0|2,2,8,13,0
14,14|10|2|2,14092430625,0,1,0,0,0
14,14|10|2|1|1,21622847400,0|2,2,6,11,0
14,14|10|1|1|1|1,7548255000,0|2,2,6,10,0
14,14|9|5,11043097065,0,1,0,0,0
14,14|9|4|1,49476510720,5,1,15,15,1
14,14|9|3|2,65952575325,0,1,0,0,0
14,14|9|3|1|1,81205804680,0|2,2,6,11,0
14,14|9|2|2|1,70274254050,0,1,2,2,0
14,14|9|2|1|1|1,58267883520,5,1,17,17,1
14,14|9|1|1|1|1|1,15489019260,0,1,4,4,0
14,14|8|6,11712375675,0,1,0,0,0
14,14|8|5|1,72754521840,0|4,2,8,10,0
14,14|8|4|2,148816067400,0|4,2,6,8,0
14,14|8|4|1|1,170361828000,0|2|4|6,4,10,17,0
14,14|8|3|3,87773921235,0,1,0,0,0
14,14|8|3|2|1,295293835200,3,1,9,9,1
14,14|8|3|1|1|1,192329537400,0|2,2,6,10,0
14,14|8|2|2|2,98208583200,0|4,2,10,12,0
14,14|8|2|2|1|1,181233602550,0,1,2,2,0
14,14|8|2|1|1|1|1,105951952260,0,1,4,4,0
14,14|8|1|1|1|1|1|1,22946695200,0|4,2,10,12,0
14,14|7|7,5163006420,0|2,2,4,9,0
14,14|7|6|1,57591705600,5,1,19,19,1
14,14|7|5|2,181886304600,0|4,2,6,8,0
14,14|7|5|1|1,201930917760,0|2|4|6,4,14,23,0
14,14|7|4|3,211649518080,5,1,13,13,1
14,14|7|4|2|1,562194032400,0|2|4|6,4,8,15,0
14,14|7|4|1|1|1,337283481600,5|7|9|11,4,25,29,1
14,14|7|3|3|1,365426121060,0|2,2,4,9,0
14,14|7|3|2|2,382144963200,0|2|4|6,4,14,23,0
14,14|7|3|2|1|1,655668877500,0|2,2,4,8,0
14,14|7|3|1|1|1|1,298307037600,0|2,2,10,14,0
14,14|7|2|2|2|1,283549593600,5,1,19,19,1
14,14|7|2|2|1|1|1,295151867010,0,1,2,2,0
14,14|7|2|1|1|1|1|1,135562014720,5,1,19,19,1
14,14|7|1|1|1|1|1|1|1,25032758400,0|2|4|6,4,14,21,0
14,14|6|6|2,85417385625,0,1,0,0,0
14,14|6|6|1|1,93699005400,0|2,2,6,11,0
14,14|6|5|3,204622092675,0,1,0,0,0
14,14|6|5|2|1,504827294400,3,1,9,9,1
14,14|6|5|1|1|1,292932680040,0|2,2,6,11,0
14,14|6|4|4,124367713470,0|2,2,2,6,0
14,14|6|4|3|1,702742540500,0|2,2,4,8,0
14,14|6|4|2|2,595264269600,0|2|4|6,4,10,17,0
14,14|6|4|2|1|1,990482021100,0|2,2,4,9,0
14,14|6|4|1|1|1|1,413979242040,0|2,2,6,11,0
14,14|6|3|3|2,501565264200,0|2,2,6,11,0
14,14|6|3|3|1|1,692386334640,0|2|4|6,4,8,15,0
14,14|6|3|2|2|1,916393678200,0|2,2,6,10,0
14,14|6|3|2|1|1|1,878649819840,3,1,9,9,1
14,14|6|3|1|1|1|1|1,313222389480,0|2,2,6,11,0
14,14|6|2|2|2|2,207124117200,0|2,2,8,12,0
14,14|6|2|2|2|1|1,426155102100,0,1,4,4,0
14,14|6|2|2|1|1|1|1,322687901250,0,1,2,2,0
14,14|6|2|1|1|1|1|1|1,123839944200,0|2,2,6,11,0
14,14|6|1|1|1|1|1|1|1|1,20203068600,0|2,2,6,11,0
14,14|5|5|4,84447212850,0,1,2,2,0
14,14|5|5|3|1,386508397275,0,1,0,0,0
14,14|5|5|2|2,309330450000,0|4,2,8,10,0
14,14|5|5|2|1|1,508563680625,0,1,0,0,0
14,14|5|5|1|1|1|1,206137811880,0,1,6,6,0
14,14|5|4|4|1,304521767550,0|2,2,2,6,0
14,14|5|4|3|2,705498393600,5,1,15,15,1
14,14|5|4|3|1|1,946853107200,5,1,13,13,1
14,14|5|4|2|2|1,1023010560000,5,1,17,17,1
14,14|5|4|2|1|1|1,948702429675,0,1,0,0,0
14,14|5|4|1|1|1|1|1,311518771200,5,1,17,17,1
14,14|5|3|3|3,223913064375,0,1,0,0,0
14,14|5|3|3|2|1,965418854400,5,1,17,17,1
14,14|5|3|3|1|1|1,730852242120,0|4,2,6,8,0
14,14|5|3|2|2|2,534248715000,0|2,2,6,10,0
14,14|5|3|2|2|1|1,1066008972600,0,1,6,6,0
14,14|5|3|2|1|1|1|1,741530278125,0,1,0,0,0
14,14|5|3|1|1|1|1|1|1,221470376400,0|2,2,8,13,0
14,14|5|2|2|2|2|1,327946518900,0,1,4,4,0
14,14|5|2|2|2|1|1|1,392670720000,5|7,2,19,20,1
14,14|5|2|2|1|1|1|1|1,239571320625,0,1,0,0,0
14,14|5|2|1|1|1|1|1|1|1,80223897600,5,1,17,17,1
14,14|5|1|1|1|1|1|1|1|1|1,11951403750,0,1,2,2,0
14,14|4|4|4|2,180154054080,0|2|4|6,4,12,19,0
14,14|4|4|4|1|1,226674097650,0|2,2,2,6,0
14,14|4|4|3|3,181886304600,0|4,2,6,8,0
14,14|4|4|3|2|1,735203589120,5,1,15,15,1
14,14|4|4|3|1|1|1,541111756185,0,1,0,0,0
14,14|4|4|2|2|2,332123220000,0|2|4|6,4,10,17,0
14,14|4|4|2|2|1|1,654790696560,0|4,2,8,10,0
14,14|4|4|2|1|1|1|1,441723882600,0|4,2,6,8,0
14,14|4|4|1|1|1|1|1|1,122660516160,0|2|4|6,4,12,21,0
14,14|4|3|3|3|1,326677376025,0,1,0,0,0
14,14|4|3|3|2|2,423124982280,0|2,2,6,11,0
14,14|4|3|3|2|1|1,788173986600,0,1,6,6,0
14,14|4|3|3|1|1|1|1,430680785535,0,1,0,0,0
14,14|4|3|2|2|2|1,583355984640,3,1,13,13,1
14,14|4|3|2|2|1|1|1,675577702800,0|4,2,8,10,0
14,14|4|3|2|1|1|1|1|1,379663502400,3,1,9,9,1
14,14|4|3|1|1|1|1|1|1|1,99868008240,0|2,2,8,12,0
14,14|4|2|2|2|2|2,113918264460,0,1,4,4,0
14,14|4|2|2|2|2|1|1,252413647200,0|4,2,10,12,0
14,14|4|2|2|2|1|1|1|1,225478890000,0|4,2,8,10,0
14,14|4|2|2|1|1|1|1|1|1,117632990475,0,1,0,0,0
14,14|4|2|1|1|1|1|1|1|1|1,35677698210,0,1,2,2,0
14,14|4|1|1|1|1|1|1|1|1|1|1,5048272944,0|4,2,8,10,0
14,14|3|3|3|3|2,96164768700,0|2,2,4,9,0
14,14|3|3|3|3|1|1,145095665715,0,1,0,0,0
14,14|3|3|3|2|2|1,243617414040,0|2,2,6,11,0
14,14|3|3|3|2|1|1|1,262042260480,5,1,15,15,1
14,14|3|3|3|1|1|1|1|1,116271947610,0|2,2,2,6,0
14,14|3|3|2|2|2|2,105977500200,0|2,2,6,10,0
14,14|3|3|2|2|2|1|1,232016584800,0|2|4|6,4,10,17,0
14,14|3|3|2|2|1|1|1|1,200998324800,0|2|4|6,4,12,21,0
14,14|3|3|2|1|1|1|1|1|1,97495111350,0|2,2,2,6,0
14,14|3|3|1|1|1|1|1|1|1|1,23728968900,0|2,2,4,8,0
14,14|3|2|2|2|2|2|1,77294131200,5,1,17,17,1
14,14|3|2|2|2|2|1|1|1,102217096800,0|2|4|6,4,10,17,0
14,14|3|2|2|2|1|1|1|1|1,75290342400,5,1,15,15,1
14,14|3|2|2|1|1|1|1|1|1|1,35137127025,0,1,0,0,0
14,14|3|2|1|1|1|1|1|1|1|1|1,10064452608,5,1,15,15,1
14,14|3|1|1|1|1|1|1|1|1|1|1|1,1444197600,0|2|4|6,4,10,17,0
14,14|2|2|2|2|2|2|2,7457675940,0,1,4,4,0
14,14|2|2|2|2|2|2|1|1,17484503400,0|2,2,6,10,0
14,14|2|2|2|2|2|1|1|1|1,17653435800,0|2,2,6,11,0
14,14|2|2|2|2|1|1|1|1|1|1,11399210550,0,1,2,2,0
14,14|2|2|2|1|1|1|1|1|1|1|1,4983083469,0,1,0,0,0
14,14|2|2|1|1|1|1|1|1|1|1|1|1,1441523160,0|2,2,6,11,0
14,14|2|1|1|1|1|1|1|1|1|1|1|1|1,251100200,0|2,2,6,10,0
14,14|1|1|1|1|1|1|1|1|1|1|1|1|1|1,20058300,0,1,4,4,0
14,13|13|2,208606320,0|4,2,8,10,0
14,13|13|1|1,212952285,0,1,0,0,0
14,13|12|3,1497686400,3,1,11,11,1
14,13|12|2|1,3107364975,0,1,0,0,0
14,13|12|1|1|1,1603405440,3,1,11,11,1
14,13|11|4,5354228880,0|2,2,8,13,0
14,13|11|3|1,17059584150,0|2,2,2,6,0
14,13|11|2|2,11712375675,0,1,0,0,0
14,13|11|2|1|1,17946279000,0|2,2,6,10,0
14,13|11|1|1|1|1,6246600360,0|2,2,6,11,0
14,13|10|5,11681953920,3,1,11,11,1
14,13|10|4|1,51534452970,0|2,2,2,6,0
14,13|10|3|2,68144731200,3,1,9,9,1
14,13|10|3|1|1,83729479680,3|5|7|9,4,19,23,1
14,13|10|2|2|1,72153244800,3,1,11,11,1
14,13|10|2|1|1|1,59661407520,0|2|4|6,4,10,17,0
14,13|10|1|1|1|1|1,15780885120,3,1,11,11,1
14,13|9|6,16062686640,0|4,2,8,10,0
14,13|9|5|1,95067984375,0,1,0,0,0
14,13|9|4|2,189740485935,0,1,0,0,0
14,13|9|4|1|1,216531315000,0|2,2,6,10,0
14,13|9|3|3,110735188200,0|4,2,6,8,0
14,13|9|3|2|1,370386656640,3,1,11,11,1
14,13|9|3|1|1|1,240253860000,0|2|4|6,4,10,17,0
14,13|9|2|2|2,122134398750,0,1,2,2,0
14,13|9|2|2|1|1,224877612960,0|4,2,10,12,0
14,13|9|2|1|1|1|1,130836420000,0|4,2,10,12,0
14,13|9|1|1|1|1|1|1,28109701620,0,1,4,4,0
14,13|8|7,12238237440,3,1,13,13,1
14,13|8|6|1,104550880005,0,1,0,0,0
14,13|8|5|2,299836817280,3|5,2,11,12,1
14,13|8|5|1|1,331315920000,3,1,11,11,1
14,13|8|4|3,334973944305,0,1,0,0,0
14,13|8|4|2|1,881872992000,3,1,13,13,1
14,13|8|4|1|1|1,525861765000,0|2,2,6,11,0
14,13|8|3|3|1,562795309440,3,1,11,11,1
14,13|8|3|2|2,584441282880,3,1,9,9,1
14,13|8|3|2|1|1,999456057600,3,1,13,13,1
14,13|8|3|1|1|1|1,451501776000,3,1,11,11,1
14,13|8|2|2|2|1,426330474570,0,1,2,2,0
14,13|8|2|2|1|1|1,441864783360,3|5,2,15,16,1
14,13|8|2|1|1|1|1|1,201357250380,0,1,4,4,0
14,13|8|1|1|1|1|1|1|1,36714712320,3,1,13,13,1
14,13|7|7|1,46849502700,0|2,2,4,9,0
14,13|7|6|2,245959889175,0,1,0,0,0
14,13|7|6|1|1,267868921320,0|2,2,6,11,0
14,13|7|5|3,456782651325,0,1,0,0,0
14,13|7|5|2|1,1111159969920,3,1,11,11,1
14,13|7|5|1|1|1,638856855000,0|2,2,6,11,0
14,13|7|4|4,257672264850,0|2,2,2,6,0
14,13|7|4|3|1,1418713175880,0|2,2,6,10,0
14,13|7|4|2|2,1188323856720,0|2|4|6,4,8,15,0
14,13|7|4|2|1|1,1967679113400,0|2,2,6,11,0
14,13|7|4|1|1|1|1,813701889000,0|2,2,6,11,0
14,13|7|3|3|2,967304438100,0|2,2,4,9,0
14,13|7|3|3|1|1,1328822258400,0|2|4|6,4,10,17,0
14,13|7|3|2|2|1,1739110327500,0|2,2,4,8,0
14,13|7|3|2|1|1|1,1656992937600,3,1,11,11,1
14,13|7|3|1|1|1|1|1,583816879800,0|2,2,6,11,0
14,13|7|2|2|2|2,383013474480,0|2,2,8,12,0
14,13|7|2|2|2|1|1,785345611050,0,1,2,2,0
14,13|7|2|2|1|1|1|1,590303734020,0,1,4,4,0
14,13|7|2|1|1|1|1|1|1,223730278200,0|2,2,6,11,0
14,13|7|1|1|1|1|1|1|1|1,35775983880,0|2,2,6,11,0
14,13|6|6|3,223730278200,0|4,2,6,8,0
14,13|6|6|2|1,529123795200,3,1,13,13,1
14,13|6|6|1|1|1,299836817280,0|2|4|6,4,14,25,0
14,13|6|5|4,321253732800,3,1,9,9,1
14,13|6|5|3|1,1403797824000,3,1,15,15,1
14,13|6|5|2|2,1102341240000,3,1,9,9,1
14,13|6|5|2|1|1,1799020903680,3,1,13,13,1
14,13|6|5|1|1|1|1,717312960000,3,1,15,15,1
14,13|6|4|4|1,886912266240,3|5|7|9,4,21,25,1
14,13|6|4|3|2,1970434966500,0|2,2,4,8,0
14,13|6|4|3|1|1,2625101930880,0|2|4|6,4,14,25,0
14,13|6|4|2|2|1,2782860460380,0|2,2,4,9,0
14,13|6|4|2|1|1|1,2556503389440,3,1,13,13,1
14,13|6|4|1|1|1|1|1,824551247520,0|2,2,10,14,0
14,13|6|3|3|3,573217444800,3,1,9,9,1
14,13|6|3|3|2|1,2436174140400,0|2|4|6,4,8,15,0
14,13|6|3|3|1|1|1,1826952192000,3|11,2,23,29,1
14,13|6|3|2|2|2,1316930334720,3|5|7|9,4,21,25,1
14,13|6|3|2|2|1|1,2614605739200,3,1,9,9,1
14,13|6|3|2|1|1|1|1,1799020903680,3,1,13,13,1
14,13|6|3|1|1|1|1|1|1,527185612800,3|5|7|9,4,21,25,1
14,13|6|2|2|2|2|1,767946816000,3,1,15,15,1
14,13|6|2|2|2|1|1|1,913565302650,0,1,2,2,0
14,13|6|2|2|1|1|1|1|1,550720684800,3,1,13,13,1
14,13|6|2|1|1|1|1|1|1|1,180792144000,0|2|4|6,4,14,21,0
14,13|6|1|1|1|1|1|1|1|1|1,26072766720,3,1,13,13,1
14,13|5|5|5,66258582390,0,1,2,2,0
14,13|5|5|4|1,612271820160,3,1,11,11,1
14,13|5|5|3|2,1110426013125,0,1,0,0,0
14,13|5|5|3|1|1,1461704484240,0|4,2,8,10,0
14,13|5|5|2|2|1,1464046959375,0,1,0,0,0
14,13|5|5|2|1|1|1,1325594350080,3|5,2,15,16,1
14,13|5|5|1|1|1|1|1,413979242040,0,1,6,6,0
14,13|5|4|4|2,947107971810,0|2,2,2,6,0
14,13|5|4|4|1|1,1177930353600,0|2|4|6,4,12,19,0
14,13|5|4|3|3,886695734925,0,1,0,0,0
14,13|5|4|3|2|1,3500135907840,5,1,13,13,1
14,13|5|4|3|1|1|1,2538749893680,0|4,2,8,10,0
14,13|5|4|2|2|2,1515719205000,0|2,2,6,11,0
14,13|5|4|2|2|1|1,2965943385405,0,1,0,0,0
14,13|5|4|2|1|1|1|1,1967679113400,0,1,6,6,0
14,13|5|4|1|1|1|1|1|1,530068659120,0|2,2,8,12,0
14,13|5|3|3|3|1,1218087070200,0|4,2,6,8,0
14,13|5|3|3|2|2,1547687100960,0|2|4|6,4,10,17,0
14,13|5|3|3|2|1|1,2861392505400,0|4,2,6,8,0
14,13|5|3|3|1|1|1|1,1537637184720,0|4,2,8,10,0
14,13|5|3|2|2|2|1,2030164456320,3,1,11,11,1
14,13|5|3|2|2|1|1|1,2328633236475,0,1,0,0,0
14,13|5|3|2|1|1|1|1|1,1285014931200,3,1,13,13,1
14,13|5|3|1|1|1|1|1|1|1,327544015680,0|2|4|6,4,12,23,0
14,13|5|2|2|2|2|2,359015136480,0|4,2,10,12,0
14,13|5|2|2|2|2|1|1,791430903900,0,1,4,4,0
14,13|5|2|2|2|1|1|1|1,699157119375,0,1,0,0,0
14,13|5|2|2|1|1|1|1|1|1,357759838800,0|4,2,8,10,0
14,13|5|2|1|1|1|1|1|1|1|1,105055956720,0|4,2,8,10,0
14,13|5|1|1|1|1|1|1|1|1|1|1,14054850810,0,1,2,2,0
14,13|4|4|4|3,291018087360,3,1,9,9,1
14,13|4|4|4|2|1,920258088750,0|2,2,2,6,0
14,13|4|4|4|1|1|1,619963344000,3,1,11,11,1
14,13|4|4|3|3|1,1004921832915,0,1,0,0,0
14,13|4|4|3|2|2,1206388755000,0|2,2,6,10,0
14,13|4|4|3|2|1|1,2203775949375,0,1,0,0,0
14,13|4|4|3|1|1|1|1,1148482094760,0,1,6,6,0
14,13|4|4|2|2|2|1,1276395120000,3,1,11,11,1
14,13|4|4|2|2|1|1|1,1442964683160,0|4,2,6,8,0
14,13|4|4|2|1|1|1|1|1,771008958720,3,1,13,13,1
14,13|4|4|1|1|1|1|1|1|1,182530530000,0|2,2,8,13,0
14,13|4|3|3|3|2,687860933760,3,1,11,11,1
14,13|4|3|3|3|1|1,1025757532800,3|5,2,11,12,1
14,13|4|3|3|2|2|1,1662392160000,3,1,13,13,1
14,13|4|3|3|2|1|1|1,1761875940825,0,1,0,0,0
14,13|4|3|3|1|1|1|1|1,759327004800,3,1,11,11,1
14,13|4|3|2|2|2|2,657536880000,3,1,11,11,1
14,13|4|3|2|2|2|1|1,1428634247040,3,1,11,11,1
14,13|4|3|2|2|1|1|1|1,1216870200000,3,1,9,9,1
14,13|4|3|2|1|1|1|1|1|1,572415742080,3,1,11,11,1
14,13|4|3|1|1|1|1|1|1|1|1,131861520000,3,1,11,11,1
14,13|4|2|2|2|2|2|1,365426121060,0,1,4,4,0
14,13|4|2|2|2|2|1|1|1,478567440000,3,1,11,11,1
14,13|4|2|2|2|1|1|1|1|1,346047463125,0,1,0,0,0
14,13|4|2|2|1|1|1|1|1|1|1,156436600320,3|5,2,15,16,1
14,13|4|2|1|1|1|1|1|1|1|1|1,42373158750,0,1,2,2,0
14,13|4|1|1|1|1|1|1|1|1|1|1|1,5451578496,3,1,11,11,1
14,13|3|3|3|3|3,78817398660,0|2,2,4,9,0
14,13|3|3|3|3|2|1,398235277440,3,1,11,11,1
14,13|3|3|3|3|1|1|1,334973944305,0,1,0,0,0
14,13|3|3|3|2|2|2,287840124000,0|2|4|6,4,10,17,0
14,13|3|3|3|2|2|1|1,608019932520,0|2,2,6,10,0
14,13|3|3|3|2|1|1|1|1,478534206150,0|2,2,2,6,0
14,13|3|3|3|1|1|1|1|1|1,177176301120,0|2|4|6,4,12,25,0
14,13|3|3|2|2|2|2|1,343563019800,0|2,2,6,11,0
14,13|3|3|2|2|2|1|1|1,443456133120,3|5|7|9,4,19,23,1
14,13|3|3|2|2|1|1|1|1|1,310484431530,0|2,2,2,6,0
14,13|3|3|2|1|1|1|1|1|1|1,130363833600,3,1,13,13,1
14,13|3|3|1|1|1|1|1|1|1|1|1,28315633500,0|2,2,4,8,0
14,13|3|2|2|2|2|2|2,70520830380,0,1,4,4,0
14,13|3|2|2|2|2|2|1|1,164068870680,0|2,2,6,11,0
14,13|3|2|2|2|2|1|1|1|1,162845865000,0|2,2,6,10,0
14,13|3|2|2|2|1|1|1|1|1|1,101948591745,0,1,0,0,0
14,13|3|2|2|1|1|1|1|1|1|1|1,42164552430,0,1,2,2,0
14,13|3|2|1|1|1|1|1|1|1|1|1|1,10937924712,0|2,2,6,10,0
14,13|3|1|1|1|1|1|1|1|1|1|1|1|1,1441523160,0|2,2,6,11,0
14,13|2|2|2|2|2|2|2|1,20933827200,3,1,11,11,1
14,13|2|2|2|2|2|2|1|1|1,29529383520,0|2|4|6,4,10,17,0
14,13|2|2|2|2|2|1|1|1|1|1,24469361280,3,1,11,11,1
14,13|2|2|2|2|1|1|1|1|1|1|1,13841898525,0,1,0,0,0
14,13|2|2|2|1|1|1|1|1|1|1|1|1,5451578496,3,1,11,11,1
14,13|2|2|1|1|1|1|1|1|1|1|1|1|1,1444197600,0|2|4|6,4,10,17,0
14,13|2|1|1|1|1|1|1|1|1|1|1|1|1|1,232973440,3,1,11,11,1
14,13|1|1|1|1|1|1|1|1|1|1|1|1|1|1|1,17383860,0,1,4,4,0
14,12|12|4,2106121500,0,1,4,4,0
14,12|12|3|1,6692786100,0,1,4,4,0
14,12|12|2|2,4589339040,0|2|4|6,4,10,14,0
14,12|12|2|1|1,7027425405,0,1,0,0,0
14,12|12|1|1|1|1,2442687975,0,1,0,0,0
14,12|11|5,7666282260,0,1,4,4,0
14,12|11|4|1,33548175360,5,1,17,17,1
14,12|11|3|2,44172388260,0,1,4,4,0
14,12|11|3|1|1,54211567410,0|2,2,2,6,0
14,12|11|2|2|1,46610474625,0,1,0,0,0
14,12|11|2|1|1|1,38481730560,5,1,15,15,1
14,12|11|1|1|1|1|1,10150725585,0,1,0,0,0
14,12|10|6,14602442400,0|4,2,10,12,0
14,12|10|5|1,84329104860,0,1,4,4,0
14,12|10|4|2,166102782300,0,1,4,4,0
14,12|10|4|1|1,189199914750,0|2,2,2,6,0
14,12|10|3|3,96376119840,0|4,2,10,12,0
14,12|10|3|2|1,321253732800,3,1,9,9,1
14,12|10|3|1|1|1,207870062400,0|2|4|6,4,12,23,0
14,12|10|2|2|2,105411381075,0,1,0,0,0
14,12|10|2|2|1|1,193819813200,0|4,2,8,10,0
14,12|10|2|1|1|1|1,112438806480,0|4,2,8,10,0
14,12|10|1|1|1|1|1|1,24041192175,0,1,0,0,0
14,12|9|7,16062686640,0|4,2,8,10,0
14,12|9|6|1,124607508480,5|7,2,19,20,1
14,12|9|5|2,341697152160,0|2|4|6,4,10,14,0
14,12|9|5|1|1,376469218125,0,1,0,0,0
14,12|9|4|3,373822525440,5|7,2,19,20,1
14,12|9|4|2|1,978819967125,0,1,0,0,0
14,12|9|4|1|1|1,581454720000,5,1,15,15,1
14,12|9|3|3|1,618413435640,0|4,2,6,8,0
14,12|9|3|2|2,639495711855,0,1,0,0,0
14,12|9|3|2|1|1,1091317827600,0|4,2,8,10,0
14,12|9|3|1|1|1|1,490804314000,0|4,2,8,10,0
14,12|9|2|2|2|1,461780766720,5|7,2,19,20,1
14,12|9|2|2|1|1|1,477291260160,0|2|8|10,4,16,23,0
14,12|9|2|1|1|1|1|1,216423567360,5|7,2,19,20,1
14,12|9|1|1|1|1|1|1|1,39152798685,0,1,0,0,0
14,12|8|8,7170842250,0,1,2,2,0
14,12|8|7|1,98383955670,0,1,2,2,0
14,12|8|6|2,397742716800,0|2|4|6,4,14,18,0
14,12|8|6|1|1,431228377125,0,1,0,0,0
14,12|8|5|3,674632838880,0|2|4|6,4,10,14,0
14,12|8|5|2|1,1627129296000,3|5,2,11,12,1
14,12|8|5|1|1|1,930100421250,0,1,2,2,0
14,12|8|4|4,368103235500,0,1,4,4,0
14,12|8|4|3|1,1996427671875,0,1,0,0,0
14,12|8|4|2|2,1661027823000,0|4,2,6,8,0
14,12|8|4|2|1|1,2741792625000,0,1,6,6,0
14,12|8|4|1|1|1|1,1126189968750,0,1,2,2,0
14,12|8|3|3|2,1328183401545,0,1,0,0,0
14,12|8|3|3|1|1,1818863046000,0|4,2,8,10,0
14,12|8|3|2|2|1,2364521959800,0,1,6,6,0
14,12|8|3|2|1|1|1,2243676864000,3|5,2,15,16,1
14,12|8|3|1|1|1|1|1,784641107250,0,1,2,2,0
14,12|8|2|2|2|2,512964474750,0,1,2,2,0
14,12|8|2|2|2|1|1,1049428860480,0|2|4|6,4,12,16,0
14,12|8|2|2|1|1|1|1,785018520000,0|2|4|6,4,12,16,0
14,12|8|2|1|1|1|1|1|1,295151867010,0,1,2,2,0
14,12|8|1|1|1|1|1|1|1|1,46610474625,0,1,0,0,0
14,12|7|7|2,182713060530,0,1,2,2,0
14,12|7|7|1|1,196767911340,0|2,2,4,9,0
14,12|7|6|3,587435397120,5|7,2,19,20,1
14,12|7|6|2|1,1370347953975,0,1,0,0,0
14,12|7|6|1|1|1,769634611200,5,1,19,19,1
14,12|7|5|4,662585823900,0,1,4,4,0
14,12|7|5|3|1,2822873760135,0,1,0,0,0
14,12|7|5|2|2,2192556726360,0|4,2,6,8,0
14,12|7|5|2|1|1,3561439067550,0,1,2,2,0
14,12|7|5|1|1|1|1,1405485081000,0,1,6,6,0
14,12|7|4|4|1,1656464559750,0|2,2,2,6,0
14,12|7|4|3|2,3598041807360,5,1,13,13,1
14,12|7|4|3|1|1,4770949248000,5,1,15,15,1
14,12|7|4|2|2|1,5002624972800,5,1,17,17,1
14,12|7|4|2|1|1|1,4567826513250,0,1,2,2,0
14,12|7|4|1|1|1|1|1,1456697088000,5,1,17,17,1
14,12|7|3|3|3,1004921832915,0,1,0,0,0
14,12|7|3|3|2|1,4232990361600,5,1,17,17,1
14,12|7|3|3|1|1|1,3155170590000,0|4,2,8,10,0
14,12|7|3|2|2|2,2257043688900,0|2,2,4,8,0
14,12|7|3|2|2|1|1,4466319257400,0,1,6,6,0
14,12|7|3|2|1|1|1|1,3051382083750,0,1,2,2,0
14,12|7|3|1|1|1|1|1|1,883447765200,0|2,2,8,13,0
14,12|7|2|2|2|2|1,1278991423710,0,1,2,2,0
14,12|7|2|2|2|1|1|1,1514964971520,5|7,2,19,20,1
14,12|7|2|2|1|1|1|1|1,906107626710,0,1,2,2,0
14,12|7|2|1|1|1|1|1|1|1,293717698560,5,1,17,17,1
14,12|7|1|1|1|1|1|1|1|1|1,41525695575,0,1,0,0,0
14,12|6|6|4,353379106080,0|4,2,10,12,0
14,12|6|6|3|1,1405485081000,0|4,2,6,8,0
14,12|6|6|2|2,1065826186425,0,1,0,0,0
14,12|6|6|2|1|1,1719652334400,0|4,2,12,14,0
14,12|6|6|1|1|1|1,667818365760,0|4,2,12,14,0
14,12|6|5|5,252987314580,0,1,4,4,0
14,12|6|5|4|1,2120274636480,3,1,9,9,1
14,12|6|5|3|2,3689398337625,0,1,0,0,0
14,12|6|5|3|1|1,4821640583760,0|4,2,8,10,0
14,12|6|5|2|2|1,4739791746690,0,1,2,2,0
14,12|6|5|2|1|1|1,4252231226880,3|5,2,15,16,1
14,12|6|5|1|1|1|1|1,1304881938360,0,1,6,6,0
14,12|6|4|4|2,2525188195530,0|2,2,2,6,0
14,12|6|4|4|1|1,3118050936000,0|2|4|6,4,12,19,0
14,12|6|4|3|3,2283913256625,0,1,0,0,0
14,12|6|4|3|2|1,8889279759360,5,1,15,15,1
14,12|6|4|3|1|1|1,6388568550000,0|4,2,8,10,0
14,12|6|4|2|2|2,3761739481500,0|2,2,4,9,0
14,12|6|4|2|2|1|1,7325132699430,0,1,2,2,0
14,12|6|4|2|1|1|1|1,4808238435000,0,1,6,6,0
14,12|6|4|1|1|1|1|1|1,1271423427120,0|2,2,8,12,0
14,12|6|3|3|3|1,2837426351760,0|4,2,8,10,0
14,12|6|3|3|2|2,3564971570160,0|2|4|6,4,8,15,0
14,12|6|3|3|2|1|1,6558930378000,0|4,2,8,10,0
14,12|6|3|3|1|1|1|1,3487293810000,0|4,2,8,10,0
14,12|6|3|2|2|2|1,4547525062080,3,1,9,9,1
14,12|6|3|2|2|1|1|1,5183281032930,0,1,2,2,0
14,12|6|3|2|1|1|1|1|1,2827032848640,3,1,13,13,1
14,12|6|3|1|1|1|1|1|1|1,706758212160,0|2|4|6,4,12,21,0
14,12|6|2|2|2|2|2,766026948960,0|4,2,10,12,0
14,12|6|2|2|2|2|1|1,1682883452250,0,1,2,2,0
14,12|6|2|2|2|1|1|1|1,1475759335050,0,1,2,2,0
14,12|6|2|2|1|1|1|1|1|1,745767594000,0|4,2,8,10,0
14,12|6|2|1|1|1|1|1|1|1|1,214655903280,0|4,2,8,10,0
14,12|6|1|1|1|1|1|1|1|1|1|1,27804161385,0,1,0,0,0
14,12|5|5|5|1,451763061750,0,1,2,2,0
14,12|5|5|4|2,1788981724530,0,1,2,2,0
14,12|5|5|4|1|1,2182635655200,0|4,2,10,12,0
14,12|5|5|3|3,1342381669200,0|2|4|6,4,8,12,0
14,12|5|5|3|2|1,5079588433920,5|7,2,19,20,1
14,12|5|5|3|1|1|1,3598041807360,0|2|8|10,4,18,25,0
14,12|5|5|2|2|2,2015217579375,0,1,0,0,0
14,12|5|5|2|2|1|1,3897878624640,0|2|4|6,4,14,18,0
14,12|5|5|2|1|1|1|1,2517768489600,0|2|4|6,4,14,18,0
14,12|5|5|1|1|1|1|1|1,643967709840,0,1,8,8,0
14,12|5|4|4|3,1435602618450,0,1,2,2,0
14,12|5|4|4|2|1,4434561331200,5,1,19,19,1
14,12|5|4|4|1|1|1,2944825884000,0|4,2,10,12,0
14,12|5|4|3|3|1,4492153036800,5|7,2,21,22,1
14,12|5|4|3|2|2,5291237952000,5,1,13,13,1
14,12|5|4|3|2|1|1,9594778152960,5|7,2,19,20,1
14,12|5|4|3|1|1|1|1,4918717440000,5|7,2,21,22,1
14,12|5|4|2|2|2|1,5329130932125,0,1,0,0,0
14,12|5|4|2|2|1|1|1,5968043827200,5|7,2,21,22,1
14,12|5|4|2|1|1|1|1|1,3132223894800,0,1,8,8,0
14,12|5|4|1|1|1|1|1|1|1,718889472000,5,1,19,19,1
14,12|5|3|3|3|2,2364521959800,0|4,2,6,8,0
14,12|5|3|3|3|1|1,3500135907840,0|2|8|10,4,18,25,0
14,12|5|3|3|2|2|1,5565720920760,0|4,2,6,8,0
14,12|5|3|3|2|1|1|1,5843436318720,5|7,2,19,20,1
14,12|5|3|3|1|1|1|1|1,2473653742560,0|4,2,10,12,0
14,12|5|3|2|2|2|2,2101797297600,0|4,2,12,14,0
14,12|5|3|2|2|2|1|1,4543785321075,0,1,0,0,0
14,12|5|3|2|2|1|1|1|1,3828273649200,0,1,8,8,0
14,12|5|3|2|1|1|1|1|1|1,1766895530400,0|4,2,10,12,0
14,12|5|3|1|1|1|1|1|1|1|1,394265944800,0|4,2,10,12,0
14,12|5|2|2|2|2|2|1,1053184204800,5|7,2,21,22,1
14,12|5|2|2|2|2|1|1|1,1370347953975,0,1,0,0,0
14,12|5|2|2|2|1|1|1|1|1,979058995200,5|7,2,19,20,1
14,12|5|2|2|1|1|1|1|1|1|1,433901145600,0|2|8|10,4,18,25,0
14,12|5|2|1|1|1|1|1|1|1|1|1,113772072960,5|7,2,19,20,1
14,12|5|1|1|1|1|1|1|1|1|1|1|1,13841898525,0,1,0,0,0
14,12|4|4|4|4,198775747170,0,1,2,2,0
14,12|4|4|4|3|1,1520049831300,0,1,4,4,0
14,12|4|4|4|2|2,1461586376250,0|2,2,2,6,0
14,12|4|4|4|2|1|1,2576722648500,0,1,4,4,0
14,12|4|4|4|1|1|1|1,1220552833500,0,1,4,4,0
14,12|4|4|3|3|2,1998766823625,0,1,0,0,0
14,12|4|4|3|3|1|1,2923408968480,0|2|4|6,4,10,14,0
14,12|4|4|3|2|2|1,4392140878125,0,1,0,0,0
14,12|4|4|3|2|1|1|1,4544894914560,5|7,2,19,20,1
14,12|4|4|3|1|1|1|1|1,1862906589180,0,1,4,4,0
14,12|4|4|2|2|2|2,1343478386250,0,1,2,2,0
14,12|4|4|2|2|2|1|1,2884943061000,0|4,2,6,8,0
14,12|4|4|2|2|1|1|1|1,2391880065120,0|4,2,10,12,0
14,12|4|4|2|1|1|1|1|1|1,1067803600500,0,1,4,4,0
14,12|4|4|1|1|1|1|1|1|1|1,221142757500,0,1,4,4,0
14,12|4|3|3|3|3,532017440955,0,1,0,0,0
14,12|4|3|3|3|2|1,2625101930880,3|5,2,11,12,1
14,12|4|3|3|3|1|1|1,2176071337440,0|2|4|6,4,10,14,0
14,12|4|3|3|2|2|2,1818863046000,0|4,2,8,10,0
14,12|4|3|3|2|2|1|1,3813355781235,0,1,0,0,0
14,12|4|3|3|2|1|1|1|1,2951518670100,0,1,4,4,0
14,12|4|3|3|1|1|1|1|1|1,1060137318240,0|4,2,10,12,0
14,12|4|3|2|2|2|2|1,1960064256150,0,1,2,2,0
14,12|4|3|2|2|2|1|1|1,2505779115840,3,1,9,9,1
14,12|4|3|2|2|1|1|1|1|1,1722723142140,0,1,4,4,0
14,12|4|3|2|1|1|1|1|1|1|1,700917235200,3|5,2,15,16,1
14,12|4|3|1|1|1|1|1|1|1|1|1,144040396500,0,1,4,4,0
14,12|4|2|2|2|2|2|2,307727259840,0|2|4|6,4,12,16,0
14,12|4|2|2|2|2|2|1|1,712287813510,0,1,2,2,0
14,12|4|2|2|2|2|1|1|1|1,699157119375,0,1,0,0,0
14,12|4|2|2|2|1|1|1|1|1|1,429311806560,0|2|4|6,4,10,14,0
14,12|4|2|2|1|1|1|1|1|1|1|1,171909747360,0|2|4|6,4,10,14,0
14,12|4|2|1|1|1|1|1|1|1|1|1|1,42164552430,0,1,2,2,0
14,12|4|1|1|1|1|1|1|1|1|1|1|1|1,4983083469,0,1,0,0,0
14,12|3|3|3|3|3|1,334973944305,0,1,0,0,0
14,12|3|3|3|3|2|2,482555502000,0|4,2,8,10,0
14,12|3|3|3|3|2|1|1,944475406875,0,1,0,0,0
14,12|3|3|3|3|1|1|1|1,574241047380,0,1,4,4,0
14,12|3|3|3|2|2|2|1,875242368000,5,1,15,15,1
14,12|3|3|3|2|2|1|1|1,1082223512370,0|2,2,2,6,0
14,12|3|3|3|2|1|1|1|1|1,685341296640,5,1,17,17,1
14,12|3|3|3|1|1|1|1|1|1|1,219036636000,0|4,2,10,12,0
14,12|3|3|2|2|2|2|2,293836793250,0,1,2,2,0
14,12|3|3|2|2|2|2|1|1,675577702800,0|2,2,8,13,0
14,12|3|3|2|2|2|1|1|1|1,652546644750,0|2,2,2,6,0
14,12|3|3|2|2|1|1|1|1|1|1,387573158700,0,1,4,4,0
14,12|3|3|2|1|1|1|1|1|1|1|1,144040396500,0,1,4,4,0
14,12|3|3|1|1|1|1|1|1|1|1|1|1,28315633500,0|2,2,4,8,0
14,12|3|2|2|2|2|2|2|1,182713060530,0,1,2,2,0
14,12|3|2|2|2|2|2|1|1|1,255235968000,5,1,15,15,1
14,12|3|2|2|2|2|1|1|1|1|1,207628477875,0,1,0,0,0
14,12|3|2|2|2|1|1|1|1|1|1|1,113772072960,5|7,2,19,20,1
14,12|3|2|2|1|1|1|1|1|1|1|1|1,42373158750,0,1,2,2,0
14,12|3|2|1|1|1|1|1|1|1|1|1|1|1,10064452608,5,1,15,15,1
14,12|3|1|1|1|1|1|1|1|1|1|1|1|1|1,1228570875,0,1,0,0,0
14,12|2|2|2|2|2|2|2|2,15111606510,0,1,2,2,0
14,12|2|2|2|2|2|2|2|1|1,36459749040,0|4,2,8,10,0
14,12|2|2|2|2|2|2|1|1|1|1,39083007600,0|4,2,8,10,0
14,12|2|2|2|2|2|1|1|1|1|1|1,27804161385,0,1,0,0,0
14,12|2|2|2|2|1|1|1|1|1|1|1|1,14054850810,0,1,2,2,0
14,12|2|2|2|1|1|1|1|1|1|1|1|1|1,5048272944,0|4,2,8,10,0
14,12|2|2|1|1|1|1|1|1|1|1|1|1|1|1,1235591280,0|4,2,8,10,0
14,12|2|1|1|1|1|1|1|1|1|1|1|1|1|1|1,185910725,0,1,0,0,0
14,12|1|1|1|1|1|1|1|1|1|1|1|1|1|1|1|1,13037895,0,1,0,0,0
14,11|11|6,5962663980,0,1,4,4,0
14,11|11|5|1,34072365600,0|4,2,10,12,0
14,11|11|4|2,66721929120,0|4,2,10,12,0
14,11|11|4|1|1,75932700480,0|2|4|6,4,12,21,0
14,11|11|3|3,38612227500,0,1,4,4,0
14,11|11|3|2|1,128501493120,3,1,11,11,1
14,11|11|3|1|1|1,83051391150,0|2,2,2,6,0
14,11|11|2|2|2,42068941200,0|4,2,8,10,0
14,11|11|2|2|1|1,77301679455,0,1,0,0,0
14,11|11|2|1|1|1|1,44782612875,0,1,0,0,0
14,11|11|1|1|1|1|1|1,9553624080,0|4,2,8,10,0
14,11|10|7,11681953920,3,1,11,11,1
14,11|10|6|1,87006219300,0,1,4,4,0
14,11|10|5|2,233639078400,3|5,2,15,16,1
14,11|10|5|1|1,257002986240,3,1,13,13,1
14,11|10|4|3,252987314580,0,1,4,4,0
14,11|10|4|2|1,660479702400,3,1,11,11,1
14,11|10|4|1|1|1,391527986850,0|2,2,2,6,0
14,11|10|3|3|1,415158670080,3,1,13,13,1
14,11|10|3|2|2,428338310400,3,1,13,13,1
14,11|10|3|2|1|1,730122120000,3,1,9,9,1
14,11|10|3|1|1|1|1,327552825600,3,1,13,13,1
14,11|10|2|2|2|1,307629132525,0,1,0,0,0
14,11|10|2|2|1|1|1,317474277120,3|5,2,13,14,1
14,11|10|2|1|1|1|1|1,143560261845,0,1,0,0,0
14,11|10|1|1|1|1|1|1|1,25859433600,3,1,11,11,1
14,11|9|8,10039179150,0,1,2,2,0
14,11|9|7|1,106780360050,0,1,2,2,0
14,11|9|6|2,394265944800,0|2|4|6,4,10,14,0
14,11|9|6|1|1,426330474570,0,1,2,2,0
14,11|9|5|3,642507465600,0|2|4|6,4,14,18,0
14,11|9|5|2|1,1542017917440,3|5,2,15,16,1
14,11|9|5|1|1|1,878428175625,0,1,0,0,0
14,11|9|4|4,344982701700,0,1,4,4,0
14,11|9|4|3|1,1855240306920,0,1,6,6,0
14,11|9|4|2|2,1537637184720,0|4,2,8,10,0
14,11|9|4|2|1|1,2533348246275,0,1,0,0,0
14,11|9|4|1|1|1|1,1036397612250,0,1,2,2,0
14,11|9|3|3|2,1218087070200,0,1,6,6,0
14,11|9|3|3|1|1,1664959249800,0|4,2,6,8,0
14,11|9|3|2|2|1,2156141885625,0,1,0,0,0
14,11|9|3|2|1|1|1,2040906067200,3|5,2,13,14,1
14,11|9|3|1|1|1|1|1,710550790950,0,1,2,2,0
14,11|9|2|2|2|2,463810076730,0,1,2,2,0
14,11|9|2|2|2|1|1,947563531200,0|2|4|6,4,12,16,0
14,11|9|2|2|1|1|1|1,706758212160,0|2|4|6,4,12,16,0
14,11|9|2|1|1|1|1|1|1,264453113925,0,1,0,0,0
14,11|9|1|1|1|1|1|1|1|1,41455904490,0,1,2,2,0
14,11|8|8|1,49717839600,0|4,2,8,10,0
14,11|8|7|2,330432410880,3|5,2,13,14,1
14,11|8|7|1|1,354352602240,3,1,11,11,1
14,11|8|6|3,824551247520,0|2|4|6,4,10,14,0
14,11|8|6|2|1,1908052473600,3|5,2,13,14,1
14,11|8|6|1|1|1,1065826186425,0,1,0,0,0
14,11|8|5|4,856676620800,3|5,2,15,16,1
14,11|8|5|3|1,3598041807360,3|5,2,15,16,1
14,11|8|5|2|2,2776967331840,3|5|11|13,4,25,34,1
14,11|8|5|2|1|1,4497552259200,3|5,2,11,12,1
14,11|8|5|1|1|1|1,1763745984000,3|5,2,15,16,1
14,11|8|4|4|1,2044341936000,3,1,11,11,1
14,11|8|4|3|2,4385113452720,0|4,2,8,10,0
14,11|8|4|3|1|1,5797625959125,0,1,0,0,0
14,11|8|4|2|2|1,6040717511400,0|4,2,6,8,0
14,11|8|4|2|1|1|1,5494747104000,3|5,2,13,14,1
14,11|8|4|1|1|1|1|1,1740124386000,0|4,2,8,10,0
14,11|8|3|3|3,1199347269120,3|5,2,15,16,1
14,11|8|3|3|2|1,5024609164575,0,1,0,0,0
14,11|8|3|3|1|1|1,3731001120000,3|5,2,13,14,1
14,11|8|3|2|2|2,2657644516800,3,1,9,9,1
14,11|8|3|2|2|1|1,5248044172800,3|5,2,15,16,1
14,11|8|3|2|1|1|1|1,3569485920000,3|5,2,13,14,1
14,11|8|3|1|1|1|1|1|1,1025757532800,3,1,11,11,1
14,11|8|2|2|2|2|1,1481546626560,3|5,2,15,16,1
14,11|8|2|2|2|1|1|1,1750067953920,0|2|8|10,4,16,23,0
14,11|8|2|2|1|1|1|1|1,1041538417920,3|5,2,13,14,1
14,11|8|2|1|1|1|1|1|1|1,334973944305,0,1,0,0,0
14,11|8|1|1|1|1|1|1|1|1|1,46793260800,3|5,2,13,14,1
14,11|7|7|3,394396323750,0,1,2,2,0
14,11|7|7|2|1,899510451840,3,1,11,11,1
14,11|7|7|1|1|1,498308346900,0|2,2,4,9,0
14,11|7|6|4,836598262500,0,1,4,4,0
14,11|7|6|3|1,3246670537110,0,1,2,2,0
14,11|7|6|2|2,2436174140400,0|4,2,8,10,0
14,11|7|6|2|1|1,3912998236875,0,1,0,0,0
14,11|7|6|1|1|1|1,1504695792600,0,1,6,6,0
14,11|7|5|5,481880599200,0|4,2,10,12,0
14,11|7|5|4|1,3855044793600,3,1,13,13,1
14,11|7|5|3|2,6562754827200,0|4,2,12,14,0
14,11|7|5|3|1|1,8538321867075,0,1,0,0,0
14,11|7|5|2|2|1,8305139115000,0|4,2,6,8,0
14,11|7|5|2|1|1|1,7407733132800,3|5,2,15,16,1
14,11|7|5|1|1|1|1|1,2248776129600,0|4,2,12,14,0
14,11|7|4|4|2,4176298526400,0|2|4|6,4,12,19,0
14,11|7|4|4|1|1,5133671156250,0|2,2,2,6,0
14,11|7|4|3|3,3710480613840,0|4,2,8,10,0
14,11|7|4|3|2|1,14318737804800,5,1,13,13,1
14,11|7|4|3|1|1|1,10231104633750,0,1,2,2,0
14,11|7|4|2|2|2,5979700162800,0|2|4|6,4,8,15,0
14,11|7|4|2|2|1|1,11607653257200,0|4,2,8,10,0
14,11|7|4|2|1|1|1|1,7567996590000,0|4,2,8,10,0
14,11|7|4|1|1|1|1|1|1,1978246670400,0|2|4|6,4,12,25,0
14,11|7|3|3|3|1,4392140878125,0,1,0,0,0
14,11|7|3|3|2|2,5481391815900,0|2,2,4,9,0
14,11|7|3|3|2|1|1,10053239625000,0,1,6,6,0
14,11|7|3|3|1|1|1|1,5309181281250,0,1,2,2,0
14,11|7|3|2|2|2|1,6878609337600,3,1,13,13,1
14,11|7|3|2|2|1|1|1,7808250450000,0|4,2,8,10,0
14,11|7|3|2|1|1|1|1|1,4227022800000,3,1,11,11,1
14,11|7|3|1|1|1|1|1|1|1,1044074631600,0|2,2,8,12,0
14,11|7|2|2|2|2|2,1128521844450,0,1,2,2,0
14,11|7|2|2|2|2|1|1,2473653742560,0|4,2,10,12,0
14,11|7|2|2|2|1|1|1|1,2158800930000,0|4,2,8,10,0
14,11|7|2|2|1|1|1|1|1|1,1082223512370,0,1,2,2,0
14,11|7|2|1|1|1|1|1|1|1|1,307629132525,0,1,0,0,0
14,11|7|1|1|1|1|1|1|1|1|1|1,39083007600,0|4,2,8,10,0
14,11|6|6|5,325269404460,0,1,4,4,0
14,11|6|6|4|1,2098857720960,3,1,11,11,1
14,11|6|6|3|2,3349739443050,0,1,2,2,0
14,11|6|6|3|1|1,4328894049480,0|4,2,6,8,0
14,11|6|6|2|2|1,4111043861925,0,1,0,0,0
14,11|6|6|2|1|1|1,3636523537920,3|5,2,15,16,1
14,11|6|6|1|1|1|1|1,1085204844360,0,1,6,6,0
14,11|6|5|5|1,1542017917440,3,1,15,15,1
14,11|6|5|4|2,5568398035200,3,1,13,13,1
14,11|6|5|4|1|1,6746328388800,3,1,9,9,1
14,11|6|5|3|3,4038618355200,3|5,2,15,16,1
14,11|6|5|3|2|1,15073827493725,0,1,0,0,0
14,11|6|5|3|1|1|1,10582475904000,3|5,2,17,18,1
14,11|6|5|2|2|2,5846817936960,3,1,9,9,1
14,11|6|5|2|2|1|1,11255906188800,3|5,2,15,16,1
14,11|6|5|2|1|1|1|1,7196083614720,3|5,2,17,18,1
14,11|6|5|1|1|1|1|1|1,1807628659200,3,1,15,15,1
14,11|6|4|4|3,3469540314240,3,1,11,11,1
14,11|6|4|4|2|1,10571255644950,0|2,2,2,6,0
14,11|6|4|4|1|1|1,6957634320000,3,1,11,11,1
14,11|6|4|3|3|1,10350537120495,0,1,0,0,0
14,11|6|4|3|2|2,12059061994980,0|2,2,4,8,0
14,11|6|4|3|2|1|1,21764349857250,0,1,2,2,0
14,11|6|4|3|1|1|1|1,11043097065000,0,1,6,6,0
14,11|6|4|2|2|2|1,11818701498240,3,1,11,11,1
14,11|6|4|2|2|1|1|1,13155340358160,0|4,2,8,10,0
14,11|6|4|2|1|1|1|1|1,6826706853120,3,1,13,13,1
14,11|6|4|1|1|1|1|1|1|1,1537637184720,0|2,2,8,13,0
14,11|6|3|3|3|2,4947307485120,3,1,9,9,1
14,11|6|3|3|3|1|1,7288950240000,3|5,2,13,14,1
14,11|6|3|3|2|2|1,11464348896000,3,1,13,13,1
14,11|6|3|3|2|1|1|1,11963355153750,0,1,2,2,0
14,11|6|3|3|1|1|1|1|1,5007396240000,3,1,11,11,1
14,11|6|3|2|2|2|2,4220964820800,3,1,9,9,1
14,11|6|3|2|2|2|1|1,9095050124160,3,1,11,11,1
14,11|6|3|2|2|1|1|1|1,7608641040000,3,1,11,11,1
14,11|6|3|2|1|1|1|1|1|1,3469540314240,3,1,11,11,1
14,11|6|3|1|1|1|1|1|1|1|1,759327004800,3,1,11,11,1
14,11|6|2|2|2|2|2|1,2009843665830,0,1,2,2,0
14,11|6|2|2|2|2|1|1|1,2603846044800,3,1,11,11,1
14,11|6|2|2|2|1|1|1|1|1,1845774795150,0,1,2,2,0
14,11|6|2|2|1|1|1|1|1|1|1,807723671040,3|5,2,15,16,1
14,11|6|2|1|1|1|1|1|1|1|1|1,207628477875,0,1,0,0,0
14,11|6|1|1|1|1|1|1|1|1|1|1|1,24469361280,3,1,11,11,1
14,11|5|5|5|2,1252889557920,0|4,2,10,12,0
14,11|5|5|5|1|1,1475759335050,0,1,2,2,0
14,11|5|5|4|3,2570029862400,3|5,2,15,16,1
14,11|5|5|4|2|1,7613044188750,0,1,2,2,0
14,11|5|5|4|1|1|1,4938488755200,3|5,2,17,18,1
14,11|5|5|3|3|1,6184134356400,0|2|4|6,4,8,12,0
14,11|5|5|3|2|2,7034452830405,0,1,0,0,0
14,11|5|5|3|2|1|1,12610783785600,0|2|4|6,4,14,18,0
14,11|5|5|3|1|1|1|1,6296573162880,0|2|4|6,4,14,18,0
14,11|5|5|2|2|2|1,6420035381760,3|5,2,15,16,1
14,11|5|5|2|2|1|1|1,7087052044800,0|2|8|10,4,18,25,0
14,11|5|5|2|1|1|1|1|1,3615257318400,3|5,2,17,18,1
14,11|5|5|1|1|1|1|1|1|1,787071645360,0,1,8,8,0
14,11|5|4|4|4,927620153460,0,1,4,4,0
14,11|5|4|4|3|1,6776445926250,0,1,2,2,0
14,11|5|4|4|2|2,6394957118550,0|2,2,2,6,0
14,11|5|4|4|2|1|1,11193094212300,0,1,4,4,0
14,11|5|4|4|1|1|1|1,5217330982500,0,1,4,4,0
14,11|5|4|3|3|2,8116676342775,0,1,0,0,0
14,11|5|4|3|3|1|1,11786232538080,0|2|4|6,4,10,14,0
14,11|5|4|3|2|2|1,17379236404530,0,1,2,2,0
14,11|5|4|3|2|1|1|1,17818873712640,5|7,2,19,20,1
14,11|5|4|3|1|1|1|1|1,7176850660980,0,1,4,4,0
14,11|5|4|2|2|2|2,5078348300025,0,1,0,0,0
14,11|5|4|2|2|2|1|1,10852048443600,0|4,2,8,10,0
14,11|5|4|2|2|1|1|1|1,8902110016800,0|4,2,10,12,0
14,11|5|4|2|1|1|1|1|1|1,3900958242300,0,1,4,4,0
14,11|5|4|1|1|1|1|1|1|1|1,783055973700,0,1,4,4,0
14,11|5|3|3|3|3,1674869721525,0,1,0,0,0
14,11|5|3|3|3|2|1,8148506446080,3|5,2,13,14,1
14,11|5|3|3|3|1|1|1,6692786100000,0|2|4|6,4,10,14,0
14,11|5|3|3|2|2|2,5517217906200,0|4,2,6,8,0
14,11|5|3|3|2|2|1|1,11510922813390,0,1,2,2,0
14,11|5|3|3|2|1|1|1|1,8815103797500,0,1,4,4,0
14,11|5|3|3|1|1|1|1|1|1,3107923932960,0|4,2,10,12,0
14,11|5|3|2|2|2|2|1,5652108564375,0,1,0,0,0
14,11|5|3|2|2|2|1|1|1,7180302729600,3,1,11,11,1
14,11|5|3|2|2|1|1|1|1|1,4879041066900,0,1,4,4,0
14,11|5|3|2|1|1|1|1|1|1|1,1946992320000,3|5,2,15,16,1
14,11|5|3|1|1|1|1|1|1|1|1|1,387573158700,0,1,4,4,0
14,11|5|2|2|2|2|2|2,802504422720,0|2|4|6,4,12,16,0
14,11|5|2|2|2|2|2|1|1,1851171797475,0,1,0,0,0
14,11|5|2|2|2|2|1|1|1|1,1803705853950,0,1,2,2,0
14,11|5|2|2|2|1|1|1|1|1|1,1093792471200,0|2|4|6,4,10,14,0
14,11|5|2|2|1|1|1|1|1|1|1|1,429311806560,0|2|4|6,4,10,14,0
14,11|5|2|1|1|1|1|1|1|1|1|1|1,101948591745,0,1,0,0,0
14,11|5|1|1|1|1|1|1|1|1|1|1|1|1,11399210550,0,1,2,2,0
14,11|4|4|4|4|1,993878735850,0,1,2,2,0
14,11|4|4|4|3|2,2891283595200,3,1,9,9,1
14,11|4|4|4|3|1|1,4081812134400,3|5,2,15,16,1
14,11|4|4|4|2|2|1,4913292384000,3,1,13,13,1
14,11|4|4|4|2|1|1|1,4872348280800,0|4,2,10,12,0
14,11|4|4|4|1|1|1|1|1,1807628659200,3,1,15,15,1
14,11|4|4|3|3|3,1476619836120,0|4,2,6,8,0
14,11|4|4|3|3|2|1,6984434096640,3|5,2,15,16,1
14,11|4|4|3|3|1|1|1,5654065697280,0|2|8|10,4,18,25,0
14,11|4|4|3|2|2|2,4433478674625,0,1,0,0,0
14,11|4|4|3|2|2|1|1,9187856758080,0|4,2,12,14,0
14,11|4|4|3|2|1|1|1|1,6923863346400,0|4,2,10,12,0
14,11|4|4|3|1|1|1|1|1|1,2361214936080,0,1,8,8,0
14,11|4|4|2|2|2|2|1,3654261210600,0|4,2,6,8,0
14,11|4|4|2|2|2|1|1|1,4603919523840,3|11,2,23,29,1
14,11|4|4|2|2|1|1|1|1|1,3075274369440,0|4,2,10,12,0
14,11|4|4|2|1|1|1|1|1|1|1,1186167628800,3|5,2,17,18,1
14,11|4|4|1|1|1|1|1|1|1|1|1,219036636000,0|4,2,10,12,0
14,11|4|3|3|3|3|1,2058903475200,3|5,2,17,18,1
14,11|4|3|3|3|2|2,2910180873600,3|5,2,11,12,1
14,11|4|3|3|3|2|1|1,5654065697280,3|5,2,15,16,1
14,11|4|3|3|3|1|1|1|1,3381618240000,3|5,2,15,16,1
14,11|4|3|3|2|2|2|1,5024609164575,0,1,0,0,0
14,11|4|3|3|2|2|1|1|1,6154545196800,3,1,13,13,1
14,11|4|3|3|2|1|1|1|1|1,3828273649200,0,1,8,8,0
14,11|4|3|3|1|1|1|1|1|1|1,1186167628800,3|5,2,17,18,1
14,11|4|3|2|2|2|2|2,1528579852800,3|5,2,15,16,1
14,11|4|3|2|2|2|2|1|1,3496900680000,3,1,9,9,1
14,11|4|3|2|2|2|1|1|1|1,3341038821120,3,1,13,13,1
14,11|4|3|2|2|1|1|1|1|1|1,1946992320000,3|5,2,15,16,1
14,11|4|3|2|1|1|1|1|1|1|1|1,700917235200,3|5,2,15,16,1
14,11|4|3|1|1|1|1|1|1|1|1|1|1,130363833600,3,1,13,13,1
14,11|4|2|2|2|2|2|2|1,724064140800,3|5,2,15,16,1
14,11|4|2|2|2|2|2|1|1|1,1004921832915,0,1,0,0,0
14,11|4|2|2|2|2|1|1|1|1|1,807723671040,3|5,2,15,16,1
14,11|4|2|2|2|1|1|1|1|1|1|1,433901145600,0|2|8|10,4,18,25,0
14,11|4|2|2|1|1|1|1|1|1|1|1|1,156436600320,3|5,2,15,16,1
14,11|4|2|1|1|1|1|1|1|1|1|1|1|1,35137127025,0,1,0,0,0
14,11|4|1|1|1|1|1|1|1|1|1|1|1|1|1,3848173056,3|5,2,15,16,1
14,11|3|3|3|3|3|2,488587445775,0,1,0,0,0
14,11|3|3|3|3|3|1|1,765654729840,0|4,2,8,10,0
14,11|3|3|3|3|2|2|1,1380387133125,0,1,0,0,0
14,11|3|3|3|3|2|1|1|1,1562307626880,3,1,11,11,1
14,11|3|3|3|3|1|1|1|1|1,758961943740,0,1,4,4,0
14,11|3|3|3|2|2|2|2,703726773750,0,1,2,2,0
14,11|3|3|3|2|2|2|1|1,1586718683550,0|2,2,2,6,0
14,11|3|3|3|2|2|1|1|1|1,1461704484240,0|2,2,8,13,0
14,11|3|3|3|2|1|1|1|1|1|1,783055973700,0,1,4,4,0
14,11|3|3|3|1|1|1|1|1|1|1|1,221142757500,0,1,4,4,0
14,11|3|3|2|2|2|2|2|1,698204707200,3,1,11,11,1
14,11|3|3|2|2|2|2|1|1|1,961023240450,0|2,2,2,6,0
14,11|3|3|2|2|2|1|1|1|1|1,759327004800,3,1,11,11,1
14,11|3|3|2|2|1|1|1|1|1|1|1,394265944800,0|4,2,10,12,0
14,11|3|3|2|1|1|1|1|1|1|1|1|1,131861520000,3,1,11,11,1
14,11|3|3|1|1|1|1|1|1|1|1|1|1|1,23728968900,0|2,2,4,8,0
14,11|3|2|2|2|2|2|2|2,120892852080,0|4,2,8,10,0
14,11|3|2|2|2|2|2|2|1|1,290191331430,0,1,2,2,0
14,11|3|2|2|2|2|2|1|1|1|1,307629132525,0,1,0,0,0
14,11|3|2|2|2|2|1|1|1|1|1|1,214655903280,0|4,2,8,10,0
14,11|3|2|2|2|1|1|1|1|1|1|1|1,105055956720,0|4,2,8,10,0
14,11|3|2|2|1|1|1|1|1|1|1|1|1|1,35677698210,0,1,2,2,0
14,11|3|2|1|1|1|1|1|1|1|1|1|1|1|1,7830559737,0,1,0,0,0
14,11|3|1|1|1|1|1|1|1|1|1|1|1|1|1|1,892004400,0|4,2,8,10,0
14,11|2|2|2|2|2|2|2|2|1,31902280410,0,1,2,2,0
14,11|2|2|2|2|2|2|2|1|1|1,46793260800,3|5,2,13,14,1
14,11|2|2|2|2|2|2|1|1|1|1|1,41525695575,0,1,0,0,0
14,11|2|2|2|2|2|1|1|1|1|1|1|1,26072766720,3,1,13,13,1
14,11|2|2|2|2|1|1|1|1|1|1|1|1|1,11951403750,0,1,2,2,0
14,11|2|2|2|1|1|1|1|1|1|1|1|1|1|1,3953892096,3|5,2,13,14,1
14,11|2|2|1|1|1|1|1|1|1|1|1|1|1|1|1,900951975,0,1,0,0,0
14,11|2|1|1|1|1|1|1|1|1|1|1|1|1|1|1|1,127254400,3,1,11,11,1
14,11|1|1|1|1|1|1|1|1|1|1|1|1|1|1|1|1|1,8436285,0,1,0,0,0
14,10|10|8,4745793780,0|2,2,4,8,0
14,10|10|7|1,46849502700,0|2,2,4,8,0
14,10|10|6|2,167319652500,0,1,4,4,0
14,10|10|6|1|1,180705224700,0|2,2,4,8,0
14,10|10|5|3,268319879100,0,1,4,4,0
14,10|10|5|2|1,642507465600,3,1,11,11,1
14,10|10|5|1|1|1,365426121060,0|2,2,4,8,0
14,10|10|4|4,143103935520,0|2,2,10,15,0
14,10|10|4|3|1,766628226000,0|2,2,8,13,0
14,10|10|4|2|2,634270190400,0|2|4|6,4,12,21,0
14,10|10|4|2|1|1,1044074631600,0|2,2,8,12,0
14,10|10|4|1|1|1|1,426330474570,0|2,2,2,6,0
14,10|10|3|3|2,500414468400,0|2,2,8,12,0
14,10|10|3|3|1|1,683394304320,0|2|4|6,4,12,23,0
14,10|10|3|2|2|1,883447765200,0|2,2,8,13,0
14,10|10|3|2|1|1|1,835259705280,3,1,9,9,1
14,10|10|3|1|1|1|1|1,290191331430,0|2,2,2,6,0
14,10|10|2|2|2|2,189310235400,0|2,2,6,11,0
14,10|10|2|2|2|1|1,386508397275,0,1,0,0,0
14,10|10|2|2|1|1|1|1,287888225625,0,1,0,0,0
14,10|10|2|1|1|1|1|1|1,107478270900,0|2,2,4,8,0
14,10|10|1|1|1|1|1|1|1|1,16790673900,0|2,2,4,8,0
14,10|9|9,2900207310,0,1,2,2,0
14,10|9|8|1,51919795200,5,1,15,15,1
14,10|9|7|2,271057837050,0,1,2,2,0
14,10|9|7|1|1,290020731000,0|2,2,6,10,0
14,10|9|6|3,623037542400,5|7,2,19,20,1
14,10|9|6|2|1,1435602618450,0,1,2,2,0
14,10|9|6|1|1|1,799564846080,5,1,15,15,1
14,10|9|5|4,626079717900,0,1,4,4,0
14,10|9|5|3|1,2610186579000,0,1,6,6,0
14,10|9|5|2|2,2007835830000,0|4,2,8,10,0
14,10|9|5|2|1|1,3246670537110,0,1,2,2,0
14,10|9|5|1|1|1|1,1268840698125,0,1,0,0,0
14,10|9|4|4|1,1461704484240,0|2,2,8,13,0
14,10|9|4|3|2,3115187712000,5,1,19,19,1
14,10|9|4|3|1|1,4112047779840,5,1,19,19,1
14,10|9|4|2|2|1,4270203463680,5,1,17,17,1
14,10|9|4|2|1|1|1,3876127069815,0,1,0,0,0
14,10|9|4|1|1|1|1|1,1222863882240,5,1,17,17,1
14,10|9|3|3|3,843291048600,0,1,6,6,0
14,10|9|3|3|2|1,3522558412800,5,1,17,17,1
14,10|9|3|3|1|1|1,2610186579000,0|4,2,6,8,0
14,10|9|3|2|2|2,1855240306920,0|2,2,6,11,0
14,10|9|3|2|2|1|1,3659280800175,0,1,0,0,0
14,10|9|3|2|1|1|1|1,2482748057790,0,1,2,2,0
14,10|9|3|1|1|1|1|1|1,710550790950,0|2,2,2,6,0
14,10|9|2|2|2|2|1,1025430441750,0,1,2,2,0
14,10|9|2|2|2|1|1|1,1209425817600,5|7,2,19,20,1
14,10|9|2|2|1|1|1|1|1,717801309225,0,1,0,0,0
14,10|9|2|1|1|1|1|1|1|1,229861632000,5,1,17,17,1
14,10|9|1|1|1|1|1|1|1|1|1,31902280410,0,1,2,2,0
14,10|8|8|2,137425207920,0|4,2,8,10,0
14,10|8|8|1|1,146441636640,0|2|4|6,4,10,17,0
14,10|8|7|3,585618783750,0,1,2,2,0
14,10|8|7|2|1,1325809056000,3,1,13,13,1
14,10|8|7|1|1|1,730852242120,0|2,2,6,11,0
14,10|8|6|4,975808213380,0,1,4,4,0
14,10|8|6|3|1,3737312601750,0,1,2,2,0
14,10|8|6|2|2,2788023466800,0|4,2,8,10,0
14,10|8|6|2|1|1,4466319257400,0,1,6,6,0
14,10|8|6|1|1|1|1,1707664373415,0,1,0,0,0
14,10|8|5|5,524714430240,0|4,2,10,12,0
14,10|8|5|4|1,4100365825920,3,1,11,11,1
14,10|8|5|3|2,6899654034000,0|4,2,8,10,0
14,10|8|5|3|1|1,8952939965970,0,1,2,2,0
14,10|8|5|2|2|1,8657788098960,0|4,2,8,10,0
14,10|8|5|2|1|1|1,7695811643520,3|5,2,11,12,1
14,10|8|5|1|1|1|1|1,2321530651440,0|4,2,8,10,0
14,10|8|4|4|2,4258072203840,0|2|4|6,4,12,21,0
14,10|8|4|4|1|1,5220373158000,0|2,2,8,12,0
14,10|8|4|3|3,3747960216000,0|4,2,12,14,0
14,10|8|4|3|2|1,14392167229440,5,1,17,17,1
14,10|8|4|3|1|1|1,10248328715625,0,1,0,0,0
14,10|8|4|2|2|2,5966140752000,0|2|4|6,4,14,28,0
14,10|8|4|2|2|1|1,11559574220040,0|4,2,6,8,0
14,10|8|4|2|1|1|1|1,7506418920000,0|4,2,12,14,0
14,10|8|4|1|1|1|1|1|1,1948939312320,0|2|4|6,4,12,19,0
14,10|8|3|3|3|1,4328894049480,0,1,6,6,0
14,10|8|3|3|2|2,5381730146520,0|2,2,6,11,0
14,10|8|3|3|2|1|1,9851909846625,0,1,0,0,0
14,10|8|3|3|1|1|1|1,5181988061250,0,1,2,2,0
14,10|8|3|2|2|2|1,6691256320320,3,1,9,9,1
14,10|8|3|2|2|1|1|1,7576863774480,0|4,2,8,10,0
14,10|8|3|2|1|1|1|1|1,4083491892480,3,1,13,13,1
14,10|8|3|1|1|1|1|1|1|1,1001487376890,0|2,2,2,6,0
14,10|8|2|2|2|2|2,1082223512370,0,1,2,2,0
14,10|8|2|2|2|2|1|1,2368908828000,0|4,2,10,12,0
14,10|8|2|2|2|1|1|1|1,2061378118800,0|4,2,8,10,0
14,10|8|2|2|1|1|1|1|1|1,1028428776375,0,1,0,0,0
14,10|8|2|1|1|1|1|1|1|1|1,290191331430,0,1,2,2,0
14,10|8|1|1|1|1|1|1|1|1|1|1,36459749040,0|4,2,8,10,0
14,10|7|7|4,501958957500,0|2,2,4,8,0
14,10|7|7|3|1,1864418985000,0|2,2,6,10,0
14,10|7|7|2|2,1374252079200,0|2|4|6,4,10,17,0
14,10|7|7|2|1|1,2192556726360,0|2,2,6,11,0
14,10|7|7|1|1|1|1,830513911500,0|2,2,4,9,0
14,10|7|6|5,685341296640,5,1,17,17,1
14,10|7|6|4|1,4228502257980,0|2,2,4,8,0
14,10|7|6|3|2,6608648217600,5,1,15,15,1
14,10|7|6|3|1|1,8504462453760,5,1,15,15,1
14,10|7|6|2|2|1,7995648460800,5,1,17,17,1
14,10|7|6|2|1|1|1,7034452830405,0,1,0,0,0
14,10|7|6|1|1|1|1|1,2078013450240,5,1,17,17,1
14,10|7|5|5|1,2505779115840,0|2|4|6,4,12,25,0
14,10|7|5|4|2,8673850785600,0|2|4|6,4,12,19,0
14,10|7|5|4|1|1,10464475284900,0|2,2,4,8,0
14,10|7|5|3|3,6184134356400,0|4,2,8,10,0
14,10|7|5|3|2|1,22896629683200,5,1,15,15,1
14,10|7|5|3|1|1|1,15987392796375,0,1,0,0,0
14,10|7|5|2|2|2,8770226905440,0|2|4|6,4,10,17,0
14,10|7|5|2|2|1|1,16834587970200,0|4,2,6,8,0
14,10|7|5|2|1|1|1|1,10694914710480,0|4,2,8,10,0
14,10|7|5|1|1|1|1|1|1,2657644516800,0|2|4|6,4,12,21,0
14,10|7|4|4|3,4947307485120,0|2|4|6,4,12,23,0
14,10|7|4|4|2|1,14952901017600,5|7|9|11,4,25,29,1
14,10|7|4|4|1|1|1,9788199671250,0|2,2,2,6,0
14,10|7|4|3|3|1,14392167229440,5,1,17,17,1
14,10|7|4|3|2|2,16661803991040,5|7|9|11,4,25,29,1
14,10|7|4|3|2|1|1,29983681728000,5,1,13,13,1
14,10|7|4|3|1|1|1|1,15117822720000,5,1,17,17,1
14,10|7|4|2|2|2|1,16078749326640,0|2|4|6,4,8,15,0
14,10|7|4|2|2|1|1|1,17829210685440,5|13,2,27,33,1
14,10|7|4|2|1|1|1|1|1,9187856758080,0|2|4|6,4,12,19,0
14,10|7|4|1|1|1|1|1|1|1,2046186455040,5|7|9|11,4,25,29,1
14,10|7|3|3|3|2,6577670179080,0|2,2,6,11,0
14,10|7|3|3|3|1|1,9662709931875,0,1,0,0,0
14,10|7|3|3|2|2|1,15101793778500,0|2,2,4,9,0
14,10|7|3|3|2|1|1|1,15699277440000,5,1,15,15,1
14,10|7|3|3|1|1|1|1|1,6525466447500,0|2,2,4,8,0
14,10|7|3|2|2|2|2,5481391815900,0|2,2,4,8,0
14,10|7|3|2|2|2|1|1,11786232538080,0|2|4|6,4,10,17,0
14,10|7|3|2|2|1|1|1|1,9816086280000,0|2|4|6,4,12,21,0
14,10|7|3|2|1|1|1|1|1|1,4442812313940,0|2,2,4,8,0
14,10|7|3|1|1|1|1|1|1|1|1,961023240450,0|2,2,2,6,0
14,10|7|2|2|2|2|2|1,2539794216960,5,1,17,17,1
14,10|7|2|2|2|2|1|1|1,3281377413600,0|2|4|6,4,10,17,0
14,10|7|2|2|2|1|1|1|1|1,2314529817600,5,1,15,15,1
14,10|7|2|2|1|1|1|1|1|1|1,1004921832915,0,1,0,0,0
14,10|7|2|1|1|1|1|1|1|1|1|1,255235968000,5,1,15,15,1
14,10|7|1|1|1|1|1|1|1|1|1|1|1,29529383520,0|2|4|6,4,10,17,0
14,10|6|6|6,140548508100,0,1,4,4,0
14,10|6|6|5|1,1740124386000,0|2,2,8,13,0
14,10|6|6|4|2,4879041066900,0|2,2,4,8,0
14,10|6|6|4|1|1,5846817936960,0|2|4|6,4,12,19,0
14,10|6|6|3|3,3286636031250,0,1,2,2,0
14,10|6|6|3|2|1,11993472691200,5,1,15,15,1
14,10|6|6|3|1|1|1,8305139115000,0|4,2,6,8,0
14,10|6|6|2|2|2,4466319257400,0|2,2,6,11,0
14,10|6|6|2|2|1|1,8538321867075,0,1,0,0,0
14,10|6|6|2|1|1|1|1,5373913545000,0,1,6,6,0
14,10|6|6|1|1|1|1|1|1,1311786075600,0|2,2,8,12,0
14,10|6|5|5|2,3747960216000,0|2|4|6,4,12,21,0
14,10|6|5|5|1|1,4385113452720,0|2,2,8,13,0
14,10|6|5|4|3,7067582121600,3,1,11,11,1
14,10|6|5|4|2|1,20660630690700,0|2,2,4,8,0
14,10|6|5|4|1|1|1,13288222584000,3,1,9,9,1
14,10|6|5|3|3|1,16233352685550,0,1,2,2,0
14,10|6|5|3|2|2,18271306053000,0|2,2,6,10,0
14,10|6|5|3|2|1|1,32608318640625,0,1,0,0,0
14,10|6|5|3|1|1|1|1,16121740635000,0,1,6,6,0
14,10|6|5|2|2|2|1,16241160936000,3,1,9,9,1
14,10|6|5|2|2|1|1|1,17824857850800,0|4,2,8,10,0
14,10|6|5|2|1|1|1|1|1,8995104518400,3,1,13,13,1
14,10|6|5|1|1|1|1|1|1|1,1923295374000,0|2,2,8,13,0
14,10|6|4|4|4,2007835830000,0|2,2,8,13,0
14,10|6|4|4|3|1,14311853796240,0|2,2,8,12,0
14,10|6|4|4|2|2,13364155284480,0|4|8|12,4,20,34,0
14,10|6|4|4|2|1|1,23286332364750,0|2,2,2,6,0
14,10|6|4|4|1|1|1|1,10747827090000,0|2,2,8,13,0
14,10|6|4|3|3|2,16406887068000,0|2,2,10,14,0
14,10|6|4|3|3|1|1,23717560741875,0,1,0,0,0
14,10|6|4|3|2|2|1,34604746312500,0|2,2,4,8,0
14,10|6|4|3|2|1|1|1,35274919680000,5,1,17,17,1
14,10|6|4|3|1|1|1|1|1,14054850810000,0|2,2,8,13,0
14,10|6|4|2|2|2|2,9866505268620,0|2,2,4,9,0
14,10|6|4|2|2|2|1|1,21017972976000,0|2|4|6,4,14,27,0
14,10|6|4|2|2|1|1|1|1,17125295140800,0|2|4|6,4,12,19,0
14,10|6|4|2|1|1|1|1|1|1,7418425014000,0|2,2,8,13,0
14,10|6|4|1|1|1|1|1|1|1|1,1461704484240,0|2,2,8,13,0
14,10|6|3|3|3|3,3092067178200,0|2,2,6,11,0
14,10|6|3|3|3|2|1,14915351880000,3,1,9,9,1
14,10|6|3|3|3|1|1|1,12179886468750,0,1,2,2,0
14,10|6|3|3|2|2|2,9966166938000,0|2|4|6,4,8,15,0
14,10|6|3|3|2|2|1|1,20727952245000,0|2,2,6,10,0
14,10|6|3|3|2|1|1|1|1,15766659562500,0|2,2,4,8,0
14,10|6|3|3|1|1|1|1|1|1,5495129640000,0|2|4|6,4,12,21,0
14,10|6|3|2|2|2|2|1,9930992231160,0|2,2,6,11,0
14,10|6|3|2|2|2|1|1|1,12564590438400,3|5|7|9,4,19,23,1
14,10|6|3|2|2|1|1|1|1|1,8474123958300,0|2,2,4,8,0
14,10|6|3|2|1|1|1|1|1|1|1,3341038821120,3,1,13,13,1
14,10|6|3|1|1|1|1|1|1|1|1|1,652546644750,0|2,2,2,6,0
14,10|6|2|2|2|2|2|2,1343478386250,0,1,2,2,0
14,10|6|2|2|2|2|2|1|1,3092067178200,0|2,2,6,11,0
14,10|6|2|2|2|2|1|1|1|1,2998334625000,0|2,2,6,10,0
14,10|6|2|2|2|1|1|1|1|1|1,1803705853950,0,1,2,2,0
14,10|6|2|2|1|1|1|1|1|1|1|1,699157119375,0,1,0,0,0
14,10|6|2|1|1|1|1|1|1|1|1|1|1,162845865000,0|2,2,6,10,0
14,10|6|1|1|1|1|1|1|1|1|1|1|1|1,17653435800,0|2,2,6,11,0
14,10|5|5|5|3,1766895530400,0|4,2,10,12,0
14,10|5|5|5|2|1,4797389076480,5,1,17,17,1
14,10|5|5|5|1|1|1,2984313321990,0,1,2,2,0
14,10|5|5|4|4,1626347022300,0,1,4,4,0
14,10|5|5|4|3|1,10822235123700,0,1,4,4,0
14,10|5|5|4|2|2,9866505268620,0|2,2,4,8,0
14,10|5|5|4|2|1|1,17076643734150,0,1,2,2,0
14,10|5|5|4|1|1|1|1,7756022858220,0,1,4,4,0
14,10|5|5|3|3|2,10049218329150,0,1,2,2,0
14,10|5|5|3|3|1|1,14429646831600,0|2|4|6,4,8,12,0
14,10|5|5|3|2|2|1,20555219309625,0,1,0,0,0
14,10|5|5|3|2|1|1|1,20780134502400,5|7,2,19,20,1
14,10|5|5|3|1|1|1|1|1,8139036332700,0,1,4,4,0
14,10|5|5|2|2|2|2,5471241090315,0,1,0,0,0
14,10|5|5|2|2|2|1|1,11607653257200,0|4,2,8,10,0
14,10|5|5|2|2|1|1|1|1,9369900540000,0|4,2,10,12,0
14,10|5|5|2|1|1|1|1|1|1,3987139256100,0,1,4,4,0
14,10|5|5|1|1|1|1|1|1|1|1,758961943740,0,1,4,4,0
14,10|5|4|4|4|1,4112047779840,5,1,19,19,1
14,10|5|4|4|3|2,11484820947600,0|2,2,8,12,0
14,10|5|4|4|3|1|1,16100835520770,0,1,2,2,0
14,10|5|4|4|2|2|1,19028260160910,0|2,2,2,6,0
14,10|5|4|4|2|1|1|1,18702121052160,5,1,17,17,1
14,10|5|4|4|1|1|1|1|1,6821287593120,0|2,2,10,15,0
14,10|5|4|3|3|3,5384824473600,5,1,17,17,1
14,10|5|4|3|3|2|1,25123045822875,0,1,0,0,0
14,10|5|4|3|3|1|1|1,20157096960000,5|7,2,21,22,1
14,10|5|4|3|2|2|2,15591514498560,5,1,13,13,1
14,10|5|4|3|2|2|1|1,32159731968000,5,1,17,17,1
14,10|5|4|3|2|1|1|1|1,23986945382400,5,1,17,17,1
14,10|5|4|3|1|1|1|1|1|1,8033905152000,5,1,19,19,1
14,10|5|4|2|2|2|2|1,12228638822400,5,1,19,19,1
14,10|5|4|2|2|2|1|1|1,15313094596800,0|2|4|6,4,12,19,0
14,10|5|4|2|2|1|1|1|1|1,10113639782400,5,1,17,17,1
14,10|5|4|2|1|1|1|1|1|1|1,3828273649200,0,1,8,8,0
14,10|5|4|1|1|1|1|1|1|1|1|1,685341296640,5,1,17,17,1
14,10|5|3|3|3|3|1,5750298400275,0,1,0,0,0
14,10|5|3|3|3|2|2,8039374663320,0|4,2,6,8,0
14,10|5|3|3|3|2|1|1,15545964183750,0,1,2,2,0
14,10|5|3|3|3|1|1|1|1,9202580887500,0,1,4,4,0
14,10|5|3|3|2|2|2|1,13507087426560,5,1,15,15,1
14,10|5|3|3|2|2|1|1|1,16444175447700,0|2,2,4,8,0
14,10|5|3|3|2|1|1|1|1|1,10113639782400,5,1,17,17,1
14,10|5|3|3|1|1|1|1|1|1|1,3075274369440,0|4,2,10,12,0
14,10|5|3|2|2|2|2|2,3917582974305,0,1,0,0,0
14,10|5|3|2|2|2|2|1|1,8932638514800,0|2,2,8,13,0
14,10|5|3|2|2|2|1|1|1|1,8474123958300,0|2,2,4,8,0
14,10|5|3|2|2|1|1|1|1|1|1,4879041066900,0,1,4,4,0
14,10|5|3|2|1|1|1|1|1|1|1|1,1722723142140,0,1,4,4,0
14,10|5|3|1|1|1|1|1|1|1|1|1|1,310484431530,0|2,2,2,6,0
14,10|5|2|2|2|2|2|2|1,1674869721525,0,1,0,0,0
14,10|5|2|2|2|2|2|1|1|1,2314529817600,5,1,15,15,1
14,10|5|2|2|2|2|1|1|1|1|1,1845774795150,0,1,2,2,0
14,10|5|2|2|2|1|1|1|1|1|1|1,979058995200,5|7,2,19,20,1
14,10|5|2|2|1|1|1|1|1|1|1|1|1,346047463125,0,1,0,0,0
14,10|5|2|1|1|1|1|1|1|1|1|1|1|1,75290342400,5,1,15,15,1
14,10|5|1|1|1|1|1|1|1|1|1|1|1|1|1,7808250450,0,1,2,2,0
14,10|4|4|4|4|2,1879334336880,0|2,2,8,13,0
14,10|4|4|4|4|1|1,2459598891750,0,1,2,2,0
14,10|4|4|4|3|3,2120274636480,0|2|4|6,4,12,21,0
14,10|4|4|4|3|2|1,9187856758080,3,1,9,9,1
14,10|4|4|4|3|1|1|1,7129943140320,0|4,2,10,12,0
14,10|4|4|4|2|2|2,4567826513250,0|2,2,2,6,0
14,10|4|4|4|2|2|1|1,9286122605760,0|2|4|6,4,12,21,0
14,10|4|4|4|2|1|1|1|1,6678183657600,0|2|4|6,4,14,21,0
14,10|4|4|4|1|1|1|1|1|1,2056177599840,0|2,2,10,14,0
14,10|4|4|3|3|3|1,5153445297000,0|4,2,6,8,0
14,10|4|4|3|3|2|2,7034452830405,0,1,0,0,0
14,10|4|4|3|3|2|1|1,13511554056000,0|4,2,12,14,0
14,10|4|4|3|3|1|1|1|1,7870716453600,0|4,2,10,12,0
14,10|4|4|3|2|2|2|1,11005774940160,5,1,17,17,1
14,10|4|4|3|2|2|1|1|1,13288222584000,0|2|4|6,4,12,23,0
14,10|4|4|3|2|1|1|1|1|1,8033905152000,5,1,19,19,1
14,10|4|4|3|1|1|1|1|1|1|1,2361214936080,0,1,8,8,0
14,10|4|4|2|2|2|2|2,2574701689560,0|4,2,6,8,0
14,10|4|4|2|2|2|2|1|1,5846817936960,0|2|4|6,4,12,19,0
14,10|4|4|2|2|2|1|1|1|1,5495129640000,0|2|4|6,4,12,21,0
14,10|4|4|2|2|1|1|1|1|1|1,3107923932960,0|4,2,10,12,0
14,10|4|4|2|1|1|1|1|1|1|1|1,1060137318240,0|4,2,10,12,0
14,10|4|4|1|1|1|1|1|1|1|1|1|1,177176301120,0|2|4|6,4,12,25,0
14,10|4|3|3|3|3|2,2705558780925,0,1,0,0,0
14,10|4|3|3|3|3|1|1,4209368763600,0|4,2,8,10,0
14,10|4|3|3|3|2|2|1,7448244173370,0,1,2,2,0
14,10|4|3|3|3|2|1|1|1,8352597052800,3,1,11,11,1
14,10|4|3|3|3|1|1|1|1|1,3987139256100,0,1,4,4,0
14,10|4|3|3|2|2|2|2,3627391642875,0,1,0,0,0
14,10|4|3|3|2|2|2|1|1,8139036332700,0|2,2,4,8,0
14,10|4|3|3|2|2|1|1|1|1,7418425014000,0|2,2,8,13,0
14,10|4|3|3|2|1|1|1|1|1|1,3900958242300,0,1,4,4,0
14,10|4|3|3|1|1|1|1|1|1|1|1,1067803600500,0,1,4,4,0
14,10|4|3|2|2|2|2|2|1,3248232187200,3,1,9,9,1
14,10|4|3|2|2|2|2|1|1|1,4442812313940,0|2,2,4,8,0
14,10|4|3|2|2|2|1|1|1|1|1,3469540314240,3,1,11,11,1
14,10|4|3|2|2|1|1|1|1|1|1|1,1766895530400,0|4,2,10,12,0
14,10|4|3|2|1|1|1|1|1|1|1|1|1,572415742080,3,1,11,11,1
14,10|4|3|1|1|1|1|1|1|1|1|1|1|1,97495111350,0|2,2,2,6,0
14,10|4|2|2|2|2|2|2|2,429913083600,0|4,2,8,10,0
14,10|4|2|2|2|2|2|2|1|1,1028428776375,0,1,0,0,0
14,10|4|2|2|2|2|2|1|1|1|1,1082223512370,0,1,2,2,0
14,10|4|2|2|2|2|1|1|1|1|1|1,745767594000,0|4,2,8,10,0
14,10|4|2|2|2|1|1|1|1|1|1|1|1,357759838800,0|4,2,8,10,0
14,10|4|2|2|1|1|1|1|1|1|1|1|1|1,117632990475,0,1,0,0,0
14,10|4|2|1|1|1|1|1|1|1|1|1|1|1|1,24426879750,0,1,2,2,0
14,10|4|1|1|1|1|1|1|1|1|1|1|1|1|1|1,2498640144,0|4,2,8,10,0
14,10|3|3|3|3|3|3,246103306020,0|2,2,4,9,0
14,10|3|3|3|3|3|2|1,1330368399360,5,1,17,17,1
14,10|3|3|3|3|3|1|1|1,1177930353600,0|2|4|6,4,12,26,0
14,10|3|3|3|3|2|2|2,1055590160625,0,1,0,0,0
14,10|3|3|3|3|2|2|1|1,2296964189520,0|2,2,8,12,0
14,10|3|3|3|3|2|1|1|1|1,1923295374000,0|2,2,8,13,0
14,10|3|3|3|3|1|1|1|1|1|1,787071645360,0,1,8,8,0
14,10|3|3|3|2|2|2|2|1,1522608837750,0|2,2,2,6,0
14,10|3|3|3|2|2|2|1|1|1,2046186455040,5|7|9|11,4,25,29,1
14,10|3|3|3|2|2|1|1|1|1|1,1537637184720,0|2,2,8,13,0
14,10|3|3|3|2|1|1|1|1|1|1|1,718889472000,5,1,19,19,1
14,10|3|3|3|1|1|1|1|1|1|1|1|1,182530530000,0|2,2,8,13,0
14,10|3|3|2|2|2|2|2|2,420359459520,0|2|4|6,4,12,19,0
14,10|3|3|2|2|2|2|2|1|1,1001487376890,0|2,2,2,6,0
14,10|3|3|2|2|2|2|1|1|1|1,1044074631600,0|2,2,8,12,0
14,10|3|3|2|2|2|1|1|1|1|1|1,706758212160,0|2|4|6,4,12,21,0
14,10|3|3|2|2|1|1|1|1|1|1|1|1,327544015680,0|2|4|6,4,12,23,0
14,10|3|3|2|1|1|1|1|1|1|1|1|1|1,99868008240,0|2,2,8,12,0
14,10|3|3|1|1|1|1|1|1|1|1|1|1|1|1,16610278230,0|2,2,2,6,0
14,10|3|2|2|2|2|2|2|2|1,229861632000,5,1,17,17,1
14,10|3|2|2|2|2|2|2|1|1|1,334973944305,0,1,0,0,0
14,10|3|2|2|2|2|2|1|1|1|1|1,293717698560,5,1,17,17,1
14,10|3|2|2|2|2|1|1|1|1|1|1|1,180792144000,0|2|4|6,4,14,21,0
14,10|3|2|2|2|1|1|1|1|1|1|1|1|1,80223897600,5,1,17,17,1
14,10|3|2|2|1|1|1|1|1|1|1|1|1|1|1,25097947875,0,1,0,0,0
14,10|3|2|1|1|1|1|1|1|1|1|1|1|1|1|1,5130897408,5,1,17,17,1
14,10|3|1|1|1|1|1|1|1|1|1|1|1|1|1|1|1,549151680,0|2|4|6,4,12,19,0
14,10|2|2|2|2|2|2|2|2|2,16790673900,0|2,2,4,8,0
14,10|2|2|2|2|2|2|2|2|1|1,41455904490,0,1,2,2,0
14,10|2|2|2|2|2|2|2|1|1|1|1,46610474625,0,1,0,0,0
14,10|2|2|2|2|2|2|1|1|1|1|1|1,35775983880,0|2,2,6,11,0
14,10|2|2|2|2|2|1|1|1|1|1|1|1|1,20203068600,0|2,2,6,11,0
14,10|2|2|2|2|1|1|1|1|1|1|1|1|1|1,8494690050,0,1,2,2,0
14,10|2|2|2|1|1|1|1|1|1|1|1|1|1|1|1,2610186579,0,1,0,0,0
14,10|2|2|1|1|1|1|1|1|1|1|1|1|1|1|1|1,557502750,0|2,2,2,6,0
14,10|2|1|1|1|1|1|1|1|1|1|1|1|1|1|1|1|1,74364290,0|2,2,2,6,0
14,10|1|1|1|1|1|1|1|1|1|1|1|1|1|1|1|1|1|1,4686825,0,1,0,0,0
14,9|9|9|1,8700621930,0,1,2,2,0
14,9|9|8|2,83051391150,0,1,2,2,0
14,9|9|8|1|1,88344776520,0|2,2,6,11,0
14,9|9|7|3,284747626800,0|4,2,8,10,0
14,9|9|7|2|1,642507465600,3,1,11,11,1
14,9|9|7|1|1|1,353379106080,0|2|4|6,4,10,17,0
14,9|9|6|4,442940752800,0|4,2,10,12,0
14,9|9|6|3|1,1686582097200,0|4,2,8,10,0
14,9|9|6|2|2,1254897393750,0,1,2,2,0
14,9|9|6|2|1|1,2007835830000,0|4,2,8,10,0
14,9|9|6|1|1|1|1,765654729840,0|4,2,8,10,0
14,9|9|5|5,232543895220,0,1,4,4,0
14,9|9|5|4|1,1799020903680,3,1,13,13,1
14,9|9|5|3|2,3011753745000,0,1,6,6,0
14,9|9|5|3|1|1,3903232853520,0|4,2,8,10,0
14,9|9|5|2|2|1,3764692181250,0,1,2,2,0
14,9|9|5|2|1|1|1,3341038821120,3|5,2,13,14,1
14,9|9|5|1|1|1|1|1,1004921832915,0,1,0,0,0
14,9|9|4|4|2,1836500505840,0|2,2,8,12,0
14,9|9|4|4|1|1,2248776129600,0|2|4|6,4,12,25,0
14,9|9|4|3|3,1609919274600,0,1,6,6,0
14,9|9|4|3|2|1,6168071669760,5,1,17,17,1
14,9|9|4|3|1|1|1,4385113452720,0|4,2,8,10,0
14,9|9|4|2|2|2,2548407015000,0|2,2,6,11,0
14,9|9|4|2|2|1|1,4933252634310,0,1,2,2,0
14,9|9|4|2|1|1|1|1,3197478559275,0,1,0,0,0
14,9|9|4|1|1|1|1|1|1,827582685930,0|2,2,2,6,0
14,9|9|3|3|3|1,1839907742400,0|4,2,12,14,0
14,9|9|3|3|2|2,2283372685440,0|2|4|6,4,14,23,0
14,9|9|3|3|2|1|1,4176298526400,0|4,2,12,14,0
14,9|9|3|3|1|1|1|1,2192556726360,0|4,2,6,8,0
14,9|9|3|2|2|2|1,2827032848640,3,1,13,13,1
14,9|9|3|2|2|1|1|1,3197478559275,0,1,0,0,0
14,9|9|3|2|1|1|1|1|1,1719652334400,3,1,9,9,1
14,9|9|3|1|1|1|1|1|1|1,420359459520,0|2|4|6,4,12,19,0
14,9|9|2|2|2|2|2,454344564960,0|4,2,10,12,0
14,9|9|2|2|2|2|1|1,993878735850,0,1,2,2,0
14,9|9|2|2|2|1|1|1|1,863664676875,0,1,0,0,0
14,9|9|2|2|1|1|1|1|1|1,429913083600,0|4,2,8,10,0
14,9|9|2|1|1|1|1|1|1|1|1,120892852080,0|4,2,8,10,0
14,9|9|1|1|1|1|1|1|1|1|1|1,15111606510,0,1,2,2,0
14,9|8|8|3,182713060530,0,1,2,2,0
14,9|8|8|2|1,408868387200,3,1,11,11,1
14,9|8|8|1|1|1,223730278200,0|2,2,6,10,0
14,9|8|7|4,556839803520,3,1,11,11,1
14,9|8|7|3|1,2044341936000,3,1,11,11,1
14,9|8|7|2|2,1499184086400,3,1,11,11,1
14,9|8|7|2|1|1,2386456300800,3,1,13,13,1
14,9|8|7|1|1|1|1,899510451840,3,1,11,11,1
14,9|8|6|5,609043535100,0,1,4,4,0
14,9|8|6|4|1,3679815484800,3,1,11,11,1
14,9|8|6|3|2,5692214578050,0,1,2,2,0
14,9|8|6|3|1|1,7308522421200,0|4,2,8,10,0
14,9|8|6|2|2|1,6836202945000,0,1,6,6,0
14,9|8|6|2|1|1|1,5996736345600,3|5,2,15,16,1
14,9|8|6|1|1|1|1|1,1761875940825,0,1,0,0,0
14,9|8|5|5|1,2044341936000,3,1,11,11,1
14,9|8|5|4|2,6939080628480,3,1,13,13,1
14,9|8|5|4|1|1,8352597052800,3,1,11,11,1
14,9|8|5|3|3,4906420646400,3|5,2,15,16,1
14,9|8|5|3|2|1,18088592992470,0,1,2,2,0
14,9|8|5|3|1|1|1,12593146325760,3|5,2,13,14,1
14,9|8|5|2|2|2,6884008560000,3,1,11,11,1
14,9|8|5|2|2|1|1,13192819960320,3|5,2,15,16,1
14,9|8|5|2|1|1|1|1,8352597052800,3|5,2,11,12,1
14,9|8|5|1|1|1|1|1|1,2063582801280,3,1,11,11,1
14,9|8|4|4|3,3816104947200,3,1,15,15,1
14,9|8|4|4|2|1,11484820947600,0|2,2,8,13,0
14,9|8|4|4|1|1|1,7495920432000,3,1,11,11,1
14,9|8|4|3|3|1,10962783631800,0,1,6,6,0
14,9|8|4|3|2|2,12649365729000,0|2,2,6,11,0
14,9|8|4|3|2|1|1,22726693759770,0,1,2,2,0
14,9|8|4|3|1|1|1|1,11419566283125,0,1,0,0,0
14,9|8|4|2|2|2|1,12108794544000,3,1,11,11,1
14,9|8|4|2|2|1|1|1,13398957772200,0|4,2,6,8,0
14,9|8|4|2|1|1|1|1|1,6878609337600,3,1,13,13,1
14,9|8|4|1|1|1|1|1|1|1,1522608837750,0|2,2,2,6,0
14,9|8|3|3|3|2,4906420646400,3,1,15,15,1
14,9|8|3|3|3|1|1,7196083614720,3|5,2,17,18,1
14,9|8|3|3|2|2|1,11209284092160,3,1,13,13,1
14,9|8|3|3|2|1|1|1,11628381209445,0,1,0,0,0
14,9|8|3|3|1|1|1|1|1,4815026536320,3,1,11,11,1
14,9|8|3|2|2|2|2,4038618355200,3,1,15,15,1
14,9|8|3|2|2|2|1|1,8673850785600,3,1,9,9,1
14,9|8|3|2|2|1|1|1|1,7206162163200,3,1,15,15,1
14,9|8|3|2|1|1|1|1|1|1,3248232187200,3,1,9,9,1
14,9|8|3|1|1|1|1|1|1|1|1,698204707200,3,1,11,11,1
14,9|8|2|2|2|2|2|1,1845774795150,0,1,2,2,0
14,9|8|2|2|2|2|1|1|1,2381057078400,3,1,11,11,1
14,9|8|2|2|2|1|1|1|1|1,1674869721525,0,1,0,0,0
14,9|8|2|2|1|1|1|1|1|1|1,724064140800,3|5,2,15,16,1
14,9|8|2|1|1|1|1|1|1|1|1|1,182713060530,0,1,2,2,0
14,9|8|1|1|1|1|1|1|1|1|1|1|1,20933827200,3,1,11,11,1
14,9|7|7|5,365426121060,0|2,2,4,8,0
14,9|7|7|4|1,2056023889920,3|5|7|9,4,19,23,1
14,9|7|7|3|2,3092067178200,0|2,2,6,11,0
14,9|7|7|3|1|1,3953924189280,0|2|4|6,4,10,17,0
14,9|7|7|2|2|1,3654261210600,0|2,2,6,10,0
14,9|7|7|2|1|1|1,3189173420160,3,1,11,11,1
14,9|7|7|1|1|1|1|1,927620153460,0|2,2,4,9,0
14,9|7|6|6,261018657900,0,1,4,4,0
14,9|7|6|5|1,2951518670100,0|2,2,4,8,0
14,9|7|6|4|2,7951029886800,0|2,2,8,13,0
14,9|7|6|4|1|1,9491587560000,0|2|4|6,4,12,27,0
14,9|7|6|3|3,5270569053750,0,1,2,2,0
14,9|7|6|3|2|1,19091650406400,5,1,17,17,1
14,9|7|6|3|1|1|1,13155340358160,0|4,2,8,10,0
14,9|7|6|2|2|2,7027425405000,0|2,2,6,10,0
14,9|7|6|2|2|1|1,13398957772200,0,1,6,6,0
14,9|7|6|2|1|1|1|1,8384996221875,0,1,0,0,0
14,9|7|6|1|1|1|1|1|1,2026733108400,0|2,2,8,13,0
14,9|7|5|5|2,4947307485120,0|2|4|6,4,12,19,0
14,9|7|5|5|1|1,5766139442700,0|2,2,4,8,0
14,9|7|5|4|3,8995104518400,3,1,13,13,1
14,9|7|5|4|2|1,26101865790000,0|2,2,8,13,0
14,9|7|5|4|1|1|1,16705194105600,3,1,13,13,1
14,9|7|5|3|3|1,20181488049450,0,1,2,2,0
14,9|7|5|3|2|2,22582990081080,0|2,2,6,11,0
14,9|7|5|3|2|1|1,40196873316600,0,1,6,6,0
14,9|7|5|3|1|1|1|1,19760116320945,0,1,0,0,0
14,9|7|5|2|2|2|1,19789229940480,3,1,13,13,1
14,9|7|5|2|2|1|1|1,21644470247400,0|4,2,6,8,0
14,9|7|5|2|1|1|1|1|1,10853909539200,3,1,11,11,1
14,9|7|5|1|1|1|1|1|1|1,2296964189520,0|2,2,8,12,0
14,9|7|4|4|4,2361214936080,0|2,2,8,12,0
14,9|7|4|4|3|1,16610278230000,0|2,2,8,13,0
14,9|7|4|4|2|2,15420179174400,0|4|8|12,4,20,34,0
14,9|7|4|4|2|1|1,26797915544400,0|2,2,8,13,0
14,9|7|4|4|1|1|1|1,12297994458750,0|2,2,2,6,0
14,9|7|4|3|3|2,18629065891800,0|2,2,6,11,0
14,9|7|4|3|3|1|1,26858819897910,0,1,2,2,0
14,9|7|4|3|2|2|1,38960046445320,0|2,2,6,11,0
14,9|7|4|3|2|1|1|1,39578459880960,5,1,13,13,1
14,9|7|4|3|1|1|1|1|1,15670331897220,0|2,2,4,8,0
14,9|7|4|2|2|2|2,10962783631800,0|2,2,6,10,0
14,9|7|4|2|2|2|1|1,23309429497200,0|2|4|6,4,8,15,0
14,9|7|4|2|2|1|1|1|1,18916175678400,0|2|4|6,4,12,25,0
14,9|7|4|2|1|1|1|1|1|1,8139036332700,0|2,2,4,8,0
14,9|7|4|1|1|1|1|1|1|1|1,1586718683550,0|2,2,2,6,0
14,9|7|3|3|3|3,3373164194400,0|2,2,10,14,0
14,9|7|3|3|3|2|1,16191188133120,3,1,13,13,1
14,9|7|3|3|3|1|1|1,13176422634375,0,1,0,0,0
14,9|7|3|3|2|2|2,10739053353600,0|2|4|6,4,14,23,0
14,9|7|3|3|2|2|1|1,22293464567220,0|2,2,4,9,0
14,9|7|3|3|2|1|1|1|1,16889442570000,0|2,2,8,13,0
14,9|7|3|3|1|1|1|1|1|1,5846817936960,0|2|4|6,4,12,19,0
14,9|7|3|2|2|2|2|1,10541138107500,0|2,2,4,8,0
14,9|7|3|2|2|2|1|1|1,13303683993600,3|5|7|9,4,21,25,1
14,9|7|3|2|2|1|1|1|1|1,8932638514800,0|2,2,8,13,0
14,9|7|3|2|1|1|1|1|1|1|1,3496900680000,3,1,9,9,1
14,9|7|3|1|1|1|1|1|1|1|1|1,675577702800,0|2,2,8,13,0
14,9|7|2|2|2|2|2|2,1391430230190,0,1,2,2,0
14,9|7|2|2|2|2|2|1|1,3198026917800,0|2,2,6,10,0
14,9|7|2|2|2|2|1|1|1|1,3092067178200,0|2,2,6,11,0
14,9|7|2|2|2|1|1|1|1|1|1,1851171797475,0,1,0,0,0
14,9|7|2|2|1|1|1|1|1|1|1|1,712287813510,0,1,2,2,0
14,9|7|2|1|1|1|1|1|1|1|1|1|1,164068870680,0|2,2,6,11,0
14,9|7|1|1|1|1|1|1|1|1|1|1|1|1,17484503400,0|2,2,6,10,0
14,9|6|6|6|1,642507465600,3,1,11,11,1
14,9|6|6|5|2,3607411707900,0|2,2,4,8,0
14,9|6|6|5|1|1,4176298526400,0|2|4|6,4,12,19,0
14,9|6|6|4|3,5354228880000,3,1,11,11,1
14,9|6|6|4|2|1,15313094596800,0|2|4|6,4,12,21,0
14,9|6|6|4|1|1|1,9719385661440,3|11,2,23,29,1
14,9|6|6|3|3|1,11186513910000,0|4,2,8,10,0
14,9|6|6|3|2|2,12368268712800,0|2|4|6,4,10,17,0
14,9|6|6|3|2|1|1,21925567263600,0|4,2,8,10,0
14,9|6|6|3|1|1|1|1,10678036005000,0|4,2,6,8,0
14,9|6|6|2|2|2|1,10494288604800,3,1,11,11,1
14,9|6|6|2|2|1|1|1,11419566283125,0,1,0,0,0
14,9|6|6|2|1|1|1|1|1,5669183520000,3,1,13,13,1
14,9|6|6|1|1|1|1|1|1|1,1177930353600,0|2|4|6,4,12,26,0
14,9|6|5|5|3,4497552259200,3,1,11,11,1
14,9|6|5|5|2|1,12059061994980,0|2,2,4,8,0
14,9|6|5|5|1|1|1,7441404647040,3,1,11,11,1
14,9|6|5|4|4,3855044793600,3,1,13,13,1
14,9|6|5|4|3|1,25057791158400,3,1,11,11,1
14,9|6|5|4|2|2,22616262789120,3|5|7|9,4,19,23,1
14,9|6|5|4|2|1|1,38978786246400,3,1,13,13,1
14,9|6|5|4|1|1|1|1,17540453810880,3,1,9,9,1
14,9|6|5|3|3|2,22304187734400,3,1,11,11,1
14,9|6|5|3|3|1|1,31891734201600,3|5,2,13,14,1
14,9|6|5|3|2|2|1,44975522592000,3,1,13,13,1
14,9|6|5|3|2|1|1|1,45221482481175,0,1,0,0,0
14,9|6|5|3|1|1|1|1|1,17533238486400,3,1,11,11,1
14,9|6|5|2|2|2|2,11693635873920,3,1,11,11,1
14,9|6|5|2|2|2|1|1,24736537425600,3,1,9,9,1
14,9|6|5|2|2|1|1|1|1,19842142320000,3,1,11,11,1
14,9|6|5|2|1|1|1|1|1|1,8352597052800,3,1,11,11,1
14,9|6|5|1|1|1|1|1|1|1|1,1562307626880,3,1,11,11,1
14,9|6|4|4|4|1,7517337347520,0|2|4|6,4,12,21,0
14,9|6|4|4|3|2,20560238899200,3|5|7|9,4,21,25,1
14,9|6|4|4|3|1|1,28702560781440,3,1,11,11,1
14,9|6|4|4|2|2|1,33581723535360,3|5|7|9,4,19,23,1
14,9|6|4|4|2|1|1|1,32827446541890,0|2,2,2,6,0
14,9|6|4|4|1|1|1|1|1,11852373012480,3|5|7|9,4,21,25,1
14,9|6|4|3|3|3,9276201534600,0|2,2,6,11,0
14,9|6|4|3|3|2|1,42931180656000,3,1,11,11,1
14,9|6|4|3|3|1|1|1,34258698849375,0,1,0,0,0
14,9|6|4|3|2|2|2,26310680716320,0|2|4|6,4,10,17,0
14,9|6|4|3|2|2|1|1,54111175618500,0|2,2,4,8,0
14,9|6|4|3|2|1|1|1|1,40105930164300,0|2,2,4,8,0
14,9|6|4|3|1|1|1|1|1|1,13288222584000,0|2|4|6,4,12,23,0
14,9|6|4|2|2|2|2|1,20098436658300,0|2,2,4,9,0
14,9|6|4|2|2|2|1|1|1,25072327526400,3|5|7|9,4,19,23,1
14,9|6|4|2|2|1|1|1|1|1,16444175447700,0|2,2,4,8,0
14,9|6|4|2|1|1|1|1|1|1|1,6154545196800,3,1,13,13,1
14,9|6|4|1|1|1|1|1|1|1|1|1,1082223512370,0|2,2,2,6,0
14,9|6|3|3|3|3|1,8995104518400,3,1,13,13,1
14,9|6|3|3|3|2|2,12496352993280,3|11,2,23,29,1
14,9|6|3|3|3|2|1|1,24094029960000,3,1,9,9,1
14,9|6|3|3|3|1|1|1|1,14172958800000,3,1,11,11,1
14,9|6|3|3|2|2|2|1,20672677705680,0|2|4|6,4,8,15,0
14,9|6|3|3|2|2|1|1|1,25072327526400,3|5|7|9,4,19,23,1
14,9|6|3|3|2|1|1|1|1|1,15313094596800,0|2|4|6,4,12,19,0
14,9|6|3|3|1|1|1|1|1|1|1,4603919523840,3|11,2,23,29,1
14,9|6|3|2|2|2|2|2,5846817936960,3,1,9,9,1
14,9|6|3|2|2|2|2|1|1,13303683993600,3|5|7|9,4,21,25,1
14,9|6|3|2|2|2|1|1|1|1,12564590438400,3|5|7|9,4,19,23,1
14,9|6|3|2|2|1|1|1|1|1|1,7180302729600,3,1,11,11,1
14,9|6|3|2|1|1|1|1|1|1|1|1,2505779115840,3,1,9,9,1
14,9|6|3|1|1|1|1|1|1|1|1|1|1,443456133120,3|5|7|9,4,19,23,1
14,9|6|2|2|2|2|2|2|1,2381057078400,3,1,11,11,1
14,9|6|2|2|2|2|2|1|1|1,3281377413600,0|2|4|6,4,10,17,0
14,9|6|2|2|2|2|1|1|1|1|1,2603846044800,3,1,11,11,1
14,9|6|2|2|2|1|1|1|1|1|1|1,1370347953975,0,1,0,0,0
14,9|6|2|2|1|1|1|1|1|1|1|1|1,478567440000,3,1,11,11,1
14,9|6|2|1|1|1|1|1|1|1|1|1|1|1,102217096800,0|2|4|6,4,10,17,0
14,9|6|1|1|1|1|1|1|1|1|1|1|1|1|1,10291881600,3,1,11,11,1
14,9|5|5|5|4,1264936572900,0,1,4,4,0
14,9|5|5|5|3|1,6525466447500,0,1,4,4,0
14,9|5|5|5|2|2,5521548532500,0|2,2,4,8,0
14,9|5|5|5|2|1|1,9379270440540,0,1,4,4,0
14,9|5|5|5|1|1|1|1,4069518166350,0,1,2,2,0
14,9|5|5|4|4|1,6264447789600,0|4,2,10,12,0
14,9|5|5|4|3|2,16062686640000,3,1,11,11,1
14,9|5|5|4|3|1|1,22273592140800,3|5,2,17,18,1
14,9|5|5|4|2|2|1,25443295637760,3,1,13,13,1
14,9|5|5|4|2|1|1|1,24666263171550,0,1,2,2,0
14,9|5|5|4|1|1|1|1|1,8754593702400,3,1,15,15,1
14,9|5|5|3|3|3,5915944856250,0,1,2,2,0
14,9|5|5|3|3|2|1,26985313555200,3|5,2,13,14,1
14,9|5|5|3|3|1|1|1,21356072010000,0|2|4|6,4,8,12,0
14,9|5|5|3|2|2|2,16078749326640,0|4,2,8,10,0
14,9|5|5|3|2|2|1|1,32933527201575,0,1,0,0,0
14,9|5|5|3|2|1|1|1|1,24182610952500,0,1,4,4,0
14,9|5|5|3|1|1|1|1|1|1,7870716453600,0|4,2,10,12,0
14,9|5|5|2|2|2|2|1,11419566283125,0,1,0,0,0
14,9|5|5|2|2|2|1|1|1,14172958800000,3,1,11,11,1
14,9|5|5|2|2|1|1|1|1|1,9202580887500,0,1,4,4,0
14,9|5|5|2|1|1|1|1|1|1|1,3381618240000,3|5,2,15,16,1
14,9|5|5|1|1|1|1|1|1|1|1|1,574241047380,0,1,4,4,0
14,9|5|4|4|4|2,6746328388800,0|2|4|6,4,12,23,0
14,9|5|4|4|4|1|1,8770226905440,0|4,2,10,12,0
14,9|5|4|4|3|3,7362064710000,0|2,2,8,13,0
14,9|5|4|4|3|2|1,31482865814400,3,1,11,11,1
14,9|5|4|4|3|1|1|1,24223322418750,0,1,2,2,0
14,9|5|4|4|2|2|2,15313094596800,0|2|4|6,4,12,23,0
14,9|5|4|4|2|2|1|1,30990946036050,0|2,2,2,6,0
14,9|5|4|4|2|1|1|1|1,22068871624800,0|2,2,10,14,0
14,9|5|4|4|1|1|1|1|1|1,6678183657600,0|2|4|6,4,14,21,0
14,9|5|4|3|3|3|1,16233352685550,0,1,2,2,0
14,9|5|4|3|3|2|2,21925567263600,0|4,2,8,10,0
14,9|5|4|3|3|2|1|1,41924981109375,0,1,0,0,0
14,9|5|4|3|3|1|1|1|1,24182610952500,0,1,4,4,0
14,9|5|4|3|2|2|2|1,33410388211200,5,1,13,13,1
14,9|5|4|3|2|2|1|1|1,40105930164300,0|2,2,4,8,0
14,9|5|4|3|2|1|1|1|1|1,23986945382400,5,1,17,17,1
14,9|5|4|3|1|1|1|1|1|1|1,6923863346400,0|4,2,10,12,0
14,9|5|4|2|2|2|2|2,7460783304975,0,1,0,0,0
14,9|5|4|2|2|2|2|1|1,16889442570000,0|2,2,8,13,0
14,9|5|4|2|2|2|1|1|1|1,15766659562500,0|2,2,4,8,0
14,9|5|4|2|2|1|1|1|1|1|1,8815103797500,0,1,4,4,0
14,9|5|4|2|1|1|1|1|1|1|1|1,2951518670100,0,1,4,4,0
14,9|5|4|1|1|1|1|1|1|1|1|1|1,478534206150,0|2,2,2,6,0
14,9|5|3|3|3|3|2,6562754827200,0|4,2,12,14,0
14,9|5|3|3|3|3|1|1,10164668889375,0,1,0,0,0
14,9|5|3|3|3|2|2|1,17796726675000,0|4,2,6,8,0
14,9|5|3|3|3|2|1|1|1,19842142320000,3,1,11,11,1
14,9|5|3|3|3|1|1|1|1|1,9369900540000,0|4,2,10,12,0
14,9|5|3|3|2|2|2|2,8457004515960,0|4,2,6,8,0
14,9|5|3|3|2|2|2|1|1,18916175678400,0|2|4|6,4,12,25,0
14,9|5|3|3|2|2|1|1|1|1,17125295140800,0|2|4|6,4,12,19,0
14,9|5|3|3|2|1|1|1|1|1|1,8902110016800,0|4,2,10,12,0
14,9|5|3|3|1|1|1|1|1|1|1|1,2391880065120,0|4,2,10,12,0
14,9|5|3|2|2|2|2|2|1,7206162163200,3,1,15,15,1
14,9|5|3|2|2|2|2|1|1|1,9816086280000,0|2|4|6,4,12,21,0
14,9|5|3|2|2|2|1|1|1|1|1,7608641040000,3,1,11,11,1
14,9|5|3|2|2|1|1|1|1|1|1|1,3828273649200,0,1,8,8,0
14,9|5|3|2|1|1|1|1|1|1|1|1|1,1216870200000,3,1,9,9,1
14,9|5|3|1|1|1|1|1|1|1|1|1|1|1,200998324800,0|2|4|6,4,12,21,0
14,9|5|2|2|2|2|2|2|2,863664676875,0,1,0,0,0
14,9|5|2|2|2|2|2|2|1|1,2061378118800,0|4,2,8,10,0
14,9|5|2|2|2|2|2|1|1|1|1,2158800930000,0|4,2,8,10,0
14,9|5|2|2|2|2|1|1|1|1|1|1,1475759335050,0,1,2,2,0
14,9|5|2|2|2|1|1|1|1|1|1|1|1,699157119375,0,1,0,0,0
14,9|5|2|2|1|1|1|1|1|1|1|1|1|1,225478890000,0|4,2,8,10,0
14,9|5|2|1|1|1|1|1|1|1|1|1|1|1|1,45394549200,0|4,2,8,10,0
14,9|5|1|1|1|1|1|1|1|1|1|1|1|1|1|1,4403148750,0,1,2,2,0
14,9|4|4|4|4|3,1590205977360,0|2,2,8,12,0
14,9|4|4|4|4|2|1,5397062711040,3,1,13,13,1
14,9|4|4|4|4|1|1|1,3836974271130,0,1,2,2,0
14,9|4|4|4|3|3|1,6596409980160,3,1,13,13,1
14,9|4|4|4|3|2|2,8352597052800,3,1,11,11,1
14,9|4|4|4|3|2|1|1,15741432907200,3,1,9,9,1
14,9|4|4|4|3|1|1|1|1,8754593702400,3,1,15,15,1
14,9|4|4|4|2|2|2|1,10049218329150,0|2,2,2,6,0
14,9|4|4|4|2|2|1|1|1,11852373012480,3|5|7|9,4,21,25,1
14,9|4|4|4|2|1|1|1|1|1,6821287593120,0|2,2,10,15,0
14,9|4|4|4|1|1|1|1|1|1|1,1807628659200,3,1,15,15,1
14,9|4|4|3|3|3|2,6029530997490,0,1,2,2,0
14,9|4|4|3|3|3|1|1,9276201534600,0|4,2,6,8,0
14,9|4|4|3|3|2|2|1,15856883467425,0,1,0,0,0
14,9|4|4|3|3|2|1|1|1,17533238486400,3,1,11,11,1
14,9|4|4|3|3|1|1|1|1|1,8139036332700,0,1,4,4,0
14,9|4|4|3|2|2|2|2,7034452830405,0,1,0,0,0
14,9|4|4|3|2|2|2|1|1,15670331897220,0|2,2,4,8,0
14,9|4|4|3|2|2|1|1|1|1,14054850810000,0|2,2,8,13,0
14,9|4|4|3|2|1|1|1|1|1|1,7176850660980,0,1,4,4,0
14,9|4|4|3|1|1|1|1|1|1|1|1,1862906589180,0,1,4,4,0
14,9|4|4|2|2|2|2|2|1,4815026536320,3,1,11,11,1
14,9|4|4|2|2|2|2|1|1|1,6525466447500,0|2,2,4,8,0
14,9|4|4|2|2|2|1|1|1|1|1,5007396240000,3,1,11,11,1
14,9|4|4|2|2|1|1|1|1|1|1|1,2473653742560,0|4,2,10,12,0
14,9|4|4|2|1|1|1|1|1|1|1|1|1,759327004800,3,1,11,11,1
14,9|4|4|1|1|1|1|1|1|1|1|1|1|1,116271947610,0|2,2,2,6,0
14,9|4|3|3|3|3|3,1211585506560,3,1,13,13,1
14,9|4|3|3|3|3|2|1,6460211783025,0,1,0,0,0
14,9|4|3|3|3|3|1|1|1,5669183520000,3,1,13,13,1
14,9|4|3|3|3|2|2|2,5011558231680,3|5,2,11,12,1
14,9|4|3|3|3|2|2|1|1,10853909539200,3,1,11,11,1
14,9|4|3|3|3|2|1|1|1|1,8995104518400,3,1,13,13,1
14,9|4|3|3|3|1|1|1|1|1|1,3615257318400,3|5,2,17,18,1
14,9|4|3|3|2|2|2|2|1,6878609337600,3,1,13,13,1
14,9|4|3|3|2|2|2|1|1|1,9187856758080,0|2|4|6,4,12,19,0
14,9|4|3|3|2|2|1|1|1|1|1,6826706853120,3,1,13,13,1
14,9|4|3|3|2|1|1|1|1|1|1|1,3132223894800,0,1,8,8,0
14,9|4|3|3|1|1|1|1|1|1|1|1|1,771008958720,3,1,13,13,1
14,9|4|3|2|2|2|2|2|2,1719652334400,3,1,9,9,1
14,9|4|3|2|2|2|2|2|1|1,4083491892480,3,1,13,13,1
14,9|4|3|2|2|2|2|1|1|1|1,4227022800000,3,1,11,11,1
14,9|4|3|2|2|2|1|1|1|1|1|1,2827032848640,3,1,13,13,1
14,9|4|3|2|2|1|1|1|1|1|1|1|1,1285014931200,3,1,13,13,1
14,9|4|3|2|1|1|1|1|1|1|1|1|1|1,379663502400,3,1,9,9,1
14,9|4|3|1|1|1|1|1|1|1|1|1|1|1|1,59813994240,3,1,13,13,1
14,9|4|2|2|2|2|2|2|2|1,717801309225,0,1,0,0,0
14,9|4|2|2|2|2|2|2|1|1|1,1041538417920,3|5,2,13,14,1
14,9|4|2|2|2|2|2|1|1|1|1|1,906107626710,0,1,2,2,0
14,9|4|2|2|2|2|1|1|1|1|1|1|1,550720684800,3,1,13,13,1
14,9|4|2|2|2|1|1|1|1|1|1|1|1|1,239571320625,0,1,0,0,0
14,9|4|2|2|1|1|1|1|1|1|1|1|1|1|1,72601401600,3|5,2,13,14,1
14,9|4|2|1|1|1|1|1|1|1|1|1|1|1|1|1,14054850810,0,1,2,2,0
14,9|4|1|1|1|1|1|1|1|1|1|1|1|1|1|1|1,1352647296,3,1,11,11,1
14,9|3|3|3|3|3|3|1,662585823900,0|2,2,4,9,0
14,9|3|3|3|3|3|2|2,1004921832915,0,1,0,0,0
14,9|3|3|3|3|3|2|1|1,2026733108400,0|2,2,8,13,0
14,9|3|3|3|3|3|1|1|1|1,1311786075600,0|2,2,8,12,0
14,9|3|3|3|3|2|2|2|1,2063582801280,3,1,11,11,1
14,9|3|3|3|3|2|2|1|1|1,2657644516800,0|2|4|6,4,12,21,0
14,9|3|3|3|3|2|1|1|1|1|1,1807628659200,3,1,15,15,1
14,9|3|3|3|3|1|1|1|1|1|1|1,643967709840,0,1,8,8,0
14,9|3|3|3|2|2|2|2|2,827582685930,0|2,2,2,6,0
14,9|3|3|3|2|2|2|2|1|1,1948939312320,0|2|4|6,4,12,19,0
14,9|3|3|3|2|2|2|1|1|1|1,1978246670400,0|2|4|6,4,12,25,0
14,9|3|3|3|2|2|1|1|1|1|1|1,1271423427120,0|2,2,8,12,0
14,9|3|3|3|2|1|1|1|1|1|1|1|1,530068659120,0|2,2,8,12,0
14,9|3|3|3|1|1|1|1|1|1|1|1|1|1,122660516160,0|2|4|6,4,12,21,0
14,9|3|3|2|2|2|2|2|2|1,710550790950,0|2,2,2,6,0
14,9|3|3|2|2|2|2|2|1|1|1,1025757532800,3,1,11,11,1
14,9|3|3|2|2|2|2|1|1|1|1|1,883447765200,0|2,2,8,13,0
14,9|3|3|2|2|2|1|1|1|1|1|1|1,527185612800,3|5|7|9,4,21,25,1
14,9|3|3|2|2|1|1|1|1|1|1|1|1|1,221470376400,0|2,2,8,13,0
14,9|3|3|2|1|1|1|1|1|1|1|1|1|1|1,62219102400,3,1,9,9,1
14,9|3|3|1|1|1|1|1|1|1|1|1|1|1|1|1,9645485850,0|2,2,2,6,0
14,9|3|2|2|2|2|2|2|2|2,107478270900,0|2,2,4,8,0
14,9|3|2|2|2|2|2|2|2|1|1,264453113925,0,1,0,0,0
14,9|3|2|2|2|2|2|2|1|1|1|1,295151867010,0,1,2,2,0
14,9|3|2|2|2|2|2|1|1|1|1|1|1,223730278200,0|2,2,6,11,0
14,9|3|2|2|2|2|1|1|1|1|1|1|1|1,123839944200,0|2,2,6,11,0
14,9|3|2|2|2|1|1|1|1|1|1|1|1|1|1,50414138775,0,1,0,0,0
14,9|3|2|2|1|1|1|1|1|1|1|1|1|1|1|1,14656127850,0,1,2,2,0
14,9|3|2|1|1|1|1|1|1|1|1|1|1|1|1|1|1,2810970162,0|2,2,2,6,0
14,9|3|1|1|1|1|1|1|1|1|1|1|1|1|1|1|1|1,284511150,0|2,2,2,6,0
14,9|2|2|2|2|2|2|2|2|2|1,25859433600,3,1,11,11,1
14,9|2|2|2|2|2|2|2|2|1|1|1,39152798685,0,1,0,0,0
14,9|2|2|2|2|2|2|2|1|1|1|1|1,36714712320,3,1,13,13,1
14,9|2|2|2|2|2|2|1|1|1|1|1|1|1,25032758400,0|2|4|6,4,14,21,0
14,9|2|2|2|2|2|1|1|1|1|1|1|1|1|1,12893126400,3,1,13,13,1
14,9|2|2|2|2|1|1|1|1|1|1|1|1|1|1|1,5019589575,0,1,0,0,0
14,9|2|2|2|1|1|1|1|1|1|1|1|1|1|1|1|1,1443064896,3,1,9,9,1
14,9|2|2|1|1|1|1|1|1|1|1|1|1|1|1|1|1|1,290727360,0|2|4|6,4,12,19,0
14,9|2|1|1|1|1|1|1|1|1|1|1|1|1|1|1|1|1|1,36836800,3,1,9,9,1
14,9|1|1|1|1|1|1|1|1|1|1|1|1|1|1|1|1|1|1|1,2220075,0,1,0,0,0
14,8|8|8|4,101507255850,0,1,2,2,0
14,8|8|8|3|1,365426121060,0,1,4,4,0
14,8|8|8|2|2,265764451680,0|4,2,10,12,0
14,8|8|8|2|1|1,421645524300,0,1,4,4,0
14,8|8|8|1|1|1|1,157758529500,0,1,4,4,0
14,8|8|7|5,234916792110,0,1,2,2,0
14,8|8|7|4|1,1299292874880,3,1,11,11,1
14,8|8|7|3|2,1937865793500,0,1,4,4,0
14,8|8|7|3|1|1,2473653742560,0|4,2,10,12,0
14,8|8|7|2|2|1,2276885831220,0,1,4,4,0
14,8|8|7|2|1|1|1,1982594465280,3|5,2,15,16,1
14,8|8|7|1|1|1|1|1,574241047380,0,1,4,4,0
14,8|8|6|6,139209950880,0|2|4|6,4,10,14,0
14,8|8|6|5|1,1522608837750,0,1,2,2,0
14,8|8|6|4|2,4036297609890,0,1,2,2,0
14,8|8|6|4|1|1,4809882277200,0|4,2,8,10,0
14,8|8|6|3|3,2657644516800,0|2|4|6,4,12,16,0
14,8|8|6|3|2|1,9594778152960,5|7,2,19,20,1
14,8|8|6|3|1|1|1,6596409980160,0|2|8|10,4,16,23,0
14,8|8|6|2|2|2,3513712702500,0,1,4,4,0
14,8|8|6|2|2|1|1,6691256320320,0|2|4|6,4,12,16,0
14,8|8|6|2|1|1|1|1,4176298526400,0|2|4|6,4,12,16,0
14,8|8|6|1|1|1|1|1|1,1004921832915,0,1,0,0,0
14,8|8|5|5|2,2372896890000,0|4,2,8,10,0
14,8|8|5|5|1|1,2760774266250,0,1,2,2,0
14,8|8|5|4|3,4252231226880,3|5,2,15,16,1
14,8|8|5|4|2|1,12297994458750,0,1,2,2,0
14,8|8|5|4|1|1|1,7852869024000,3|5,2,13,14,1
14,8|8|5|3|3|1,9444859744320,0|2|4|6,4,12,16,0
14,8|8|5|3|2|2,10541138107500,0,1,4,4,0
14,8|8|5|3|2|1|1,18739801080000,0|2|4|6,4,12,16,0
14,8|8|5|3|1|1|1|1,9187856758080,0|2|4|6,4,12,16,0
14,8|8|5|2|2|2|1,9178678080000,3|5,2,15,16,1
14,8|8|5|2|2|1|1|1,10023116463360,0|2|8|10,4,16,23,0
14,8|8|5|2|1|1|1|1|1,5011558231680,3|5,2,11,12,1
14,8|8|5|1|1|1|1|1|1|1,1055590160625,0,1,0,0,0
14,8|8|4|4|4,1085204844360,0,1,6,6,0
14,8|8|4|4|3|1,7589619437400,0,1,6,6,0
14,8|8|4|4|2|2,7027425405000,0|2,2,6,11,0
14,8|8|4|4|2|1|1,12197602667250,0,1,2,2,0
14,8|8|4|4|1|1|1|1,5582899071750,0,1,2,2,0
14,8|8|4|3|3|2,8432910486000,0,1,8,8,0
14,8|8|4|3|3|1|1,12143391099840,0|2|4|6,4,12,16,0
14,8|8|4|3|2|2|1,17568563512500,0,1,4,4,0
14,8|8|4|3|2|1|1|1,17818873712640,5|7,2,19,20,1
14,8|8|4|3|1|1|1|1|1,7034452830405,0,1,0,0,0
14,8|8|4|2|2|2|2,4914784957500,0,1,4,4,0
14,8|8|4|2|2|2|1|1,10440746316000,0|4,2,10,12,0
14,8|8|4|2|2|1|1|1|1,8457004515960,0|4,2,6,8,0
14,8|8|4|2|1|1|1|1|1|1,3627391642875,0,1,0,0,0
14,8|8|4|1|1|1|1|1|1|1|1,703726773750,0,1,2,2,0
14,8|8|3|3|3|3,1502591322960,0,1,8,8,0
14,8|8|3|3|3|2|1,7196083614720,3|5,2,17,18,1
14,8|8|3|3|3|1|1|1,5846817936960,0|2|4|6,4,12,16,0
14,8|8|3|3|2|2|2,4757026428000,0|4,2,10,12,0
14,8|8|3|3|2|2|1|1,9866505268620,0,1,4,4,0
14,8|8|3|3|2|1|1|1|1,7460783304975,0,1,0,0,0
14,8|8|3|3|1|1|1|1|1|1,2574701689560,0|4,2,6,8,0
14,8|8|3|2|2|2|2|1,4638100767300,0,1,4,4,0
14,8|8|3|2|2|2|1|1|1,5846817936960,3,1,9,9,1
14,8|8|3|2|2|1|1|1|1|1,3917582974305,0,1,0,0,0
14,8|8|3|2|1|1|1|1|1|1|1,1528579852800,3|5,2,15,16,1
14,8|8|3|1|1|1|1|1|1|1|1|1,293836793250,0,1,2,2,0
14,8|8|2|2|2|2|2|2,605792753280,0|2|4|6,4,14,18,0
14,8|8|2|2|2|2|2|1|1,1391430230190,0,1,2,2,0
14,8|8|2|2|2|2|1|1|1|1,1343478386250,0,1,2,2,0
14,8|8|2|2|2|1|1|1|1|1|1,802504422720,0|2|4|6,4,12,16,0
14,8|8|2|2|1|1|1|1|1|1|1|1,307727259840,0|2|4|6,4,12,16,0
14,8|8|2|1|1|1|1|1|1|1|1|1|1,70520830380,0,1,4,4,0
14,8|8|1|1|1|1|1|1|1|1|1|1|1|1,7457675940,0,1,4,4,0
14,8|7|7|6,130509328950,0,1,2,2,0
14,8|7|7|5|1,1148482094760,0|2,2,6,10,0
14,8|7|7|4|2,2842203163800,0|2,2,6,11,0
14,8|7|7|4|1|1,3373164194400,0|2|4|6,4,10,17,0
14,8|7|7|3|3,1827130605300,0,1,4,4,0
14,8|7|7|3|2|1,6541894195200,5,1,17,17,1
14,8|7|7|3|1|1|1,4474605564000,0|4,2,10,12,0
14,8|7|7|2|2|2,2361214936080,0|2,2,8,12,0
14,8|7|7|2|2|1|1,4484775122100,0,1,4,4,0
14,8|7|7|2|1|1|1|1,2782860460380,0,1,4,4,0
14,8|7|7|1|1|1|1|1|1,662585823900,0|2,2,4,9,0
14,8|7|6|6|1,861361571070,0,1,2,2,0
14,8|7|6|5|2,4454718428160,5,1,15,15,1
14,8|7|6|5|1|1,5140059724800,5,1,15,15,1
14,8|7|6|4|3,6394957118550,0,1,2,2,0
14,8|7|6|4|2|1,18171928320000,5,1,17,17,1
14,8|7|6|4|1|1|1,11484820947600,0|4,2,8,10,0
14,8|7|6|3|3|1,13083788390400,5|7,2,19,20,1
14,8|7|6|3|2|2,14392167229440,5,1,17,17,1
14,8|7|6|3|2|1|1,25455533875200,5|7,2,21,22,1
14,8|7|6|3|1|1|1|1,12336143339520,5|7,2,19,20,1
14,8|7|6|2|2|2|1,12059061994980,0,1,4,4,0
14,8|7|6|2|2|1|1|1,13083788390400,5|7,2,19,20,1
14,8|7|6|2|1|1|1|1|1,6460211783025,0,1,0,0,0
14,8|7|6|1|1|1|1|1|1|1,1330368399360,5,1,17,17,1
14,8|7|5|5|3,4385113452720,0|4,2,8,10,0
14,8|7|5|5|2|1,11681953920000,5,1,15,15,1
14,8|7|5|5|1|1|1,7178013092250,0,1,2,2,0
14,8|7|5|4|4,3654261210600,0,1,6,6,0
14,8|7|5|4|3|1,23477989421250,0,1,2,2,0
14,8|7|5|4|2|2,21082276215000,0|2,2,6,11,0
14,8|7|5|4|2|1|1,36252591375000,0,1,6,6,0
14,8|7|5|4|1|1|1|1,16233352685550,0,1,2,2,0
14,8|7|5|3|3|2,20491972480980,0,1,4,4,0
14,8|7|5|3|3|1|1,29234089684800,0|2|4|6,4,12,16,0
14,8|7|5|3|2|2|1,41017217670000,0,1,8,8,0
14,8|7|5|3|2|1|1|1,41120477798400,5|7,2,21,22,1
14,8|7|5|3|1|1|1|1|1,15856883467425,0,1,0,0,0
14,8|7|5|2|2|2|2,10541138107500,0,1,4,4,0
14,8|7|5|2|2|2|1|1,22262883683040,0|4,2,10,12,0
14,8|7|5|2|2|1|1|1|1,17796726675000,0|4,2,6,8,0
14,8|7|5|2|1|1|1|1|1|1,7448244173370,0,1,2,2,0
14,8|7|5|1|1|1|1|1|1|1|1,1380387133125,0,1,0,0,0
14,8|7|4|4|4|1,6541894195200,5,1,17,17,1
14,8|7|4|4|3|2,17709112020600,0|2,2,6,11,0
14,8|7|4|4|3|1|1,24666263171550,0,1,2,2,0
14,8|7|4|4|2|2|1,28712052369000,0|2,2,6,11,0
14,8|7|4|4|2|1|1|1,27984769612800,5,1,15,15,1
14,8|7|4|4|1|1|1|1|1,10049218329150,0|2,2,2,6,0
14,8|7|4|3|3|3,7850273034240,5,1,19,19,1
14,8|7|4|3|3|2|1,36177185984940,0,1,4,4,0
14,8|7|4|3|3|1|1|1,28784334458880,5|7,2,19,20,1
14,8|7|4|3|2|2|2,22028827392000,5,1,17,17,1
14,8|7|4|3|2|2|1|1,45232525578240,5,1,19,19,1
14,8|7|4|3|2|1|1|1|1,33410388211200,5,1,13,13,1
14,8|7|4|3|1|1|1|1|1|1,11005774940160,5,1,17,17,1
14,8|7|4|2|2|2|2|1,16606346803200,5,1,17,17,1
14,8|7|4|2|2|2|1|1|1,20672677705680,0|2|4|6,4,8,15,0
14,8|7|4|2|2|1|1|1|1|1,13507087426560,5,1,15,15,1
14,8|7|4|2|1|1|1|1|1|1|1,5024609164575,0,1,0,0,0
14,8|7|4|1|1|1|1|1|1|1|1|1,875242368000,5,1,15,15,1
14,8|7|3|3|3|3|1,7308522421200,0,1,8,8,0
14,8|7|3|3|3|2|2,10119492583200,0|4,2,10,12,0
14,8|7|3|3|3|2|1|1,19480023222660,0,1,4,4,0
14,8|7|3|3|3|1|1|1|1,11419566283125,0,1,0,0,0
14,8|7|3|3|2|2|2|1,16606346803200,5,1,17,17,1
14,8|7|3|3|2|2|1|1|1,20098436658300,0|2,2,4,9,0
14,8|7|3|3|2|1|1|1|1|1,12228638822400,5,1,19,19,1
14,8|7|3|3|1|1|1|1|1|1|1,3654261210600,0|4,2,6,8,0
14,8|7|3|2|2|2|2|2,4638100767300,0,1,4,4,0
14,8|7|3|2|2|2|2|1|1,10541138107500,0|2,2,4,8,0
14,8|7|3|2|2|2|1|1|1|1,9930992231160,0|2,2,6,11,0
14,8|7|3|2|2|1|1|1|1|1|1,5652108564375,0,1,0,0,0
14,8|7|3|2|1|1|1|1|1|1|1|1,1960064256150,0,1,2,2,0
14,8|7|3|1|1|1|1|1|1|1|1|1|1,343563019800,0|2,2,6,11,0
14,8|7|2|2|2|2|2|2|1,1845774795150,0,1,2,2,0
14,8|7|2|2|2|2|2|1|1|1,2539794216960,5,1,17,17,1
14,8|7|2|2|2|2|1|1|1|1|1,2009843665830,0,1,2,2,0
14,8|7|2|2|2|1|1|1|1|1|1|1,1053184204800,5|7,2,21,22,1
14,8|7|2|2|1|1|1|1|1|1|1|1|1,365426121060,0,1,4,4,0
14,8|7|2|1|1|1|1|1|1|1|1|1|1|1,77294131200,5,1,17,17,1
14,8|7|1|1|1|1|1|1|1|1|1|1|1|1|1,7666282260,0,1,4,4,0
14,8|6|6|6|2,1087577741250,0,1,2,2,0
14,8|6|6|6|1|1,1236826871280,0|4,2,8,10,0
14,8|6|6|5|3,3523751881650,0,1,2,2,0
14,8|6|6|5|2|1,9252107504640,5,1,15,15,1
14,8|6|6|5|1|1|1,5638003010640,0|4,2,8,10,0
14,8|6|6|4|4,2436174140400,0|4,2,8,10,0
14,8|6|6|4|3|1,15179238874800,0|4,2,8,10,0
14,8|6|6|4|2|2,13467670376160,0|2|4|6,4,10,17,0
14,8|6|6|4|2|1|1,23064557770800,0|4,2,8,10,0
14,8|6|6|4|1|1|1|1,10231931389680,0|4,2,8,10,0
14,8|6|6|3|3|2,12368268712800,0|4,2,10,12,0
14,8|6|6|3|3|1|1,17572996396800,0|2|8|10,4,16,23,0
14,8|6|6|3|2|2|1,24361741404000,0|4,2,10,12,0
14,8|6|6|3|2|1|1|1,24298464153600,5|7,2,19,20,1
14,8|6|6|3|1|1|1|1|1,9276201534600,0|4,2,6,8,0
14,8|6|6|2|2|2|2,6071695549920,0|4,2,10,12,0
14,8|6|6|2|2|2|1|1,12789914237100,0,1,4,4,0
14,8|6|6|2|2|1|1|1|1,10164668889375,0,1,0,0,0
14,8|6|6|2|1|1|1|1|1|1,4209368763600,0|4,2,8,10,0
14,8|6|6|1|1|1|1|1|1|1|1,765654729840,0|4,2,8,10,0
14,8|6|5|5|4,2610186579000,0,1,6,6,0
14,8|6|5|5|3|1,13173410880630,0,1,2,2,0
14,8|6|5|5|2|2,11043097065000,0|2,2,6,10,0
14,8|6|5|5|2|1|1,18686563008750,0,1,2,2,0
14,8|6|5|5|1|1|1|1,8039374663320,0,1,6,6,0
14,8|6|5|4|4|1,11806074680400,0|4,2,8,10,0
14,8|6|5|4|3|2,29683844910720,3,1,11,11,1
14,8|6|5|4|3|1|1,41003658259200,3|5,2,13,14,1
14,8|6|5|4|2|2|1,46403316960000,3,1,13,13,1
14,8|6|5|4|2|1|1|1,44764699829850,0,1,2,2,0
14,8|6|5|4|1|1|1|1|1,15741432907200,3,1,9,9,1
14,8|6|5|3|3|3,10541138107500,0,1,4,4,0
14,8|6|5|3|3|2|1,47729126016000,3|5,2,17,18,1
14,8|6|5|3|3|1|1|1,37586686737600,0|2|4|6,4,12,16,0
14,8|6|5|3|2|2|2,28109701620000,0|4,2,10,12,0
14,8|6|5|3|2|2|1|1,57424104738000,0,1,8,8,0
14,8|6|5|3|2|1|1|1|1,41924981109375,0,1,0,0,0
14,8|6|5|3|1|1|1|1|1|1,13511554056000,0|4,2,12,14,0
14,8|6|5|2|2|2|2|1,19480023222660,0,1,4,4,0
14,8|6|5|2|2|2|1|1|1,24094029960000,3,1,9,9,1
14,8|6|5|2|2|1|1|1|1|1,15545964183750,0,1,2,2,0
14,8|6|5|2|1|1|1|1|1|1|1,5654065697280,3|5,2,15,16,1
14,8|6|5|1|1|1|1|1|1|1|1|1,944475406875,0,1,0,0,0
14,8|6|4|4|4|2,9894614970240,0|2|4|6,4,14,21,0
14,8|6|4|4|4|1|1,12813643206000,0|4,2,8,10,0
14,8|6|4|4|3|3,10625467212360,0|2,2,6,11,0
14,8|6|4|4|3|2|1,45104024085120,3,1,11,11,1
14,8|6|4|4|3|1|1|1,34532768440170,0,1,2,2,0
14,8|6|4|4|2|2|2,21684626964000,0|2|4|6,4,10,17,0
14,8|6|4|4|2|2|1|1,43769928722520,0|2,2,6,10,0
14,8|6|4|4|2|1|1|1|1,30990946036050,0|2,2,2,6,0
14,8|6|4|4|1|1|1|1|1|1,9286122605760,0|2|4|6,4,12,21,0
14,8|6|4|3|3|3|1,22423875610500,0,1,4,4,0
14,8|6|4|3|3|2|2,30110653441440,0|4,2,10,12,0
14,8|6|4|3|3|2|1|1,57424104738000,0,1,8,8,0
14,8|6|4|3|3|1|1|1|1,32933527201575,0,1,0,0,0
14,8|6|4|3|2|2|2|1,45232525578240,5,1,19,19,1
14,8|6|4|3|2|2|1|1|1,54111175618500,0|2,2,4,8,0
14,8|6|4|3|2|1|1|1|1|1,32159731968000,5,1,17,17,1
14,8|6|4|3|1|1|1|1|1|1|1,9187856758080,0|4,2,12,14,0
14,8|6|4|2|2|2|2|2,9866505268620,0,1,4,4,0
14,8|6|4|2|2|2|2|1|1,22293464567220,0|2,2,4,9,0
14,8|6|4|2|2|2|1|1|1|1,20727952245000,0|2,2,6,10,0
14,8|6|4|2|2|1|1|1|1|1|1,11510922813390,0,1,2,2,0
14,8|6|4|2|1|1|1|1|1|1|1|1,3813355781235,0,1,0,0,0
14,8|6|4|1|1|1|1|1|1|1|1|1|1,608019932520,0|2,2,6,10,0
14,8|6|3|3|3|3|2,8279584840800,0|4,2,10,12,0
14,8|6|3|3|3|3|1|1,12789914237100,0,1,4,4,0
14,8|6|3|3|3|2|2|1,22262883683040,0|4,2,10,12,0
14,8|6|3|3|3|2|1|1|1,24736537425600,3,1,9,9,1
14,8|6|3|3|3|1|1|1|1|1,11607653257200,0|4,2,8,10,0
14,8|6|3|3|2|2|2|2,10440746316000,0|4,2,10,12,0
14,8|6|3|3|2|2|2|1|1,23309429497200,0|2|4|6,4,8,15,0
14,8|6|3|3|2|2|1|1|1|1,21017972976000,0|2|4|6,4,14,27,0
14,8|6|3|3|2|1|1|1|1|1|1,10852048443600,0|4,2,8,10,0
14,8|6|3|3|1|1|1|1|1|1|1|1,2884943061000,0|4,2,6,8,0
14,8|6|3|2|2|2|2|2|1,8673850785600,3,1,9,9,1
14,8|6|3|2|2|2|2|1|1|1,11786232538080,0|2|4|6,4,10,17,0
14,8|6|3|2|2|2|1|1|1|1|1,9095050124160,3,1,11,11,1
14,8|6|3|2|2|1|1|1|1|1|1|1,4543785321075,0,1,0,0,0
14,8|6|3|2|1|1|1|1|1|1|1|1|1,1428634247040,3,1,11,11,1
14,8|6|3|1|1|1|1|1|1|1|1|1|1|1,232016584800,0|2|4|6,4,10,17,0
14,8|6|2|2|2|2|2|2|2,993878735850,0,1,2,2,0
14,8|6|2|2|2|2|2|2|1|1,2368908828000,0|4,2,10,12,0
14,8|6|2|2|2|2|2|1|1|1|1,2473653742560,0|4,2,10,12,0
14,8|6|2|2|2|2|1|1|1|1|1|1,1682883452250,0,1,2,2,0
14,8|6|2|2|2|1|1|1|1|1|1|1|1,791430903900,0,1,4,4,0
14,8|6|2|2|1|1|1|1|1|1|1|1|1|1,252413647200,0|4,2,10,12,0
14,8|6|2|1|1|1|1|1|1|1|1|1|1|1|1,49955724000,0|4,2,10,12,0
14,8|6|1|1|1|1|1|1|1|1|1|1|1|1|1|1,4714049340,0,1,4,4,0
14,8|5|5|5|5,365426121060,0,1,4,4,0
14,8|5|5|5|4|1,4112047779840,5|7,2,19,20,1
14,8|5|5|5|3|2,8282322798750,0,1,2,2,0
14,8|5|5|5|3|1|1,11276006021280,0|2|4|6,4,10,14,0
14,8|5|5|5|2|2|1,11963355153750,0,1,2,2,0
14,8|5|5|5|2|1|1|1,11339283271680,5|7,2,19,20,1
14,8|5|5|5|1|1|1|1|1,3836974271130,0,1,2,2,0
14,8|5|5|4|4|2,8657788098960,0|4,2,8,10,0
14,8|5|5|4|4|1|1,11136796070400,0|2|8|10,4,18,25,0
14,8|5|5|4|3|3,8784281756250,0,1,2,2,0
14,8|5|5|4|3|2|1,36751427032320,3|5,2,13,14,1
14,8|5|5|4|3|1|1|1,27905267426400,0|2|4|6,4,10,14,0
14,8|5|5|4|2|2|2,17178150990000,0|4,2,8,10,0
14,8|5|5|4|2|2|1|1,34532768440170,0,1,2,2,0
14,8|5|5|4|2|1|1|1|1,24223322418750,0,1,2,2,0
14,8|5|5|4|1|1|1|1|1|1,7129943140320,0|4,2,10,12,0
14,8|5|5|3|3|3|1,14915351880000,0|2|4|6,4,12,16,0
14,8|5|5|3|3|2|2,19789229940480,0|2|8|10,4,16,23,0
14,8|5|5|3|3|2|1|1,37586686737600,0|2|4|6,4,12,16,0
14,8|5|5|3|3|1|1|1|1,21356072010000,0|2|4|6,4,8,12,0
14,8|5|5|3|2|2|2|1,28784334458880,5|7,2,19,20,1
14,8|5|5|3|2|2|1|1|1,34258698849375,0,1,0,0,0
14,8|5|5|3|2|1|1|1|1|1,20157096960000,5|7,2,21,22,1
14,8|5|5|3|1|1|1|1|1|1|1,5654065697280,0|2|8|10,4,18,25,0
14,8|5|5|2|2|2|2|2,5846817936960,0|2|4|6,4,12,16,0
14,8|5|5|2|2|2|2|1|1,13176422634375,0,1,0,0,0
14,8|5|5|2|2|2|1|1|1|1,12179886468750,0,1,2,2,0
14,8|5|5|2|2|1|1|1|1|1|1,6692786100000,0|2|4|6,4,10,14,0
14,8|5|5|2|1|1|1|1|1|1|1|1,2176071337440,0|2|4|6,4,10,14,0
14,8|5|5|1|1|1|1|1|1|1|1|1|1,334973944305,0,1,0,0,0
14,8|5|4|4|4|3,4797389076480,5,1,17,17,1
14,8|5|4|4|4|2|1,16078749326640,0|4,2,8,10,0
14,8|5|4|4|4|1|1|1,11339283271680,5|7,2,19,20,1
14,8|5|4|4|3|3|1,19028260160910,0,1,2,2,0
14,8|5|4|4|3|2|2,23853089660400,0|4,2,8,10,0
14,8|5|4|4|3|2|1|1,44764699829850,0,1,2,2,0
14,8|5|4|4|3|1|1|1|1,24666263171550,0,1,2,2,0
14,8|5|4|4|2|2|2|1,27984769612800,5,1,15,15,1
14,8|5|4|4|2|2|1|1|1,32827446541890,0|2,2,2,6,0
14,8|5|4|4|2|1|1|1|1|1,18702121052160,5,1,17,17,1
14,8|5|4|4|1|1|1|1|1|1|1,4872348280800,0|4,2,10,12,0
14,8|5|4|3|3|3|2,15860755722240,5|7,2,19,20,1
14,8|5|4|3|3|3|1|1,24298464153600,5|7,2,19,20,1
14,8|5|4|3|3|2|2|1,41120477798400,5|7,2,21,22,1
14,8|5|4|3|3|2|1|1|1,45221482481175,0,1,0,0,0
14,8|5|4|3|3|1|1|1|1|1,20780134502400,5|7,2,19,20,1
14,8|5|4|3|2|2|2|2,17818873712640,5|7,2,19,20,1
14,8|5|4|3|2|2|2|1|1,39578459880960,5,1,13,13,1
14,8|5|4|3|2|2|1|1|1|1,35274919680000,5,1,17,17,1
14,8|5|4|3|2|1|1|1|1|1|1,17818873712640,5|7,2,19,20,1
14,8|5|4|3|1|1|1|1|1|1|1|1,4544894914560,5|7,2,19,20,1
14,8|5|4|2|2|2|2|2|1,11628381209445,0,1,0,0,0
14,8|5|4|2|2|2|2|1|1|1,15699277440000,5,1,15,15,1
14,8|5|4|2|2|2|1|1|1|1|1,11963355153750,0,1,2,2,0
14,8|5|4|2|2|1|1|1|1|1|1|1,5843436318720,5|7,2,19,20,1
14,8|5|4|2|1|1|1|1|1|1|1|1|1,1761875940825,0,1,0,0,0
14,8|5|4|1|1|1|1|1|1|1|1|1|1|1,262042260480,5,1,15,15,1
14,8|5|3|3|3|3|3,2473653742560,0|4,2,10,12,0
14,8|5|3|3|3|3|2|1,13083788390400,5|7,2,19,20,1
14,8|5|3|3|3|3|1|1|1,11419566283125,0,1,0,0,0
14,8|5|3|3|3|2|2|2,10023116463360,0|2|8|10,4,16,23,0
14,8|5|3|3|3|2|2|1|1,21644470247400,0|4,2,6,8,0
14,8|5|3|3|3|2|1|1|1|1,17824857850800,0|4,2,8,10,0
14,8|5|3|3|3|1|1|1|1|1|1,7087052044800,0|2|8|10,4,18,25,0
14,8|5|3|3|2|2|2|2|1,13398957772200,0|4,2,6,8,0
14,8|5|3|3|2|2|2|1|1|1,17829210685440,5|13,2,27,33,1
14,8|5|3|3|2|2|1|1|1|1|1,13155340358160,0|4,2,8,10,0
14,8|5|3|3|2|1|1|1|1|1|1|1,5968043827200,5|7,2,21,22,1
14,8|5|3|3|1|1|1|1|1|1|1|1|1,1442964683160,0|4,2,6,8,0
14,8|5|3|2|2|2|2|2|2,3197478559275,0,1,0,0,0
14,8|5|3|2|2|2|2|2|1|1,7576863774480,0|4,2,8,10,0
14,8|5|3|2|2|2|2|1|1|1|1,7808250450000,0|4,2,8,10,0
14,8|5|3|2|2|2|1|1|1|1|1|1,5183281032930,0,1,2,2,0
14,8|5|3|2|2|1|1|1|1|1|1|1|1,2328633236475,0,1,0,0,0
14,8|5|3|2|1|1|1|1|1|1|1|1|1|1,675577702800,0|4,2,8,10,0
14,8|5|3|1|1|1|1|1|1|1|1|1|1|1|1,103352842320,0|4,2,8,10,0
14,8|5|2|2|2|2|2|2|2|1,1209425817600,5|7,2,19,20,1
14,8|5|2|2|2|2|2|2|1|1|1,1750067953920,0|2|8|10,4,16,23,0
14,8|5|2|2|2|2|2|1|1|1|1|1,1514964971520,5|7,2,19,20,1
14,8|5|2|2|2|2|1|1|1|1|1|1|1,913565302650,0,1,2,2,0
14,8|5|2|2|2|1|1|1|1|1|1|1|1|1,392670720000,5|7,2,19,20,1
14,8|5|2|2|1|1|1|1|1|1|1|1|1|1|1,116819539200,0|2|8|10,4,16,23,0
14,8|5|2|1|1|1|1|1|1|1|1|1|1|1|1|1,21956014080,5|7,2,19,20,1
14,8|5|1|1|1|1|1|1|1|1|1|1|1|1|1|1|1,2007835830,0,1,2,2,0
14,8|4|4|4|4|4,505974629160,0,1,6,6,0
14,8|4|4|4|4|3|1,4350310965000,0,1,6,6,0
14,8|4|4|4|4|2|2,4417238826000,0|4,2,8,10,0
14,8|4|4|4|4|2|1|1,8039374663320,0,1,6,6,0
14,8|4|4|4|4|1|1|1|1,4069518166350,0,1,2,2,0
14,8|4|4|4|3|3|2,6776445926250,0,1,2,2,0
14,8|4|4|4|3|3|1|1,10231931389680,0|4,2,8,10,0
14,8|4|4|4|3|2|2|1,16233352685550,0,1,2,2,0
14,8|4|4|4|3|2|1|1|1,17540453810880,3,1,9,9,1
14,8|4|4|4|3|1|1|1|1|1,7756022858220,0,1,4,4,0
14,8|4|4|4|2|2|2|2,5582899071750,0,1,2,2,0
14,8|4|4|4|2|2|2|1|1,12297994458750,0|2,2,2,6,0
14,8|4|4|4|2|2|1|1|1|1,10747827090000,0|2,2,8,13,0
14,8|4|4|4|2|1|1|1|1|1|1,5217330982500,0,1,4,4,0
14,8|4|4|4|1|1|1|1|1|1|1|1,1220552833500,0,1,4,4,0
14,8|4|4|3|3|3|3,2366377942500,0,1,4,4,0
14,8|4|4|3|3|3|2|1,12336143339520,5|7,2,19,20,1
14,8|4|4|3|3|3|1|1|1,10678036005000,0|4,2,6,8,0
14,8|4|4|3|3|2|2|2,9187856758080,0|2|4|6,4,12,16,0
14,8|4|4|3|3|2|2|1|1,19760116320945,0,1,0,0,0
14,8|4|4|3|3|2|1|1|1|1,16121740635000,0,1,6,6,0
14,8|4|4|3|3|1|1|1|1|1|1,6296573162880,0|2|4|6,4,14,18,0
14,8|4|4|3|2|2|2|2|1,11419566283125,0,1,0,0,0
14,8|4|4|3|2|2|2|1|1|1,15117822720000,5,1,17,17,1
14,8|4|4|3|2|2|1|1|1|1|1,11043097065000,0,1,6,6,0
14,8|4|4|3|2|1|1|1|1|1|1|1,4918717440000,5|7,2,21,22,1
14,8|4|4|3|1|1|1|1|1|1|1|1|1,1148482094760,0,1,6,6,0
14,8|4|4|2|2|2|2|2|2,2192556726360,0|4,2,6,8,0
14,8|4|4|2|2|2|2|2|1|1,5181988061250,0,1,2,2,0
14,8|4|4|2|2|2|2|1|1|1|1,5309181281250,0,1,2,2,0
14,8|4|4|2|2|2|1|1|1|1|1|1,3487293810000,0|4,2,8,10,0
14,8|4|4|2|2|1|1|1|1|1|1|1|1,1537637184720,0|4,2,8,10,0
14,8|4|4|2|1|1|1|1|1|1|1|1|1|1,430680785535,0,1,0,0,0
14,8|4|4|1|1|1|1|1|1|1|1|1|1|1|1,61067199375,0,1,0,0,0
14,8|4|3|3|3|3|3|1,2782860460380,0,1,4,4,0
14,8|4|3|3|3|3|2|2,4176298526400,0|2|4|6,4,12,16,0
14,8|4|3|3|3|3|2|1|1,8384996221875,0,1,0,0,0
14,8|4|3|3|3|3|1|1|1|1,5373913545000,0,1,6,6,0
14,8|4|3|3|3|2|2|2|1,8352597052800,3|5,2,11,12,1
14,8|4|3|3|3|2|2|1|1|1,10694914710480,0|4,2,8,10,0
14,8|4|3|3|3|2|1|1|1|1|1,7196083614720,3|5,2,17,18,1
14,8|4|3|3|3|1|1|1|1|1|1|1,2517768489600,0|2|4|6,4,14,18,0
14,8|4|3|3|2|2|2|2|2,3197478559275,0,1,0,0,0
14,8|4|3|3|2|2|2|2|1|1,7506418920000,0|4,2,12,14,0
14,8|4|3|3|2|2|2|1|1|1|1,7567996590000,0|4,2,8,10,0
14,8|4|3|3|2|2|1|1|1|1|1|1,4808238435000,0,1,6,6,0
14,8|4|3|3|2|1|1|1|1|1|1|1|1,1967679113400,0,1,6,6,0
14,8|4|3|3|1|1|1|1|1|1|1|1|1|1,441723882600,0|4,2,6,8,0
14,8|4|3|2|2|2|2|2|2|1,2482748057790,0,1,2,2,0
14,8|4|3|2|2|2|2|2|1|1|1,3569485920000,3|5,2,13,14,1
14,8|4|3|2|2|2|2|1|1|1|1|1,3051382083750,0,1,2,2,0
14,8|4|3|2|2|2|1|1|1|1|1|1|1,1799020903680,3,1,13,13,1
14,8|4|3|2|2|1|1|1|1|1|1|1|1|1,741530278125,0,1,0,0,0
14,8|4|3|2|1|1|1|1|1|1|1|1|1|1|1,202029085440,3|5,2,13,14,1
14,8|4|3|1|1|1|1|1|1|1|1|1|1|1|1|1,29705300625,0,1,0,0,0
14,8|4|2|2|2|2|2|2|2|2,287888225625,0,1,0,0,0
14,8|4|2|2|2|2|2|2|2|1|1,706758212160,0|2|4|6,4,12,16,0
14,8|4|2|2|2|2|2|2|1|1|1|1,785018520000,0|2|4|6,4,12,16,0
14,8|4|2|2|2|2|2|1|1|1|1|1|1,590303734020,0,1,4,4,0
14,8|4|2|2|2|2|1|1|1|1|1|1|1|1,322687901250,0,1,2,2,0
14,8|4|2|2|2|1|1|1|1|1|1|1|1|1|1,128845080000,0|2|4|6,4,12,16,0
14,8|4|2|2|1|1|1|1|1|1|1|1|1|1|1|1,36315639360,0|2|4|6,4,12,16,0
14,8|4|2|1|1|1|1|1|1|1|1|1|1|1|1|1|1,6604723125,0,1,0,0,0
14,8|4|1|1|1|1|1|1|1|1|1|1|1|1|1|1|1|1,602350749,0,1,0,0,0
14,8|3|3|3|3|3|3|2,574241047380,0,1,4,4,0
14,8|3|3|3|3|3|3|1|1,927620153460,0|2,2,4,9,0
14,8|3|3|3|3|3|2|2|1,1761875940825,0,1,0,0,0
14,8|3|3|3|3|3|2|1|1|1,2078013450240,5,1,17,17,1
14,8|3|3|3|3|3|1|1|1|1|1,1085204844360,0,1,6,6,0
14,8|3|3|3|3|2|2|2|2,1004921832915,0,1,0,0,0
14,8|3|3|3|3|2|2|2|1|1,2321530651440,0|4,2,8,10,0
14,8|3|3|3|3|2|2|1|1|1|1,2248776129600,0|4,2,12,14,0
14,8|3|3|3|3|2|1|1|1|1|1|1,1304881938360,0,1,6,6,0
14,8|3|3|3|3|1|1|1|1|1|1|1|1,413979242040,0,1,6,6,0
14,8|3|3|3|2|2|2|2|2|1,1222863882240,5,1,17,17,1
14,8|3|3|3|2|2|2|2|1|1|1,1740124386000,0|4,2,8,10,0
14,8|3|3|3|2|2|2|1|1|1|1|1,1456697088000,5,1,17,17,1
14,8|3|3|3|2|2|1|1|1|1|1|1|1,824551247520,0|2,2,10,14,0
14,8|3|3|3|2|1|1|1|1|1|1|1|1|1,311518771200,5,1,17,17,1
14,8|3|3|3|1|1|1|1|1|1|1|1|1|1|1,66441112920,0|4,2,6,8,0
14,8|3|3|2|2|2|2|2|2|2,290191331430,0|2,2,2,6,0
14,8|3|3|2|2|2|2|2|2|1|1,710550790950,0,1,2,2,0
14,8|3|3|2|2|2|2|2|1|1|1|1,784641107250,0,1,2,2,0
14,8|3|3|2|2|2|2|1|1|1|1|1|1,583816879800,0|2,2,6,11,0
14,8|3|3|2|2|2|1|1|1|1|1|1|1|1,313222389480,0|2,2,6,11,0
14,8|3|3|2|2|1|1|1|1|1|1|1|1|1|1,120743945595,0,1,0,0,0
14,8|3|3|2|1|1|1|1|1|1|1|1|1|1|1|1,31542536025,0,1,0,0,0
14,8|3|3|1|1|1|1|1|1|1|1|1|1|1|1|1|1,4593088500,0|2,2,4,8,0
14,8|3|2|2|2|2|2|2|2|2|1,143560261845,0,1,0,0,0
14,8|3|2|2|2|2|2|2|2|1|1|1,216423567360,5|7,2,19,20,1
14,8|3|2|2|2|2|2|2|1|1|1|1|1,201357250380,0,1,4,4,0
14,8|3|2|2|2|2|2|1|1|1|1|1|1|1,135562014720,5,1,19,19,1
14,8|3|2|2|2|2|1|1|1|1|1|1|1|1|1,68448948750,0,1,2,2,0
14,8|3|2|2|2|1|1|1|1|1|1|1|1|1|1|1,25813831680,5|7,2,19,20,1
14,8|3|2|2|1|1|1|1|1|1|1|1|1|1|1|1|1,7027425405,0,1,0,0,0
14,8|3|2|1|1|1|1|1|1|1|1|1|1|1|1|1|1|1,1273079808,5,1,17,17,1
14,8|3|1|1|1|1|1|1|1|1|1|1|1|1|1|1|1|1|1,122650605,0,1,0,0,0
14,8|2|2|2|2|2|2|2|2|2|2,9553624080,0|4,2,8,10,0
14,8|2|2|2|2|2|2|2|2|2|1|1,24041192175,0,1,0,0,0
14,8|2|2|2|2|2|2|2|2|1|1|1|1,28109701620,0,1,4,4,0
14,8|2|2|2|2|2|2|2|1|1|1|1|1|1,22946695200,0|4,2,10,12,0
14,8|2|2|2|2|2|2|1|1|1|1|1|1|1|1,14153136480,0|4,2,10,12,0
14,8|2|2|2|2|2|1|1|1|1|1|1|1|1|1|1,6721885170,0,1,2,2,0
14,8|2|2|2|2|1|1|1|1|1|1|1|1|1|1|1|1,2442687975,0,1,0,0,0
14,8|2|2|2|1|1|1|1|1|1|1|1|1|1|1|1|1|1,661404744,0|4,2,6,8,0
14,8|2|2|1|1|1|1|1|1|1|1|1|1|1|1|1|1|1|1,126449400,0|4,2,6,8,0
14,8|2|1|1|1|1|1|1|1|1|1|1|1|1|1|1|1|1|1|1,15310295,0,1,0,0,0
14,8|1|1|1|1|1|1|1|1|1|1|1|1|1|1|1|1|1|1|1|1,888030,0,1,2,2,0
14,7|7|7|7,13672405890,0,1,2,2,0
14,7|7|7|6|1,238645630080,3,1,11,11,1
14,7|7|7|5|2,974469656160,0|2|4|6,4,10,17,0
14,7|7|7|5|1|1,1118651391000,0|2,2,6,11,0
14,7|7|7|4|3,1299292874880,3,1,11,11,1
14,7|7|7|4|2|1,3654261210600,0|2,2,6,10,0
14,7|7|7|4|1|1|1,2294669520000,3,1,11,11,1
14,7|7|7|3|3|1,2557982847420,0,1,4,4,0
14,7|7|7|3|2|2,2790526742640,0|2,2,8,12,0
14,7|7|7|3|2|1|1,4919197783500,0,1,4,4,0
14,7|7|7|3|1|1|1|1,2366377942500,0,1,4,4,0
14,7|7|7|2|2|2|1,2289662968320,3,1,15,15,1
14,7|7|7|2|2|1|1|1,2473653742560,0|4,2,10,12,0
14,7|7|7|2|1|1|1|1|1,1211585506560,3,1,13,13,1
14,7|7|7|1|1|1|1|1|1|1,246103306020,0|2,2,4,9,0
14,7|7|6|6|2,805429001520,0|4,2,8,10,0
14,7|7|6|6|1|1,913565302650,0,1,2,2,0
14,7|7|6|5|3,2436174140400,0|4,2,8,10,0
14,7|7|6|5|2|1,6363883468800,5,1,17,17,1
14,7|7|6|5|1|1|1,3865083972750,0,1,2,2,0
14,7|7|6|4|4,1644417544770,0,1,2,2,0
14,7|7|6|4|3|1,10150725585000,0,1,6,6,0
14,7|7|6|4|2|2,8969550244200,0|2,2,6,10,0
14,7|7|6|4|2|1|1,15334129067400,0,1,6,6,0
14,7|7|6|4|1|1|1|1,6776445926250,0,1,2,2,0
14,7|7|6|3|3|2,8139036332700,0,1,4,4,0
14,7|7|6|3|3|1|1,11543717465280,0|2|4|6,4,12,16,0
14,7|7|6|3|2|2|1,15938200818540,0,1,4,4,0
14,7|7|6|3|2|1|1|1,15860755722240,5|7,2,19,20,1
14,7|7|6|3|1|1|1|1|1,6029530997490,0,1,2,2,0
14,7|7|6|2|2|2|2,3935358226800,0,1,8,8,0
14,7|7|6|2|2|2|1|1,8279584840800,0|4,2,10,12,0
14,7|7|6|2|2|1|1|1|1,6562754827200,0|4,2,12,14,0
14,7|7|6|2|1|1|1|1|1|1,2705558780925,0,1,0,0,0
14,7|7|6|1|1|1|1|1|1|1|1,488587445775,0,1,0,0,0
14,7|7|5|5|4,1461704484240,0|4,2,8,10,0
14,7|7|5|5|3|1,7308522421200,0|4,2,8,10,0
14,7|7|5|5|2|2,6101734860000,0|2|4|6,4,10,17,0
14,7|7|5|5|2|1|1,10306890594000,0|4,2,8,10,0
14,7|7|5|5|1|1|1|1,4417238826000,0|4,2,8,10,0
14,7|7|5|4|4|1,6394957118550,0,1,2,2,0
14,7|7|5|4|3|2,15945867100800,3,1,11,11,1
14,7|7|5|4|3|1|1,21988033267200,3|5,2,15,16,1
14,7|7|5|4|2|2|1,24782430816000,3,1,13,13,1
14,7|7|5|4|2|1|1|1,23853089660400,0|4,2,8,10,0
14,7|7|5|4|1|1|1|1|1,8352597052800,3,1,11,11,1
14,7|7|5|3|3|3,5581053485280,0|4,2,10,12,0
14,7|7|5|3|3|2|1,25186292651520,3|5,2,15,16,1
14,7|7|5|3|3|1|1|1,19789229940480,0|2|8|10,4,16,23,0
14,7|7|5|3|2|2|2,14757593350500,0,1,4,4,0
14,7|7|5|3|2|2|1|1,30110653441440,0|4,2,10,12,0
14,7|7|5|3|2|1|1|1|1,21925567263600,0|4,2,8,10,0
14,7|7|5|3|1|1|1|1|1|1,7034452830405,0,1,0,0,0
14,7|7|5|2|2|2|2|1,10119492583200,0|4,2,10,12,0
14,7|7|5|2|2|2|1|1|1,12496352993280,3|11,2,23,29,1
14,7|7|5|2|2|1|1|1|1|1,8039374663320,0|4,2,6,8,0
14,7|7|5|2|1|1|1|1|1|1|1,2910180873600,3|5,2,11,12,1
14,7|7|5|1|1|1|1|1|1|1|1|1,482555502000,0|4,2,8,10,0
14,7|7|4|4|4|2,4983083469000,0|2,2,6,11,0
14,7|7|4|4|4|1|1,6441806621250,0,1,2,2,0
14,7|7|4|4|3|3,5315289033600,0|2|4|6,4,14,21,0
14,7|7|4|4|3|2|1,22487761296000,3,1,11,11,1
14,7|7|4|4|3|1|1|1,17178150990000,0|4,2,8,10,0
14,7|7|4|4|2|2|2,10756263375000,0|2,2,6,10,0
14,7|7|4|4|2|2|1|1,21684626964000,0|2|4|6,4,10,17,0
14,7|7|4|4|2|1|1|1|1,15313094596800,0|2|4|6,4,12,23,0
14,7|7|4|4|1|1|1|1|1|1,4567826513250,0|2,2,2,6,0
14,7|7|4|3|3|3|1,11019003035040,0|4,2,10,12,0
14,7|7|4|3|3|2|2,14757593350500,0,1,4,4,0
14,7|7|4|3|3|2|1|1,28109701620000,0|4,2,10,12,0
14,7|7|4|3|3|1|1|1|1,16078749326640,0|4,2,8,10,0
14,7|7|4|3|2|2|2|1,22028827392000,5,1,17,17,1
14,7|7|4|3|2|2|1|1|1,26310680716320,0|2|4|6,4,10,17,0
14,7|7|4|3|2|1|1|1|1|1,15591514498560,5,1,13,13,1
14,7|7|4|3|1|1|1|1|1|1|1,4433478674625,0,1,0,0,0
14,7|7|4|2|2|2|2|2,4757026428000,0|4,2,10,12,0
14,7|7|4|2|2|2|2|1|1,10739053353600,0|2|4|6,4,14,23,0
14,7|7|4|2|2|2|1|1|1|1,9966166938000,0|2|4|6,4,8,15,0
14,7|7|4|2|2|1|1|1|1|1|1,5517217906200,0|4,2,6,8,0
14,7|7|4|2|1|1|1|1|1|1|1|1,1818863046000,0|4,2,8,10,0
14,7|7|4|1|1|1|1|1|1|1|1|1|1,287840124000,0|2|4|6,4,10,17,0
14,7|7|3|3|3|3|2,3935358226800,0,1,8,8,0
14,7|7|3|3|3|3|1|1,6071695549920,0|4,2,10,12,0
14,7|7|3|3|3|2|2|1,10541138107500,0,1,4,4,0
14,7|7|3|3|3|2|1|1|1,11693635873920,3,1,11,11,1
14,7|7|3|3|3|1|1|1|1|1,5471241090315,0,1,0,0,0
14,7|7|3|3|2|2|2|2,4914784957500,0,1,4,4,0
14,7|7|3|3|2|2|2|1|1,10962783631800,0|2,2,6,10,0
14,7|7|3|3|2|2|1|1|1|1,9866505268620,0|2,2,4,9,0
14,7|7|3|3|2|1|1|1|1|1|1,5078348300025,0,1,0,0,0
14,7|7|3|3|1|1|1|1|1|1|1|1,1343478386250,0,1,2,2,0
14,7|7|3|2|2|2|2|2|1,4038618355200,3,1,15,15,1
14,7|7|3|2|2|2|2|1|1|1,5481391815900,0|2,2,4,8,0
14,7|7|3|2|2|2|1|1|1|1|1,4220964820800,3,1,9,9,1
14,7|7|3|2|2|1|1|1|1|1|1|1,2101797297600,0|4,2,12,14,0
14,7|7|3|2|1|1|1|1|1|1|1|1|1,657536880000,3,1,11,11,1
14,7|7|3|1|1|1|1|1|1|1|1|1|1|1,105977500200,0|2,2,6,10,0
14,7|7|2|2|2|2|2|2|2,454344564960,0|4,2,10,12,0
14,7|7|2|2|2|2|2|2|1|1,1082223512370,0,1,2,2,0
14,7|7|2|2|2|2|2|1|1|1|1,1128521844450,0,1,2,2,0
14,7|7|2|2|2|2|1|1|1|1|1|1,766026948960,0|4,2,10,12,0
14,7|7|2|2|2|1|1|1|1|1|1|1|1,359015136480,0|4,2,10,12,0
14,7|7|2|2|1|1|1|1|1|1|1|1|1|1,113918264460,0,1,4,4,0
14,7|7|2|1|1|1|1|1|1|1|1|1|1|1|1,22373027820,0,1,4,4,0
14,7|7|1|1|1|1|1|1|1|1|1|1|1|1|1|1,2086063200,0|4,2,10,12,0
14,7|6|6|6|3,795485433600,3|5,2,13,14,1
14,7|6|6|6|2|1,2009843665830,0,1,2,2,0
14,7|6|6|6|1|1|1,1199347269120,3|5,2,15,16,1
14,7|6|6|5|4,1522608837750,0,1,2,2,0
14,7|6|6|5|3|1,7383099180600,0,1,6,6,0
14,7|6|6|5|2|2,6090435351000,0|2,2,6,11,0
14,7|6|6|5|2|1|1,10245986240490,0,1,2,2,0
14,7|6|6|5|1|1|1|1,4350310965000,0,1,6,6,0
14,7|6|6|4|4|1,5359583108880,0|4,2,8,10,0
14,7|6|6|4|3|2,12992928748800,3,1,13,13,1
14,7|6|6|4|3|1|1,17843350187520,3|5,2,15,16,1
14,7|6|6|4|2|2|1,19871003617920,3,1,11,11,1
14,7|6|6|4|2|1|1|1,19028260160910,0,1,2,2,0
14,7|6|6|4|1|1|1|1|1,6596409980160,3,1,13,13,1
14,7|6|6|3|3|3,4263304745700,0,1,4,4,0
14,7|6|6|3|3|2|1,19080524736000,3|5,2,15,16,1
14,7|6|6|3|3|1|1|1,14915351880000,0|2|4|6,4,12,16,0
14,7|6|6|3|2|2|2,11019003035040,0|4,2,10,12,0
14,7|6|6|3|2|2|1|1,22423875610500,0,1,4,4,0
14,7|6|6|3|2|1|1|1|1,16233352685550,0,1,2,2,0
14,7|6|6|3|1|1|1|1|1|1,5153445297000,0|4,2,6,8,0
14,7|6|6|2|2|2|2|1,7308522421200,0,1,8,8,0
14,7|6|6|2|2|2|1|1|1,8995104518400,3,1,13,13,1
14,7|6|6|2|2|1|1|1|1|1,5750298400275,0,1,0,0,0
14,7|6|6|2|1|1|1|1|1|1|1,2058903475200,3|5,2,17,18,1
14,7|6|6|1|1|1|1|1|1|1|1|1,334973944305,0,1,0,0,0
14,7|6|5|5|5,556839803520,3,1,11,11,1
14,7|6|5|5|4|1,6029530997490,0,1,2,2,0
14,7|6|5|5|3|2,11932281504000,3,1,13,13,1
14,7|6|5|5|3|1|1,16191188133120,3|5,2,13,14,1
14,7|6|5|5|2|2|1,17036182800000,3,1,11,11,1
14,7|6|5|5|2|1|1|1,16078749326640,0|4,2,8,10,0
14,7|6|5|5|1|1|1|1|1,5397062711040,3,1,13,13,1
14,7|6|5|4|4|2,11693635873920,3,1,11,11,1
14,7|6|5|4|4|1|1,14991840864000,3|5,2,13,14,1
14,7|6|5|4|3|3,11693635873920,3,1,11,11,1
14,7|6|5|4|3|2|1,48608795688960,14,1,36,36,0
14,7|6|5|4|3|1|1|1,36751427032320,3|5,2,13,14,1
14,7|6|5|4|2|2|2,22487761296000,3,1,11,11,1
14,7|6|5|4|2|2|1|1,45104024085120,3,1,11,11,1
14,7|6|5|4|2|1|1|1|1,31482865814400,3,1,11,11,1
14,7|6|5|4|1|1|1|1|1|1,9187856758080,3,1,9,9,1
14,7|6|5|3|3|3|1,19080524736000,3|5,2,15,16,1
14,7|6|5|3|3|2|2,25186292651520,3|5,2,15,16,1
14,7|6|5|3|3|2|1|1,47729126016000,3|5,2,17,18,1
14,7|6|5|3|3|1|1|1|1,26985313555200,3|5,2,13,14,1
14,7|6|5|3|2|2|2|1,36177185984940,0,1,4,4,0
14,7|6|5|3|2|2|1|1|1,42931180656000,3,1,11,11,1
14,7|6|5|3|2|1|1|1|1|1,25123045822875,0,1,0,0,0
14,7|6|5|3|1|1|1|1|1|1|1,6984434096640,3|5,2,15,16,1
14,7|6|5|2|2|2|2|2,7196083614720,3|5,2,17,18,1
14,7|6|5|2|2|2|2|1|1,16191188133120,3,1,13,13,1
14,7|6|5|2|2|2|1|1|1|1,14915351880000,3,1,9,9,1
14,7|6|5|2|2|1|1|1|1|1|1,8148506446080,3|5,2,13,14,1
14,7|6|5|2|1|1|1|1|1|1|1|1,2625101930880,3|5,2,11,12,1
14,7|6|5|1|1|1|1|1|1|1|1|1|1,398235277440,3,1,11,11,1
14,7|6|4|4|4|3,5115965694840,0|2,2,6,11,0
14,7|6|4|4|4|2|1,17036182800000,3,1,11,11,1
14,7|6|4|4|4|1|1|1,11963355153750,0,1,2,2,0
14,7|6|4|4|3|3|1,19871003617920,3,1,11,11,1
14,7|6|4|4|3|2|2,24782430816000,3,1,13,13,1
14,7|6|4|4|3|2|1|1,46403316960000,3,1,13,13,1
14,7|6|4|4|3|1|1|1|1,25443295637760,3,1,13,13,1
14,7|6|4|4|2|2|2|1,28712052369000,0|2,2,6,11,0
14,7|6|4|4|2|2|1|1|1,33581723535360,3|5|7|9,4,19,23,1
14,7|6|4|4|2|1|1|1|1|1,19028260160910,0|2,2,2,6,0
14,7|6|4|4|1|1|1|1|1|1|1,4913292384000,3,1,13,13,1
14,7|6|4|3|3|3|2,15938200818540,0,1,4,4,0
14,7|6|4|3|3|3|1|1,24361741404000,0|4,2,10,12,0
14,7|6|4|3|3|2|2|1,41017217670000,0,1,8,8,0
14,7|6|4|3|3|2|1|1|1,44975522592000,3,1,13,13,1
14,7|6|4|3|3|1|1|1|1|1,20555219309625,0,1,0,0,0
14,7|6|4|3|2|2|2|2,17568563512500,0,1,4,4,0
14,7|6|4|3|2|2|2|1|1,38960046445320,0|2,2,6,11,0
14,7|6|4|3|2|2|1|1|1|1,34604746312500,0|2,2,4,8,0
14,7|6|4|3|2|1|1|1|1|1|1,17379236404530,0,1,2,2,0
14,7|6|4|3|1|1|1|1|1|1|1|1,4392140878125,0,1,0,0,0
14,7|6|4|2|2|2|2|2|1,11209284092160,3,1,13,13,1
14,7|6|4|2|2|2|2|1|1|1,15101793778500,0|2,2,4,9,0
14,7|6|4|2|2|2|1|1|1|1|1,11464348896000,3,1,13,13,1
14,7|6|4|2|2|1|1|1|1|1|1|1,5565720920760,0|4,2,6,8,0
14,7|6|4|2|1|1|1|1|1|1|1|1|1,1662392160000,3,1,13,13,1
14,7|6|4|1|1|1|1|1|1|1|1|1|1|1,243617414040,0|2,2,6,11,0
14,7|6|3|3|3|3|3,2289662968320,3,1,15,15,1
14,7|6|3|3|3|3|2|1,12059061994980,0,1,4,4,0
14,7|6|3|3|3|3|1|1|1,10494288604800,3,1,11,11,1
14,7|6|3|3|3|2|2|2,9178678080000,3|5,2,15,16,1
14,7|6|3|3|3|2|2|1|1,19789229940480,3,1,13,13,1
14,7|6|3|3|3|2|1|1|1|1,16241160936000,3,1,9,9,1
14,7|6|3|3|3|1|1|1|1|1|1,6420035381760,3|5,2,15,16,1
14,7|6|3|3|2|2|2|2|1,12108794544000,3,1,11,11,1
14,7|6|3|3|2|2|2|1|1|1,16078749326640,0|2|4|6,4,8,15,0
14,7|6|3|3|2|2|1|1|1|1|1,11818701498240,3,1,11,11,1
14,7|6|3|3|2|1|1|1|1|1|1|1,5329130932125,0,1,0,0,0
14,7|6|3|3|1|1|1|1|1|1|1|1|1,1276395120000,3,1,11,11,1
14,7|6|3|2|2|2|2|2|2,2827032848640,3,1,13,13,1
14,7|6|3|2|2|2|2|2|1|1,6691256320320,3,1,9,9,1
14,7|6|3|2|2|2|2|1|1|1|1,6878609337600,3,1,13,13,1
14,7|6|3|2|2|2|1|1|1|1|1|1,4547525062080,3,1,9,9,1
14,7|6|3|2|2|1|1|1|1|1|1|1|1,2030164456320,3,1,11,11,1
14,7|6|3|2|1|1|1|1|1|1|1|1|1|1,583355984640,3,1,13,13,1
14,7|6|3|1|1|1|1|1|1|1|1|1|1|1|1,87922074240,3,1,11,11,1
14,7|6|2|2|2|2|2|2|2|1,1025430441750,0,1,2,2,0
14,7|6|2|2|2|2|2|2|1|1|1,1481546626560,3|5,2,15,16,1
14,7|6|2|2|2|2|2|1|1|1|1|1,1278991423710,0,1,2,2,0
14,7|6|2|2|2|2|1|1|1|1|1|1|1,767946816000,3,1,15,15,1
14,7|6|2|2|2|1|1|1|1|1|1|1|1|1,327946518900,0,1,4,4,0
14,7|6|2|2|1|1|1|1|1|1|1|1|1|1|1,96617664000,3|5,2,15,16,1
14,7|6|2|1|1|1|1|1|1|1|1|1|1|1|1|1,17887991940,0,1,4,4,0
14,7|6|1|1|1|1|1|1|1|1|1|1|1|1|1|1|1,1596291840,3,1,13,13,1
14,7|5|5|5|5|1,957068412300,0,1,4,4,0
14,7|5|5|5|4|2,4567826513250,0,1,2,2,0
14,7|5|5|5|4|1|1,5771858732640,0|2|4|6,4,10,14,0
14,7|5|5|5|3|3,3728837970000,0|4,2,8,10,0
14,7|5|5|5|3|2|1,14991840864000,3|5,2,13,14,1
14,7|5|5|5|3|1|1|1,11136796070400,0|2|8|10,4,18,25,0
14,7|5|5|5|2|2|2,6441806621250,0,1,2,2,0
14,7|5|5|5|2|2|1|1,12813643206000,0|4,2,8,10,0
14,7|5|5|5|2|1|1|1|1,8770226905440,0|4,2,10,12,0
14,7|5|5|5|1|1|1|1|1|1,2459598891750,0,1,2,2,0
14,7|5|5|4|4|3,4933252634310,0,1,2,2,0
14,7|5|5|4|4|2|1,16191188133120,3|5,2,13,14,1
14,7|5|5|4|4|1|1|1,11276006021280,0|2|4|6,4,10,14,0
14,7|5|5|4|3|3|1,17843350187520,3|5,2,15,16,1
14,7|5|5|4|3|2|2,21988033267200,3|5,2,15,16,1
14,7|5|5|4|3|2|1|1,41003658259200,3|5,2,13,14,1
14,7|5|5|4|3|1|1|1|1,22273592140800,3|5,2,17,18,1
14,7|5|5|4|2|2|2|1,24666263171550,0,1,2,2,0
14,7|5|5|4|2|2|1|1|1,28702560781440,3,1,11,11,1
14,7|5|5|4|2|1|1|1|1|1,16100835520770,0,1,2,2,0
14,7|5|5|4|1|1|1|1|1|1|1,4081812134400,3|5,2,15,16,1
14,7|5|5|3|3|3|2,11543717465280,0|2|4|6,4,12,16,0
14,7|5|5|3|3|3|1|1,17572996396800,0|2|8|10,4,16,23,0
14,7|5|5|3|3|2|2|1,29234089684800,0|2|4|6,4,12,16,0
14,7|5|5|3|3|2|1|1|1,31891734201600,3|5,2,13,14,1
14,7|5|5|3|3|1|1|1|1|1,14429646831600,0|2|4|6,4,8,12,0
14,7|5|5|3|2|2|2|2,12143391099840,0|2|4|6,4,12,16,0
14,7|5|5|3|2|2|2|1|1,26858819897910,0,1,2,2,0
14,7|5|5|3|2|2|1|1|1|1,23717560741875,0,1,0,0,0
14,7|5|5|3|2|1|1|1|1|1|1,11786232538080,0|2|4|6,4,10,14,0
14,7|5|5|3|1|1|1|1|1|1|1|1,2923408968480,0|2|4|6,4,10,14,0
14,7|5|5|2|2|2|2|2|1,7196083614720,3|5,2,17,18,1
14,7|5|5|2|2|2|2|1|1|1,9662709931875,0,1,0,0,0
14,7|5|5|2|2|2|1|1|1|1|1,7288950240000,3|5,2,13,14,1
14,7|5|5|2|2|1|1|1|1|1|1|1,3500135907840,0|2|8|10,4,18,25,0
14,7|5|5|2|1|1|1|1|1|1|1|1|1,1025757532800,3|5,2,11,12,1
14,7|5|5|1|1|1|1|1|1|1|1|1|1|1,145095665715,0,1,0,0,0
14,7|5|4|4|4|4,1218087070200,0,1,6,6,0
14,7|5|4|4|4|3|1,10245986240490,0,1,2,2,0
14,7|5|4|4|4|2|2,10306890594000,0|4,2,8,10,0
14,7|5|4|4|4|2|1|1,18686563008750,0,1,2,2,0
14,7|5|4|4|4|1|1|1|1,9379270440540,0,1,4,4,0
14,7|5|4|4|3|3|2,15334129067400,0,1,6,6,0
14,7|5|4|4|3|3|1|1,23064557770800,0|4,2,8,10,0
14,7|5|4|4|3|2|2|1,36252591375000,0,1,6,6,0
14,7|5|4|4|3|2|1|1|1,38978786246400,3,1,13,13,1
14,7|5|4|4|3|1|1|1|1|1,17076643734150,0,1,2,2,0
14,7|5|4|4|2|2|2|2,12197602667250,0,1,2,2,0
14,7|5|4|4|2|2|2|1|1,26797915544400,0|2,2,8,13,0
14,7|5|4|4|2|2|1|1|1|1,23286332364750,0|2,2,2,6,0
14,7|5|4|4|2|1|1|1|1|1|1,11193094212300,0,1,4,4,0
14,7|5|4|4|1|1|1|1|1|1|1|1,2576722648500,0,1,4,4,0
14,7|5|4|3|3|3|3,4919197783500,0,1,4,4,0
14,7|5|4|3|3|3|2|1,25455533875200,5|7,2,21,22,1
14,7|5|4|3|3|3|1|1|1,21925567263600,0|4,2,8,10,0
14,7|5|4|3|3|2|2|2,18739801080000,0|2|4|6,4,12,16,0
14,7|5|4|3|3|2|2|1|1,40196873316600,0,1,6,6,0
14,7|5|4|3|3|2|1|1|1|1,32608318640625,0,1,0,0,0
14,7|5|4|3|3|1|1|1|1|1|1,12610783785600,0|2|4|6,4,14,18,0
14,7|5|4|3|2|2|2|2|1,22726693759770,0,1,2,2,0
14,7|5|4|3|2|2|2|1|1|1,29983681728000,5,1,13,13,1
14,7|5|4|3|2|2|1|1|1|1|1,21764349857250,0,1,2,2,0
14,7|5|4|3|2|1|1|1|1|1|1|1,9594778152960,5|7,2,19,20,1
14,7|5|4|3|1|1|1|1|1|1|1|1|1,2203775949375,0,1,0,0,0
14,7|5|4|2|2|2|2|2|2,4176298526400,0|4,2,12,14,0
14,7|5|4|2|2|2|2|2|1|1,9851909846625,0,1,0,0,0
14,7|5|4|2|2|2|2|1|1|1|1,10053239625000,0,1,6,6,0
14,7|5|4|2|2|2|1|1|1|1|1|1,6558930378000,0|4,2,8,10,0
14,7|5|4|2|2|1|1|1|1|1|1|1|1,2861392505400,0|4,2,6,8,0
14,7|5|4|2|1|1|1|1|1|1|1|1|1|1,788173986600,0,1,6,6,0
14,7|5|4|1|1|1|1|1|1|1|1|1|1|1|1,108757774125,0,1,0,0,0
14,7|5|3|3|3|3|3|1,4484775122100,0,1,4,4,0
14,7|5|3|3|3|3|2|2,6691256320320,0|2|4|6,4,12,16,0
14,7|5|3|3|3|3|2|1|1,13398957772200,0,1,6,6,0
14,7|5|3|3|3|3|1|1|1|1,8538321867075,0,1,0,0,0
14,7|5|3|3|3|2|2|2|1,13192819960320,3|5,2,15,16,1
14,7|5|3|3|3|2|2|1|1|1,16834587970200,0|4,2,6,8,0
14,7|5|3|3|3|2|1|1|1|1|1,11255906188800,3|5,2,15,16,1
14,7|5|3|3|3|1|1|1|1|1|1|1,3897878624640,0|2|4|6,4,14,18,0
14,7|5|3|3|2|2|2|2|2,4933252634310,0,1,2,2,0
14,7|5|3|3|2|2|2|2|1|1,11559574220040,0|4,2,6,8,0
14,7|5|3|3|2|2|2|1|1|1|1,11607653257200,0|4,2,8,10,0
14,7|5|3|3|2|2|1|1|1|1|1|1,7325132699430,0,1,2,2,0
14,7|5|3|3|2|1|1|1|1|1|1|1|1,2965943385405,0,1,0,0,0
14,7|5|3|3|1|1|1|1|1|1|1|1|1|1,654790696560,0|4,2,8,10,0
14,7|5|3|2|2|2|2|2|2|1,3659280800175,0,1,0,0,0
14,7|5|3|2|2|2|2|2|1|1|1,5248044172800,3|5,2,15,16,1
14,7|5|3|2|2|2|2|1|1|1|1|1,4466319257400,0,1,6,6,0
14,7|5|3|2|2|2|1|1|1|1|1|1|1,2614605739200,3,1,9,9,1
14,7|5|3|2|2|1|1|1|1|1|1|1|1|1,1066008972600,0,1,6,6,0
14,7|5|3|2|1|1|1|1|1|1|1|1|1|1|1,285558873600,3|5,2,15,16,1
14,7|5|3|1|1|1|1|1|1|1|1|1|1|1|1|1,40853214675,0,1,0,0,0
14,7|5|2|2|2|2|2|2|2|2,386508397275,0,1,0,0,0
14,7|5|2|2|2|2|2|2|2|1|1,947563531200,0|2|4|6,4,12,16,0
14,7|5|2|2|2|2|2|2|1|1|1|1,1049428860480,0|2|4|6,4,12,16,0
14,7|5|2|2|2|2|2|1|1|1|1|1|1,785345611050,0,1,2,2,0
14,7|5|2|2|2|2|1|1|1|1|1|1|1|1,426155102100,0,1,4,4,0
14,7|5|2|2|2|1|1|1|1|1|1|1|1|1|1,168275764800,0|2|4|6,4,12,16,0
14,7|5|2|2|1|1|1|1|1|1|1|1|1|1|1|1,46625342400,0|2|4|6,4,12,16,0
14,7|5|2|1|1|1|1|1|1|1|1|1|1|1|1|1|1,8249586345,0,1,0,0,0
14,7|5|1|1|1|1|1|1|1|1|1|1|1|1|1|1|1|1,717084225,0,1,0,0,0
14,7|4|4|4|4|4|1,1199347269120,3|5,2,15,16,1
14,7|4|4|4|4|3|2,3865083972750,0,1,2,2,0
14,7|4|4|4|4|3|1|1,5638003010640,0|4,2,8,10,0
14,7|4|4|4|4|2|2|1,7178013092250,0,1,2,2,0
14,7|4|4|4|4|2|1|1|1,7441404647040,3,1,11,11,1
14,7|4|4|4|4|1|1|1|1|1,2984313321990,0,1,2,2,0
14,7|4|4|4|3|3|3,2294669520000,3,1,11,11,1
14,7|4|4|4|3|3|2|1,11484820947600,0|4,2,8,10,0
14,7|4|4|4|3|3|1|1|1,9719385661440,3|11,2,23,29,1
14,7|4|4|4|3|2|2|2,7852869024000,3|5,2,13,14,1
14,7|4|4|4|3|2|2|1|1,16705194105600,3,1,13,13,1
14,7|4|4|4|3|2|1|1|1|1,13288222584000,3,1,9,9,1
14,7|4|4|4|3|1|1|1|1|1|1,4938488755200,3|5,2,17,18,1
14,7|4|4|4|2|2|2|2|1,7495920432000,3,1,11,11,1
14,7|4|4|4|2|2|2|1|1|1,9788199671250,0|2,2,2,6,0
14,7|4|4|4|2|2|1|1|1|1|1,6957634320000,3,1,11,11,1
14,7|4|4|4|2|1|1|1|1|1|1|1,2944825884000,0|4,2,10,12,0
14,7|4|4|4|1|1|1|1|1|1|1|1|1,619963344000,3,1,11,11,1
14,7|4|4|3|3|3|3|1,4474605564000,0|4,2,10,12,0
14,7|4|4|3|3|3|2|2,6596409980160,0|2|8|10,4,16,23,0
14,7|4|4|3|3|3|2|1|1,13155340358160,0|4,2,8,10,0
14,7|4|4|3|3|3|1|1|1|1,8305139115000,0|4,2,6,8,0
14,7|4|4|3|3|2|2|2|1,12593146325760,3|5,2,13,14,1
14,7|4|4|3|3|2|2|1|1|1,15987392796375,0,1,0,0,0
14,7|4|4|3|3|2|1|1|1|1|1,10582475904000,3|5,2,17,18,1
14,7|4|4|3|3|1|1|1|1|1|1|1,3598041807360,0|2|8|10,4,18,25,0
14,7|4|4|3|2|2|2|2|2,4385113452720,0|4,2,8,10,0
14,7|4|4|3|2|2|2|2|1|1,10248328715625,0,1,0,0,0
14,7|4|4|3|2|2|2|1|1|1|1,10231104633750,0,1,2,2,0
14,7|4|4|3|2|2|1|1|1|1|1|1,6388568550000,0|4,2,8,10,0
14,7|4|4|3|2|1|1|1|1|1|1|1|1,2538749893680,0|4,2,8,10,0
14,7|4|4|3|1|1|1|1|1|1|1|1|1|1,541111756185,0,1,0,0,0
14,7|4|4|2|2|2|2|2|2|1,2610186579000,0|4,2,6,8,0
14,7|4|4|2|2|2|2|2|1|1|1,3731001120000,3|5,2,13,14,1
14,7|4|4|2|2|2|2|1|1|1|1|1,3155170590000,0|4,2,8,10,0
14,7|4|4|2|2|2|1|1|1|1|1|1|1,1826952192000,3|11,2,23,29,1
14,7|4|4|2|2|1|1|1|1|1|1|1|1|1,730852242120,0|4,2,6,8,0
14,7|4|4|2|1|1|1|1|1|1|1|1|1|1|1,188972784000,3|5,2,11,12,1
14,7|4|4|1|1|1|1|1|1|1|1|1|1|1|1|1,25053210000,0|4,2,8,10,0
14,7|4|3|3|3|3|3|2,1982594465280,3|5,2,15,16,1
14,7|4|3|3|3|3|3|1|1,3189173420160,3,1,11,11,1
14,7|4|3|3|3|3|2|2|1,5996736345600,3|5,2,15,16,1
14,7|4|3|3|3|3|2|1|1|1,7034452830405,0,1,0,0,0
14,7|4|3|3|3|3|1|1|1|1|1,3636523537920,3|5,2,15,16,1
14,7|4|3|3|3|2|2|2|2,3341038821120,3|5,2,13,14,1
14,7|4|3|3|3|2|2|2|1|1,7695811643520,3|5,2,11,12,1
14,7|4|3|3|3|2|2|1|1|1|1,7407733132800,3|5,2,15,16,1
14,7|4|3|3|3|2|1|1|1|1|1|1,4252231226880,3|5,2,15,16,1
14,7|4|3|3|3|1|1|1|1|1|1|1|1,1325594350080,3|5,2,15,16,1
14,7|4|3|3|2|2|2|2|2|1,3876127069815,0,1,0,0,0
14,7|4|3|3|2|2|2|2|1|1|1,5494747104000,3|5,2,13,14,1
14,7|4|3|3|2|2|2|1|1|1|1|1,4567826513250,0,1,2,2,0
14,7|4|3|3|2|2|1|1|1|1|1|1|1,2556503389440,3,1,13,13,1
14,7|4|3|3|2|1|1|1|1|1|1|1|1|1,948702429675,0,1,0,0,0
14,7|4|3|3|1|1|1|1|1|1|1|1|1|1|1,196531695360,3|5,2,13,14,1
14,7|4|3|2|2|2|2|2|2|2,835259705280,3,1,9,9,1
14,7|4|3|2|2|2|2|2|2|1|1,2040906067200,3|5,2,13,14,1
14,7|4|3|2|2|2|2|2|1|1|1|1,2243676864000,3|5,2,15,16,1
14,7|4|3|2|2|2|2|1|1|1|1|1|1,1656992937600,3,1,11,11,1
14,7|4|3|2|2|2|1|1|1|1|1|1|1|1,878649819840,3,1,9,9,1
14,7|4|3|2|2|1|1|1|1|1|1|1|1|1|1,332592099840,3|5,2,15,16,1
14,7|4|3|2|1|1|1|1|1|1|1|1|1|1|1|1,84369667200,3|5,2,11,12,1
14,7|4|3|1|1|1|1|1|1|1|1|1|1|1|1|1|1,11675664000,3,1,11,11,1
14,7|4|2|2|2|2|2|2|2|2|1,317474277120,3|5,2,13,14,1
14,7|4|2|2|2|2|2|2|2|1|1|1,477291260160,0|2|8|10,4,16,23,0
14,7|4|2|2|2|2|2|2|1|1|1|1|1,441864783360,3|5,2,15,16,1
14,7|4|2|2|2|2|2|1|1|1|1|1|1|1,295151867010,0,1,2,2,0
14,7|4|2|2|2|2|1|1|1|1|1|1|1|1|1,147251520000,3|5,2,15,16,1
14,7|4|2|2|2|1|1|1|1|1|1|1|1|1|1|1,54515784960,0|2|8|10,4,16,23,0
14,7|4|2|2|1|1|1|1|1|1|1|1|1|1|1|1|1,14408634240,3|5,2,11,12,1
14,7|4|2|1|1|1|1|1|1|1|1|1|1|1|1|1|1|1,2480267790,0,1,2,2,0
14,7|4|1|1|1|1|1|1|1|1|1|1|1|1|1|1|1|1|1,215968896,3|5,2,11,12,1
14,7|3|3|3|3|3|3|3,157758529500,0,1,4,4,0
14,7|3|3|3|3|3|3|2|1,899510451840,3,1,11,11,1
14,7|3|3|3|3|3|3|1|1|1,830513911500,0|2,2,4,9,0
14,7|3|3|3|3|3|2|2|2,765654729840,0|4,2,8,10,0
14,7|3|3|3|3|3|2|2|1|1,1707664373415,0,1,0,0,0
14,7|3|3|3|3|3|2|1|1|1|1,1504695792600,0,1,6,6,0
14,7|3|3|3|3|3|1|1|1|1|1|1,667818365760,0|4,2,12,14,0
14,7|3|3|3|3|2|2|2|2|1,1268840698125,0,1,0,0,0
14,7|3|3|3|3|2|2|2|1|1|1,1763745984000,3|5,2,15,16,1
14,7|3|3|3|3|2|2|1|1|1|1|1,1405485081000,0,1,6,6,0
14,7|3|3|3|3|2|1|1|1|1|1|1|1,717312960000,3,1,15,15,1
14,7|3|3|3|3|1|1|1|1|1|1|1|1|1,206137811880,0,1,6,6,0
14,7|3|3|3|2|2|2|2|2|2,426330474570,0|2,2,2,6,0
14,7|3|3|3|2|2|2|2|2|1|1,1036397612250,0,1,2,2,0
14,7|3|3|3|2|2|2|2|1|1|1|1,1126189968750,0,1,2,2,0
14,7|3|3|3|2|2|2|1|1|1|1|1|1,813701889000,0|2,2,6,11,0
14,7|3|3|3|2|2|1|1|1|1|1|1|1|1,413979242040,0|2,2,6,11,0
14,7|3|3|3|2|1|1|1|1|1|1|1|1|1|1,143560261845,0,1,0,0,0
14,7|3|3|3|1|1|1|1|1|1|1|1|1|1|1|1,28498026375,0,1,0,0,0
14,7|3|3|2|2|2|2|2|2|2|1,327552825600,3,1,13,13,1
14,7|3|3|2|2|2|2|2|2|1|1|1,490804314000,0|4,2,8,10,0
14,7|3|3|2|2|2|2|2|1|1|1|1|1,451501776000,3,1,11,11,1
14,7|3|3|2|2|2|2|1|1|1|1|1|1|1,298307037600,0|2,2,10,14,0
14,7|3|3|2|2|2|1|1|1|1|1|1|1|1|1,146024424000,3,1,9,9,1
14,7|3|3|2|2|1|1|1|1|1|1|1|1|1|1|1,52182257400,0|4,2,6,8,0
14,7|3|3|2|1|1|1|1|1|1|1|1|1|1|1|1|1,12780768000,3,1,13,13,1
14,7|3|3|1|1|1|1|1|1|1|1|1|1|1|1|1|1|1,1761259500,0|2,2,4,8,0
14,7|3|2|2|2|2|2|2|2|2|2,44782612875,0,1,0,0,0
14,7|3|2|2|2|2|2|2|2|2|1|1,112438806480,0|4,2,8,10,0
14,7|3|2|2|2|2|2|2|2|1|1|1|1,130836420000,0|4,2,10,12,0
14,7|3|2|2|2|2|2|2|1|1|1|1|1|1,105951952260,0,1,4,4,0
14,7|3|2|2|2|2|2|1|1|1|1|1|1|1|1,64537580250,0,1,2,2,0
14,7|3|2|2|2|2|1|1|1|1|1|1|1|1|1|1,30063852000,0|4,2,10,12,0
14,7|3|2|2|2|1|1|1|1|1|1|1|1|1|1|1|1,10592061480,0|4,2,6,8,0
14,7|3|2|2|1|1|1|1|1|1|1|1|1|1|1|1|1|1,2719591875,0,1,0,0,0
14,7|3|2|1|1|1|1|1|1|1|1|1|1|1|1|1|1|1|1,468495027,0,1,0,0,0
14,7|3|1|1|1|1|1|1|1|1|1|1|1|1|1|1|1|1|1|1,43263000,0|4,2,6,8,0
14,7|2|2|2|2|2|2|2|2|2|2|1,10150725585,0,1,0,0,0
14,7|2|2|2|2|2|2|2|2|2|1|1|1,15780885120,3,1,11,11,1
14,7|2|2|2|2|2|2|2|2|1|1|1|1|1,15489019260,0,1,4,4,0
14,7|2|2|2|2|2|2|2|1|1|1|1|1|1|1,11296834560,3|5,2,17,18,1
14,7|2|2|2|2|2|2|1|1|1|1|1|1|1|1|1,6388568550,0,1,2,2,0
14,7|2|2|2|2|2|1|1|1|1|1|1|1|1|1|1|1,2823387840,3,1,9,9,1
14,7|2|2|2|2|1|1|1|1|1|1|1|1|1|1|1|1|1,964548585,0,1,0,0,0
14,7|2|2|2|1|1|1|1|1|1|1|1|1|1|1|1|1|1|1,247543296,3|5,2,15,16,1
14,7|2|2|1|1|1|1|1|1|1|1|1|1|1|1|1|1|1|1|1,45187065,0,1,0,0,0
14,7|2|1|1|1|1|1|1|1|1|1|1|1|1|1|1|1|1|1|1|1,5262400,3,1,9,9,1
14,7|1|1|1|1|1|1|1|1|1|1|1|1|1|1|1|1|1|1|1|1|1,296010,0,1,2,2,0
14,6|6|6|6|4,205086088350,0,1,2,2,0
14,6|6|6|6|3|1,913565302650,0,1,2,2,0
14,6|6|6|6|2|2,730852242120,0|2,2,6,11,0
14,6|6|6|6|2|1|1,1218087070200,0,1,6,6,0
14,6|6|6|6|1|1|1|1,505974629160,0,1,6,6,0
14,6|6|6|5|5,191413682460,0|2,2,4,8,0
14,6|6|6|5|4|1,1909165040640,5,1,15,15,1
14,6|6|6|5|3|2,3654261210600,0|2,2,6,11,0
14,6|6|6|5|3|1|1,4933252634310,0,1,2,2,0
14,6|6|6|5|2|2|1,5115965694840,0|2,2,6,11,0
14,6|6|6|5|2|1|1|1,4797389076480,5,1,17,17,1
14,6|6|6|5|1|1|1|1|1,1590205977360,0|2,2,8,12,0
14,6|6|6|4|4|2,2923408968480,0|2|4|6,4,10,17,0
14,6|6|6|4|4|1|1,3728837970000,0|4,2,8,10,0
14,6|6|6|4|3|3,2842203163800,0|2,2,6,10,0
14,6|6|6|4|3|2|1,11693635873920,3,1,11,11,1
14,6|6|6|4|3|1|1|1,8784281756250,0,1,2,2,0
14,6|6|6|4|2|2|2,5315289033600,0|2|4|6,4,14,21,0
14,6|6|6|4|2|2|1|1,10625467212360,0|2,2,6,11,0
14,6|6|6|4|2|1|1|1|1,7362064710000,0|2,2,8,13,0
14,6|6|6|4|1|1|1|1|1|1,2120274636480,0|2|4|6,4,12,21,0
14,6|6|6|3|3|3|1,4263304745700,0,1,4,4,0
14,6|6|6|3|3|2|2,5581053485280,0|4,2,10,12,0
14,6|6|6|3|3|2|1|1,10541138107500,0,1,4,4,0
14,6|6|6|3|3|1|1|1|1,5915944856250,0,1,2,2,0
14,6|6|6|3|2|2|2|1,7850273034240,5,1,19,19,1
14,6|6|6|3|2|2|1|1|1,9276201534600,0|2,2,6,11,0
14,6|6|6|3|2|1|1|1|1|1,5384824473600,5,1,17,17,1
14,6|6|6|3|1|1|1|1|1|1|1,1476619836120,0|4,2,6,8,0
14,6|6|6|2|2|2|2|2,1502591322960,0,1,8,8,0
14,6|6|6|2|2|2|2|1|1,3373164194400,0|2,2,10,14,0
14,6|6|6|2|2|2|1|1|1|1,3092067178200,0|2,2,6,11,0
14,6|6|6|2|2|1|1|1|1|1|1,1674869721525,0,1,0,0,0
14,6|6|6|2|1|1|1|1|1|1|1|1,532017440955,0,1,0,0,0
14,6|6|6|1|1|1|1|1|1|1|1|1|1,78817398660,0|2,2,4,9,0
14,6|6|5|5|5|1,783055973700,0|2,2,4,8,0
14,6|6|5|5|4|2,3624430506840,0|2,2,6,10,0
14,6|6|5|5|4|1|1,4567826513250,0,1,2,2,0
14,6|6|5|5|3|3,2923408968480,0|2|4|6,4,10,17,0
14,6|6|5|5|3|2|1,11693635873920,3,1,11,11,1
14,6|6|5|5|3|1|1|1,8657788098960,0|4,2,8,10,0
14,6|6|5|5|2|2|2,4983083469000,0|2,2,6,11,0
14,6|6|5|5|2|2|1|1,9894614970240,0|2|4|6,4,14,21,0
14,6|6|5|5|2|1|1|1|1,6746328388800,0|2|4|6,4,12,23,0
14,6|6|5|5|1|1|1|1|1|1,1879334336880,0|2,2,8,13,0
14,6|6|5|4|4|3,3654261210600,0|2,2,6,11,0
14,6|6|5|4|4|2|1,11932281504000,3,1,13,13,1
14,6|6|5|4|4|1|1|1,8282322798750,0,1,2,2,0
14,6|6|5|4|3|3|1,12992928748800,3,1,13,13,1
14,6|6|5|4|3|2|2,15945867100800,3,1,11,11,1
14,6|6|5|4|3|2|1|1,29683844910720,3,1,11,11,1
14,6|6|5|4|3|1|1|1|1,16062686640000,3,1,11,11,1
14,6|6|5|4|2|2|2|1,17709112020600,0|2,2,6,11,0
14,6|6|5|4|2|2|1|1|1,20560238899200,3|5|7|9,4,21,25,1
14,6|6|5|4|2|1|1|1|1|1,11484820947600,0|2,2,8,12,0
14,6|6|5|4|1|1|1|1|1|1|1,2891283595200,3,1,9,9,1
14,6|6|5|3|3|3|2,8139036332700,0,1,4,4,0
14,6|6|5|3|3|3|1|1,12368268712800,0|4,2,10,12,0
14,6|6|5|3|3|2|2|1,20491972480980,0,1,4,4,0
14,6|6|5|3|3|2|1|1|1,22304187734400,3,1,11,11,1
14,6|6|5|3|3|1|1|1|1|1,10049218329150,0,1,2,2,0
14,6|6|5|3|2|2|2|2,8432910486000,0,1,8,8,0
14,6|6|5|3|2|2|2|1|1,18629065891800,0|2,2,6,11,0
14,6|6|5|3|2|2|1|1|1|1,16406887068000,0|2,2,10,14,0
14,6|6|5|3|2|1|1|1|1|1|1,8116676342775,0,1,0,0,0
14,6|6|5|3|1|1|1|1|1|1|1|1,1998766823625,0,1,0,0,0
14,6|6|5|2|2|2|2|2|1,4906420646400,3,1,15,15,1
14,6|6|5|2|2|2|2|1|1|1,6577670179080,0|2,2,6,11,0
14,6|6|5|2|2|2|1|1|1|1|1,4947307485120,3,1,9,9,1
14,6|6|5|2|2|1|1|1|1|1|1|1,2364521959800,0|4,2,6,8,0
14,6|6|5|2|1|1|1|1|1|1|1|1|1,687860933760,3,1,11,11,1
14,6|6|5|1|1|1|1|1|1|1|1|1|1|1,96164768700,0|2,2,4,9,0
14,6|6|4|4|4|4,730852242120,0|2,2,6,11,0
14,6|6|4|4|4|3|1,6090435351000,0|2,2,6,11,0
14,6|6|4|4|4|2|2,6101734860000,0|2|4|6,4,10,17,0
14,6|6|4|4|4|2|1|1,11043097065000,0|2,2,6,10,0
14,6|6|4|4|4|1|1|1|1,5521548532500,0|2,2,4,8,0
14,6|6|4|4|3|3|2,8969550244200,0|2,2,6,10,0
14,6|6|4|4|3|3|1|1,13467670376160,0|2|4|6,4,10,17,0
14,6|6|4|4|3|2|2|1,21082276215000,0|2,2,6,11,0
14,6|6|4|4|3|2|1|1|1,22616262789120,3|5|7|9,4,19,23,1
14,6|6|4|4|3|1|1|1|1|1,9866505268620,0|2,2,4,8,0
14,6|6|4|4|2|2|2|2,7027425405000,0|2,2,6,11,0
14,6|6|4|4|2|2|2|1|1,15420179174400,0|4|8|12,4,20,34,0
14,6|6|4|4|2|2|1|1|1|1,13364155284480,0|4|8|12,4,20,34,0
14,6|6|4|4|2|1|1|1|1|1|1,6394957118550,0|2,2,2,6,0
14,6|6|4|4|1|1|1|1|1|1|1|1,1461586376250,0|2,2,2,6,0
14,6|6|4|3|3|3|3,2790526742640,0|2,2,8,12,0
14,6|6|4|3|3|3|2|1,14392167229440,5,1,17,17,1
14,6|6|4|3|3|3|1|1|1,12368268712800,0|2|4|6,4,10,17,0
14,6|6|4|3|3|2|2|2,10541138107500,0,1,4,4,0
14,6|6|4|3|3|2|2|1|1,22582990081080,0|2,2,6,11,0
14,6|6|4|3|3|2|1|1|1|1,18271306053000,0|2,2,6,10,0
14,6|6|4|3|3|1|1|1|1|1|1,7034452830405,0,1,0,0,0
14,6|6|4|3|2|2|2|2|1,12649365729000,0|2,2,6,11,0
14,6|6|4|3|2|2|2|1|1|1,16661803991040,5|7|9|11,4,25,29,1
14,6|6|4|3|2|2|1|1|1|1|1,12059061994980,0|2,2,4,8,0
14,6|6|4|3|2|1|1|1|1|1|1|1,5291237952000,5,1,13,13,1
14,6|6|4|3|1|1|1|1|1|1|1|1|1,1206388755000,0|2,2,6,10,0
14,6|6|4|2|2|2|2|2|2,2283372685440,0|2|4|6,4,14,23,0
14,6|6|4|2|2|2|2|2|1|1,5381730146520,0|2,2,6,11,0
14,6|6|4|2|2|2|2|1|1|1|1,5481391815900,0|2,2,4,9,0
14,6|6|4|2|2|2|1|1|1|1|1|1,3564971570160,0|2|4|6,4,8,15,0
14,6|6|4|2|2|1|1|1|1|1|1|1|1,1547687100960,0|2|4|6,4,10,17,0
14,6|6|4|2|1|1|1|1|1|1|1|1|1|1,423124982280,0|2,2,6,11,0
14,6|6|4|1|1|1|1|1|1|1|1|1|1|1|1,57698861220,0|2,2,4,9,0
14,6|6|3|3|3|3|3|1,2361214936080,0|2,2,8,12,0
14,6|6|3|3|3|3|2|2,3513712702500,0,1,4,4,0
14,6|6|3|3|3|3|2|1|1,7027425405000,0|2,2,6,10,0
14,6|6|3|3|3|3|1|1|1|1,4466319257400,0|2,2,6,11,0
14,6|6|3|3|3|2|2|2|1,6884008560000,3,1,11,11,1
14,6|6|3|3|3|2|2|1|1|1,8770226905440,0|2|4|6,4,10,17,0
14,6|6|3|3|3|2|1|1|1|1|1,5846817936960,3,1,9,9,1
14,6|6|3|3|3|1|1|1|1|1|1|1,2015217579375,0,1,0,0,0
14,6|6|3|3|2|2|2|2|2,2548407015000,0|2,2,6,11,0
14,6|6|3|3|2|2|2|2|1|1,5966140752000,0|2|4|6,4,14,28,0
14,6|6|3|3|2|2|2|1|1|1|1,5979700162800,0|2|4|6,4,8,15,0
14,6|6|3|3|2|2|1|1|1|1|1|1,3761739481500,0|2,2,4,9,0
14,6|6|3|3|2|1|1|1|1|1|1|1|1,1515719205000,0|2,2,6,11,0
14,6|6|3|3|1|1|1|1|1|1|1|1|1|1,332123220000,0|2|4|6,4,10,17,0
14,6|6|3|2|2|2|2|2|2|1,1855240306920,0|2,2,6,11,0
14,6|6|3|2|2|2|2|2|1|1|1,2657644516800,3,1,9,9,1
14,6|6|3|2|2|2|2|1|1|1|1|1,2257043688900,0|2,2,4,8,0
14,6|6|3|2|2|2|1|1|1|1|1|1|1,1316930334720,3|5|7|9,4,21,25,1
14,6|6|3|2|2|1|1|1|1|1|1|1|1|1,534248715000,0|2,2,6,10,0
14,6|6|3|2|1|1|1|1|1|1|1|1|1|1|1,142027966080,3,1,11,11,1
14,6|6|3|1|1|1|1|1|1|1|1|1|1|1|1|1,20078358300,0|2,2,4,9,0
14,6|6|2|2|2|2|2|2|2|2,189310235400,0|2,2,6,11,0
14,6|6|2|2|2|2|2|2|2|1|1,463810076730,0,1,2,2,0
14,6|6|2|2|2|2|2|2|1|1|1|1,512964474750,0,1,2,2,0
14,6|6|2|2|2|2|2|1|1|1|1|1|1,383013474480,0|2,2,8,12,0
14,6|6|2|2|2|2|1|1|1|1|1|1|1|1,207124117200,0|2,2,8,12,0
14,6|6|2|2|2|1|1|1|1|1|1|1|1|1|1,81370188900,0,1,4,4,0
14,6|6|2|2|1|1|1|1|1|1|1|1|1|1|1|1,22373027820,0,1,4,4,0
14,6|6|2|1|1|1|1|1|1|1|1|1|1|1|1|1|1,3911368500,0|2,2,4,9,0
14,6|6|1|1|1|1|1|1|1|1|1|1|1|1|1|1|1|1,333316620,0|2,2,4,9,0
14,6|5|5|5|5|2,783055973700,0|2,2,4,8,0
14,6|5|5|5|5|1|1,957068412300,0,1,4,4,0
14,6|5|5|5|4|3,1909165040640,5,1,15,15,1
14,6|5|5|5|4|2|1,6029530997490,0,1,2,2,0
14,6|5|5|5|4|1|1|1,4112047779840,5|7,2,19,20,1
14,6|5|5|5|3|3|1,5359583108880,0|4,2,8,10,0
14,6|5|5|5|3|2|2,6394957118550,0,1,2,2,0
14,6|5|5|5|3|2|1|1,11806074680400,0|4,2,8,10,0
14,6|5|5|5|3|1|1|1|1,6264447789600,0|4,2,10,12,0
14,6|5|5|5|2|2|2|1,6541894195200,5,1,17,17,1
14,6|5|5|5|2|2|1|1|1,7517337347520,0|2|4|6,4,12,21,0
14,6|5|5|5|2|1|1|1|1|1,4112047779840,5,1,19,19,1
14,6|5|5|5|1|1|1|1|1|1|1,993878735850,0,1,2,2,0
14,6|5|5|4|4|4,913565302650,0,1,2,2,0
14,6|5|5|4|4|3|1,7383099180600,0,1,6,6,0
14,6|5|5|4|4|2|2,7308522421200,0|4,2,8,10,0
14,6|5|5|4|4|2|1|1,13173410880630,0,1,2,2,0
14,6|5|5|4|4|1|1|1|1,6525466447500,0,1,4,4,0
14,6|5|5|4|3|3|2,10150725585000,0,1,6,6,0
14,6|5|5|4|3|3|1|1,15179238874800,0|4,2,8,10,0
14,6|5|5|4|3|2|2|1,23477989421250,0,1,2,2,0
14,6|5|5|4|3|2|1|1|1,25057791158400,3,1,11,11,1
14,6|5|5|4|3|1|1|1|1|1,10822235123700,0,1,4,4,0
14,6|5|5|4|2|2|2|2,7589619437400,0,1,6,6,0
14,6|5|5|4|2|2|2|1|1,16610278230000,0|2,2,8,13,0
14,6|5|5|4|2|2|1|1|1|1,14311853796240,0|2,2,8,12,0
14,6|5|5|4|2|1|1|1|1|1|1,6776445926250,0,1,2,2,0
14,6|5|5|4|1|1|1|1|1|1|1|1,1520049831300,0,1,4,4,0
14,6|5|5|3|3|3|3,2557982847420,0,1,4,4,0
14,6|5|5|3|3|3|2|1,13083788390400,5|7,2,19,20,1
14,6|5|5|3|3|3|1|1|1,11186513910000,0|4,2,8,10,0
14,6|5|5|3|3|2|2|2,9444859744320,0|2|4|6,4,12,16,0
14,6|5|5|3|3|2|2|1|1,20181488049450,0,1,2,2,0
14,6|5|5|3|3|2|1|1|1|1,16233352685550,0,1,2,2,0
14,6|5|5|3|3|1|1|1|1|1|1,6184134356400,0|2|4|6,4,8,12,0
14,6|5|5|3|2|2|2|2|1,10962783631800,0,1,6,6,0
14,6|5|5|3|2|2|2|1|1|1,14392167229440,5,1,17,17,1
14,6|5|5|3|2|2|1|1|1|1|1,10350537120495,0,1,0,0,0
14,6|5|5|3|2|1|1|1|1|1|1|1,4492153036800,5|7,2,21,22,1
14,6|5|5|3|1|1|1|1|1|1|1|1|1,1004921832915,0,1,0,0,0
14,6|5|5|2|2|2|2|2|2,1839907742400,0|4,2,12,14,0
14,6|5|5|2|2|2|2|2|1|1,4328894049480,0,1,6,6,0
14,6|5|5|2|2|2|2|1|1|1|1,4392140878125,0,1,0,0,0
14,6|5|5|2|2|2|1|1|1|1|1|1,2837426351760,0|4,2,8,10,0
14,6|5|5|2|2|1|1|1|1|1|1|1|1,1218087070200,0|4,2,6,8,0
14,6|5|5|2|1|1|1|1|1|1|1|1|1|1,326677376025,0,1,0,0,0
14,6|5|5|1|1|1|1|1|1|1|1|1|1|1|1,42991308360,0,1,6,6,0
14,6|5|4|4|4|4|1,2009843665830,0,1,2,2,0
14,6|5|4|4|4|3|2,6363883468800,5,1,17,17,1
14,6|5|4|4|4|3|1|1,9252107504640,5,1,15,15,1
14,6|5|4|4|4|2|2|1,11681953920000,5,1,15,15,1
14,6|5|4|4|4|2|1|1|1,12059061994980,0|2,2,4,8,0
14,6|5|4|4|4|1|1|1|1|1,4797389076480,5,1,17,17,1
14,6|5|4|4|3|3|3,3654261210600,0|2,2,6,10,0
14,6|5|4|4|3|3|2|1,18171928320000,5,1,17,17,1
14,6|5|4|4|3|3|1|1|1,15313094596800,0|2|4|6,4,12,21,0
14,6|5|4|4|3|2|2|2,12297994458750,0,1,2,2,0
14,6|5|4|4|3|2|2|1|1,26101865790000,0|2,2,8,13,0
14,6|5|4|4|3|2|1|1|1|1,20660630690700,0|2,2,4,8,0
14,6|5|4|4|3|1|1|1|1|1|1,7613044188750,0,1,2,2,0
14,6|5|4|4|2|2|2|2|1,11484820947600,0|2,2,8,13,0
14,6|5|4|4|2|2|2|1|1|1,14952901017600,5|7|9|11,4,25,29,1
14,6|5|4|4|2|2|1|1|1|1|1,10571255644950,0|2,2,2,6,0
14,6|5|4|4|2|1|1|1|1|1|1|1,4434561331200,5,1,19,19,1
14,6|5|4|4|1|1|1|1|1|1|1|1|1,920258088750,0|2,2,2,6,0
14,6|5|4|3|3|3|3|1,6541894195200,5,1,17,17,1
14,6|5|4|3|3|3|2|2,9594778152960,5|7,2,19,20,1
14,6|5|4|3|3|3|2|1|1,19091650406400,5,1,17,17,1
14,6|5|4|3|3|3|1|1|1|1,11993472691200,5,1,15,15,1
14,6|5|4|3|3|2|2|2|1,18088592992470,0,1,2,2,0
14,6|5|4|3|3|2|2|1|1|1,22896629683200,5,1,15,15,1
14,6|5|4|3|3|2|1|1|1|1|1,15073827493725,0,1,0,0,0
14,6|5|4|3|3|1|1|1|1|1|1|1,5079588433920,5|7,2,19,20,1
14,6|5|4|3|2|2|2|2|2,6168071669760,5,1,17,17,1
14,6|5|4|3|2|2|2|2|1|1,14392167229440,5,1,17,17,1
14,6|5|4|3|2|2|2|1|1|1|1,14318737804800,5,1,13,13,1
14,6|5|4|3|2|2|1|1|1|1|1|1,8889279759360,5,1,15,15,1
14,6|5|4|3|2|1|1|1|1|1|1|1|1,3500135907840,5,1,13,13,1
14,6|5|4|3|1|1|1|1|1|1|1|1|1|1,735203589120,5,1,15,15,1
14,6|5|4|2|2|2|2|2|2|1,3522558412800,5,1,17,17,1
14,6|5|4|2|2|2|2|2|1|1|1,5024609164575,0,1,0,0,0
14,6|5|4|2|2|2|2|1|1|1|1|1,4232990361600,5,1,17,17,1
14,6|5|4|2|2|2|1|1|1|1|1|1|1,2436174140400,0|2|4|6,4,8,15,0
14,6|5|4|2|2|1|1|1|1|1|1|1|1|1,965418854400,5,1,17,17,1
14,6|5|4|2|1|1|1|1|1|1|1|1|1|1|1,245959889175,0,1,0,0,0
14,6|5|4|1|1|1|1|1|1|1|1|1|1|1|1|1,31826995200,5,1,17,17,1
14,6|5|3|3|3|3|3|2,2276885831220,0,1,4,4,0
14,6|5|3|3|3|3|3|1|1,3654261210600,0|2,2,6,10,0
14,6|5|3|3|3|3|2|2|1,6836202945000,0,1,6,6,0
14,6|5|3|3|3|3|2|1|1|1,7995648460800,5,1,17,17,1
14,6|5|3|3|3|3|1|1|1|1|1,4111043861925,0,1,0,0,0
14,6|5|3|3|3|2|2|2|2,3764692181250,0,1,2,2,0
14,6|5|3|3|3|2|2|2|1|1,8657788098960,0|4,2,8,10,0
14,6|5|3|3|3|2|2|1|1|1|1,8305139115000,0|4,2,6,8,0
14,6|5|3|3|3|2|1|1|1|1|1|1,4739791746690,0,1,2,2,0
14,6|5|3|3|3|1|1|1|1|1|1|1|1,1464046959375,0,1,0,0,0
14,6|5|3|3|2|2|2|2|2|1,4270203463680,5,1,17,17,1
14,6|5|3|3|2|2|2|2|1|1|1,6040717511400,0|4,2,6,8,0
14,6|5|3|3|2|2|2|1|1|1|1|1,5002624972800,5,1,17,17,1
14,6|5|3|3|2|2|1|1|1|1|1|1|1,2782860460380,0|2,2,4,9,0
14,6|5|3|3|2|1|1|1|1|1|1|1|1|1,1023010560000,5,1,17,17,1
14,6|5|3|3|1|1|1|1|1|1|1|1|1|1|1,208814926320,0|4,2,8,10,0
14,6|5|3|2|2|2|2|2|2|2,883447765200,0|2,2,8,13,0
14,6|5|3|2|2|2|2|2|2|1|1,2156141885625,0,1,0,0,0
14,6|5|3|2|2|2|2|2|1|1|1|1,2364521959800,0,1,6,6,0
14,6|5|3|2|2|2|2|1|1|1|1|1|1,1739110327500,0|2,2,4,8,0
14,6|5|3|2|2|2|1|1|1|1|1|1|1|1,916393678200,0|2,2,6,10,0
14,6|5|3|2|2|1|1|1|1|1|1|1|1|1|1,343563019800,0,1,6,6,0
14,6|5|3|2|1|1|1|1|1|1|1|1|1|1|1|1,85861400625,0,1,0,0,0
14,6|5|3|1|1|1|1|1|1|1|1|1|1|1|1|1|1,11596057200,0|2,2,8,13,0
14,6|5|2|2|2|2|2|2|2|2|1,307629132525,0,1,0,0,0
14,6|5|2|2|2|2|2|2|2|1|1|1,461780766720,5|7,2,19,20,1
14,6|5|2|2|2|2|2|2|1|1|1|1|1,426330474570,0,1,2,2,0
14,6|5|2|2|2|2|2|1|1|1|1|1|1|1,283549593600,5,1,19,19,1
14,6|5|2|2|2|2|1|1|1|1|1|1|1|1|1,140548508100,0,1,4,4,0
14,6|5|2|2|2|1|1|1|1|1|1|1|1|1|1|1,51529420800,5|7,2,19,20,1
14,6|5|2|2|1|1|1|1|1|1|1|1|1|1|1|1|1,13415993955,0,1,0,0,0
14,6|5|2|1|1|1|1|1|1|1|1|1|1|1|1|1|1|1,2253588480,5,1,17,17,1
14,6|5|1|1|1|1|1|1|1|1|1|1|1|1|1|1|1|1|1,187899075,0,1,0,0,0
14,6|4|4|4|4|4|2,913565302650,0,1,2,2,0
14,6|4|4|4|4|4|1|1,1236826871280,0|4,2,8,10,0
14,6|4|4|4|4|3|3,1118651391000,0|2,2,6,11,0
14,6|4|4|4|4|3|2|1,5140059724800,5,1,15,15,1
14,6|4|4|4|4|3|1|1|1,4176298526400,0|2|4|6,4,12,19,0
14,6|4|4|4|4|2|2|2,2760774266250,0,1,2,2,0
14,6|4|4|4|4|2|2|1|1,5766139442700,0|2,2,4,8,0
14,6|4|4|4|4|2|1|1|1|1,4385113452720,0|2,2,8,13,0
14,6|4|4|4|4|1|1|1|1|1|1,1475759335050,0,1,2,2,0
14,6|4|4|4|3|3|3|1,3373164194400,0|2|4|6,4,10,17,0
14,6|4|4|4|3|3|2|2,4809882277200,0|4,2,8,10,0
14,6|4|4|4|3|3|2|1|1,9491587560000,0|2|4|6,4,12,27,0
14,6|4|4|4|3|3|1|1|1|1,5846817936960,0|2|4|6,4,12,19,0
14,6|4|4|4|3|2|2|2|1,8352597052800,3,1,11,11,1
14,6|4|4|4|3|2|2|1|1|1,10464475284900,0|2,2,4,8,0
14,6|4|4|4|3|2|1|1|1|1|1,6746328388800,3,1,9,9,1
14,6|4|4|4|3|1|1|1|1|1|1|1,2182635655200,0|4,2,10,12,0
14,6|4|4|4|2|2|2|2|2,2248776129600,0|2|4|6,4,12,25,0
14,6|4|4|4|2|2|2|2|1|1,5220373158000,0|2,2,8,12,0
14,6|4|4|4|2|2|2|1|1|1|1,5133671156250,0|2,2,2,6,0
14,6|4|4|4|2|2|1|1|1|1|1|1,3118050936000,0|2|4|6,4,12,19,0
14,6|4|4|4|2|1|1|1|1|1|1|1|1,1177930353600,0|2|4|6,4,12,19,0
14,6|4|4|4|1|1|1|1|1|1|1|1|1|1,226674097650,0|2,2,2,6,0
14,6|4|4|3|3|3|3|2,2473653742560,0|4,2,10,12,0
14,6|4|4|3|3|3|3|1|1,3953924189280,0|2|4|6,4,10,17,0
14,6|4|4|3|3|3|2|2|1,7308522421200,0|4,2,8,10,0
14,6|4|4|3|3|3|2|1|1|1,8504462453760,5,1,15,15,1
14,6|4|4|3|3|3|1|1|1|1|1,4328894049480,0|4,2,6,8,0
14,6|4|4|3|3|2|2|2|2,3903232853520,0|4,2,8,10,0
14,6|4|4|3|3|2|2|2|1|1,8952939965970,0,1,2,2,0
14,6|4|4|3|3|2|2|1|1|1|1,8538321867075,0,1,0,0,0
14,6|4|4|3|3|2|1|1|1|1|1|1,4821640583760,0|4,2,8,10,0
14,6|4|4|3|3|1|1|1|1|1|1|1|1,1461704484240,0|4,2,8,10,0
14,6|4|4|3|2|2|2|2|2|1,4112047779840,5,1,19,19,1
14,6|4|4|3|2|2|2|2|1|1|1,5797625959125,0,1,0,0,0
14,6|4|4|3|2|2|2|1|1|1|1|1,4770949248000,5,1,15,15,1
14,6|4|4|3|2|2|1|1|1|1|1|1|1,2625101930880,0|2|4|6,4,14,25,0
14,6|4|4|3|2|1|1|1|1|1|1|1|1|1,946853107200,5,1,13,13,1
14,6|4|4|3|1|1|1|1|1|1|1|1|1|1|1,186551570205,0,1,0,0,0
14,6|4|4|2|2|2|2|2|2|2,683394304320,0|2|4|6,4,12,23,0
14,6|4|4|2|2|2|2|2|2|1|1,1664959249800,0|4,2,6,8,0
14,6|4|4|2|2|2|2|2|1|1|1|1,1818863046000,0|4,2,8,10,0
14,6|4|4|2|2|2|2|1|1|1|1|1|1,1328822258400,0|2|4|6,4,10,17,0
14,6|4|4|2|2|2|1|1|1|1|1|1|1|1,692386334640,0|2|4|6,4,8,15,0
14,6|4|4|2|2|1|1|1|1|1|1|1|1|1|1,254640826440,0|4,2,6,8,0
14,6|4|4|2|1|1|1|1|1|1|1|1|1|1|1|1,61416154800,0|4,2,8,10,0
14,6|4|4|1|1|1|1|1|1|1|1|1|1|1|1|1|1,7685496000,0|2|4|6,4,12,21,0
14,6|4|3|3|3|3|3|3,421645524300,0,1,4,4,0
14,6|4|3|3|3|3|3|2|1,2386456300800,3,1,13,13,1
14,6|4|3|3|3|3|3|1|1|1,2192556726360,0|2,2,6,11,0
14,6|4|3|3|3|3|2|2|2,2007835830000,0|4,2,8,10,0
14,6|4|3|3|3|3|2|2|1|1,4466319257400,0,1,6,6,0
14,6|4|3|3|3|3|2|1|1|1|1,3912998236875,0,1,0,0,0
14,6|4|3|3|3|3|1|1|1|1|1|1,1719652334400,0|4,2,12,14,0
14,6|4|3|3|3|2|2|2|2|1,3246670537110,0,1,2,2,0
14,6|4|3|3|3|2|2|2|1|1|1,4497552259200,3|5,2,11,12,1
14,6|4|3|3|3|2|2|1|1|1|1|1,3561439067550,0,1,2,2,0
14,6|4|3|3|3|2|1|1|1|1|1|1|1,1799020903680,3,1,13,13,1
14,6|4|3|3|3|1|1|1|1|1|1|1|1|1,508563680625,0,1,0,0,0
14,6|4|3|3|2|2|2|2|2|2,1044074631600,0|2,2,8,12,0
14,6|4|3|3|2|2|2|2|2|1|1,2533348246275,0,1,0,0,0
14,6|4|3|3|2|2|2|2|1|1|1|1,2741792625000,0,1,6,6,0
14,6|4|3|3|2|2|2|1|1|1|1|1|1,1967679113400,0|2,2,6,11,0
14,6|4|3|3|2|2|1|1|1|1|1|1|1|1,990482021100,0|2,2,4,9,0
14,6|4|3|3|2|1|1|1|1|1|1|1|1|1|1,337788851400,0,1,6,6,0
14,6|4|3|3|1|1|1|1|1|1|1|1|1|1|1|1,65254664475,0,1,0,0,0
14,6|4|3|2|2|2|2|2|2|2|1,730122120000,3,1,9,9,1
14,6|4|3|2|2|2|2|2|2|1|1|1,1091317827600,0|4,2,8,10,0
14,6|4|3|2|2|2|2|2|1|1|1|1|1,999456057600,3,1,13,13,1
14,6|4|3|2|2|2|2|1|1|1|1|1|1|1,655668877500,0|2,2,4,8,0
14,6|4|3|2|2|2|1|1|1|1|1|1|1|1|1,317474277120,3,1,13,13,1
14,6|4|3|2|2|1|1|1|1|1|1|1|1|1|1|1,111546435000,0|4,2,6,8,0
14,6|4|3|2|1|1|1|1|1|1|1|1|1|1|1|1|1,26582774400,3,1,11,11,1
14,6|4|3|1|1|1|1|1|1|1|1|1|1|1|1|1|1|1,3491888400,0|2,2,8,12,0
14,6|4|2|2|2|2|2|2|2|2|2,77301679455,0,1,0,0,0
14,6|4|2|2|2|2|2|2|2|2|1|1,193819813200,0|4,2,8,10,0
14,6|4|2|2|2|2|2|2|2|1|1|1|1,224877612960,0|4,2,10,12,0
14,6|4|2|2|2|2|2|2|1|1|1|1|1|1,181233602550,0,1,2,2,0
14,6|4|2|2|2|2|2|1|1|1|1|1|1|1|1,109582740540,0,1,4,4,0
14,6|4|2|2|2|2|1|1|1|1|1|1|1|1|1|1,50482729440,0|4,2,10,12,0
14,6|4|2|2|2|1|1|1|1|1|1|1|1|1|1|1|1,17484503400,0|4,2,6,8,0
14,6|4|2|2|1|1|1|1|1|1|1|1|1|1|1|1|1|1,4367428065,0,1,0,0,0
14,6|4|2|1|1|1|1|1|1|1|1|1|1|1|1|1|1|1|1,717084225,0,1,0,0,0
14,6|4|1|1|1|1|1|1|1|1|1|1|1|1|1|1|1|1|1|1,60127704,0|4,2,6,8,0
14,6|3|3|3|3|3|3|3|1,223730278200,0|2,2,6,10,0
14,6|3|3|3|3|3|3|2|2,353379106080,0|2|4|6,4,10,17,0
14,6|3|3|3|3|3|3|2|1|1,730852242120,0|2,2,6,11,0
14,6|3|3|3|3|3|3|1|1|1|1,498308346900,0|2,2,4,9,0
14,6|3|3|3|3|3|2|2|2|1,799564846080,5,1,15,15,1
14,6|3|3|3|3|3|2|2|1|1|1,1065826186425,0,1,0,0,0
14,6|3|3|3|3|3|2|1|1|1|1|1,769634611200,5,1,19,19,1
14,6|3|3|3|3|3|1|1|1|1|1|1|1,299836817280,0|2|4|6,4,14,25,0
14,6|3|3|3|3|2|2|2|2|2,365426121060,0|2,2,4,8,0
14,6|3|3|3|3|2|2|2|2|1|1,878428175625,0,1,0,0,0
14,6|3|3|3|3|2|2|2|1|1|1|1,930100421250,0,1,2,2,0
14,6|3|3|3|3|2|2|1|1|1|1|1|1,638856855000,0|2,2,6,11,0
14,6|3|3|3|3|2|1|1|1|1|1|1|1|1,292932680040,0|2,2,6,11,0
14,6|3|3|3|3|1|1|1|1|1|1|1|1|1|1,77301679455,0,1,0,0,0
14,6|3|3|3|2|2|2|2|2|2|1,391527986850,0|2,2,2,6,0
14,6|3|3|3|2|2|2|2|2|1|1|1,581454720000,5,1,15,15,1
14,6|3|3|3|2|2|2|2|1|1|1|1|1,525861765000,0|2,2,6,11,0
14,6|3|3|3|2|2|2|1|1|1|1|1|1|1,337283481600,5|7|9|11,4,25,29,1
14,6|3|3|3|2|2|1|1|1|1|1|1|1|1|1,156611194740,0|2,2,4,9,0
14,6|3|3|3|2|1|1|1|1|1|1|1|1|1|1|1,50392742400,5,1,13,13,1
14,6|3|3|3|1|1|1|1|1|1|1|1|1|1|1|1|1,9394953750,0|2,2,2,6,0
14,6|3|3|2|2|2|2|2|2|2|2,83051391150,0|2,2,2,6,0
14,6|3|3|2|2|2|2|2|2|2|1|1,207870062400,0|2|4|6,4,12,23,0
14,6|3|3|2|2|2|2|2|2|1|1|1|1,240253860000,0|2|4|6,4,10,17,0
14,6|3|3|2|2|2|2|2|1|1|1|1|1|1,192329537400,0|2,2,6,10,0
14,6|3|3|2|2|2|2|1|1|1|1|1|1|1|1,114994233900,0|2,2,4,8,0
14,6|3|3|2|2|2|1|1|1|1|1|1|1|1|1|1,51967515600,0|2|4|6,4,8,15,0
14,6|3|3|2|2|1|1|1|1|1|1|1|1|1|1|1|1,17370225600,0|2|4|6,4,12,21,0
14,6|3|3|2|1|1|1|1|1|1|1|1|1|1|1|1|1|1,4020266250,0|2,2,2,6,0
14,6|3|3|1|1|1|1|1|1|1|1|1|1|1|1|1|1|1|1,528377850,0|2,2,2,6,0
14,6|3|2|2|2|2|2|2|2|2|2|1,38481730560,5,1,15,15,1
14,6|3|2|2|2|2|2|2|2|2|1|1|1,59661407520,0|2|4|6,4,10,17,0
14,6|3|2|2|2|2|2|2|2|1|1|1|1|1,58267883520,5,1,17,17,1
14,6|3|2|2|2|2|2|2|1|1|1|1|1|1|1,42164552430,0,1,2,2,0
14,6|3|2|2|2|2|2|1|1|1|1|1|1|1|1|1,23560243200,5,1,17,17,1
14,6|3|2|2|2|2|1|1|1|1|1|1|1|1|1|1|1,10221709680,0|2|4|6,4,8,15,0
14,6|3|2|2|2|1|1|1|1|1|1|1|1|1|1|1|1|1,3390266880,5,1,13,13,1
14,6|3|2|2|1|1|1|1|1|1|1|1|1|1|1|1|1|1|1,826755930,0,1,2,2,0
14,6|3|2|1|1|1|1|1|1|1|1|1|1|1|1|1|1|1|1|1,136401408,5,1,13,13,1
14,6|3|1|1|1|1|1|1|1|1|1|1|1|1|1|1|1|1|1|1|1,12171600,0|2|4|6,4,8,15,0
14,6|2|2|2|2|2|2|2|2|2|2|2,2442687975,0,1,0,0,0
14,6|2|2|2|2|2|2|2|2|2|2|1|1,6246600360,0|2,2,6,11,0
14,6|2|2|2|2|2|2|2|2|2|1|1|1|1,7548255000,0|2,2,6,10,0
14,6|2|2|2|2|2|2|2|2|1|1|1|1|1|1,6486854220,0,1,4,4,0
14,6|2|2|2|2|2|2|2|1|1|1|1|1|1|1|1,4302505350,0,1,2,2,0
14,6|2|2|2|2|2|2|1|1|1|1|1|1|1|1|1|1,2254788900,0|2,2,4,8,0
14,6|2|2|2|2|2|1|1|1|1|1|1|1|1|1|1|1|1,934593660,0|2,2,4,9,0
14,6|2|2|2|2|1|1|1|1|1|1|1|1|1|1|1|1|1|1,302176875,0,1,0,0,0
14,6|2|2|2|1|1|1|1|1|1|1|1|1|1|1|1|1|1|1|1,73972899,0,1,0,0,0
14,6|2|2|1|1|1|1|1|1|1|1|1|1|1|1|1|1|1|1|1|1,12978900,0|2,2,4,9,0
14,6|2|1|1|1|1|1|1|1|1|1|1|1|1|1|1|1|1|1|1|1|1,1465100,0|2,2,4,8,0
14,6|1|1|1|1|1|1|1|1|1|1|1|1|1|1|1|1|1|1|1|1|1|1,80730,0,1,2,2,0
14,5|5|5|5|5|3,191413682460,0|2,2,4,8,0
14,5|5|5|5|5|2|1,556839803520,3,1,11,11,1
14,5|5|5|5|5|1|1|1,365426121060,0,1,4,4,0
14,5|5|5|5|4|4,205086088350,0,1,2,2,0
14,5|5|5|5|4|3|1,1522608837750,0,1,2,2,0
14,5|5|5|5|4|2|2,1461704484240,0|4,2,8,10,0
14,5|5|5|5|4|2|1|1,2610186579000,0,1,6,6,0
14,5|5|5|5|4|1|1|1|1,1264936572900,0,1,4,4,0
14,5|5|5|5|3|3|2,1644417544770,0,1,2,2,0
14,5|5|5|5|3|3|1|1,2436174140400,0|4,2,8,10,0
14,5|5|5|5|3|2|2|1,3654261210600,0,1,6,6,0
14,5|5|5|5|3|2|1|1|1,3855044793600,3,1,13,13,1
14,5|5|5|5|3|1|1|1|1|1,1626347022300,0,1,4,4,0
14,5|5|5|5|2|2|2|2,1085204844360,0,1,6,6,0
14,5|5|5|5|2|2|2|1|1,2361214936080,0|2,2,8,12,0
14,5|5|5|5|2|2|1|1|1|1,2007835830000,0|2,2,8,13,0
14,5|5|5|5|2|1|1|1|1|1|1,927620153460,0,1,4,4,0
14,5|5|5|5|1|1|1|1|1|1|1|1,198775747170,0,1,2,2,0
14,5|5|5|4|4|4|1,795485433600,3|5,2,13,14,1
14,5|5|5|4|4|3|2,2436174140400,0|4,2,8,10,0
14,5|5|5|4|4|3|1|1,3523751881650,0,1,2,2,0
14,5|5|5|4|4|2|2|1,4385113452720,0|4,2,8,10,0
14,5|5|5|4|4|2|1|1|1,4497552259200,3,1,11,11,1
14,5|5|5|4|4|1|1|1|1|1,1766895530400,0|4,2,10,12,0
14,5|5|5|4|3|3|3,1299292874880,3,1,11,11,1
14,5|5|5|4|3|3|2|1,6394957118550,0,1,2,2,0
14,5|5|5|4|3|3|1|1|1,5354228880000,3,1,11,11,1
14,5|5|5|4|3|2|2|2,4252231226880,3|5,2,15,16,1
14,5|5|5|4|3|2|2|1|1,8995104518400,3,1,13,13,1
14,5|5|5|4|3|2|1|1|1|1,7067582121600,3,1,11,11,1
14,5|5|5|4|3|1|1|1|1|1|1,2570029862400,3|5,2,15,16,1
14,5|5|5|4|2|2|2|2|1,3816104947200,3,1,15,15,1
14,5|5|5|4|2|2|2|1|1|1,4947307485120,0|2|4|6,4,12,23,0
14,5|5|5|4|2|2|1|1|1|1|1,3469540314240,3,1,11,11,1
14,5|5|5|4|2|1|1|1|1|1|1|1,1435602618450,0,1,2,2,0
14,5|5|5|4|1|1|1|1|1|1|1|1|1,291018087360,3,1,9,9,1
14,5|5|5|3|3|3|3|1,1827130605300,0,1,4,4,0
14,5|5|5|3|3|3|2|2,2657644516800,0|2|4|6,4,12,16,0
14,5|5|5|3|3|3|2|1|1,5270569053750,0,1,2,2,0
14,5|5|5|3|3|3|1|1|1|1,3286636031250,0,1,2,2,0
14,5|5|5|3|3|2|2|2|1,4906420646400,3|5,2,15,16,1
14,5|5|5|3|3|2|2|1|1|1,6184134356400,0|4,2,8,10,0
14,5|5|5|3|3|2|1|1|1|1|1,4038618355200,3|5,2,15,16,1
14,5|5|5|3|3|1|1|1|1|1|1|1,1342381669200,0|2|4|6,4,8,12,0
14,5|5|5|3|2|2|2|2|2,1609919274600,0,1,6,6,0
14,5|5|5|3|2|2|2|2|1|1,3747960216000,0|4,2,12,14,0
14,5|5|5|3|2|2|2|1|1|1|1,3710480613840,0|4,2,8,10,0
14,5|5|5|3|2|2|1|1|1|1|1|1,2283913256625,0,1,0,0,0
14,5|5|5|3|2|1|1|1|1|1|1|1|1,886695734925,0,1,0,0,0
14,5|5|5|3|1|1|1|1|1|1|1|1|1|1,181886304600,0|4,2,6,8,0
14,5|5|5|2|2|2|2|2|2|1,843291048600,0,1,6,6,0
14,5|5|5|2|2|2|2|2|1|1|1,1199347269120,3|5,2,15,16,1
14,5|5|5|2|2|2|2|1|1|1|1|1,1004921832915,0,1,0,0,0
14,5|5|5|2|2|2|1|1|1|1|1|1|1,573217444800,3,1,9,9,1
14,5|5|5|2|2|1|1|1|1|1|1|1|1|1,223913064375,0,1,0,0,0
14,5|5|5|2|1|1|1|1|1|1|1|1|1|1|1,55697241600,3|5,2,15,16,1
14,5|5|5|1|1|1|1|1|1|1|1|1|1|1|1|1,6904137240,0,1,6,6,0
14,5|5|4|4|4|4|2,805429001520,0|4,2,8,10,0
14,5|5|4|4|4|4|1|1,1087577741250,0,1,2,2,0
14,5|5|4|4|4|3|3,974469656160,0|2|4|6,4,10,17,0
14,5|5|4|4|4|3|2|1,4454718428160,5,1,15,15,1
14,5|5|4|4|4|3|1|1|1,3607411707900,0|2,2,4,8,0
14,5|5|4|4|4|2|2|2,2372896890000,0|4,2,8,10,0
14,5|5|4|4|4|2|2|1|1,4947307485120,0|2|4|6,4,12,19,0
14,5|5|4|4|4|2|1|1|1|1,3747960216000,0|2|4|6,4,12,21,0
14,5|5|4|4|4|1|1|1|1|1|1,1252889557920,0|4,2,10,12,0
14,5|5|4|4|3|3|3|1,2842203163800,0|2,2,6,11,0
14,5|5|4|4|3|3|2|2,4036297609890,0,1,2,2,0
14,5|5|4|4|3|3|2|1|1,7951029886800,0|2,2,8,13,0
14,5|5|4|4|3|3|1|1|1|1,4879041066900,0|2,2,4,8,0
14,5|5|4|4|3|2|2|2|1,6939080628480,3,1,13,13,1
14,5|5|4|4|3|2|2|1|1|1,8673850785600,0|2|4|6,4,12,19,0
14,5|5|4|4|3|2|1|1|1|1|1,5568398035200,3,1,13,13,1
14,5|5|4|4|3|1|1|1|1|1|1|1,1788981724530,0,1,2,2,0
14,5|5|4|4|2|2|2|2|2,1836500505840,0|2,2,8,12,0
14,5|5|4|4|2|2|2|2|1|1,4258072203840,0|2|4|6,4,12,21,0
14,5|5|4|4|2|2|2|1|1|1|1,4176298526400,0|2|4|6,4,12,19,0
14,5|5|4|4|2|2|1|1|1|1|1|1,2525188195530,0|2,2,2,6,0
14,5|5|4|4|2|1|1|1|1|1|1|1|1,947107971810,0|2,2,2,6,0
14,5|5|4|4|1|1|1|1|1|1|1|1|1|1,180154054080,0|2|4|6,4,12,19,0
14,5|5|4|3|3|3|3|2,1937865793500,0,1,4,4,0
14,5|5|4|3|3|3|3|1|1,3092067178200,0|2,2,6,11,0
14,5|5|4|3|3|3|2|2|1,5692214578050,0,1,2,2,0
14,5|5|4|3|3|3|2|1|1|1,6608648217600,5,1,15,15,1
14,5|5|4|3|3|3|1|1|1|1|1,3349739443050,0,1,2,2,0
14,5|5|4|3|3|2|2|2|2,3011753745000,0,1,6,6,0
14,5|5|4|3|3|2|2|2|1|1,6899654034000,0|4,2,8,10,0
14,5|5|4|3|3|2|2|1|1|1|1,6562754827200,0|4,2,12,14,0
14,5|5|4|3|3|2|1|1|1|1|1|1,3689398337625,0,1,0,0,0
14,5|5|4|3|3|1|1|1|1|1|1|1|1,1110426013125,0,1,0,0,0
14,5|5|4|3|2|2|2|2|2|1,3115187712000,5,1,19,19,1
14,5|5|4|3|2|2|2|2|1|1|1,4385113452720,0|4,2,8,10,0
14,5|5|4|3|2|2|2|1|1|1|1|1,3598041807360,5,1,13,13,1
14,5|5|4|3|2|2|1|1|1|1|1|1|1,1970434966500,0|2,2,4,8,0
14,5|5|4|3|2|1|1|1|1|1|1|1|1|1,705498393600,5,1,15,15,1
14,5|5|4|3|1|1|1|1|1|1|1|1|1|1|1,137378241000,0|4,2,6,8,0
14,5|5|4|2|2|2|2|2|2|2,500414468400,0|2,2,8,12,0
14,5|5|4|2|2|2|2|2|2|1|1,1218087070200,0,1,6,6,0
14,5|5|4|2|2|2|2|2|1|1|1|1,1328183401545,0,1,0,0,0
14,5|5|4|2|2|2|2|1|1|1|1|1|1,967304438100,0|2,2,4,9,0
14,5|5|4|2|2|2|1|1|1|1|1|1|1|1,501565264200,0|2,2,6,11,0
14,5|5|4|2|2|1|1|1|1|1|1|1|1|1|1,183082925025,0,1,0,0,0
14,5|5|4|2|1|1|1|1|1|1|1|1|1|1|1|1,43637794200,0,1,6,6,0
14,5|5|4|1|1|1|1|1|1|1|1|1|1|1|1|1|1,5354228880,0|2,2,8,12,0
14,5|5|3|3|3|3|3|3,265764451680,0|4,2,10,12,0
14,5|5|3|3|3|3|3|2|1,1499184086400,3,1,11,11,1
14,5|5|3|3|3|3|3|1|1|1,1374252079200,0|2|4|6,4,10,17,0
14,5|5|3|3|3|3|2|2|2,1254897393750,0,1,2,2,0
14,5|5|3|3|3|3|2|2|1|1,2788023466800,0|4,2,8,10,0
14,5|5|3|3|3|3|2|1|1|1|1,2436174140400,0|4,2,8,10,0
14,5|5|3|3|3|3|1|1|1|1|1|1,1065826186425,0,1,0,0,0
14,5|5|3|3|3|2|2|2|2|1,2007835830000,0|4,2,8,10,0
14,5|5|3|3|3|2|2|2|1|1|1,2776967331840,3|5|11|13,4,25,34,1
14,5|5|3|3|3|2|2|1|1|1|1|1,2192556726360,0|4,2,6,8,0
14,5|5|3|3|3|2|1|1|1|1|1|1|1,1102341240000,3,1,9,9,1
14,5|5|3|3|3|1|1|1|1|1|1|1|1|1,309330450000,0|4,2,8,10,0
14,5|5|3|3|2|2|2|2|2|2,634270190400,0|2|4|6,4,12,21,0
14,5|5|3|3|2|2|2|2|2|1|1,1537637184720,0|4,2,8,10,0
14,5|5|3|3|2|2|2|2|1|1|1|1,1661027823000,0|4,2,6,8,0
14,5|5|3|3|2|2|2|1|1|1|1|1|1,1188323856720,0|2|4|6,4,8,15,0
14,5|5|3|3|2|2|1|1|1|1|1|1|1|1,595264269600,0|2|4|6,4,10,17,0
14,5|5|3|3|2|1|1|1|1|1|1|1|1|1|1,201488086800,0|4,2,8,10,0
14,5|5|3|3|1|1|1|1|1|1|1|1|1|1|1|1,38465907480,0|4,2,6,8,0
14,5|5|3|2|2|2|2|2|2|2|1,428338310400,3,1,13,13,1
14,5|5|3|2|2|2|2|2|2|1|1|1,639495711855,0,1,0,0,0
14,5|5|3|2|2|2|2|2|1|1|1|1|1,584441282880,3,1,9,9,1
14,5|5|3|2|2|2|2|1|1|1|1|1|1|1,382144963200,0|2|4|6,4,14,23,0
14,5|5|3|2|2|2|1|1|1|1|1|1|1|1|1,184110326400,3,1,11,11,1
14,5|5|3|2|2|1|1|1|1|1|1|1|1|1|1|1,64197908775,0,1,0,0,0
14,5|5|3|2|1|1|1|1|1|1|1|1|1|1|1|1|1,15117822720,3,1,13,13,1
14,5|5|3|1|1|1|1|1|1|1|1|1|1|1|1|1|1|1,1946992320,0|2|4|6,4,12,25,0
14,5|5|2|2|2|2|2|2|2|2|2,42068941200,0|4,2,8,10,0
14,5|5|2|2|2|2|2|2|2|2|1|1,105411381075,0,1,0,0,0
14,5|5|2|2|2|2|2|2|2|1|1|1|1,122134398750,0,1,2,2,0
14,5|5|2|2|2|2|2|2|1|1|1|1|1|1,98208583200,0|4,2,10,12,0
14,5|5|2|2|2|2|2|1|1|1|1|1|1|1|1,59178319200,0|4,2,10,12,0
14,5|5|2|2|2|2|1|1|1|1|1|1|1|1|1|1,27123396300,0,1,4,4,0
14,5|5|2|2|2|1|1|1|1|1|1|1|1|1|1|1|1,9322094925,0,1,0,0,0
14,5|5|2|2|1|1|1|1|1|1|1|1|1|1|1|1|1|1,2300805000,0|4,2,6,8,0
14,5|5|2|1|1|1|1|1|1|1|1|1|1|1|1|1|1|1|1,370351800,0|4,2,6,8,0
14,5|5|1|1|1|1|1|1|1|1|1|1|1|1|1|1|1|1|1|1,29954925,0,1,0,0,0
14,5|4|4|4|4|4|3,238645630080,3,1,11,11,1
14,5|4|4|4|4|4|2|1,861361571070,0,1,2,2,0
14,5|4|4|4|4|4|1|1|1,642507465600,3,1,11,11,1
14,5|4|4|4|4|3|3|1,1148482094760,0|2,2,6,10,0
14,5|4|4|4|4|3|2|2,1522608837750,0,1,2,2,0
14,5|4|4|4|4|3|2|1|1,2951518670100,0|2,2,4,8,0
14,5|4|4|4|4|3|1|1|1|1,1740124386000,0|2,2,8,13,0
14,5|4|4|4|4|2|2|2|1,2044341936000,3,1,11,11,1
14,5|4|4|4|4|2|2|1|1|1,2505779115840,0|2|4|6,4,12,25,0
14,5|4|4|4|4|2|1|1|1|1|1,1542017917440,3,1,15,15,1
14,5|4|4|4|4|1|1|1|1|1|1|1,451763061750,0,1,2,2,0
14,5|4|4|4|3|3|3|2,1299292874880,3,1,11,11,1
14,5|4|4|4|3|3|3|1|1,2056023889920,3|5|7|9,4,19,23,1
14,5|4|4|4|3|3|2|2|1,3679815484800,3,1,11,11,1
14,5|4|4|4|3|3|2|1|1|1,4228502257980,0|2,2,4,8,0
14,5|4|4|4|3|3|1|1|1|1|1,2098857720960,3,1,11,11,1
14,5|4|4|4|3|2|2|2|2,1799020903680,3,1,13,13,1
14,5|4|4|4|3|2|2|2|1|1,4100365825920,3,1,11,11,1
14,5|4|4|4|3|2|2|1|1|1|1,3855044793600,3,1,13,13,1
14,5|4|4|4|3|2|1|1|1|1|1|1,2120274636480,3,1,9,9,1
14,5|4|4|4|3|1|1|1|1|1|1|1|1,612271820160,3,1,11,11,1
14,5|4|4|4|2|2|2|2|2|1,1461704484240,0|2,2,8,13,0
14,5|4|4|4|2|2|2|2|1|1|1,2044341936000,3,1,11,11,1
14,5|4|4|4|2|2|2|1|1|1|1|1,1656464559750,0|2,2,2,6,0
14,5|4|4|4|2|2|1|1|1|1|1|1|1,886912266240,3|5|7|9,4,21,25,1
14,5|4|4|4|2|1|1|1|1|1|1|1|1|1,304521767550,0|2,2,2,6,0
14,5|4|4|4|1|1|1|1|1|1|1|1|1|1|1,54304810560,3,1,9,9,1
14,5|4|4|3|3|3|3|3,365426121060,0,1,4,4,0
14,5|4|4|3|3|3|3|2|1,2044341936000,3,1,11,11,1
14,5|4|4|3|3|3|3|1|1|1,1864418985000,0|2,2,6,10,0
14,5|4|4|3|3|3|2|2|2,1686582097200,0|4,2,8,10,0
14,5|4|4|3|3|3|2|2|1|1,3737312601750,0,1,2,2,0
14,5|4|4|3|3|3|2|1|1|1|1,3246670537110,0,1,2,2,0
14,5|4|4|3|3|3|1|1|1|1|1|1,1405485081000,0|4,2,6,8,0
14,5|4|4|3|3|2|2|2|2|1,2610186579000,0,1,6,6,0
14,5|4|4|3|3|2|2|2|1|1|1,3598041807360,3|5,2,15,16,1
14,5|4|4|3|3|2|2|1|1|1|1|1,2822873760135,0,1,0,0,0
14,5|4|4|3|3|2|1|1|1|1|1|1|1,1403797824000,3,1,15,15,1
14,5|4|4|3|3|1|1|1|1|1|1|1|1|1,386508397275,0,1,0,0,0
14,5|4|4|3|2|2|2|2|2|2,766628226000,0|2,2,8,13,0
14,5|4|4|3|2|2|2|2|2|1|1,1855240306920,0,1,6,6,0
14,5|4|4|3|2|2|2|2|1|1|1|1,1996427671875,0,1,0,0,0
14,5|4|4|3|2|2|2|1|1|1|1|1|1,1418713175880,0|2,2,6,10,0
14,5|4|4|3|2|2|1|1|1|1|1|1|1|1,702742540500,0|2,2,4,8,0
14,5|4|4|3|2|1|1|1|1|1|1|1|1|1|1,233340982875,0,1,0,0,0
14,5|4|4|3|1|1|1|1|1|1|1|1|1|1|1|1,42991308360,0,1,6,6,0
14,5|4|4|2|2|2|2|2|2|2|1,415158670080,3,1,13,13,1
14,5|4|4|2|2|2|2|2|2|1|1|1,618413435640,0|4,2,6,8,0
14,5|4|4|2|2|2|2|2|1|1|1|1|1,562795309440,3,1,11,11,1
14,5|4|4|2|2|2|2|1|1|1|1|1|1|1,365426121060,0|2,2,4,9,0
14,5|4|4|2|2|2|1|1|1|1|1|1|1|1|1,174053880000,3,1,9,9,1
14,5|4|4|2|2|1|1|1|1|1|1|1|1|1|1|1,59526426960,0|4,2,8,10,0
14,5|4|4|2|1|1|1|1|1|1|1|1|1|1|1|1|1,13526472960,3,1,13,13,1
14,5|4|4|1|1|1|1|1|1|1|1|1|1|1|1|1|1|1,1613954160,0|2,2,8,13,0
14,5|4|3|3|3|3|3|3|1,408868387200,3,1,11,11,1
14,5|4|3|3|3|3|3|2|2,642507465600,3,1,11,11,1
14,5|4|3|3|3|3|3|2|1|1,1325809056000,3,1,13,13,1
14,5|4|3|3|3|3|3|1|1|1|1,899510451840,3,1,11,11,1
14,5|4|3|3|3|3|2|2|2|1,1435602618450,0,1,2,2,0
14,5|4|3|3|3|3|2|2|1|1|1,1908052473600,3|5,2,13,14,1
14,5|4|3|3|3|3|2|1|1|1|1|1,1370347953975,0,1,0,0,0
14,5|4|3|3|3|3|1|1|1|1|1|1|1,529123795200,3,1,13,13,1
14,5|4|3|3|3|2|2|2|2|2,642507465600,3,1,11,11,1
14,5|4|3|3|3|2|2|2|2|1|1,1542017917440,3|5,2,15,16,1
14,5|4|3|3|3|2|2|2|1|1|1|1,1627129296000,3|5,2,11,12,1
14,5|4|3|3|3|2|2|1|1|1|1|1|1,1111159969920,3,1,11,11,1
14,5|4|3|3|3|2|1|1|1|1|1|1|1|1,504827294400,3,1,9,9,1
14,5|4|3|3|3|1|1|1|1|1|1|1|1|1|1,131286355200,3|5,2,13,14,1
14,5|4|3|3|2|2|2|2|2|2|1,660479702400,3,1,11,11,1
14,5|4|3|3|2|2|2|2|2|1|1|1,978819967125,0,1,0,0,0
14,5|4|3|3|2|2|2|2|1|1|1|1|1,881872992000,3,1,13,13,1
14,5|4|3|3|2|2|2|1|1|1|1|1|1|1,562194032400,0|2|4|6,4,8,15,0
14,5|4|3|3|2|2|1|1|1|1|1|1|1|1|1,258594336000,3,1,13,13,1
14,5|4|3|3|2|1|1|1|1|1|1|1|1|1|1|1,81986629725,0,1,0,0,0
14,5|4|3|3|1|1|1|1|1|1|1|1|1|1|1|1|1,14918904000,3,1,9,9,1
14,5|4|3|2|2|2|2|2|2|2|2,128501493120,3,1,11,11,1
14,5|4|3|2|2|2|2|2|2|2|1|1,321253732800,3,1,9,9,1
14,5|4|3|2|2|2|2|2|2|1|1|1|1,370386656640,3,1,11,11,1
14,5|4|3|2|2|2|2|2|1|1|1|1|1|1,295293835200,3,1,9,9,1
14,5|4|3|2|2|2|2|1|1|1|1|1|1|1|1,175446311040,3,1,11,11,1
14,5|4|3|2|2|2|1|1|1|1|1|1|1|1|1|1,78528690240,3,1,9,9,1
14,5|4|3|2|2|1|1|1|1|1|1|1|1|1|1|1|1,25859433600,3,1,11,11,1
14,5|4|3|2|1|1|1|1|1|1|1|1|1|1|1|1|1|1,5840976960,3,1,9,9,1
14,5|4|3|1|1|1|1|1|1|1|1|1|1|1|1|1|1|1|1,735134400,3,1,9,9,1
14,5|4|2|2|2|2|2|2|2|2|2|1,46610474625,0,1,0,0,0
14,5|4|2|2|2|2|2|2|2|2|1|1|1,72153244800,3,1,11,11,1
14,5|4|2|2|2|2|2|2|2|1|1|1|1|1,70274254050,0,1,2,2,0
14,5|4|2|2|2|2|2|2|1|1|1|1|1|1|1,50633856000,3|5,2,17,18,1
14,5|4|2|2|2|2|2|1|1|1|1|1|1|1|1|1,28109701620,0,1,4,4,0
14,5|4|2|2|2|2|1|1|1|1|1|1|1|1|1|1|1,12077208000,3,1,9,9,1
14,5|4|2|2|2|1|1|1|1|1|1|1|1|1|1|1|1|1,3945880575,0,1,0,0,0
14,5|4|2|2|1|1|1|1|1|1|1|1|1|1|1|1|1|1|1,938995200,3|5,2,15,16,1
14,5|4|2|1|1|1|1|1|1|1|1|1|1|1|1|1|1|1|1|1,148341375,0,1,0,0,0
14,5|4|1|1|1|1|1|1|1|1|1|1|1|1|1|1|1|1|1|1|1,12108096,3,1,9,9,1
14,5|3|3|3|3|3|3|3|2,88344776520,0|2,2,6,11,0
14,5|3|3|3|3|3|3|3|1|1,146441636640,0|2|4|6,4,10,17,0
14,5|3|3|3|3|3|3|2|2|1,290020731000,0|2,2,6,10,0
14,5|3|3|3|3|3|3|2|1|1|1,354352602240,3,1,11,11,1
14,5|3|3|3|3|3|3|1|1|1|1|1,196767911340,0|2,2,4,9,0
14,5|3|3|3|3|3|2|2|2|2,180705224700,0|2,2,4,8,0
14,5|3|3|3|3|3|2|2|2|1|1,426330474570,0,1,2,2,0
14,5|3|3|3|3|3|2|2|1|1|1|1,431228377125,0,1,0,0,0
14,5|3|3|3|3|3|2|1|1|1|1|1|1,267868921320,0|2,2,6,11,0
14,5|3|3|3|3|3|1|1|1|1|1|1|1|1,93699005400,0|2,2,6,11,0
14,5|3|3|3|3|2|2|2|2|2|1,257002986240,3,1,13,13,1
14,5|3|3|3|3|2|2|2|2|1|1|1,376469218125,0,1,0,0,0
14,5|3|3|3|3|2|2|2|1|1|1|1|1,331315920000,3,1,11,11,1
14,5|3|3|3|3|2|2|1|1|1|1|1|1|1,201930917760,0|2|4|6,4,14,23,0
14,5|3|3|3|3|2|1|1|1|1|1|1|1|1|1,84540456000,3,1,9,9,1
14,5|3|3|3|3|1|1|1|1|1|1|1|1|1|1|1,20727952245,0,1,0,0,0
14,5|3|3|3|2|2|2|2|2|2|2,75932700480,0|2|4|6,4,12,21,0
14,5|3|3|3|2|2|2|2|2|2|1|1,189199914750,0|2,2,2,6,0
14,5|3|3|3|2|2|2|2|2|1|1|1|1,216531315000,0|2,2,6,10,0
14,5|3|3|3|2|2|2|2|1|1|1|1|1|1,170361828000,0|2|4|6,4,10,17,0
14,5|3|3|3|2|2|2|1|1|1|1|1|1|1|1,98912333520,0|2|4|6,4,8,15,0
14,5|3|3|3|2|2|1|1|1|1|1|1|1|1|1|1,42440137740,0|2,2,4,8,0
14,5|3|3|3|2|1|1|1|1|1|1|1|1|1|1|1|1,12795032250,0|2,2,2,6,0
14,5|3|3|3|1|1|1|1|1|1|1|1|1|1|1|1|1|1,2260440000,0|2|4|6,4,12,23,0
14,5|3|3|2|2|2|2|2|2|2|2|1,54211567410,0|2,2,2,6,0
14,5|3|3|2|2|2|2|2|2|2|1|1|1,83729479680,3|5|7|9,4,19,23,1
14,5|3|3|2|2|2|2|2|2|1|1|1|1|1,81205804680,0|2,2,6,11,0
14,5|3|3|2|2|2|2|2|1|1|1|1|1|1|1,58102349760,3,1,9,9,1
14,5|3|3|2|2|2|2|1|1|1|1|1|1|1|1|1,31889157300,0|2,2,4,9,0
14,5|3|3|2|2|2|1|1|1|1|1|1|1|1|1|1|1,13438064640,3|5|7|9,4,19,23,1
14,5|3|3|2|2|1|1|1|1|1|1|1|1|1|1|1|1|1,4236629670,0|2,2,2,6,0
14,5|3|3|2|1|1|1|1|1|1|1|1|1|1|1|1|1|1|1,934053120,3,1,13,13,1
14,5|3|3|1|1|1|1|1|1|1|1|1|1|1|1|1|1|1|1|1,118107990,0|2,2,2,6,0
14,5|3|2|2|2|2|2|2|2|2|2|2,7027425405,0,1,0,0,0
14,5|3|2|2|2|2|2|2|2|2|2|1|1,17946279000,0|2,2,6,10,0
14,5|3|2|2|2|2|2|2|2|2|1|1|1|1,21622847400,0|2,2,6,11,0
14,5|3|2|2|2|2|2|2|2|1|1|1|1|1|1,18493224750,0,1,2,2,0
14,5|3|2|2|2|2|2|2|1|1|1|1|1|1|1|1,12175860060,0,1,4,4,0
14,5|3|2|2|2|2|2|1|1|1|1|1|1|1|1|1|1,6310341180,0|2,2,4,9,0
14,5|3|2|2|2|2|1|1|1|1|1|1|1|1|1|1|1|1,2571250500,0|2,2,4,8,0
14,5|3|2|2|2|1|1|1|1|1|1|1|1|1|1|1|1|1|1,808782975,0,1,0,0,0
14,5|3|2|2|1|1|1|1|1|1|1|1|1|1|1|1|1|1|1|1,188706375,0,1,0,0,0
14,5|3|2|1|1|1|1|1|1|1|1|1|1|1|1|1|1|1|1|1|1,30063852,0|2,2,4,8,0
14,5|3|1|1|1|1|1|1|1|1|1|1|1|1|1|1|1|1|1|1|1|1,2619540,0|2,2,4,9,0
14,5|2|2|2|2|2|2|2|2|2|2|2|1,1603405440,3,1,11,11,1
14,5|2|2|2|2|2|2|2|2|2|2|1|1|1,2549632800,0|2|4|6,4,10,17,0
14,5|2|2|2|2|2|2|2|2|2|1|1|1|1|1,2601244800,3,1,11,11,1
14,5|2|2|2|2|2|2|2|2|1|1|1|1|1|1|1,2007835830,0,1,2,2,0
14,5|2|2|2|2|2|2|2|1|1|1|1|1|1|1|1|1,1227096000,3,1,9,9,1
14,5|2|2|2|2|2|2|1|1|1|1|1|1|1|1|1|1|1,601277040,0|2|4|6,4,8,15,0
14,5|2|2|2|2|2|1|1|1|1|1|1|1|1|1|1|1|1|1,235435200,3,1,9,9,1
14,5|2|2|2|2|1|1|1|1|1|1|1|1|1|1|1|1|1|1|1,72522450,0,1,2,2,0
14,5|2|2|2|1|1|1|1|1|1|1|1|1|1|1|1|1|1|1|1|1,17050176,3,1,9,9,1
14,5|2|2|1|1|1|1|1|1|1|1|1|1|1|1|1|1|1|1|1|1|1,2898000,0|2|4|6,4,8,15,0
14,5|2|1|1|1|1|1|1|1|1|1|1|1|1|1|1|1|1|1|1|1|1|1,320320,3,1,9,9,1
14,5|1|1|1|1|1|1|1|1|1|1|1|1|1|1|1|1|1|1|1|1|1|1|1,17550,0,1,2,2,0
14,4|4|4|4|4|4|4,13672405890,0,1,2,2,0
14,4|4|4|4|4|4|3|1,130509328950,0,1,2,2,0
14,4|4|4|4|4|4|2|2,139209950880,0|2|4|6,4,10,14,0
14,4|4|4|4|4|4|2|1|1,261018657900,0,1,4,4,0
14,4|4|4|4|4|4|1|1|1|1,140548508100,0,1,4,4,0
14,4|4|4|4|4|3|3|2,234916792110,0,1,2,2,0
14,4|4|4|4|4|3|3|1|1,365426121060,0|2,2,4,8,0
14,4|4|4|4|4|3|2|2|1,609043535100,0,1,4,4,0
14,4|4|4|4|4|3|2|1|1|1,685341296640,5,1,17,17,1
14,4|4|4|4|4|3|1|1|1|1|1,325269404460,0,1,4,4,0
14,4|4|4|4|4|2|2|2|2,232543895220,0,1,4,4,0
14,4|4|4|4|4|2|2|2|1|1,524714430240,0|4,2,10,12,0
14,4|4|4|4|4|2|2|1|1|1|1,481880599200,0|4,2,10,12,0
14,4|4|4|4|4|2|1|1|1|1|1|1,252987314580,0,1,4,4,0
14,4|4|4|4|4|1|1|1|1|1|1|1|1,66258582390,0,1,2,2,0
14,4|4|4|4|3|3|3|3,101507255850,0,1,2,2,0
14,4|4|4|4|3|3|3|2|1,556839803520,3,1,11,11,1
14,4|4|4|4|3|3|3|1|1|1,501958957500,0|2,2,4,8,0
14,4|4|4|4|3|3|2|2|2,442940752800,0|4,2,10,12,0
14,4|4|4|4|3|3|2|2|1|1,975808213380,0,1,4,4,0
14,4|4|4|4|3|3|2|1|1|1|1,836598262500,0,1,4,4,0
14,4|4|4|4|3|3|1|1|1|1|1|1,353379106080,0|4,2,10,12,0
14,4|4|4|4|3|2|2|2|2|1,626079717900,0,1,4,4,0
14,4|4|4|4|3|2|2|2|1|1|1,856676620800,3|5,2,15,16,1
14,4|4|4|4|3|2|2|1|1|1|1|1,662585823900,0,1,4,4,0
14,4|4|4|4|3|2|1|1|1|1|1|1|1,321253732800,3,1,9,9,1
14,4|4|4|4|3|1|1|1|1|1|1|1|1|1,84447212850,0,1,2,2,0
14,4|4|4|4|2|2|2|2|2|2,143103935520,0|2,2,10,15,0
14,4|4|4|4|2|2|2|2|2|1|1,344982701700,0,1,4,4,0
14,4|4|4|4|2|2|2|2|1|1|1|1,368103235500,0,1,4,4,0
14,4|4|4|4|2|2|2|1|1|1|1|1|1,257672264850,0|2,2,2,6,0
14,4|4|4|4|2|2|1|1|1|1|1|1|1|1,124367713470,0|2,2,2,6,0
14,4|4|4|4|2|1|1|1|1|1|1|1|1|1|1,39408699330,0,1,2,2,0
14,4|4|4|4|1|1|1|1|1|1|1|1|1|1|1|1,6599542950,0,1,2,2,0
14,4|4|4|3|3|3|3|3|1,182713060530,0,1,2,2,0
14,4|4|4|3|3|3|3|2|2,284747626800,0|4,2,8,10,0
14,4|4|4|3|3|3|3|2|1|1,585618783750,0,1,2,2,0
14,4|4|4|3|3|3|3|1|1|1|1,394396323750,0,1,2,2,0
14,4|4|4|3|3|3|2|2|2|1,623037542400,5|7,2,19,20,1
14,4|4|4|3|3|3|2|2|1|1|1,824551247520,0|2|4|6,4,10,14,0
14,4|4|4|3|3|3|2|1|1|1|1|1,587435397120,5|7,2,19,20,1
14,4|4|4|3|3|3|1|1|1|1|1|1|1,223730278200,0|4,2,6,8,0
14,4|4|4|3|3|2|2|2|2|2,268319879100,0,1,4,4,0
14,4|4|4|3|3|2|2|2|2|1|1,642507465600,0|2|4|6,4,14,18,0
14,4|4|4|3|3|2|2|2|1|1|1|1,674632838880,0|2|4|6,4,10,14,0
14,4|4|4|3|3|2|2|1|1|1|1|1|1,456782651325,0,1,0,0,0
14,4|4|4|3|3|2|1|1|1|1|1|1|1|1,204622092675,0,1,0,0,0
14,4|4|4|3|3|1|1|1|1|1|1|1|1|1|1,51967515600,0|2|4|6,4,8,12,0
14,4|4|4|3|2|2|2|2|2|2|1,252987314580,0,1,4,4,0
14,4|4|4|3|2|2|2|2|2|1|1|1,373822525440,5|7,2,19,20,1
14,4|4|4|3|2|2|2|2|1|1|1|1|1,334973944305,0,1,0,0,0
14,4|4|4|3|2|2|2|1|1|1|1|1|1|1,211649518080,5,1,13,13,1
14,4|4|4|3|2|2|1|1|1|1|1|1|1|1|1,95962741875,0,1,0,0,0
14,4|4|4|3|2|1|1|1|1|1|1|1|1|1|1|1,29705195520,5|7,2,19,20,1
14,4|4|4|3|1|1|1|1|1|1|1|1|1|1|1|1|1,5178102930,0,1,2,2,0
14,4|4|4|2|2|2|2|2|2|2|2,38612227500,0,1,4,4,0
14,4|4|4|2|2|2|2|2|2|2|1|1,96376119840,0|4,2,10,12,0
14,4|4|4|2|2|2|2|2|2|1|1|1|1,110735188200,0|4,2,6,8,0
14,4|4|4|2|2|2|2|2|1|1|1|1|1|1,87773921235,0,1,0,0,0
14,4|4|4|2|2|2|2|1|1|1|1|1|1|1|1,51672245625,0,1,0,0,0
14,4|4|4|2|2|2|1|1|1|1|1|1|1|1|1|1,22792770000,0|4,2,8,10,0
14,4|4|4|2|2|1|1|1|1|1|1|1|1|1|1|1|1,7326839520,0|4,2,10,12,0
14,4|4|4|2|1|1|1|1|1|1|1|1|1|1|1|1|1|1,1585133550,0,1,2,2,0
14,4|4|4|1|1|1|1|1|1|1|1|1|1|1|1|1|1|1|1,182530530,0,1,2,2,0
14,4|4|3|3|3|3|3|3|2,83051391150,0,1,2,2,0
14,4|4|3|3|3|3|3|3|1|1,137425207920,0|4,2,8,10,0
14,4|4|3|3|3|3|3|2|2|1,271057837050,0,1,2,2,0
14,4|4|3|3|3|3|3|2|1|1|1,330432410880,3|5,2,13,14,1
14,4|4|3|3|3|3|3|1|1|1|1|1,182713060530,0,1,2,2,0
14,4|4|3|3|3|3|2|2|2|2,167319652500,0,1,4,4,0
14,4|4|3|3|3|3|2|2|2|1|1,394265944800,0|2|4|6,4,10,14,0
14,4|4|3|3|3|3|2|2|1|1|1|1,397742716800,0|2|4|6,4,14,18,0
14,4|4|3|3|3|3|2|1|1|1|1|1|1,245959889175,0,1,0,0,0
14,4|4|3|3|3|3|1|1|1|1|1|1|1|1,85417385625,0,1,0,0,0
14,4|4|3|3|3|2|2|2|2|2|1,233639078400,3|5,2,15,16,1
14,4|4|3|3|3|2|2|2|2|1|1|1,341697152160,0|2|4|6,4,10,14,0
14,4|4|3|3|3|2|2|2|1|1|1|1|1,299836817280,3|5,2,11,12,1
14,4|4|3|3|3|2|2|1|1|1|1|1|1|1,181886304600,0|4,2,6,8,0
14,4|4|3|3|3|2|1|1|1|1|1|1|1|1|1,75589113600,3|5,2,13,14,1
14,4|4|3|3|3|1|1|1|1|1|1|1|1|1|1|1,18317098800,0|2|4|6,4,8,12,0
14,4|4|3|3|2|2|2|2|2|2|2,66721929120,0|4,2,10,12,0
14,4|4|3|3|2|2|2|2|2|2|1|1,166102782300,0,1,4,4,0
14,4|4|3|3|2|2|2|2|2|1|1|1|1,189740485935,0,1,0,0,0
14,4|4|3|3|2|2|2|2|1|1|1|1|1|1,148816067400,0|4,2,6,8,0
14,4|4|3|3|2|2|2|1|1|1|1|1|1|1|1,85982616720,0|4,2,8,10,0
14,4|4|3|3|2|2|1|1|1|1|1|1|1|1|1|1,36616585005,0,1,0,0,0
14,4|4|3|3|2|1|1|1|1|1|1|1|1|1|1|1|1,10909448550,0,1,2,2,0
14,4|4|3|3|1|1|1|1|1|1|1|1|1|1|1|1|1|1,1889727840,0|4,2,10,12,0
14,4|4|3|2|2|2|2|2|2|2|2|1,44172388260,0,1,4,4,0
14,4|4|3|2|2|2|2|2|2|2|1|1|1,68144731200,3,1,9,9,1
14,4|4|3|2|2|2|2|2|2|1|1|1|1|1,65952575325,0,1,0,0,0
14,4|4|3|2|2|2|2|2|1|1|1|1|1|1|1,47033226240,3|5,2,17,18,1
14,4|4|3|2|2|2|2|1|1|1|1|1|1|1|1|1,25685034375,0,1,0,0,0
14,4|4|3|2|2|2|1|1|1|1|1|1|1|1|1|1|1,10741610880,3,1,11,11,1
14,4|4|3|2|2|1|1|1|1|1|1|1|1|1|1|1|1|1,3346393050,0,1,2,2,0
14,4|4|3|2|1|1|1|1|1|1|1|1|1|1|1|1|1|1|1,723340800,3|5,2,15,16,1
14,4|4|3|1|1|1|1|1|1|1|1|1|1|1|1|1|1|1|1|1,88230870,0,1,2,2,0
14,4|4|2|2|2|2|2|2|2|2|2|2,4589339040,0|2|4|6,4,10,14,0
14,4|4|2|2|2|2|2|2|2|2|2|1|1,11712375675,0,1,0,0,0
14,4|4|2|2|2|2|2|2|2|2|1|1|1|1,14092430625,0,1,0,0,0
14,4|4|2|2|2|2|2|2|2|1|1|1|1|1|1,12025540800,0|2|4|6,4,12,16,0
14,4|4|2|2|2|2|2|2|1|1|1|1|1|1|1|1,7890442560,0|2|4|6,4,12,16,0
14,4|4|2|2|2|2|2|1|1|1|1|1|1|1|1|1|1,4068509445,0,1,0,0,0
14,4|4|2|2|2|2|1|1|1|1|1|1|1|1|1|1|1|1,1645075575,0,1,0,0,0
14,4|4|2|2|2|1|1|1|1|1|1|1|1|1|1|1|1|1|1,511290000,0|2|4|6,4,8,12,0
14,4|4|2|2|1|1|1|1|1|1|1|1|1|1|1|1|1|1|1|1,116953200,0|2|4|6,4,8,12,0
14,4|4|2|1|1|1|1|1|1|1|1|1|1|1|1|1|1|1|1|1|1,17972955,0,1,0,0,0
14,4|4|1|1|1|1|1|1|1|1|1|1|1|1|1|1|1|1|1|1|1|1,1450449,0,1,0,0,0
14,4|3|3|3|3|3|3|3|3,8700621930,0,1,2,2,0
14,4|3|3|3|3|3|3|3|2|1,51919795200,5,1,15,15,1
14,4|3|3|3|3|3|3|3|1|1|1,49717839600,0|4,2,8,10,0
14,4|3|3|3|3|3|3|2|2|2,46849502700,0|2,2,4,8,0
14,4|3|3|3|3|3|3|2|2|1|1,106780360050,0,1,2,2,0
14,4|3|3|3|3|3|3|2|1|1|1|1,98383955670,0,1,2,2,0
14,4|3|3|3|3|3|3|1|1|1|1|1|1,46849502700,0|2,2,4,9,0
14,4|3|3|3|3|3|2|2|2|2|1,87006219300,0,1,4,4,0
14,4|3|3|3|3|3|2|2|2|1|1|1,124607508480,5|7,2,19,20,1
14,4|3|3|3|3|3|2|2|1|1|1|1|1,104550880005,0,1,0,0,0
14,4|3|3|3|3|3|2|1|1|1|1|1|1|1,57591705600,5,1,19,19,1
14,4|3|3|3|3|3|1|1|1|1|1|1|1|1|1,18405161775,0,1,0,0,0
14,4|3|3|3|3|2|2|2|2|2|2,34072365600,0|4,2,10,12,0
14,4|3|3|3|3|2|2|2|2|2|1|1,84329104860,0,1,4,4,0
14,4|3|3|3|3|2|2|2|2|1|1|1|1,95067984375,0,1,0,0,0
14,4|3|3|3|3|2|2|2|1|1|1|1|1|1,72754521840,0|4,2,8,10,0
14,4|3|3|3|3|2|2|1|1|1|1|1|1|1|1,40156716600,0|4,2,6,8,0
14,4|3|3|3|3|2|1|1|1|1|1|1|1|1|1|1,15556065525,0,1,0,0,0
14,4|3|3|3|3|1|1|1|1|1|1|1|1|1|1|1|1,3582609030,0,1,2,2,0
14,4|3|3|3|2|2|2|2|2|2|2|1,33548175360,5,1,17,17,1
14,4|3|3|3|2|2|2|2|2|2|1|1|1,51534452970,0|2,2,2,6,0
14,4|3|3|3|2|2|2|2|2|1|1|1|1|1,49476510720,5,1,15,15,1
14,4|3|3|3|2|2|2|2|1|1|1|1|1|1|1,34802487720,0|4,2,6,8,0
14,4|3|3|3|2|2|2|1|1|1|1|1|1|1|1|1,18565747200,5,1,13,13,1
14,4|3|3|3|2|2|1|1|1|1|1|1|1|1|1|1|1,7440803370,0|2,2,2,6,0
14,4|3|3|3|2|1|1|1|1|1|1|1|1|1|1|1|1|1,2121799680,5,1,17,17,1
14,4|3|3|3|1|1|1|1|1|1|1|1|1|1|1|1|1|1|1,358656480,0|4,2,10,12,0
14,4|3|3|2|2|2|2|2|2|2|2|2,6692786100,0,1,4,4,0
14,4|3|3|2|2|2|2|2|2|2|2|1|1,17059584150,0|2,2,2,6,0
14,4|3|3|2|2|2|2|2|2|2|1|1|1|1,20472051600,0|2,2,8,13,0
14,4|3|3|2|2|2|2|2|2|1|1|1|1|1|1,17391103275,0,1,0,0,0
14,4|3|3|2|2|2|2|2|1|1|1|1|1|1|1|1,11329042725,0,1,0,0,0
14,4|3|3|2|2|2|2|1|1|1|1|1|1|1|1|1|1,5774168400,0|2,2,8,13,0
14,4|3|3|2|2|2|1|1|1|1|1|1|1|1|1|1|1|1,2289637350,0|2,2,2,6,0
14,4|3|3|2|2|1|1|1|1|1|1|1|1|1|1|1|1|1|1,686608650,0,1,2,2,0
14,4|3|3|2|1|1|1|1|1|1|1|1|1|1|1|1|1|1|1|1,145495350,0,1,2,2,0
14,4|3|3|1|1|1|1|1|1|1|1|1|1|1|1|1|1|1|1|1|1,17895150,0|2,2,2,6,0
14,4|3|2|2|2|2|2|2|2|2|2|2|1,3107364975,0,1,0,0,0
14,4|3|2|2|2|2|2|2|2|2|2|1|1|1,4933555200,5,1,15,15,1
14,4|3|2|2|2|2|2|2|2|2|1|1|1|1|1,5019589575,0,1,0,0,0
14,4|3|2|2|2|2|2|2|2|1|1|1|1|1|1|1,3857817600,5|7,2,21,22,1
14,4|3|2|2|2|2|2|2|1|1|1|1|1|1|1|1|1,2342475135,0,1,0,0,0
14,4|3|2|2|2|2|2|1|1|1|1|1|1|1|1|1|1|1,1136678400,5,1,13,13,1
14,4|3|2|2|2|2|1|1|1|1|1|1|1|1|1|1|1|1|1,438431175,0,1,0,0,0
14,4|3|2|2|2|1|1|1|1|1|1|1|1|1|1|1|1|1|1|1,131788800,5|7,2,19,20,1
14,4|3|2|2|1|1|1|1|1|1|1|1|1|1|1|1|1|1|1|1|1,29668275,0,1,0,0,0
14,4|3|2|1|1|1|1|1|1|1|1|1|1|1|1|1|1|1|1|1|1|1,4612608,5,1,13,13,1
14,4|3|1|1|1|1|1|1|1|1|1|1|1|1|1|1|1|1|1|1|1|1|1,398475,0,1,0,0,0
14,4|2|2|2|2|2|2|2|2|2|2|2|2,212952285,0,1,0,0,0
14,4|2|2|2|2|2|2|2|2|2|2|2|1|1,552193200,0|4,2,8,10,0
14,4|2|2|2|2|2|2|2|2|2|2|1|1|1|1,686439600,0|4,2,8,10,0
14,4|2|2|2|2|2|2|2|2|2|1|1|1|1|1|1,616440825,0,1,0,0,0
14,4|2|2|2|2|2|2|2|2|1|1|1|1|1|1|1|1,434852145,0,1,0,0,0
14,4|2|2|2|2|2|2|2|1|1|1|1|1|1|1|1|1|1,247464360,0|4,2,6,8,0
14,4|2|2|2|2|2|2|1|1|1|1|1|1|1|1|1|1|1|1,114277800,0|4,2,6,8,0
14,4|2|2|2|2|2|1|1|1|1|1|1|1|1|1|1|1|1|1|1,42567525,0,1,0,0,0
14,4|2|2|2|2|1|1|1|1|1|1|1|1|1|1|1|1|1|1|1|1,12580425,0,1,0,0,0
14,4|2|2|2|1|1|1|1|1|1|1|1|1|1|1|1|1|1|1|1|1|1,2863224,0|4,2,6,8,0
14,4|2|2|1|1|1|1|1|1|1|1|1|1|1|1|1|1|1|1|1|1|1|1,476280,0|4,2,6,8,0
14,4|2|1|1|1|1|1|1|1|1|1|1|1|1|1|1|1|1|1|1|1|1|1|1,52325,0,1,0,0,0
14,4|1|1|1|1|1|1|1|1|1|1|1|1|1|1|1|1|1|1|1|1|1|1|1|1,2925,0,1,0,0,0
14,3|3|3|3|3|3|3|3|3|1,2900207310,0,1,2,2,0
14,3|3|3|3|3|3|3|3|2|2,4745793780,0|2,2,4,8,0
14,3|3|3|3|3|3|3|3|2|1|1,10039179150,0,1,2,2,0
14,3|3|3|3|3|3|3|3|1|1|1|1,7170842250,0,1,2,2,0
14,3|3|3|3|3|3|3|2|2|2|1,11681953920,3,1,11,11,1
14,3|3|3|3|3|3|3|2|2|1|1|1,16062686640,0|4,2,8,10,0
14,3|3|3|3|3|3|3|2|1|1|1|1|1,12238237440,3,1,13,13,1
14,3|3|3|3|3|3|3|1|1|1|1|1|1|1,5163006420,0|2,2,4,9,0
14,3|3|3|3|3|3|2|2|2|2|2,5962663980,0,1,4,4,0
14,3|3|3|3|3|3|2|2|2|2|1|1,14602442400,0|4,2,10,12,0
14,3|3|3|3|3|3|2|2|2|1|1|1|1,16062686640,0|4,2,8,10,0
14,3|3|3|3|3|3|2|2|1|1|1|1|1|1,11712375675,0,1,0,0,0
14,3|3|3|3|3|3|2|1|1|1|1|1|1|1|1,5846345505,0,1,0,0,0
14,3|3|3|3|3|3|1|1|1|1|1|1|1|1|1|1,1732250520,0|4,2,6,8,0
14,3|3|3|3|3|2|2|2|2|2|2|1,7666282260,0,1,4,4,0
14,3|3|3|3|3|2|2|2|2|2|1|1|1,11681953920,3,1,11,11,1
14,3|3|3|3|3|2|2|2|2|1|1|1|1|1,11043097065,0,1,0,0,0
14,3|3|3|3|3|2|2|2|1|1|1|1|1|1|1,7558911360,3|5,2,11,12,1
14,3|3|3|3|3|2|2|1|1|1|1|1|1|1|1|1,3838509675,0,1,0,0,0
14,3|3|3|3|3|2|1|1|1|1|1|1|1|1|1|1|1,1392431040,3,1,9,9,1
14,3|3|3|3|3|1|1|1|1|1|1|1|1|1|1|1|1|1,304594290,0,1,2,2,0
14,3|3|3|3|2|2|2|2|2|2|2|2,2106121500,0,1,4,4,0
14,3|3|3|3|2|2|2|2|2|2|2|1|1,5354228880,0|2,2,8,13,0
14,3|3|3|3|2|2|2|2|2|2|1|1|1|1,6388568550,0|2,2,2,6,0
14,3|3|3|3|2|2|2|2|2|1|1|1|1|1|1,5373913545,0,1,0,0,0
14,3|3|3|3|2|2|2|2|1|1|1|1|1|1|1|1,3444816375,0,1,0,0,0
14,3|3|3|3|2|2|2|1|1|1|1|1|1|1|1|1|1,1709457750,0|2,2,2,6,0
14,3|3|3|3|2|2|1|1|1|1|1|1|1|1|1|1|1|1,646485840,0|2,2,8,13,0
14,3|3|3|3|2|1|1|1|1|1|1|1|1|1|1|1|1|1|1,176125950,0,1,2,2,0
14,3|3|3|3|1|1|1|1|1|1|1|1|1|1|1|1|1|1|1|1,28820610,0,1,2,2,0
14,3|3|3|2|2|2|2|2|2|2|2|2|1,1497686400,3,1,11,11,1
14,3|3|3|2|2|2|2|2|2|2|2|1|1|1,2372896890,0|2,2,2,6,0
14,3|3|3|2|2|2|2|2|2|2|1|1|1|1|1,2405108160,3,1,9,9,1
14,3|3|3|2|2|2|2|2|2|1|1|1|1|1|1|1,1837235400,0|4,2,6,8,0
14,3|3|3|2|2|2|2|2|1|1|1|1|1|1|1|1|1,1105104000,3,1,11,11,1
14,3|3|3|2|2|2|2|1|1|1|1|1|1|1|1|1|1|1,528377850,0|2,2,2,6,0
14,3|3|3|2|2|2|1|1|1|1|1|1|1|1|1|1|1|1|1,198918720,3,1,9,9,1
14,3|3|3|2|2|1|1|1|1|1|1|1|1|1|1|1|1|1|1|1,57264480,0|4,2,10,12,0
14,3|3|3|2|1|1|1|1|1|1|1|1|1|1|1|1|1|1|1|1|1,11793600,3,1,9,9,1
14,3|3|3|1|1|1|1|1|1|1|1|1|1|1|1|1|1|1|1|1|1|1,1433250,0|2,2,2,6,0
14,3|3|2|2|2|2|2|2|2|2|2|2|2,208606320,0|4,2,8,10,0
14,3|3|2|2|2|2|2|2|2|2|2|2|1|1,540571185,0,1,0,0,0
14,3|3|2|2|2|2|2|2|2|2|2|1|1|1|1,671068125,0,1,0,0,0
14,3|3|2|2|2|2|2|2|2|2|1|1|1|1|1|1,601277040,0|4,2,8,10,0
14,3|3|2|2|2|2|2|2|2|1|1|1|1|1|1|1|1,422702280,0|4,2,6,8,0
14,3|3|2|2|2|2|2|2|1|1|1|1|1|1|1|1|1|1,239324085,0,1,0,0,0
14,3|3|2|2|2|2|2|1|1|1|1|1|1|1|1|1|1|1|1,109671705,0,1,0,0,0
14,3|3|2|2|2|2|1|1|1|1|1|1|1|1|1|1|1|1|1|1,40365000,0|4,2,6,8,0
14,3|3|2|2|2|1|1|1|1|1|1|1|1|1|1|1|1|1|1|1|1,11695320,0|4,2,6,8,0
14,3|3|2|2|1|1|1|1|1|1|1|1|1|1|1|1|1|1|1|1|1|1,2567565,0,1,0,0,0
14,3|3|2|1|1|1|1|1|1|1|1|1|1|1|1|1|1|1|1|1|1|1|1,395577,0,1,0,0,0
14,3|3|1|1|1|1|1|1|1|1|1|1|1|1|1|1|1|1|1|1|1|1|1|1,34776,0|4,2,6,8,0
14,3|2|2|2|2|2|2|2|2|2|2|2|2|1,65189475,0,1,0,0,0
14,3|2|2|2|2|2|2|2|2|2|2|2|1|1|1,105719040,3|5,2,13,14,1
14,3|2|2|2|2|2|2|2|2|2|2|1|1|1|1|1,111546435,0,1,0,0,0
14,3|2|2|2|2|2|2|2|2|2|1|1|1|1|1|1|1,90417600,3,1,9,9,1
14,3|2|2|2|2|2|2|2|2|1|1|1|1|1|1|1|1|1,59053995,0,1,0,0,0
14,3|2|2|2|2|2|2|2|1|1|1|1|1|1|1|1|1|1|1,31574400,3|5,2,11,12,1
14,3|2|2|2|2|2|2|1|1|1|1|1|1|1|1|1|1|1|1|1,13845195,0,1,0,0,0
14,3|2|2|2|2|2|1|1|1|1|1|1|1|1|1|1|1|1|1|1|1,4942080,3,1,13,13,1
14,3|2|2|2|2|1|1|1|1|1|1|1|1|1|1|1|1|1|1|1|1|1,1412775,0,1,0,0,0
14,3|2|2|2|1|1|1|1|1|1|1|1|1|1|1|1|1|1|1|1|1|1|1,314496,3|5,2,11,12,1
14,3|2|2|1|1|1|1|1|1|1|1|1|1|1|1|1|1|1|1|1|1|1|1|1,51975,0,1,0,0,0
14,3|2|1|1|1|1|1|1|1|1|1|1|1|1|1|1|1|1|1|1|1|1|1|1|1,5824,3,1,9,9,1
14,3|1|1|1|1|1|1|1|1|1|1|1|1|1|1|1|1|1|1|1|1|1|1|1|1|1,351,0,1,0,0,0
14,2|2|2|2|2|2|2|2|2|2|2|2|2|2,2674440,0|2,2,6,11,0
14,2|2|2|2|2|2|2|2|2|2|2|2|2|1|1,7020405,0,1,0,0,0
14,2|2|2|2|2|2|2|2|2|2|2|2|1|1|1|1,8947575,0,1,0,0,0
14,2|2|2|2|2|2|2|2|2|2|2|1|1|1|1|1|1,8351070,0|2,2,2,6,0
14,2|2|2|2|2|2|2|2|2|2|1|1|1|1|1|1|1|1,6216210,0|2,2,2,6,0
14,2|2|2|2|2|2|2|2|2|1|1|1|1|1|1|1|1|1|1,3798795,0,1,0,0,0
14,2|2|2|2|2|2|2|2|1|1|1|1|1|1|1|1|1|1|1|1,1924065,0,1,0,0,0
14,2|2|2|2|2|2|2|1|1|1|1|1|1|1|1|1|1|1|1|1|1,807300,0|2,2,4,9,0
14,2|2|2|2|2|2|1|1|1|1|1|1|1|1|1|1|1|1|1|1|1|1,278460,0|2,2,4,9,0
14,2|2|2|2|2|1|1|1|1|1|1|1|1|1|1|1|1|1|1|1|1|1|1,77805,0,1,0,0,0
14,2|2|2|2|1|1|1|1|1|1|1|1|1|1|1|1|1|1|1|1|1|1|1|1,17199,0,1,0,0,0
14,2|2|2|1|1|1|1|1|1|1|1|1|1|1|1|1|1|1|1|1|1|1|1|1|1,2898,0|2,2,2,6,0
14,2|2|1|1|1|1|1|1|1|1|1|1|1|1|1|1|1|1|1|1|1|1|1|1|1|1,350,0|2,2,2,6,0
14,2|1|1|1|1|1|1|1|1|1|1|1|1|1|1|1|1|1|1|1|1|1|1|1|1|1|1,27,0,1,0,0,0
14,1|1|1|1|1|1|1|1|1|1|1|1|1|1|1|1|1|1|1|1|1|1|1|1|1|1|1|1,1,0,1,0,0,0
