m,lam,parity,Jstar,Jsize,mu,vpi,vpi_minus_mu,Mvec,valvec
2,2|2,0,0|2,2,2,inf,inf,2|1|1,2|3|2
3,4|1|1,0,0|2,2,2,3,1,10|4|1|0,2|5|2|inf
3,3|1|1|1,0,0|2,2,2,3,1,10|6|3|1,2|3|2|3
4,6|2,0,0|2,2,4,6,2,20|5|1|0|0,4|5|4|inf|inf
4,5|3,0,0|2,2,4,6,2,28|9|3|1|0,4|5|4|7|inf
4,4|2|2,0,0|4,2,6,8,2,56|26|12|5|2,6|7|8|7|6
4,3|3|1|1,0,0|4,2,6,8,2,56|30|16|9|6,6|7|12|7|6
4,2|2|2|1|1,0,0|2,2,4,6,2,28|19|13|9|6,4|5|4|7|6
4,2|2|1|1|1|1,0,0|2,2,4,6,2,20|15|11|8|6,4|5|4|13|6
5,8|1|1,0,0|2,2,4,5,1,36|8|1|0|0|0,4|7|4|inf|inf|inf
5,7|1|1|1,0,0|2,2,4,5,1,84|28|7|1|0|0,4|5|4|5|inf|inf
5,5|2|1|1|1,1,3|5,2,9,11,2,448|224|104|44|16|4,12|11|10|9|12|9
5,4|4|2,0,0|2,2,4,5,1,252|112|51|24|12|6,4|9|4|11|8|7
5,4|4|1|1,0,0|2,2,4,5,1,300|140|65|31|16|10,4|5|4|5|12|7
5,4|2|2|2,0,0|2,2,4,5,1,300|160|85|44|22|10,4|11|4|9|6|7
5,4|1|1|1|1|1|1,0,0|2,2,4,5,1,84|56|35|20|10|4,4|7|4|9|6|9
5,3|3|2|2,0,0|2,2,4,5,1,252|140|79|45|26|16,4|5|4|5|6|13
5,3|1|1|1|1|1|1|1,0,0|2,2,4,5,1,36|28|21|15|10|6,4|5|4|5|6|7
6,10|2,0,0|2,2,2,6,4,54|9|1|0|0|0|0,2|3|2|inf|inf|inf|inf
6,9|3,0,0|2,2,2,6,4,154|35|7|1|0|0|0,2|3|2|7|inf|inf|inf
6,8|2|2,0,0|4,2,6,8,2,616|196|56|13|2|0|0,6|7|8|7|6|inf|inf
6,7|4|1,1,3|5,2,11,12,1,1408|480|160|52|16|4|0,14|13|12|11|12|11|inf
6,7|3|1|1,0,0|4,2,6,8,2,2376|900|320|105|30|6|0,6|7|14|7|6|9|inf
6,6|6,0,0|2,2,4,9,5,132|42|14|5|2|1|1,4|5|4|7|6|7|6
6,6|4|1|1,0,0|4,2,6,8,2,3080|1260|504|199|78|30|10,6|7|8|7|6|9|8
6,6|3|3,0,0|2,2,2,6,4,1650|675|275|110|42|15|5,2|3|2|9|6|7|6
6,6|3|1|1|1,0,0|2|4|6,4,8,15,7,3696|1680|728|300|116|40|10,8|11|8|11|8|13|8
6,6|2|2|1|1,0,0|2,2,4,9,5,3564|1674|750|315|120|39|9,4|5|4|7|10|7|6
6,6|2|1|1|1|1,0,0|2,2,4,8,4,2100|1050|490|210|80|25|5,4|5|4|9|12|7|6
6,5|5|2,0,0|4,2,6,8,2,1320|540|224|95|42|20|10,6|7|12|7|6|11|8
6,5|3|3|1,0,0|2,2,2,6,4,4158|1953|917|429|198|89|39,2|3|2|7|6|7|6
6,5|3|2|1|1,0,0|2,2,4,8,4,7700|3850|1890|910|428|195|85,4|5|4|9|8|7|6
6,5|3|1|1|1|1,0,0|2,2,4,9,5,3564|1890|966|477|228|105|45,4|5|4|7|8|7|6
6,5|2|2|1|1|1,0,0|2|4|6,4,8,15,7,3696|2016|1064|540|260|116|46,8|13|8|11|8|11|8
6,4|4|2|2,0,0|2|4|6,4,8,12,4,2640|1320|664|336|172|90|50,8|9|8|15|8|9|8
6,4|3|3|1|1,0,0|2,2,2,6,4,4158|2205|1169|621|330|174|90,2|3|2|7|6|9|8
6,4|2|2|2|1|1,0,0|4,2,6,8,2,3080|1820|1064|613|346|190|100,6|7|8|7|6|9|10
6,4|2|2|1|1|1|1,0,0|4,2,6,8,2,2376|1476|896|531|306|170|90,6|7|16|7|6|9|8
6,3|3|3|1|1|1,0,0|2,2,2,6,4,1650|975|575|340|202|120|70,2|3|2|11|6|13|8
6,3|3|2|2|2,0,0|4,2,6,8,2,1320|780|464|277|166|100|60,6|7|10|7|6|11|10
6,3|3|1|1|1|1|1|1,0,0|4,2,6,8,2,616|420|280|183|118|76|50,6|7|8|7|6|11|8
6,3|2|2|2|1|1|1,1,3|5,2,11,12,1,1408|928|608|396|256|164|104,14|13|12|11|20|11|12
6,2|2|2|2|2|2,0,0|2,2,4,9,5,132|90|62|43|30|21|15,4|5|4|7|6|7|6
6,2|2|2|1|1|1|1|1|1,0,0|2,2,2,6,4,154|119|91|69|52|39|29,2|3|2|7|8|7|6
6,2|2|1|1|1|1|1|1|1|1,0,0|2,2,2,6,4,54|45|37|30|24|19|15,2|3|2|9|10|7|6
7,12|1|1,0,0|2,2,2,3,1,78|12|1|0|0|0|0|0,2|5|2|inf|inf|inf|inf|inf
7,11|1|1|1,0,0|2,2,2,3,1,286|66|11|1|0|0|0|0,2|3|2|3|inf|inf|inf|inf
7,9|2|1|1|1,1,3|5,2,9,15,6,4928|1760|560|152|32|4|0|0,12|11|10|9|14|9|inf|inf
7,8|5|1,0,0|2,2,2,3,1,6006|1980|645|208|66|20|5|0,2|5|2|11|6|9|6|inf
7,8|4|2,0,0|2,2,4,5,1,12012|4224|1450|480|150|42|9|0,4|15|4|13|6|7|6|inf
7,8|4|1|1,0,0|2,2,2,3,1,13650|4950|1725|575|180|50|10|0,2|3|2|3|8|7|8|inf
7,8|2|2|2,0,0|2,2,4,5,1,7644|3024|1134|392|120|30|5|0,4|9|4|9|10|7|6|inf
7,8|1|1|1|1|1|1,0,0|2,2,4,5,1,1716|792|330|120|36|8|1|0,4|7|4|9|8|11|6|inf
7,7|5|2,0,0|2,2,2,3,1,14014|5236|1953|728|272|102|38|14,2|5|2|9|12|7|8|9
7,7|5|1|1,0,0|2,2,4,5,1,15444|5940|2250|846|318|120|45|15,4|5|4|5|6|11|6|7
7,7|4|2|1,0,0|2,2,2,3,1,42042|17094|6825|2667|1014|370|125|35,2|3|2|3|6|7|6|7
7,7|4|1|1|1,1,3|7,2,11,13,2,24960|10560|4320|1712|656|240|80|20,14|13|12|11|12|13|14|11
7,7|3|2|2,0,0|2,2,4,5,1,28028|12012|5026|2030|780|278|87|21,4|5|4|5|8|7|6|7
7,7|1|1|1|1|1|1|1,0,0|2,2,4,5,1,1716|924|462|210|84|28|7|1,4|5|4|5|8|9|6|7
7,6|4|2|2,0,0|2,2,2,3,1,42042|18942|8477|3759|1650|716|306|126,2|3|2|3|6|9|8|9
7,6|3|3|1|1,0,0|2|4|6,4,8,12,4,48048|22704|10584|4856|2180|948|394|154,8|9|8|9|8|9|8|9
7,6|3|2|1|1|1,1,5|7,2,13,15,2,59904|29952|14592|6912|3168|1392|576|216,18|17|18|19|14|13|18|13
7,5|5|2|2,0,0|2,2,2,3,1,21450|9900|4575|2120|990|470|230|120,2|5|2|9|6|7|8|13
7,5|4|3|1|1,1,3|5,2,9,13,4,64064|31328|15280|7448|3632|1772|864|420,12|11|10|9|12|9|16|11
7,5|3|3|2|1,1,3|5,2,9,13,4,64064|32736|16688|8472|4272|2132|1048|504,12|11|10|9|12|9|12|13
7,5|3|3|1|1|1,0,0|2|4|6,4,8,12,4,48048|25344|13224|6832|3492|1760|870|420,8|17|8|11|8|15|8|11
7,5|2|2|2|1|1|1,1,3|7,2,11,13,2,24960|14400|8160|4528|2448|1280|640|300,14|13|12|11|12|21|20|11
7,5|2|1|1|1|1|1|1|1,1,3|5,2,9,15,6,4928|3168|1968|1176|672|364|184|84,12|11|10|9|14|9|12|11
7,4|4|4|2,0,0|2,2,4,5,1,12012|5940|2970|1502|768|396|205|105,4|5|4|5|20|9|6|7
7,4|4|3|3,0,0|2,2,4,5,1,12012|6072|3102|1600|832|436|231|126,4|7|4|15|16|9|6|9
7,4|4|2|2|2,0,0|2,2,2,3,1,21450|11550|6225|3355|1810|980|535|295,2|3|2|3|6|9|6|7
7,4|4|2|2|1|1,0,0|2,2,2,3,1,42042|23100|12635|6888|3750|2046|1125|630,2|5|2|9|6|7|6|9
7,4|4|2|1|1|1|1,0,0|2,2,4,5,1,28028|16016|9030|5040|2796|1550|865|490,4|9|4|11|8|7|6|9
7,4|4|1|1|1|1|1|1,0,0|2,2,4,5,1,7644|4620|2730|1582|904|514|295|175,4|5|4|5|10|7|6|7
7,4|3|2|2|1|1|1,0,0|2,2,2,3,1,42042|24948|14679|8568|4962|2852|1628|924,2|5|2|9|6|9|10|11
7,4|2|2|2|2|1|1,0,0|2,2,4,5,1,15444|9504|5814|3528|2118|1254|729|414,4|11|4|9|6|7|6|9
7,4|2|2|2|1|1|1|1,0,0|2,2,2,3,1,13650|8700|5475|3400|2080|1250|735|420,2|5|2|9|14|7|6|11
7,4|1|1|1|1|1|1|1|1|1|1,0,0|2,2,2,3,1,286|220|165|120|84|56|35|20,2|5|2|9|8|11|6|11
7,3|3|2|2|2|1|1,0,0|2,2,2,3,1,14014|8778|5495|3437|2148|1342|839|525,2|3|2|3|8|7|6|7
7,3|3|2|2|1|1|1|1,0,0|2,2,4,5,1,12012|7788|5014|3210|2046|1300|825|525,4|5|4|5|6|9|6|7
7,3|2|2|2|2|1|1|1,0,0|2,2,2,3,1,6006|4026|2691|1793|1190|786|516|336,2|3|2|3|6|7|10|15
7,3|1|1|1|1|1|1|1|1|1|1|1,0,0|2,2,2,3,1,78|66|55|45|36|28|21|15,2|3|2|3|8|9|6|7
8,14|2,0,0|2,2,6,8,2,104|13|1|0|0|0|0|0|0,6|7|6|inf|inf|inf|inf|inf|inf
8,13|3,0,0|2,2,6,8,2,440|77|11|1|0|0|0|0|0,6|7|6|9|inf|inf|inf|inf|inf
8,12|2|2,0,0|4,2,8,10,2,2640|638|132|21|2|0|0|0|0,8|9|10|9|8|inf|inf|inf|inf
8,11|4|1,1,3|5,2,15,16,1,10752|2912|736|168|32|4|0|0|0,18|17|16|15|16|15|inf|inf|inf
8,11|3|1|1,0,0|4,2,8,10,2,16848|4914|1296|297|54|6|0|0|0,8|9|14|9|8|13|inf|inf|inf
8,10|6,0,0|2,2,6,8,2,3640|1001|275|75|20|5|1|0|0,6|7|6|9|10|11|10|inf|inf
8,10|4|1|1,0,0|4,2,8,10,2,43120|14014|4312|1239|322|70|10|0|0,8|9|12|9|8|13|12|inf|inf
8,10|3|3,0,0|2,2,8,10,2,21840|7098|2202|636|164|35|5|0|0,8|9|8|13|10|11|10|inf|inf
8,10|3|1|1|1,0,0|2|4|6,4,12,21,9,45760|16016|5192|1528|392|80|10|0|0,12|15|12|15|12|19|12|inf|inf
8,10|2|2|1|1,0,0|2,2,6,8,2,42120|15093|4995|1485|378|75|9|0|0,6|7|6|9|8|11|10|inf|inf
8,10|2|1|1|1|1,0,0|2,2,6,8,2,24024|9009|3069|924|234|45|5|0|0,6|7|6|13|8|11|10|inf|inf
8,9|7,0,0|2,2,6,8,2,3432|1001|297|90|28|9|3|1|0,6|7|6|11|10|11|10|13|inf
8,9|5|2,0,0|4,2,8,10,2,65520|22386|7524|2475|790|240|66|14|0,8|9|10|9|8|19|12|15|inf
8,9|3|3|1,0,0|2,2,8,10,2,112112|42042|15246|5278|1708|499|123|21|0,8|9|8|11|10|11|10|13|inf
8,9|3|2|1|1,0,0|2,2,6,8,2,194040|75999|28413|10017|3262|945|225|35|0,6|7|6|9|8|11|10|13|inf
8,9|3|1|1|1|1,0,0|2,2,6,8,2,85800|35035|13475|4830|1582|455|105|15|0,6|7|6|11|8|11|10|13|inf
8,9|2|2|1|1|1,0,0|2|4|6,4,12,21,9,82368|34320|13464|4896|1608|456|102|14|0,12|15|12|19|12|17|12|15|inf
8,8|6|2,0,0|4,2,10,12,2,68640|24596|8800|3150|1132|410|150|55|20,10|11|16|11|10|13|12|13|12
8,8|5|3,0,0|4,2,8,10,2,112112|42042|15708|5831|2142|774|272|91|28,8|9|10|9|8|13|18|13|12
8,8|5|2|1,1,5|7,2,19,20,1,266240|103168|39424|14848|5504|2000|704|232|64,24|23|24|27|20|19|22|19|20
8,8|4|2|2,0,0|2|4|6,4,12,16,4,262080|107016|42888|16776|6360|2310|786|238|56,12|13|12|15|12|13|12|15|14
8,8|3|3|1|1,0,0|2,2,6,8,2,280280|119119|49357|19817|7630|2770|922|266|56,6|7|6|9|8|13|12|15|14
8,8|2|2|2|1|1,0,0|4,2,10,12,2,155232|71148|31416|13230|5236|1904|612|161|28,10|11|12|11|10|19|14|13|12
8,8|2|2|1|1|1|1,0,0|4,2,10,12,2,114400|54340|24640|10570|4228|1540|490|125|20,10|11|18|11|10|15|12|13|12
8,7|7|1|1,0,0|4,2,10,12,2,32032|12012|4488|1686|644|254|106|49|28,10|11|12|11|10|13|12|13|12
8,7|5|2|2,0,0|2|4|6,4,12,16,4,320320|136136|57464|24080|10024|4150|1710|700|280,12|13|12|17|12|13|12|17|14
8,7|4|4|1,0,0|4,2,8,10,2,240240|102102|43296|18291|7674|3180|1292|511|196,8|9|16|9|8|15|14|13|12
8,7|4|3|2,1,3|5,2,15,16,1,512512|224224|97504|42024|17888|7484|3056|1204|448,18|17|16|15|16|15|18|17|20
8,7|4|2|2|1,1,3|5,2,15,16,1,698880|317408|142176|62664|27104|11460|4704|1848|672,18|17|16|15|16|15|20|19|18
8,7|4|1|1|1|1|1,1,3|5,2,15,16,1,197120|96096|45408|20808|9248|3980|1648|644|224,18|17|16|15|16|15|18|17|18
8,7|3|3|1|1|1,0,0|2,2,6,8,2,429000|203775|94875|43200|19150|8200|3350|1280|440,6|7|6|21|8|17|12|29|14
8,7|3|2|2|2,0,0|4,2,10,12,2,305760|145236|67872|31038|13804|5920|2416|917|308,10|11|16|11|10|21|18|13|12
8,7|3|1|1|1|1|1|1,0,0|4,2,10,12,2,114400|60060|30360|14730|6828|3000|1230|455|140,10|11|12|11|10|17|12|13|12
8,7|2|2|2|1|1|1,1,3|5,2,15,16,1,197120|101024|50336|24248|11200|4900|1992|728|224,18|17|16|15|18|15|16|19|18
8,6|6|4,0,0|2,2,6,8,2,51480|21021|8679|3627|1536|660|288|127|56,6|7|6|9|24|15|20|13|14
8,6|6|3|1,0,0|2,2,6,8,2,200200|85085|36245|15510|6688|2920|1300|595|280,6|7|6|11|16|17|14|13|14
8,6|6|2|1|1,0,0|2,2,8,10,2,240240|106106|46530|20340|8912|3945|1785|840|420,8|9|8|13|14|11|10|19|12
8,6|6|1|1|1|1,0,0|2,2,8,10,2,91728|42042|18942|8442|3752|1681|771|371|196,8|9|8|11|12|11|10|13|12
8,6|5|3|1|1,0,0|2,2,6,8,2,648648|297297|135729|61830|28152|12837|5877|2709|1260,6|7|6|11|12|11|10|13|12
8,6|4|4|2,0,0|4,2,8,10,2,336336|154154|70840|32613|15022|6908|3162|1435|644,8|9|12|9|8|15|12|13|12
8,6|4|4|1|1,0,0|2|4|6,4,12,19,7,411840|192192|89496|41616|19320|8940|4110|1870|840,12|19|12|17|12|15|12|15|14
8,6|4|3|1|1|1,0,0|2,2,6,8,2,819000|402675|195975|94500|45160|21375|10005|4620|2100,6|7|6|13|12|11|10|17|12
8,6|4|2|2|2,0,0|4,2,10,12,2,480480|236236|115368|55866|26796|12720|5970|2765|1260,10|11|12|11|10|19|12|13|12
8,6|4|1|1|1|1|1|1,0,0|4,2,10,12,2,155232|84084|44352|22806|11452|5628|2712|1281|588,10|11|18|11|10|15|16|13|12
8,6|3|3|3|1,0,0|2,2,6,8,2,360360|177177|86823|42309|20438|9750|4572|2093|924,6|7|6|9|8|13|14|13|12
8,6|3|3|2|2,0,0|2|4|6,4,12,19,7,448448|224224|111496|54992|26824|12892|6074|2786|1232,12|17|12|17|12|15|12|15|16
8,6|3|3|2|1|1,0,0|2,2,6,8,2,819000|416325|209625|104400|51310|24800|11730|5390|2380,6|7|6|17|8|21|12|15|12
8,6|3|3|1|1|1|1,0,0|2,2,6,8,2,429000|225225|116325|59100|29500|14425|6875|3170|1400,6|7|6|13|10|11|10|15|14
8,6|3|1|1|1|1|1|1|1,0,0|2|4|6,4,12,21,9,82368|48048|27192|14904|7896|4032|1974|916|392,12|15|12|15|12|23|12|17|14
8,6|2|2|2|2|2,0,0|2,2,8,10,2,91728|49686|26586|13986|7196|3597|1731|791|336,8|9|8|11|10|11|10|13|16
8,6|2|2|1|1|1|1|1|1,0,0|2,2,6,8,2,85800|50765|29205|16290|8772|4530|2220|1015|420,6|7|6|11|10|13|14|13|12
8,6|2|1|1|1|1|1|1|1|1,0,0|2,2,6,8,2,24024|15015|9075|5280|2940|1554|770|350|140,6|7|6|19|10|13|12|15|12
8,5|5|4|1|1,0,0|2,2,6,8,2,280280|133133|63371|30289|14560|7045|3429|1673|812,6|7|6|9|16|11|10|13|12
8,5|5|3|3,0,0|4,2,8,10,2,171600|81510|38940|18705|9034|4390|2150|1065|540,8|9|10|9|8|13|12|13|12
8,5|5|3|1|1|1,0,0|2|4|6,4,12,19,7,448448|224224|111496|55272|27384|13596|6786|3416|1736,12|17|12|15|12|15|12|19|14
8,5|5|2|2|1|1,0,0|4,2,10,12,2,480480|244244|123376|62010|31076|15580|7854|4011|2100,10|11|14|11|10|15|12|13|12
8,5|5|2|1|1|1|1,0,0|4,2,10,12,2,305760|160524|83160|42630|21700|11020|5620|2905|1540,10|11|12|11|10|15|14|13|12
8,5|4|4|1|1|1,0,0|2,2,6,8,2,360360|183183|92829|46989|23792|12055|6105|3080|1540,6|7|6|9|14|11|10|19|12
8,5|4|2|2|1|1|1,1,3|5,2,15,16,1,698880|381472|206240|110520|58752|31020|16296|8540|4480,18|17|16|15|20|15|16|17|22
8,5|3|3|3|2,0,0|2,2,6,8,2,280280|147147|77385|40705|21378|11190|5826|3010|1540,6|7|6|9|8|13|12|15|12
8,5|3|3|3|1|1,0,0|2|4|6,4,12,19,7,411840|219648|116952|62136|32904|17340|9078|4712|2416,12|25|12|15|12|15|12|19|16
8,5|3|3|2|2|1,0,0|2,2,6,8,2,648648|351351|189783|102114|54666|29076|15336|8001|4116,6|7|6|11|8|15|16|13|12
8,5|3|3|1|1|1|1|1,0,0|2,2,6,8,2,280280|161161|91399|51177|28308|15465|8333|4417|2296,6|7|6|9|10|11|10|13|14
8,5|3|2|2|2|2,0,0|2,2,8,10,2,240240|134134|74558|41172|22548|12225|6549|3458|1792,8|9|8|13|10|11|10|15|24
8,5|3|2|1|1|1|1|1|1,0,0|2,2,6,8,2,194040|118041|70455|41265|23716|13370|7386|3990|2100,6|7|6|9|10|13|12|15|12
8,5|3|1|1|1|1|1|1|1|1,0,0|2,2,6,8,2,42120|27027|16929|10341|6156|3570|2016|1107|588,6|7|6|9|10|13|20|13|12
8,5|2|2|1|1|1|1|1|1|1,0,0|2|4|6,4,12,21,9,45760|29744|18920|11760|7128|4200|2394|1310|680,12|15|12|17|12|17|12|15|14
8,4|4|4|2|2,0,0|4,2,8,10,2,171600|90090|47520|25185|13414|7180|3860|2080|1120,8|9|16|9|8|15|14|23|18
8,4|4|3|3|1|1,0,0|4,2,8,10,2,336336|182182|98868|53781|29330|16038|8796|4844|2688,8|9|10|9|8|13|14|17|22
8,4|4|3|2|1|1|1,1,3|5,2,15,16,1,512512|288288|161568|90328|50432|28148|15720|8792|4928,18|17|16|15|22|15|16|19|20
8,4|4|2|2|2|1|1,0,0|2|4|6,4,12,16,4,320320|184184|105512|60224|34264|19450|11034|6272|3584,12|13|12|21|12|13|12|27|26
8,4|4|2|2|1|1|1|1,0,0|2|4|6,4,12,16,4,262080|155064|90936|52920|30600|17610|10110|5810|3360,12|13|12|15|12|13|12|15|18
8,4|3|3|3|1|1|1,0,0|4,2,8,10,2,240240|138138|79332|45531|26118|14970|8570|4900|2800,8|9|10|9|8|13|12|17|16
8,4|3|3|2|2|2,0,0|2,2,6,8,2,200200|115115|66275|38170|21978|12645|7265|4165|2380,6|7|6|11|8|11|10|13|12
8,4|3|3|1|1|1|1|1|1,0,0|2,2,8,10,2,112112|70070|43274|26446|16016|9623|5739|3395|1988,8|9|8|11|14|11|10|13|12
8,4|3|2|2|2|1|1|1,1,5|7,2,19,20,1,266240|163072|99328|60160|36224|21680|12896|7624|4480,24|23|26|25|20|19|20|19|22
8,4|2|2|2|2|2|2,0,0|4,2,10,12,2,32032|20020|12496|7774|4812|2958|1802|1085|644,10|11|14|11|10|13|12|13|12
8,4|2|2|2|1|1|1|1|1|1,0,0|4,2,8,10,2,43120|29106|19404|12775|8302|5320|3356|2079|1260,8|9|10|9|8|17|14|13|12
8,4|2|2|1|1|1|1|1|1|1|1,0,0|4,2,8,10,2,16848|11934|8316|5697|3834|2532|1638|1035|636,8|9|10|9|8|15|12|13|12
8,3|3|3|3|2|2,0,0|2,2,6,8,2,51480|30459|18117|10827|6498|3915|2367|1436|876,6|7|6|9|8|11|10|17|12
8,3|3|3|2|2|1|1|1,0,0|4,2,8,10,2,112112|70070|43736|27279|17010|10608|6618|4130|2576,8|9|12|9|8|19|12|15|16
8,3|3|3|1|1|1|1|1|1|1,0,0|2,2,8,10,2,21840|14742|9846|6516|4280|2795|1817|1176|756,8|9|8|13|12|11|10|19|12
8,3|3|2|2|2|2|1|1,0,0|4,2,10,12,2,68640|44044|28248|18102|11588|7410|4734|3023|1932,10|11|12|11|10|13|12|13|12
8,3|3|2|2|2|1|1|1|1,0,0|4,2,8,10,2,65520|43134|28272|18459|12010|7790|5040|3255|2100,8|9|14|9|8|13|18|13|12
8,3|3|1|1|1|1|1|1|1|1|1|1,0,0|4,2,8,10,2,2640|2002|1496|1101|798|570|402|281|196,8|9|12|9|8|13|12|13|12
8,3|2|2|2|1|1|1|1|1|1|1,1,3|5,2,15,16,1,10752|7840|5664|4056|2880|2028|1416|980|672,18|17|16|15|18|15|16|17|18
8,2|2|2|2|2|2|2|1|1,0,0|2,2,6,8,2,3432|2431|1727|1230|878|628|450|323|232,6|7|6|11|8|15|12|13|14
8,2|2|2|2|2|2|1|1|1|1,0,0|2,2,6,8,2,3640|2639|1913|1387|1006|730|530|385|280,6|7|6|9|8|13|12|13|14
8,2|2|2|1|1|1|1|1|1|1|1|1|1,0,0|2,2,6,8,2,440|363|297|241|194|155|123|97|76,6|7|6|9|8|11|10|13|12
8,2|2|1|1|1|1|1|1|1|1|1|1|1|1,0,0|2,2,6,8,2,104|91|79|68|58|49|41|34|28,6|7|6|13|8|11|10|15|12
9,16|1|1,0,0|2,2,6,7,1,136|16|1|0|0|0|0|0|0|0,6|9|6|inf|inf|inf|inf|inf|inf|inf
9,15|1|1|1,0,0|2,2,6,7,1,680|120|15|1|0|0|0|0|0|0,6|7|6|7|inf|inf|inf|inf|inf|inf
9,13|2|1|1|1,1,3|5,2,11,13,2,24192|6720|1624|324|48|4|0|0|0|0,14|13|12|11|14|11|inf|inf|inf|inf
9,12|5|1,0,0|2,2,8,9,1,53040|14560|3822|944|212|40|5|0|0|0,8|11|8|15|10|13|10|inf|inf|inf
9,12|4|2,0,0|2,2,6,7,1,99144|28512|7749|1944|432|78|9|0|0|0,6|11|6|13|14|9|10|inf|inf|inf
9,12|4|1|1,0,0|2,2,6,7,1,111384|32760|9009|2271|504|90|10|0|0|0,6|7|6|7|12|9|12|inf|inf|inf
9,12|2|2|2,0,0|2,2,6,7,1,58344|18304|5291|1364|298|50|5|0|0|0,6|15|6|11|8|9|10|inf|inf|inf
9,12|1|1|1|1|1|1,0,0|2,2,6,7,1,12376|4368|1365|364|78|12|1|0|0|0,6|9|6|11|8|11|10|inf|inf|inf
9,11|5|2,0,0|2,2,6,7,1,219912|68992|21021|6160|1708|434|94|14|0|0,6|15|6|15|10|9|12|13|inf|inf
9,11|5|1|1,0,0|2,2,6,7,1,238680|76440|23569|6951|1932|490|105|15|0|0,6|7|6|7|10|9|10|11|inf|inf
9,11|4|2|1,0,0|2,2,8,9,1,583440|194480|62062|18722|5228|1300|265|35|0|0,8|9|8|9|10|11|10|11|inf|inf
9,11|4|1|1|1,1,3|7,2,15,17,2,339456|116480|37856|11536|3232|800|160|20|0|0,18|17|16|15|16|17|20|15|inf|inf
9,11|3|2|2,0,0|2,2,6,7,1,363528|125928|41481|12771|3582|876|171|21|0|0,6|7|6|7|8|11|10|11|inf|inf
9,11|1|1|1|1|1|1|1,0,0|2,2,6,7,1,19448|8008|3003|1001|286|66|11|1|0|0,6|7|6|7|8|9|10|11|inf|inf
9,10|4|2|2,0,0|2,2,6,7,1,1099560|409640|148225|51667|17150|5320|1490|350|56|0,6|7|6|7|8|13|12|13|14|inf
9,10|3|3|1|1,0,0|2|4|6,4,12,16,4,1145664|441792|164424|58536|19656|6088|1674|378|56|0,12|13|12|13|12|13|12|13|14|inf
9,10|3|2|1|1|1,1,5|7,2,17,21,4,1357824|545792|209664|76288|25920|8032|2176|472|64|0,22|21|22|25|18|17|24|17|20|inf
9,9|6|3,1,3|5|7|9,4,17,22,5,678912|246272|89024|32032|11456|4064|1424|488|160|48,20|19|18|17|18|17|18|17|18|17
9,9|6|1|1|1,1,3|5,2,11,13,2,837760|320320|120120|44308|16112|5780|2040|700|224|56,14|13|12|11|14|11|16|15|18|15
9,9|5|2|2,0,0|2,2,6,7,1,1989000|780000|301275|114300|42450|15350|5350|1760|520|120,6|11|6|11|8|9|12|21|14|15
9,9|4|3|1|1,1,3|5,2,13,15,2,3877632|1584000|634128|247896|94080|34344|11880|3792|1056|216,16|15|14|13|20|13|16|19|18|15
9,9|3|3|2|1,1,3|5,2,13,15,2,3198720|1348480|555856|222712|86016|31640|10880|3388|896|168,16|15|14|13|30|13|24|15|22|15
9,9|3|3|1|1|1,0,0|2|4|6,4,12,16,4,2333760|1006720|422136|171248|66696|24640|8470|2620|680|120,12|15|12|15|12|19|12|15|14|15
9,9|2|2|2|1|1|1,1,3|7,2,15,17,2,1018368|469248|208416|88560|35616|13344|4544|1348|320|48,18|17|16|15|16|17|22|15|20|17
9,9|2|1|1|1|1|1|1|1,1,3|5,2,13,15,2,183040|91520|43472|19448|8096|3080|1040|296|64|8,16|15|14|13|16|13|18|17|20|15
9,8|8|2,0,0|2,2,6,7,1,136136|48048|17017|6072|2196|812|311|126|56|28,6|9|6|13|10|11|10|13|14|13
9,8|8|1|1,0,0|2,2,6,7,1,143208|51480|18447|6633|2412|896|345|141|64|36,6|7|6|7|10|21|10|11|20|13
9,8|6|2|2,0,0|2,2,6,7,1,2148120|870480|350415|140184|55800|22140|8775|3480|1380|540,6|9|6|13|12|11|10|17|12|13
9,8|5|5,0,0|2,2,6,7,1,408408|160160|63063|24904|9844|3882|1520|588|224|84,6|11|6|13|10|9|18|15|18|13
9,8|5|3|2,0,0|2,2,6,7,1,5012280|2096640|871689|359676|147042|59430|23670|9240|3500|1260,6|19|6|11|8|9|12|17|12|13
9,8|5|2|2|1,0,0|2,2,6,7,1,6126120|2642640|1126125|473616|196404|80200|32165|12600|4760|1680,6|9|6|15|10|13|10|17|14|17
9,8|5|2|1|1|1,1,5|9,2,19,21,2,5361664|2365440|1025024|436480|182656|75072|30240|11872|4480|1568,24|23|26|23|20|19|20|21|22|19
9,8|5|1|1|1|1|1,0,0|2,2,6,7,1,1575288|720720|321321|139788|59418|24692|10020|3948|1484|504,6|9|6|11|8|11|14|15|12|15
9,8|4|4|2,0,0|2,2,6,7,1,3007368|1277640|539721|226179|93726|38232|15255|5901|2184|756,6|7|6|7|8|13|10|11|14|13
9,8|4|3|3,0,0|2,2,8,9,1,2598960|1121120|480298|203728|85232|35000|14015|5418|1988|672,8|11|8|15|14|13|10|13|12|19
9,8|4|2|2|2,0,0|2,2,8,9,1,3978000|1794000|797550|348450|149100|62200|25125|9715|3520|1140,8|9|8|9|10|13|10|11|20|13
9,8|4|2|2|1|1,0,0|2,2,6,7,1,7634088|3492720|1569645|691416|297648|124692|50490|19530|7056|2268,6|9|6|13|14|11|12|13|16|13
9,8|4|2|1|1|1|1,0,0|2,2,8,9,1,4862000|2288000|1051050|470800|205200|86700|35275|13650|4900|1540,8|15|8|15|14|11|10|13|12|13
9,8|4|1|1|1|1|1|1,0,0|2,2,6,7,1,1225224|600600|285285|131175|58290|24954|10225|3955|1400|420,6|7|6|7|8|9|10|11|14|13
9,8|3|2|2|1|1|1,0,0|2,2,6,7,1,4725864|2285712|1079793|496584|221256|94848|38709|14784|5124|1512,6|9|6|13|12|21|10|23|12|15
9,8|2|2|2|2|1|1,0,0|2,2,8,9,1,1432080|711360|344994|162504|73836|32060|13125|4962|1672|468,8|13|8|13|10|11|10|13|14|13
9,8|2|2|2|1|1|1|1,0,0|2,2,6,7,1,1225224|624624|309309|148104|68124|29820|12250|4620|1540|420,6|9|6|13|10|11|12|15|12|13
9,8|1|1|1|1|1|1|1|1|1|1,0,0|2,2,6,7,1,19448|11440|6435|3432|1716|792|330|120|36|8,6|9|6|13|10|13|12|17|12|15
9,7|7|2|2,0,0|2,2,6,7,1,952952|392392|161161|66143|27216|11284|4749|2051|924|448,6|7|6|7|14|11|10|11|12|21
9,7|6|3|1|1,1,3|5,2,11,13,2,5346432|2323776|1005368|433620|186768|80516|34848|15204|6720|3024,14|13|12|11|14|11|20|15|20|17
9,7|5|5|1,0,0|2,2,6,7,1,1575288|669240|285285|122067|52416|22566|9720|4176|1784|756,6|7|6|7|18|9|16|19|14|13
9,7|5|4|2,0,0|2,2,8,9,1,5250960|2299440|1007578|441606|193488|84680|36975|16083|6956|2988,8|9|8|9|14|13|10|11|12|13
9,7|5|3|3,0,0|2,2,6,7,1,3675672|1633632|725725|321948|142494|62874|27639|12096|5264|2268,6|11|6|11|8|9|10|23|16|13
9,7|5|2|2|2,0,0|2,2,6,7,1,5012280|2325960|1071525|489699|221976|99820|44550|19740|8680|3780,6|7|6|7|12|11|12|15|14|13
9,7|5|2|2|1|1,0,0|2,2,8,9,1,9529520|4484480|2088086|962192|438956|198380|88885|39508|17416|7588,8|15|8|15|10|11|10|15|14|13
9,7|5|2|1|1|1|1,0,0|2,2,6,7,1,5937624|2871792|1366365|640332|295974|135128|61029|27300|12096|5292,6|9|6|11|8|13|10|15|20|13
9,7|5|1|1|1|1|1|1,0,0|2,2,8,9,1,1432080|720720|354354|170478|80424|37300|17055|7707|3444|1512,8|9|8|9|12|11|10|11|12|15
9,7|4|4|3,0,0|2,2,6,7,1,2858856|1289288|581581|262031|117698|52584|23302|10206|4396|1848,6|7|6|7|8|13|12|13|12|15
9,7|4|4|2|1,1,3|7,2,15,17,2,8486400|3910400|1795040|820240|372640|168000|74960|32980|14240|6000,18|17|16|15|16|19|18|15|18|17
9,7|4|3|2|2,1,3|7,2,15,17,2,9165312|4343040|2045472|956016|442656|202624|91440|40524|17536|7344,18|17|16|15|16|21|18|15|22|17
9,7|4|2|2|2|1,0,0|2,2,6,7,1,8576568|4204200|2039037|976899|461580|214676|98025|43771|18984|7896,6|7|6|7|10|11|10|11|14|15
9,7|4|2|2|1|1|1,1,3|5|7|9,4,17,21,4,9382912|4691456|2311232|1121120|534912|250656|115088|51576|22400|9296,20|19|18|17|20|17|18|17|22|17
9,7|4|2|1|1|1|1|1,0,0|2,2,6,7,1,4725864|2440152|1234233|611523|296694|140826|65268|29424|12804|5292,6|7|6|7|8|9|14|19|12|13
9,7|4|1|1|1|1|1|1|1,1,3|7,2,15,17,2,1018368|549120|288288|147312|73248|35424|16640|7564|3296|1344,18|17|16|15|16|17|26|15|18|21
9,7|3|2|2|2|1|1,0,0|2,2,6,7,1,5937624|3065832|1560405|781011|383292|183736|85578|38430|16436|6552,6|7|6|7|10|13|12|13|12|15
9,7|3|2|2|1|1|1|1,0,0|2,2,8,9,1,4862000|2574000|1337050|680350|338300|163800|76825|34625|14800|5860,8|9|8|9|10|13|10|11|16|13
9,7|2|2|2|2|1|1|1,0,0|2,2,6,7,1,1575288|854568|455169|237303|120600|59416|28161|12699|5356|2052,6|7|6|7|12|13|10|11|12|13
9,7|1|1|1|1|1|1|1|1|1|1|1,0,0|2,2,6,7,1,12376|8008|5005|3003|1716|924|462|210|84|28,6|7|6|7|10|11|12|13|12|13
9,6|6|4|1|1,0,0|2|4|6,4,12,16,4,3267264|1473472|664664|300344|136152|62008|28414|13118|6104|2856,12|13|12|13|12|13|12|13|14|15
9,6|6|3|2|1,1,3|5,2,11,13,2,6534528|3011008|1385384|636988|293040|135132|62632|29288|13888|6720,14|13|12|11|14|11|16|17|20|21
9,6|6|3|1|1|1,0,0|2|4|6,4,12,16,4,4455360|2096640|980616|456720|212280|98720|46090|21700|10360|5040,12|19|12|15|12|17|12|15|14|17
9,6|5|5|2,0,0|2,2,6,7,1,2042040|920920|417417|190223|87176|40170|18595|8631|4004|1848,6|7|6|7|12|9|10|11|12|15
9,6|5|4|1|1|1,1,5|7,2,17,24,7,6789120|3261440|1560832|745216|355392|169440|80800|38536|18368|8736,22|21|22|23|18|17|20|17|20|19
9,6|5|2|2|1|1|1,0,0|2,2,6,7,1,8576568|4372368|2207205|1104180|547974|270172|132612|64988|31920|15792,6|9|6|11|8|11|14|15|16|17
9,6|4|4|2|2,0,0|8,2,14,20,6,6534528|3203200|1569568|768416|375680|183296|89160|43176|20776|9912,14|15|16|17|20|27|16|17|14|15
9,6|4|2|2|2|1|1,0,0|2,2,8,9,1,9529520|5045040|2648646|1378146|710304|362460|183035|91413|45108|21952,8|9|8|9|16|11|10|11|12|21
9,6|4|2|2|1|1|1|1,0,0|2,2,6,7,1,7634088|4141368|2218293|1173447|613062|316326|161181|81081|40236|19656,6|7|6|7|8|9|10|11|12|15
9,6|3|3|3|2|1,1,5|7,2,17,24,7,6789120|3527680|1827072|942080|482880|245600|123680|61496|30080|14400,22|21|22|33|18|17|20|17|22|21
9,6|3|3|2|2|2,0,0|2|4|6,4,12,16,4,4455360|2358720|1242696|650568|337896|173800|88330|44226|21728|10416,12|13|12|13|12|13|12|13|18|17
9,6|3|3|1|1|1|1|1|1,0,0|2|4|6,4,12,16,4,2333760|1327040|742456|408760|221400|117880|61590|31486|15680|7560,12|13|12|13|12|13|12|13|20|15
9,6|3|2|2|2|1|1|1,1,5|9,2,19,21,2,5361664|2996224|1655808|903936|486784|258112|134432|68544|34048|16352,24|23|26|23|20|19|20|23|24|19
9,6|3|2|1|1|1|1|1|1|1,1,5|7,2,17,21,4,1357824|812032|475904|273152|153408|84192|45056|23432|11776|5664,22|21|22|23|18|17|34|17|26|19
9,5|5|5|3,0,0|2,2,6,7,1,875160|411840|195195|93192|44820|21710|10585|5190|2556|1260,6|13|6|13|10|9|10|13|12|13
9,5|5|3|3|1|1,0,0|8,2,14,20,6,6534528|3331328|1697696|865216|441152|225152|115112|59024|30408|15792,14|17|16|19|18|21|16|19|14|17
9,5|5|3|2|1|1|1,1,3|7,2,15,17,2,9165312|4822272|2524704|1316592|684576|355328|184368|95796|49952|26208,18|17|16|15|16|27|18|15|18|19
9,5|5|2|2|2|1|1,0,0|2,2,6,7,1,5012280|2686320|1431885|759276|400770|210800|110685|58170|30716|16380,6|9|6|11|8|15|10|13|12|13
9,5|5|2|2|1|1|1|1,0,0|2,2,8,9,1,3978000|2184000|1187550|640200|342600|182300|96675|51260|27300|14700,8|13|8|13|12|11|10|15|12|13
9,5|4|4|4|1,1,3|5,2,13,15,2,1867008|933504|469040|236808|120096|61144|31232|16000|8224|4248,16|15|14|13|16|13|28|25|18|15
9,5|4|3|3|1|1|1,1,3|7,2,15,17,2,8486400|4576000|2460640|1320080|706720|377600|201360|107180|56960|30240,18|17|16|15|16|23|18|15|22|19
9,5|4|3|2|2|2,1,3|5,2,11,13,2,6534528|3523520|1897896|1020668|547888|293516|156920|83720|44576|23688,14|13|12|11|14|11|16|17|18|15
9,5|4|3|1|1|1|1|1|1,1,3|5,2,13,15,2,3198720|1850240|1057616|598136|335104|186200|102720|56308|30688|16632,16|15|14|13|22|13|22|15|18|15
9,5|4|2|2|2|1|1|1,0,0|2,2,6,7,1,6126120|3483480|1966965|1102959|614250|339830|186860|102200|55664|30240,6|7|6|7|8|9|14|17|16|19
9,5|3|3|3|2|2,0,0|2|4|6,4,12,16,4,3267264|1793792|984984|540496|296136|161856|88158|47796|25760|13776,12|17|12|15|12|19|12|15|18|17
9,5|3|3|2|2|2|1,1,3|5,2,11,13,2,5346432|3022656|1704248|957588|535824|298356|165168|90804|49504|26712,14|13|12|11|14|11|18|15|18|15
9,5|3|3|2|1|1|1|1|1,1,3|5,2,13,15,2,3877632|2293632|1343760|780120|448896|256008|144648|80904|44736|24408,16|15|14|13|20|13|16|17|20|15
9,5|3|3|1|1|1|1|1|1|1,0,0|2|4|6,4,12,16,4,1145664|703872|426504|255024|150552|87776|50538|28716|16080|8856,12|15|12|15|12|17|12|15|16|15
9,5|2|2|2|2|2|1|1|1,1,3|5,2,11,13,2,837760|517440|317240|192852|116080|69060|40520|23380|13216|7280,14|13|12|11|14|11|16|15|18|17
9,5|2|2|2|1|1|1|1|1|1|1,1,3|7,2,15,17,2,339456|222976|144352|92048|57760|35616|21536|12732|7328|4080,18|17|16|15|16|17|20|15|18|17
9,5|2|1|1|1|1|1|1|1|1|1|1|1,1,3|5,2,11,13,2,24192|17472|12376|8580|5808|3828|2448|1512|896|504,14|13|12|11|14|11|18|17|22|15
9,4|4|4|3|3,0,0|2,2,6,7,1,875160|463320|246675|132033|71022|38380|20830|11350|6204|3396,6|7|6|7|8|11|12|13|12|13
9,4|4|4|3|1|1|1,0,0|2,2,6,7,1,2858856|1569568|861861|473704|260764|143822|79491|44030|24444|13608,6|11|6|13|10|9|10|13|12|15
9,4|4|4|2|2|1|1,0,0|2,2,6,7,1,3675672|2042040|1134133|630003|350196|194878|108600|60606|33852|18900,6|7|6|7|10|9|16|13|12|13
9,4|4|4|2|1|1|1|1,0,0|2,2,8,9,1,2598960|1477840|837018|472766|266588|150220|84645|47705|26880|15120,8|9|8|9|10|11|10|11|24|17
9,4|4|3|3|3|1,0,0|2,2,6,7,1,2042040|1121120|617617|341308|189146|105090|58530|32676|18284|10248,6|11|6|11|8|9|12|15|12|15
9,4|4|3|3|2|1|1,0,0|2,2,8,9,1,5250960|2951520|1659658|933768|525732|296240|167085|94350|53360|30240,8|11|8|13|10|15|10|13|16|19
9,4|4|3|3|1|1|1|1,0,0|2,2,6,7,1,3007368|1729728|991809|567432|324144|184986|105516|60186|34356|19656,6|13|6|13|14|9|14|13|12|15
9,4|4|3|2|2|1|1|1,0,0|2,2,6,7,1,5012280|2915640|1690689|977751|564192|324990|186975|107499|61796|35532,6|7|6|7|16|9|10|11|12|13
9,4|4|2|2|2|2|2,0,0|2,2,6,7,1,952952|560560|329329|193116|112994|65968|38440|22372|13020|7588,6|9|6|11|8|15|16|15|12|13
9,4|4|2|2|2|2|1|1,0,0|2,2,6,7,1,2148120|1277640|757575|447741|263754|154890|90720|53040|30996|18144,6|7|6|7|8|9|20|19|12|19
9,4|4|2|2|2|1|1|1|1,0,0|2,2,6,7,1,1989000|1209000|730275|438525|261900|155650|92125|54365|32040|18900,6|7|6|7|10|9|10|11|14|13
9,4|4|2|2|1|1|1|1|1|1,0,0|2,2,6,7,1,1099560|689920|428505|263648|160832|97370|58575|35070|20944|12516,6|17|6|17|18|9|10|13|16|13
9,4|4|2|1|1|1|1|1|1|1|1,0,0|2,2,6,7,1,363528|237600|153153|97416|61200|38022|23400|14298|8700|5292,6|11|6|13|14|9|16|13|12|13
9,4|4|1|1|1|1|1|1|1|1|1|1,0,0|2,2,6,7,1,58344|40040|27027|17941|11716|7534|4780|3002|1876|1176,6|7|6|7|10|9|14|13|12|15
9,4|3|3|3|3|1|1,0,0|2,2,6,7,1,1575288|906048|522093|301356|174186|100782|58347|33786|19556|11304,6|13|6|11|8|9|10|13|12|15
9,4|3|2|2|1|1|1|1|1|1|1,0,0|2,2,8,9,1,583440|388960|256542|167464|108232|69280|43935|27612|17204|10632,8|11|8|13|12|17|10|15|12|15
9,4|2|2|2|2|2|2|2,0,0|2,2,6,7,1,143208|91728|58695|37476|23850|15112|9522|5958|3696|2268,6|9|6|11|8|13|12|13|16|13
9,4|2|2|2|2|1|1|1|1|1|1,0,0|2,2,6,7,1,238680|162240|109369|73116|48462|31830|20700|13314|8456|5292,6|13|6|11|8|9|14|13|14|13
9,4|2|2|2|1|1|1|1|1|1|1|1,0,0|2,2,6,7,1,111384|78624|54873|37860|25818|17394|11569|7588|4900|3108,6|11|6|11|8|9|10|15|12|13
9,4|1|1|1|1|1|1|1|1|1|1|1|1|1|1,0,0|2,2,6,7,1,680|560|455|364|286|220|165|120|84|56,6|9|6|11|8|11|10|17|12|15
9,3|3|3|3|3|1|1|1,0,0|2,2,6,7,1,408408|248248|151151|92213|56374|34536|21201|13041|8036|4956,6|7|6|7|8|13|10|11|12|13
9,3|3|3|2|2|2|1|1|1,1,3|5|7|9,4,17,22,5,678912|432640|275392|175136|111296|70688|44880|28488|18080|11472,20|19|18|17|18|17|18|17|18|17
9,3|3|2|2|2|2|2|2,0,0|2,2,6,7,1,136136|88088|57057|36971|23954|15514|10042|6496|4200|2716,6|7|6|7|8|9|12|21|14|13
9,3|3|2|2|2|1|1|1|1|1|1,0,0|2,2,6,7,1,219912|150920|102949|69839|47138|31668|21185|14119|9380|6216,6|7|6|7|8|11|10|11|12|15
9,3|3|2|2|1|1|1|1|1|1|1|1,0,0|2,2,6,7,1,99144|70632|49869|34911|24246|16716|11448|7794|5280|3564,6|7|6|7|8|11|16|13|18|13
9,3|2|2|2|2|1|1|1|1|1|1|1,0,0|2,2,8,9,1,53040|38480|27742|19882|14168|10040|7075|4957|3452|2388,8|9|8|9|12|13|10|11|12|13
9,3|1|1|1|1|1|1|1|1|1|1|1|1|1|1|1,0,0|2,2,6,7,1,136|120|105|91|78|66|55|45|36|28,6|7|6|7|8|9|10|11|12|13
10,18|2,0,0|2,2,2,8,6,170|17|1|0|0|0|0|0|0|0|0,2|3|2|inf|inf|inf|inf|inf|inf|inf|inf
10,17|3,0,0|2,2,2,8,6,950|135|15|1|0|0|0|0|0|0|0,2|3|2|9|inf|inf|inf|inf|inf|inf|inf
10,16|2|2,0,0|4,2,8,10,2,7600|1480|240|29|2|0|0|0|0|0|0,8|9|10|9|8|inf|inf|inf|inf|inf|inf
10,15|4|1,1,3|5,2,13,14,1,43776|9792|1984|348|48|4|0|0|0|0|0,16|15|14|13|14|13|inf|inf|inf|inf|inf
10,15|3|1|1,0,0|4,2,8,10,2,67184|15912|3328|585|78|6|0|0|0|0|0,8|9|18|9|8|11|inf|inf|inf|inf|inf
10,14|6,0,0|2,2,6,10,4,23256|5508|1260|273|54|9|1|0|0|0|0,6|7|6|9|8|9|8|inf|inf|inf|inf
10,14|4|1|1,0,0|4,2,8,10,2,250800|67320|16720|3751|726|110|10|0|0|0|0,8|9|10|9|8|11|10|inf|inf|inf|inf
10,14|3|3,0,0|2,2,2,8,6,125970|33813|8437|1898|366|55|5|0|0|0|0,2|3|2|11|8|9|8|inf|inf|inf|inf
10,14|3|1|1|1,0,0|2|4|6,4,10,19,9,258400|73440|18960|4324|828|120|10|0|0|0|0,10|13|10|13|10|15|10|inf|inf|inf|inf
10,14|2|2|1|1,0,0|2,2,6,10,4,235144|68068|17836|4095|780|111|9|0|0|0|0,6|7|6|9|10|9|8|inf|inf|inf|inf
10,14|2|1|1|1|1,0,0|2,2,6,12,6,132600|39780|10660|2470|468|65|5|0|0|0|0,6|7|6|11|10|9|8|inf|inf|inf|inf
10,13|7,0,0|2,2,6,10,4,38760|9996|2548|637|154|35|7|1|0|0|0,6|7|6|9|8|9|8|13|inf|inf|inf
10,13|5|2,0,0|4,2,8,10,2,604656|175032|48672|12831|3138|684|122|14|0|0|0,8|9|12|9|8|13|10|15|inf|inf|inf
10,13|3|3|1,0,0|2,2,2,8,6,959310|297891|87483|23859|5874|1245|207|21|0|0|0,2|3|2|9|8|9|8|13|inf|inf|inf
10,13|3|2|1|1,0,0|2,2,6,13,7,1630200|523380|157300|43472|10736|2255|365|35|0|0|0,6|7|6|17|14|9|8|13|inf|inf|inf
10,13|3|1|1|1|1,0,0|2,2,6,10,4,710600|235620|72380|20251|5016|1045|165|15|0|0|0,6|7|6|9|12|9|8|13|inf|inf|inf
10,13|2|2|1|1|1,0,0|2|4|6,4,10,19,9,671840|226304|70512|19916|4940|1020|158|14|0|0|0,10|23|10|13|10|13|10|15|inf|inf|inf
10,12|6|2,0,0|4,2,8,10,2,1162800|361080|109760|32487|9282|2520|630|135|20|0|0,8|9|14|9|8|15|10|13|12|inf|inf
10,12|5|3,0,0|4,2,10,12,2,1705440|547536|171424|51898|15004|4060|992|203|28|0|0,10|11|12|11|10|13|18|13|12|inf|inf
10,12|5|2|1,1,5|7,2,19,20,1,3969024|1305600|415744|127232|36992|10016|2432|488|64|0|0,24|23|24|25|20|19|22|19|20|inf|inf
10,12|4|2|2,0,0|2|4|6,4,10,14,4,3627936|1241136|408720|128232|37764|10194|2418|462|56|0|0,10|11|10|15|10|11|10|15|14|inf|inf
10,12|3|3|1|1,0,0|2,2,2,8,6,3730650|1315545|443905|141757|42130|11350|2650|490|56|0|0,2|3|2|9|8|11|10|15|14|inf|inf
10,12|2|2|2|1|1,0,0|4,2,8,10,2,1956240|731016|258544|85371|25806|6930|1572|273|28|0|0,8|9|10|9|8|11|12|13|12|inf|inf
10,12|2|2|1|1|1|1,0,0|4,2,8,10,2,1421200|546040|197120|65989|20086|5390|1210|205|20|0|0,8|9|20|9|8|11|10|13|12|inf|inf
10,11|8|1,1,3|5,2,13,14,1,413440|127296|39104|12012|3696|1140|352|108|32|8|0,16|15|14|13|14|13|18|17|18|17|inf
10,11|7|1|1,0,0|4,2,8,10,2,1679600|556920|182000|58695|18678|5850|1790|525|140|28|0,8|9|10|9|8|11|10|13|12|15|inf
10,11|5|2|2,0,0|2|4|6,4,10,14,4,8527200|3096720|1099120|379456|126588|40390|12110|3300|760|120|0,10|11|10|21|10|11|10|17|14|17|inf
10,11|4|4|1,0,0|4,2,10,12,2,6046560|2195856|781248|270738|90612|28920|8632|2331|532|84|0,10|11|14|11|10|15|14|13|12|15|inf
10,11|4|3|2,1,3|5,2,15,16,1,12403200|4602240|1667200|585800|197856|63400|18880|5040|1120|168|0,18|17|16|15|16|15|20|21|18|17|inf
10,11|4|2|2|1,1,3|5,2,15,16,1,16372224|6247296|2313344|826056|281952|90776|26976|7116|1536|216|0,18|17|16|15|16|15|18|17|26|17|inf
10,11|4|1|1|1|1|1,1,3|5,2,15,16,1,4426240|1782144|687232|252616|87840|28520|8448|2184|448|56|0,18|17|16|15|16|15|24|19|20|17|inf
10,11|3|3|1|1|1,0,0|2,2,2,8,6,9447750|3729375|1420575|518700|179730|58200|17190|4440|920|120|0,2|3|2|13|8|15|10|19|14|17|inf
10,11|3|2|2|2,0,0|4,2,8,10,2,6651216|2625480|1002144|366795|127314|41244|12164|3129|644|84|0,8|9|12|9|8|13|12|13|12|15|inf
10,11|3|1|1|1|1|1|1,0,0|4,2,8,10,2,2351440|1002456|406224|155337|55458|18180|5322|1323|252|28|0,8|9|10|9|8|13|10|13|12|15|inf
10,11|2|2|2|1|1|1,1,3|5,2,13,14,1,4012800|1679040|672320|255332|90816|29700|8680|2160|416|48|0,16|15|14|13|18|13|14|21|18|19|inf
10,10|10,0,0|2,2,4,11,7,16796|4862|1430|429|132|42|14|5|2|1|1,4|5|4|9|10|11|10|13|10|11|10
10,10|8|1|1,0,0|4,2,8,10,2,1534896|525096|178464|60489|20526|7002|2412|843|300|108|36,8|9|12|9|8|11|12|13|12|15|14
10,10|7|3,0,0|2,2,4,10,6,3779100|1332630|468390|164034|57222|19875|6865|2350|790|255|75,4|5|4|11|8|9|8|15|10|11|10
10,10|7|1|1|1,0,0|2|4|6,4,10,19,9,4434144|1633632|592592|212212|75196|26408|9194|3164|1064|336|84,10|13|10|13|10|15|10|17|14|19|14
10,10|6|4,0,0|2,2,8,12,4,5038800|1829880|661960|238082|84912|29920|10360|3495|1132|342|90,8|9|8|11|14|19|14|13|12|13|12
10,10|6|3|1,0,0|2,2,4,11,7,18314100|6843690|2531970|926289|334458|118845|41355|13965|4494|1323|315,4|5|4|9|8|9|8|13|10|11|10
10,10|6|2|1|1,0,0|2,2,6,12,6,20995000|8066500|3048500|1132950|413700|148125|51775|17500|5600|1610|350,6|7|6|11|10|9|8|17|18|13|12
10,10|6|1|1|1|1,0,0|2,2,6,10,4,7759752|3063060|1181180|445445|164340|59251|20795|7035|2240|630|126,6|7|6|9|10|9|8|13|20|13|12
10,10|5|3|1|1,0,0|2,2,4,11,7,36732852|14499810|5629338|2144961|799470|289980|101520|33831|10458|2835|567,4|5|4|9|8|13|16|13|10|11|10
10,10|4|4|2,0,0|4,2,10,12,2,16713312|6597360|2569952|984214|368676|134120|46900|15519|4732|1260|252,10|11|12|11|10|15|12|13|12|15|14
10,10|4|4|1|1,0,0|2|4|6,4,12,19,7,20155200|8062080|3172000|1223872|460936|168280|58940|19490|5920|1560|300,12|17|12|21|12|15|12|15|18|17|14
10,10|4|3|1|1|1,0,0|2,2,4,10,6,37035180|15398838|6256614|2476656|950670|351330|123620|40670|12110|3045|525,4|5|4|17|8|11|12|15|10|11|10
10,10|4|2|2|2,0,0|4,2,8,10,2,21318000|8863800|3608000|1431485|550550|203700|71680|23545|6980|1740|300,8|9|14|9|8|13|30|13|12|15|14
10,10|4|1|1|1|1|1|1,0,0|4,2,8,10,2,6390384|2858856|1233232|511511|203126|76692|27202|8869|2548|588|84,8|9|10|9|8|13|10|13|12|15|14
10,10|3|3|3|1,0,0|2,2,8,12,4,15116400|6285240|2563080|1020006|393516|145860|51280|16765|4928|1218|210,8|9|8|11|10|13|16|13|20|13|12
10,10|3|3|2|2,0,0|2|4|6,4,12,19,7,18418752|7755264|3196512|1283040|498168|185400|65268|21294|6216|1512|252,12|21|12|19|12|15|12|15|14|17|14
10,10|3|3|2|1|1,0,0|2,2,8,14,6,33256080|14177592|5899608|2385240|930996|347640|122540|39930|11600|2790|450,8|9|8|15|10|15|12|15|16|13|12
10,10|3|3|1|1|1|1,0,0|2,2,2,8,6,17005950|7428915|3151395|1293084|510156|191790|67770|22020|6330|1485|225,2|3|2|13|10|11|10|17|10|11|10
10,10|3|1|1|1|1|1|1|1,0,0|2|4|6,4,12,21,9,2956096|1400256|636064|275704|113256|43648|15532|4968|1360|288|36,12|15|12|15|12|23|12|19|16|21|14
10,10|2|2|2|2|2,0,0|2,2,6,10,4,3325608|1487772|646932|271557|109098|41469|14671|4711|1316|294|42,6|7|6|9|8|9|8|13|12|13|12
10,10|2|2|1|1|1|1|1|1,0,0|2,2,4,11,7,2939300|1407770|647010|283647|117624|45585|16215|5145|1386|287|35,4|5|4|9|12|9|8|13|10|11|10
10,10|2|1|1|1|1|1|1|1|1,0,0|2,2,4,10,6,787644|393822|187902|84942|36036|14157|5049|1584|414|81|9,4|5|4|11|10|9|8|21|10|11|10
10,9|9|2,0,0|4,2,8,10,2,604656|206856|70928|24453|8514|3012|1092|411|164|72|36,8|9|10|9|8|13|12|13|12|17|14
10,9|7|4,0,0|2,2,4,11,7,5290740|1977066|740194|277641|104346|39305|14847|5628|2142|819|315,4|5|4|9|8|9|8|17|10|11|10
10,9|7|3|1,0,0|2,2,8,12,4,18475600|7098520|2717000|1036750|394768|150200|57200|21845|8380|3230|1250,8|9|8|11|14|15|16|13|12|13|12
10,9|7|2|1|1,0,0|2,2,6,10,4,20721096|8179380|3196908|1239381|477576|183357|70335|27036|10440|4050|1566,6|7|6|9|12|9|8|17|14|13|12
10,9|7|1|1|1|1,0,0|2,2,6,13,7,7558200|3063060|1221220|480480|187176|72455|27975|10815|4200|1638|630,6|7|6|19|12|9|8|13|14|13|12
10,9|6|4|1,0,0|2,2,4,10,6,27159132|10720710|4218214|1653652|645414|250495|96509|36813|13846|5103|1827,4|5|4|13|8|9|8|13|10|11|10
10,9|6|3|1|1,1,3|5|7|9,4,19,23,4,50935808|20776448|8397312|3363360|1334784|524640|204032|78344|29568|10864|3808,22|21|20|19|24|19|24|19|22|19|20
10,9|6|2|1|1|1,0,0|2|4|6,4,10,19,9,39907296|16803072|6966960|2846844|1147212|456108|178878|69090|26152|9576|3276,10|19|10|13|10|13|10|15|14|17|14
10,9|5|4|1|1,0,0|2,2,4,10,6,52229100|21716310|8952790|3656576|1477322|588980|230860|88480|32886|11697|3885,4|5|4|23|8|13|12|23|10|11|10
10,9|5|3|3,0,0|4,2,10,12,2,30232800|12570480|5191680|2125734|860892|343860|134940|51735|19204|6792|2220,10|11|24|11|10|13|12|13|12|17|14
10,9|5|3|1|1|1,0,0|2|4|6,4,12,19,7,73902400|31894720|13567840|5685680|2344232|948960|375860|144830|53760|18872|6020,12|15|12|17|12|19|12|15|26|17|14
10,9|5|2|2|1|1,0,0|4,2,8,10,2,75582000|33017400|14201200|6007365|2495610|1015950|403920|155925|57820|20160|6300,8|9|10|9|8|11|16|13|12|23|14
10,9|5|2|1|1|1|1,0,0|4,2,8,10,2,46558512|20828808|9129120|3918915|1646370|675786|270194|104615|38780|13440|4116,8|9|12|9|8|11|10|13|12|25|14
10,9|4|4|1|1|1,0,0|2,2,4,11,7,41570100|18159570|7823530|3320031|1384746|565670|225120|86595|31810|10935|3375,4|5|4|9|8|11|18|13|10|11|10
10,9|4|2|2|1|1|1,1,3|5,2,13,14,1,67721472|31187520|14076608|6214572|2676096|1119516|452280|174804|63616|21168|6048,16|15|14|13|20|13|14|17|22|19|20
10,9|3|3|3|2,0,0|2,2,8,16,8,25069968|11215512|4954488|2153844|917532|380940|153020|58856|21336|7098|2058,8|9|8|13|10|13|12|19|14|13|12
10,9|3|3|3|1|1,0,0|2|4|6,4,12,19,7,36279360|16421184|7322016|3206736|1373976|572880|230748|88842|32168|10656|3060,12|15|12|17|12|17|12|15|14|21|14
10,9|3|3|2|2|1,0,0|2,2,8,12,4,55426800|25379640|11434280|5052190|2180244|913920|369320|142305|51400|16902|4770,8|9|8|11|10|27|14|13|14|13|12
10,9|3|3|1|1|1|1|1,0,0|2,2,2,8,6,22632610|10839829|5066061|2305303|1017940|433930|177198|68502|24598|7931|2135,2|3|2|9|10|11|10|15|10|11|10
10,9|3|2|2|2|2,0,0|2,2,6,10,4,19186200|8987220|4133580|1859517|814374|345135|140385|54150|19436|6282|1710,6|7|6|9|8|9|8|15|12|13|12
10,9|3|2|1|1|1|1|1|1,0,0|2,2,4,10,6,14378364|7189182|3489486|1639638|742896|322707|133245|51597|18326|5733|1449,4|5|4|11|14|9|8|13|10|11|10
10,9|3|1|1|1|1|1|1|1|1,0,0|2,2,4,11,7,2939300|1531530|770770|373373|173316|76615|31955|12390|4354|1323|315,4|5|4|9|10|9|8|15|10|11|10
10,9|2|2|1|1|1|1|1|1|1,0,0|2|4|6,4,12,21,9,2956096|1555840|791648|387816|181896|81048|33924|13116|4560|1360|316,12|17|12|15|12|15|12|17|16|19|14
10,8|8|2|2,0,0|2|4|6,4,12,16,4,5643456|2227680|876512|344344|135432|53532|21380|8694|3640|1596|756,12|13|12|15|12|13|12|15|14|15|14
10,8|7|3|1|1,0,0|2,2,6,10,4,38798760|16132116|6674668|2751749|1132208|465895|192269|79877|33572|14364|6300,6|7|6|9|14|9|8|13|12|15|14
10,8|6|6,0,0|4,2,8,10,2,2217072|875160|347776|139139|56034|22700|9238|3768|1536|624|252,8|9|16|9|8|13|10|19|26|19|14
10,8|6|4|1|1,0,0|2,2,6,13,7,64664600|27567540|11711700|4960956|2096028|883515|371585|155925|65268|27244|11340,6|7|6|13|10|9|8|13|12|15|14
10,8|6|3|3,0,0|4,2,8,10,2,35271600|15036840|6399120|2717169|1150818|486120|204820|86100|36120|15120|6300,8|9|10|9|8|15|12|17|14|19|14
10,8|6|3|1|1|1,0,0|2|4|6,4,10,22,12,83566560|36945216|16187248|7035028|3035340|1301300|554862|235536|99624|42000|17640,10|15|10|13|10|13|10|21|14|19|16
10,8|6|2|2|1|1,0,0|4,2,10,12,2,82884384|37079856|16422912|7204626|3132756|1351512|579204|246933|104868|44388|18684,10|11|24|11|10|15|12|13|12|15|14
10,8|6|2|1|1|1|1,0,0|4,2,10,12,2,50388000|23072400|10410400|4634630|2038740|887600|383160|164325|70140|29820|12600,10|11|12|11|10|17|14|13|12|15|16
10,8|5|5|2,0,0|2|4|6,4,10,14,4,30232800|12888720|5494320|2340936|996156|422910|178830|75150|31296|12876|5220,10|11|10|15|10|11|10|15|20|15|14
10,8|5|4|3,1,5|7,2,19,20,1,51597312|22404096|9717760|4206592|1815168|779680|332800|140856|58944|24288|9792,24|23|24|33|20|19|28|19|20|21|22
10,8|5|3|3|1,0,0|4,2,8,10,2,108636528|48600552|21637616|9578569|4211746|1837220|793856|339101|142772|58968|23688,8|9|10|9|8|13|24|13|12|17|16
10,8|5|3|2|1|1,0,0|4,2,8,10,2,208916400|95661720|43421840|19530665|8699922|3834810|1670620|717990|303520|125580|50400,8|9|10|9|8|11|12|15|18|15|20
10,8|5|3|1|1|1|1,0,0|4,2,8,10,2,99768240|46733544|21607872|9864855|4447146|1978950|868518|375324|159240|65988|26460,8|9|14|9|8|11|10|17|14|15|14
10,8|5|2|2|2|1,1,5|7,2,19,20,1,99225600|46218240|21309440|9716992|4378752|1948320|855040|369480|156736|64896|25920,24|23|24|25|20|19|28|19|20|25|22
10,8|5|2|2|1|1|1,0,0|2|8|10,4,16,23,7,106419456|50409216|23557248|10858848|4935744|2211168|975520|423192|179984|74592|29736,16|19|16|19|18|19|18|19|16|21|16
10,8|5|2|1|1|1|1|1,1,5|7,2,19,20,1,51597312|25119744|12007424|5637632|2600576|1178656|524672|229112|97856|40608|16128,24|23|24|27|20|19|22|19|20|21|26
10,8|4|4|2|2,0,0|4,2,8,10,2,75582000|34608600|15756000|7122765|3192390|1415700|619500|266520|112160|45840|18000,8|9|12|9|8|13|12|19|18|19|18
10,8|4|3|3|1|1,0,0|4,2,8,10,2,125349840|58716504|27277712|12552771|5712630|2565360|1133496|490833|207116|84420|32760,8|9|10|9|8|17|14|13|12|15|16
10,8|4|3|2|1|1|1,1,3|5,2,13,14,1,177365760|85415616|40625728|19067620|8819712|4012740|1790824|780792|330560|134592|51840,16|15|14|13|26|13|14|19|20|23|24
10,8|4|2|2|2|1|1,0,0|2|4|6,4,12,16,4,100776000|49327200|23826400|11340680|5309640|2439900|1097140|480690|203840|82740|31500,12|13|12|15|12|13|12|15|20|15|14
10,8|4|2|2|1|1|1|1,0,0|2|4|6,4,12,16,4,79814592|39907296|19617312|9472320|4486680|2080716|942108|414696|176240|71460|27036,12|13|12|21|12|13|12|19|16|15|14
10,8|3|3|3|1|1|1,0,0|4,2,8,10,2,55426800|27129960|13121680|6261541|2941554|1356360|611380|267885|113180|45540|17100,8|9|10|9|8|15|12|13|12|15|14
10,8|3|3|2|2|2,0,0|2,2,6,10,4,44767800|21912660|10612140|5073453|2388078|1103085|497875|218295|92204|37044|13860,6|7|6|9|8|9|8|13|12|15|14
10,8|3|3|1|1|1|1|1|1,0,0|2,2,2,8,6,22632610|11792781|6019013|3006003|1466388|696815|321209|142737|60564|24164|8820,2|3|2|9|10|9|8|13|12|15|14
10,8|3|2|2|2|1|1|1,1,5|7,2,19,20,1,51597312|26477568|13365248|6622720|3212928|1520736|698944|309864|131200|52224|19008,24|23|26|27|20|19|20|19|22|31|22
10,8|2|2|2|2|2|2,0,0|4,2,10,12,2,5116320|2665872|1368576|689898|340164|163260|75796|33753|14244|5592|1980,10|11|20|11|10|13|12|13|12|17|14
10,8|2|2|2|1|1|1|1|1|1,0,0|4,2,8,10,2,6390384|3531528|1905904|1002001|511434|252252|119448|53802|22736|8820|3024,8|9|10|9|8|13|14|15|16|15|18
10,8|2|2|1|1|1|1|1|1|1|1,0,0|4,2,8,10,2,2351440|1348984|752752|407407|213070|107140|51436|23338|9856|3780|1260,8|9|10|9|8|13|12|15|22|15|14
10,7|7|5|1,0,0|4,2,8,10,2,11085360|4609176|1924208|807235|340582|144630|61862|26666|11584|5064|2220,8|9|10|9|8|11|10|15|20|17|14
10,7|7|4|2,0,0|4,2,8,10,2,25865840|11027016|4708704|2015013|864798|372630|161444|70476|31080|13888|6300,8|9|12|9|8|11|12|17|14|23|14
10,7|7|4|1|1,0,0|2|4|6,4,10,21,11,30232800|13047840|5625360|2425644|1047420|453600|197370|86490|38280|17160|7800,10|13|10|13|10|19|10|15|14|17|16
10,7|7|3|1|1|1,0,0|2,2,6,12,6,37791000|16906500|7515300|3324750|1466520|646425|285585|126960|57100|26160|12300,6|7|6|11|12|9|8|21|12|19|14
10,7|7|2|2|2,0,0|4,2,10,12,2,19752096|8836464|3934112|1744106|770924|340452|150668|67109|30268|13944|6636,10|11|12|11|10|13|12|13|12|17|14
10,7|7|1|1|1|1|1|1,0,0|4,2,10,12,2,5116320|2450448|1153152|534534|244860|111300|50464|22981|10612|5040|2520,10|11|16|11|10|13|18|13|12|19|16
10,7|6|5|2,1,3|5,2,13,14,1,35473152|15402816|6708416|2931500|1285680|566020|250144|110940|49344|21984|9792,16|15|14|13|14|13|18|17|20|21|22
10,7|6|4|1|1|1,0,0|2,2,6,10,4,83140200|38069460|17357340|7888881|3577860|1620825|734145|332820|151180|68880|31500,6|7|6|9|10|9|8|17|12|19|14
10,7|6|2|2|1|1|1,1,3|5,2,15,16,1,86822400|41811840|19940480|9425416|4420416|2059960|955760|442680|205408|95928|45360,18|17|16|15|18|15|16|19|18|17|18
10,7|5|5|3,0,0|2|4|6,4,10,14,4,31039008|13885872|6230224|2802800|1263812|570890|258162|116760|52752|23772|10668,10|11|10|17|10|11|10|19|16|15|14
10,7|5|5|2|1,1,3|5,2,13,14,1,80620800|36703680|16710720|7610148|3466896|1579740|719680|327520|148704|67248|30240,16|15|14|13|14|13|20|23|18|19|20
10,7|5|4|2|2,0,0|4,2,8,10,2,136047600|63727560|29802240|13910481|6478902|3010230|1394640|643935|296076|135432|61560,8|9|18|9|8|11|16|13|12|17|16
10,7|5|3|3|1|1,0,0|4,2,8,10,2,181060880|86718632|41369328|19654635|9297750|4378290|2051756|956564|443520|204400|93520,8|9|10|9|8|11|12|17|22|19|18
10,7|5|3|2|1|1|1,1,3|5,2,15,16,1,245583360|120852864|59005056|28590408|13751232|6566280|3113136|1465524|684960|317736|146160,18|17|16|15|18|15|16|17|18|17|18
10,7|5|2|2|2|1|1,0,0|2|4|6,4,12,16,4,128931264|64465632|31955616|15700608|7645176|3689532|1764972|837144|393792|183708|84924,12|13|12|23|12|13|12|19|20|15|14
10,7|5|2|2|1|1|1|1,0,0|2|4|6,4,12,16,4,100776000|51448800|25948000|12932920|6372520|3105500|1497540|714990|338160|158460|73500,12|13|12|15|12|13|12|15|16|15|14
10,7|4|4|3|2,0,0|4,2,8,10,2,105814800|50679720|24242400|11572743|5508354|2611320|1231340|576590|267568|122724|55440,8|9|12|9|8|15|12|15|16|15|18
10,7|4|4|2|2|1,0,0|4,2,8,10,2,166280400|81389880|39673920|19249659|9290754|4456830|2122520|1001955|467844|215484|97560,8|9|14|9|8|11|14|13|12|15|16
10,7|4|4|2|1|1|1,1,3|5,2,13,14,1,159174400|79168320|39103680|19181932|9342960|4516100|2164320|1026900|481376|222320|100800,16|15|14|13|14|13|18|17|18|19|22
10,7|4|4|1|1|1|1|1,0,0|4,2,8,10,2,55426800|28296840|14288560|7140419|3532430|1729800|837950|401030|189224|87780|39900,8|9|10|9|8|15|10|15|14|15|14
10,7|4|3|3|3,1,3|5,2,15,16,1,45147648|21979776|10681216|5175352|2497120|1198200|570880|269584|125888|57960|26208,18|17|16|15|16|15|26|21|20|17|20
10,7|4|3|3|1|1|1,1,3|5,2,13,14,1,159174400|80006080|39941440|19798548|9738432|4748980|2293160|1094660|515424|238616|108080,16|15|14|13|18|13|14|17|18|17|18
10,7|4|3|2|2|1|1,1,3|5,2,15,16,1,245583360|124730496|62882688|31449528|15591840|7655400|3717792|1782876|842304|390744|177120,18|17|16|15|16|15|18|17|20|17|20
10,7|4|3|2|1|1|1|1,1,3|5,2,13,14,1,177365760|91950144|47160256|23928476|12006896|5954580|2915648|1407392|668192|310968|141120,16|15|14|13|14|13|20|23|18|17|22
10,7|4|2|2|2|2|1,1,3|5,2,15,16,1,86822400|45010560|23139200|11782904|5936672|2955960|1452480|703080|334432|155736|70560,18|17|16|15|16|15|20|19|18|17|20
10,7|4|2|2|2|1|1|1,0,0|2|8|10,4,16,23,7,106419456|56010240|29158272|15004704|7626432|3824928|1890592|919432|438864|204816|92856,16|21|16|19|18|19|18|19|16|19|16
10,7|4|2|2|1|1|1|1|1,1,3|5,2,13,14,1,67721472|36533952|19423040|10174164|5248848|2665196|1330656|652260|313152|146664|66528,16|15|14|13|14|13|18|17|20|17|20
10,7|4|1|1|1|1|1|1|1|1|1,1,3|5,2,13,14,1,4012800|2333760|1327040|737308|400048|211860|109440|55080|26944|12744|5760,16|15|14|13|14|13|22|19|20|17|24
10,7|3|3|3|2|2,0,0|2,2,6,10,4,52907400|27010620|13720980|6925737|3468090|1719675|842445|406560|192556|89040|39900,6|7|6|9|8|9|8|23|12|19|14
10,7|3|3|2|2|1|1|1,0,0|4,2,8,10,2,99768240|53034696|27909024|14526369|7469022|3787470|1889964|925281|442596|205632|91980,8|9|12|9|8|11|12|13|12|23|14
10,7|3|3|1|1|1|1|1|1|1,0,0|2,2,2,8,6,17005950|9577035|5299515|2880306|1536480|803475|411075|205140|99396|46440|20700,2|3|2|11|16|9|8|17|12|17|14
10,7|3|2|2|2|2|1|1,0,0|4,2,10,12,2,50388000|27315600|14653600|7767370|4061020|2089800|1055660|521645|250940|116700|51900,10|11|12|11|10|15|12|13|12|15|14
10,7|3|2|2|2|1|1|1|1,0,0|4,2,8,10,2,46558512|25729704|14030016|7540533|3988710|2072586|1055192|524538|253344|118020|52416,8|9|14|9|8|11|14|15|18|15|22
10,7|3|1|1|1|1|1|1|1|1|1|1,0,0|4,2,8,10,2,1421200|875160|526240|308451|175890|97350|52140|26910|13296|6220|2700,8|9|12|9|8|11|12|15|16|15|14
10,7|2|2|2|1|1|1|1|1|1|1,1,3|5,2,15,16,1,4426240|2644096|1549184|888888|498432|272360|144464|73976|36288|16856|7280,18|17|16|15|22|15|16|19|20|17|18
10,6|6|6|1|1,0,0|2,2,6,10,4,7759752|3471468|1557556|701701|317746|144725|66317|30548|14112|6510|2982,6|7|6|9|8|9|8|17|18|13|12
10,6|6|5|1|1|1,0,0|2,2,6,10,4,31744440|14869764|6957132|3255525|1525446|716475|337563|159579|75656|35910|17010,6|7|6|9|8|9|8|13|14|13|12
10,6|6|4|4,0,0|2,2,4,11,7,13856700|6344910|2918630|1348633|625944|291800|136640|64290|30414|14487|6975,4|5|4|9|12|15|20|15|10|11|10
10,6|6|4|3|1,0,0|2,2,6,12,6,83140200|38944620|18272540|8589438|4046328|1910905|905115|430260|205440|98640|47700,6|7|6|11|12|9|8|17|22|19|14
10,6|6|4|2|2,0,0|2|4|6,4,10,21,11,72424352|34306272|16256240|7707700|3658116|1738800|828310|395766|189840|91504|44352,10|13|10|13|10|17|10|15|16|19|22
10,6|6|4|2|1|1,0,0|2,2,6,10,4,122442840|58643676|28039284|13393107|6395760|3055995|1462347|701478|337680|163296|79380,6|7|6|9|14|9|8|15|16|21|14
10,6|6|4|1|1|1|1,0,0|2,2,6,10,4,52907400|25896780|12607140|6112743|2955942|1427505|689385|333375|161644|78666|38430,6|7|6|9|8|9|8|13|12|13|12
10,6|6|3|3|2,0,0|2,2,6,10,4,64664600|30970940|14834820|7106099|3404588|1632145|783495|377055|182224|88648|43540,6|7|6|9|10|9|8|13|16|17|14
10,6|6|3|3|1|1,0,0|2|4|6,4,10,22,12,90698400|43917120|21225360|10243116|4938228|2379900|1147650|554520|268976|131328|64800,10|15|10|13|10|13|10|19|16|27|20
10,6|6|3|2|2|1,0,0|2,2,6,13,7,123450600|60425820|29493100|14357980|6975108|3383975|1641395|797265|388640|190680|94500,6|7|6|13|10|9|8|13|18|17|14
10,6|6|3|1|1|1|1|1,0,0|2,2,6,10,4,44767800|22855140|11554620|5792787|2884266|1428675|705415|348040|172116|85638|43050,6|7|6|9|8|9|8|19|12|13|12
10,6|6|2|2|2|2,0,0|2,2,8,14,6,29628144|14814072|7373912|3653832|1802976|886732|435288|213738|105308|52290|26334,8|9|8|15|16|13|14|15|12|13|12
10,6|6|2|1|1|1|1|1|1,0,0|2,2,6,10,4,19186200|10198980|5345340|2765763|1415106|717465|361425|181545|91364|46368|23940,6|7|6|9|8|9|8|13|12|21|14
10,6|6|1|1|1|1|1|1|1|1,0,0|2,2,6,10,4,3325608|1837836|996996|531531|278982|144519|74143|37848|19348|9996|5292,6|7|6|9|8|9|8|19|12|15|14
10,6|5|5|2|2,0,0|4,2,8,10,2,55426800|26546520|12732720|6117111|2944326|1420110|686390|332375|161140|78120|37800,8|9|10|9|8|11|10|13|12|17|16
10,6|5|4|4|1,0,0|2,2,4,11,7,58198140|27873846|13387374|6447441|3113220|1506825|730859|355166|172914|84357|41265,4|5|4|9|10|9|8|15|10|11|10
10,6|5|3|3|1|1|1,0,0|4,2,8,10,2,166280400|84890520|43174560|21882861|11056518|5570550|2799590|1404140|703280|352080|176400,8|9|12|9|8|11|10|17|16|19|18
10,6|5|3|2|2|2,0,0|2,2,6,13,7,123450600|63024780|32092060|16294460|8249108|4164265|2096745|1053465|528500|264978|132930,6|7|6|13|10|9|8|13|12|13|12
10,6|5|3|1|1|1|1|1|1,0,0|2,2,8,12,4,55426800|30047160|16101800|8538530|4485404|2336800|1208820|621705|318360|162582|82950,8|9|8|11|10|19|12|13|14|13|12
10,6|5|2|2|2|1|1|1,1,5|7,2,19,20,1,99225600|53007360|28098560|14782208|7720064|4004320|2064320|1058840|541184|276192|141120,24|23|30|25|20|19|20|19|26|21|22
10,6|4|4|4|2,0,0|2|4|6,4,12,21,9,44341440|21937344|10877152|5403112|2687608|1337920|666116|331448|164704|81672|40380,12|15|12|15|12|21|12|19|18|17|14
10,6|4|4|4|1|1,0,0|2,2,4,10,6,56686500|28343250|14178450|7096050|3552480|1778325|889665|444540|221710|110295|54675,4|5|4|11|16|9|8|17|10|11|10
10,6|4|4|3|3,0,0|4,2,8,10,2,46558512|23279256|11659648|5846841|2933766|1472080|738168|369642|184688|91980|45612,8|9|16|9|8|17|14|15|16|15|14
10,6|4|4|2|2|2,0,0|2|4|6,4,10,22,12,90698400|46781280|24089520|12380004|6347844|3246480|1655430|841170|425600|214200|107100,10|13|10|13|10|17|10|15|22|17|14
10,6|4|4|2|2|1|1,0,0|4,2,8,10,2,181060880|94342248|48992944|25358333|13081530|6725110|3444574|1757007|891884|450100|225540,8|9|10|9|8|11|10|13|12|15|14
10,6|4|4|2|1|1|1|1,0,0|4,2,8,10,2,125349840|66633336|35194544|18480693|9651642|5014520|2591862|1332408|680848|345492|173880,8|9|10|9|8|15|10|19|16|15|16
10,6|4|4|1|1|1|1|1|1,0,0|2|4|6,4,12,19,7,36279360|19858176|10759008|5775120|3073752|1623240|850884|442722|228536|116928|59220,12|19|12|17|12|15|12|15|14|23|14
10,6|4|3|3|2|2,0,0|2,2,6,10,4,122442840|63799164|33194772|17236557|8927172|4609035|2370681|1213983|618444|313146|157410,6|7|6|9|10|9|8|13|12|13|12
10,6|4|3|2|2|1|1|1,0,0|4,2,8,10,2,208916400|113254680|61014800|32666095|17377822|9184350|4820970|2512335|1299060|665952|338100,8|9|10|9|8|11|10|13|12|21|14
10,6|4|3|1|1|1|1|1|1|1,0,0|2,2,8,14,6,33256080|19078488|10800504|6036888|3333396|1819140|981488|523574|276088|143826|73950,8|9|8|15|10|13|16|15|14|13|12
10,6|4|2|2|2|2|1|1,0,0|4,2,10,12,2,82884384|45804528|25147584|13708926|7416684|3980232|2117880|1116837|583380|301644|154224,10|11|14|11|10|15|14|13|12|15|18
10,6|4|2|2|2|1|1|1|1,0,0|4,2,8,10,2,75582000|42564600|23748400|13126035|7185750|3895450|2090670|1110540|583640|303300|155700,8|9|10|9|8|11|10|17|14|15|14
10,6|4|1|1|1|1|1|1|1|1|1|1,0,0|4,2,8,10,2,1956240|1225224|752752|453453|267762|154990|87966|48978|26768|14364|7560,8|9|10|9|8|11|10|15|16|15|16
10,6|3|3|3|3|2,0,0|2,2,6,10,4,31744440|16874676|8962044|4751019|2511522|1322445|692739|360486|186032|95004|47880,6|7|6|9|8|9|8|15|16|15|16
10,6|3|3|3|2|2|1,0,0|2,2,6,10,4,83140200|45070740|24358620|13114959|7028736|3745965|1983015|1041255|541384|278106|140730,6|7|6|9|34|9|8|13|14|13|12
10,6|3|3|3|1|1|1|1|1,0,0|2,2,4,11,7,41570100|23410530|13074490|7241949|3977622|2165300|1167300|622440|327754|170037|86625,4|5|4|9|8|13|12|19|10|11|10
10,6|3|3|2|2|2|2,0,0|2,2,6,12,6,37791000|20884500|11493300|6292650|3424320|1850175|991335|525960|275800|142590|72450,6|7|6|11|18|9|8|19|14|13|12
10,6|3|3|2|2|2|1|1,0,0|2|4|6,4,10,22,12,83566560|46621344|25863376|14257628|7804412|4238080|2280586|1214374|638680|330960|168420,10|13|10|13|10|25|10|15|14|19|14
10,6|3|3|2|2|1|1|1|1,0,0|2|4|6,4,12,19,7,73902400|42007680|23680800|13236080|7332072|4022600|2183660|1171350|619760|322640|164700,12|17|12|17|12|15|12|15|16|19|14
10,6|3|3|2|1|1|1|1|1|1,0,0|2,2,4,10,6,37035180|21636342|12494118|7131852|4023558|2242590|1233932|669438|357462|187383|96075,4|5|4|13|8|11|12|15|10|11|10
10,6|3|3|1|1|1|1|1|1|1|1,0,0|2,2,2,8,6,9447750|5718375|3409575|2002650|1158630|660075|370065|203940|110270|58335|30075,2|3|2|11|8|9|8|17|10|11|10
10,6|3|2|2|2|2|1|1|1,0,0|2|4|6,4,10,19,9,39907296|23104224|13268112|7552116|4256604|2373048|1306794|709620|379144|198720|101736,10|13|10|13|10|15|10|17|14|23|16
10,6|3|1|1|1|1|1|1|1|1|1|1|1,0,0|2|4|6,4,10,19,9,671840|445536|289744|184548|114972|69960|41514|23976|13440|7280|3780,10|13|10|13|10|15|10|19|22|19|14
10,6|2|2|2|2|2|2|1|1,0,0|2,2,6,13,7,7558200|4495140|2653300|1552200|898536|513725|289425|160215|86820|45828|23400,6|7|6|15|12|9|8|13|12|15|16
10,6|2|2|2|2|2|1|1|1|1,0,0|2,2,6,10,4,7759752|4696692|2814812|1668667|977152|564251|320581|178696|97356|51576|26376,6|7|6|9|22|9|8|19|12|17|16
10,6|2|2|1|1|1|1|1|1|1|1|1|1,0,0|2,2,6,10,4,710600|474980|311740|200629|126412|77825|46695|27210|15324|8282|4250,6|7|6|9|10|9|8|15|12|13|12
10,6|2|1|1|1|1|1|1|1|1|1|1|1|1,0,0|2,2,6,12,6,132600|92820|63700|42770|28028|17875|11055|6600|3780|2058|1050,6|7|6|11|10|9|8|19|12|13|12
10,5|5|5|3|1|1,0,0|4,2,8,10,2,46558512|23279256|11659648|5852847|2945778|1487052|753054|382557|194908|99540|50904,8|9|16|9|8|13|10|13|12|15|16
10,5|5|5|2|1|1|1,1,3|5,2,15,16,1,45147648|23167872|11869312|6076616|3111552|1594808|818672|421008|216832|111720|57456,18|17|16|15|20|15|16|21|24|17|18
10,5|5|4|4|2,0,0|2,2,4,10,6,34918884|17459442|8762754|4414410|2231988|1132527|576621|294567|150990|77679|40131,4|5|4|11|10|9|8|13|10|11|10
10,5|5|4|4|1|1,0,0|2|4|6,4,12,21,9,44341440|22404096|11343904|5757752|2930136|1495240|765132|392628|202080|104376|54180,12|23|12|15|12|15|12|17|18|17|14
10,5|5|4|3|1|1|1,0,0|4,2,8,10,2,105814800|55135080|28697760|14930097|7767702|4043220|2106350|1098615|573860|300300|157500,8|9|12|9|8|13|10|13|12|15|14
10,5|5|4|2|2|2,0,0|2,2,6,10,4,64664600|33693660|17557540|9150141|4769952|2487905|1298725|678720|355180|186130|97650,6|7|6|9|16|9|8|25|12|13|12
10,5|5|4|1|1|1|1|1|1,0,0|2,2,8,16,8,25069968|13854456|7593432|4133052|2237004|1205568|647696|347256|185920|99414|53046,8|9|8|13|10|21|16|19|20|13|12
10,5|5|3|3|3|1,0,0|4,2,8,10,2,55426800|28880280|15066480|7868289|4112922|2151810|1126880|590850|310304|163332|86220,8|9|10|9|8|11|18|15|18|15|14
10,5|5|3|3|2|2,0,0|2|4|6,4,10,21,11,72424352|38118080|20068048|10566556|5564020|2930172|1543570|813652|429408|227080|120484,10|15|10|13|10|13|10|17|18|17|14
10,5|5|3|3|2|1|1,0,0|4,2,8,10,2,136047600|72320040|38394720|20361159|10787778|5711670|3023010|1600170|847680|449820|239400,8|9|12|9|8|11|10|15|20|15|16
10,5|5|3|3|1|1|1|1,0,0|4,2,8,10,2,75582000|40973400|22120800|11901435|6384930|3417600|1826250|974955|520460|278160|149100,8|9|12|9|8|27|10|13|12|19|14
10,5|5|3|1|1|1|1|1|1|1,0,0|2|4|6,4,12,19,7,18418752|10663488|6104736|3459456|1942776|1082592|599436|330318|181464|99576|54684,12|15|12|23|12|19|12|15|14|17|14
10,5|5|2|2|2|2|2,0,0|4,2,10,12,2,19752096|10915632|6013280|3300934|1805412|984004|534688|289905|157052|85176|46368,10|11|12|11|10|13|18|13|12|17|20
10,5|5|2|2|1|1|1|1|1|1,0,0|4,2,8,10,2,21318000|12454200|7198400|4119115|2335410|1313200|733230|407190|225400|124740|69300,8|9|14|9|8|17|10|15|14|15|14
10,5|5|2|1|1|1|1|1|1|1|1,0,0|4,2,8,10,2,6651216|4025736|2402400|1414413|822294|472632|269006|151940|85408|47964|27048,8|9|12|9|8|15|10|17|18|15|16
10,5|4|4|4|2|1,0,0|2,2,4,11,7,58198140|30324294|15837822|8291283|4350456|2287515|1205063|635859|335986|177765|94185,4|5|4|9|12|9|8|13|10|11|10
10,5|4|4|3|2|2,0,0|2,2,6,12,6,83140200|44195580|23523500|12534522|6685536|3568855|1906425|1018890|544692|291186|155610,6|7|6|11|16|9|8|15|12|13|12
10,5|4|4|2|2|1|1|1,0,0|4,2,8,10,2,108636528|60035976|33073040|18169151|9957486|5445748|2972802|1620066|881328|478464|259056,8|9|10|9|8|13|10|15|16|27|18
10,5|4|4|1|1|1|1|1|1|1,0,0|2,2,8,12,4,15116400|8831160|5109000|2929914|1667412|942660|529900|296385|164992|91386|50310,8|9|8|11|10|13|12|13|22|13|12
10,5|4|3|3|3|1|1,1,3|5,2,13,14,1,80620800|43917120|23924160|13031772|7096704|3862860|2101240|1142040|620096|336312|182160,16|15|14|13|20|13|14|19|20|17|18
10,5|4|2|2|1|1|1|1|1|1|1,1,3|5,2,15,16,1,16372224|10124928|6190976|3744312|2240832|1327608|779088|453156|261472|149832|85392,18|17|16|15|18|15|16|17|18|17|18
10,5|3|3|3|3|3,0,0|2,2,6,10,4,7759752|4288284|2374372|1316315|730158|404967|224421|124173|68544|37716|20664,6|7|6|9|8|9|8|13|20|15|16
10,5|3|3|3|2|2|2,0,0|2|4|6,4,10,21,11,30232800|17184960|9762480|5539716|3138444|1774260|1000350|562140|314616|175224|97020,10|15|10|13|10|13|10|17|14|17|14
10,5|3|3|3|2|2|1|1,0,0|2,2,6,13,7,64664600|37097060|21241220|12136124|6916844|3930965|2226655|1256395|705712|394282|218890,6|7|6|13|10|9|8|13|16|13|12
10,5|3|3|3|2|1|1|1|1,0,0|2,2,4,10,6,52229100|30512790|17749270|10281964|5931618|3407320|1948380|1108590|627270|352695|196875,4|5|4|13|8|15|12|15|10|11|10
10,5|3|3|3|1|1|1|1|1|1,0,0|2|4|6,4,12,19,7,20155200|12093120|7203040|4261088|2504328|1462480|848580|489090|279888|158928|89460,12|15|12|19|12|17|12|15|16|19|14
10,5|3|3|2|2|2|2|1,0,0|2,2,6,10,4,38798760|22666644|13209196|7674667|4443516|2562515|1471123|840252|477120|269094|150570,6|7|6|9|10|9|8|17|20|13|12
10,5|3|3|2|2|2|1|1|1,1,3|5|7|9,4,19,23,4,50935808|30159360|17780224|10435040|6095232|3542368|2047552|1176504|671552|380464|213696,22|21|20|19|20|19|20|19|20|19|22
10,5|3|3|2|2|1|1|1|1|1,0,0|2,2,4,11,7,36732852|22233042|13362570|7976475|4729266|2784942|1628532|945324|544410|310797|175689,4|5|4|9|8|11|12|17|10|11|10
10,5|3|3|1|1|1|1|1|1|1|1|1,0,0|2,2,2,8,6,3730650|2415105|1543465|973973|607002|373705|227315|136605|81074|47481|27405,2|3|2|9|8|9|8|13|10|11|10
10,5|3|2|2|2|2|2|1|1,0,0|2,2,6,10,4,20721096|12541716|7559244|4534299|2705076|1603989|944649|552141|320004|183708|104328,6|7|6|9|10|9|8|13|12|15|16
10,5|3|2|2|2|2|1|1|1|1,0,0|2,2,6,12,6,20995000|12928500|7910500|4808050|2901900|1738375|1033025|608550|355100|205040|117000,6|7|6|11|10|9|8|15|12|19|16
10,5|3|2|1|1|1|1|1|1|1|1|1|1,0,0|2,2,6,13,7,1630200|1106820|740740|488488|317328|203005|127855|79245|48308|28938|17010,6|7|6|15|14|9|8|13|12|13|12
10,5|3|1|1|1|1|1|1|1|1|1|1|1|1,0,0|2,2,6,10,4,235144|167076|116844|80353|54288|36003|23419|14931|9324|5698|3402,6|7|6|9|14|9|8|13|12|13|12
10,5|2|2|2|2|2|2|1|1|1,0,0|2|4|6,4,10,19,9,4434144|2800512|1759472|1098812|681516|419356|255678|154218|91848|53880|31032,10|17|10|13|10|13|10|15|14|17|16
10,5|2|2|1|1|1|1|1|1|1|1|1|1|1,0,0|2|4|6,4,10,19,9,258400|184960|130480|90636|61932|41580|27390|17670|11136|6832|4060,10|17|10|13|10|13|10|15|22|19|14
10,4|4|4|4|2|2,0,0|2,2,4,11,7,13856700|7511790|4085510|2229227|1220252|670040|369030|203835|112906|62721|34965,4|5|4|9|10|15|10|13|10|11|10
10,4|4|4|3|3|1|1,0,0|2|4|6,4,10,14,4,31039008|17153136|9497488|5269264|2929476|1632058|911138|509712|285712|160440|90216,10|11|10|17|10|11|10|21|16|17|16
10,4|4|4|3|2|1|1|1,1,5|7,2,19,20,1,51597312|29193216|16506880|9331712|5276288|2984672|1689536|957224|542848|308160|175104,24|23|28|29|20|19|20|19|22|23|30
10,4|4|4|2|2|2|1|1,0,0|4,2,8,10,2,35271600|20234760|11597040|6641271|3801102|2174880|1244350|712075|407596|233352|133560,8|9|10|9|8|19|10|13|12|17|16
10,4|4|4|2|2|1|1|1|1,0,0|4,2,10,12,2,30232800|17662320|10283520|5970666|3458916|2000460|1155600|667035|384820|221880|127800,10|11|20|11|10|13|16|13|12|17|16
10,4|4|3|3|3|2|1,1,3|5,2,13,14,1,35473152|20070336|11375936|6458452|3672064|2090612|1191720|680124|388608|222312|127344,16|15|14|13|28|13|14|17|26|17|18
10,4|4|3|3|3|1|1|1,0,0|2|4|6,4,10,14,4,30232800|17344080|9949680|5708664|3276252|1880910|1080270|620730|356880|205320|118200,10|11|10|15|10|11|10|15|16|17|16
10,4|4|3|3|2|2|2,0,0|4,2,8,10,2,25865840|14838824|8520512|4895891|2814746|1619030|931678|536389|308980|178108|102760,8|9|14|9|8|11|10|13|12|15|16
10,4|4|3|3|1|1|1|1|1|1,0,0|4,2,10,12,2,16713312|10115952|6088544|3646874|2175404|1293152|766472|453215|267484|157668|92904,10|11|12|11|10|19|14|13|12|15|16
10,4|4|3|2|1|1|1|1|1|1|1,1,3|5,2,15,16,1,12403200|7800960|4865920|3012280|1852096|1131880|688080|416400|251040|150888|90480,18|17|16|15|18|15|16|21|18|17|18
10,4|4|2|2|2|2|2|2,0,0|2|4|6,4,12,16,4,5643456|3415776|2064608|1245608|749864|450364|269844|161322|96264|57372|34188,12|13|12|15|12|13|12|15|14|15|14
10,4|4|2|2|2|1|1|1|1|1|1,0,0|2|4|6,4,10,14,4,8527200|5430480|3432880|2154944|1343804|832790|513150|314580|192024|116844|70980,10|11|10|21|10|11|10|17|14|15|14
10,4|4|2|2|1|1|1|1|1|1|1|1,0,0|2|4|6,4,10,14,4,3627936|2386800|1554384|1002456|640548|405762|254994|159114|98696|60948|37548,10|11|10|15|10|11|10|15|14|15|14
10,4|3|3|3|3|2|2,0,0|4,2,8,10,2,11085360|6476184|3791216|2223221|1305546|767490|451536|265779|156468|92100|54180,8|9|10|9|8|11|16|13|12|15|14
10,4|3|3|3|2|2|1|1|1,0,0|2,2,4,10,6,27159132|16438422|9935926|5997992|3616382|2177777|1309791|786681|471786|282471|168819,4|5|4|15|8|9|8|13|10|11|10
10,4|3|3|3|1|1|1|1|1|1|1,0,0|4,2,10,12,2,6046560|3850704|2436096|1531998|958284|596520|369676|228139|140228|85860|52380,10|11|22|11|10|15|12|13|12|15|14
10,4|3|3|2|2|2|2|1|1,0,0|2,2,8,12,4,18475600|11377080|6995560|4294290|2631288|1609140|982000|597945|363220|220058|132930,8|9|8|11|12|13|16|13|12|13|12
10,4|3|3|2|2|2|1|1|1|1,0,0|2,2,4,11,7,18314100|11470410|7158690|4452651|2760462|1705905|1050885|645330|395010|240975|146475,4|5|4|9|8|9|8|15|10|11|10
10,4|3|3|1|1|1|1|1|1|1|1|1|1,0,0|2,2,2,8,6,959310|661419|451011|304227|203082|134220|87876|57024|36690|23409|14805,2|3|2|9|8|13|12|25|10|11|10
10,4|3|2|2|2|1|1|1|1|1|1|1,1,5|7,2,19,20,1,3969024|2663424|1773568|1172224|769152|501088|324160|208248|132864|84192|52992,24|23|26|25|20|19|20|19|24|21|26
10,4|2|2|2|2|2|2|2|1|1,0,0|4,2,8,10,2,1534896|1009800|663168|434511|283866|184794|119790|77262|49536|31536|19908,8|9|16|9|8|11|10|15|22|19|14
10,4|2|2|2|2|2|2|1|1|1|1,0,0|4,2,8,10,2,1679600|1122680|747760|496145|327818|215590|141040|91720|59240|37960|24100,8|9|10|9|8|11|16|19|14|17|14
10,4|2|2|2|1|1|1|1|1|1|1|1|1|1,0,0|4,2,8,10,2,250800|183480|132880|95249|67562|47410|32900|22565|15284|10212|6720,8|9|10|9|8|11|12|13|12|15|22
10,4|2|2|1|1|1|1|1|1|1|1|1|1|1|1,0,0|4,2,8,10,2,67184|51272|38688|28847|21242|15438|11066|7817|5436|3716|2492,8|9|12|9|8|11|10|13|12|15|14
10,3|3|3|3|3|3|1|1,0,0|4,2,8,10,2,2217072|1341912|814528|495781|302566|185112|113520|69771|42972|26520|16404,8|9|14|9|8|15|16|13|12|17|14
10,3|3|3|3|2|2|2|1|1,0,0|2,2,4,11,7,5290740|3313674|2076802|1302483|817422|513365|322641|202923|127722|80451|50715,4|5|4|9|8|9|8|13|10|11|10
10,3|3|3|3|2|2|1|1|1|1,0,0|2,2,8,12,4,5038800|3208920|2041000|1296958|823624|522820|331800|210555|133620|84810|53850,8|9|8|11|12|13|14|13|12|13|12
10,3|3|3|2|2|2|2|1|1|1,0,0|2,2,4,10,6,3779100|2446470|1582230|1022346|660006|425745|274435|176790|113826|73251|47115,4|5|4|11|8|9|8|15|10|11|10
10,3|3|3|2|2|1|1|1|1|1|1|1,0,0|4,2,10,12,2,1705440|1157904|781792|525206|351252|233980|155316|102783|67836|44664|29340,10|11|12|11|10|13|12|13|12|17|14
10,3|3|3|1|1|1|1|1|1|1|1|1|1|1,0,0|2,2,2,8,6,125970|92157|66781|47944|34114|24070|16852|11716|8094|5559|3795,2|3|2|15|8|11|12|17|10|11|10
10,3|3|2|2|2|2|2|2|2,0,0|4,2,8,10,2,604656|397800|261872|172419|113502|74684|49110|32268|21184|13896|9108,8|9|10|9|8|13|10|17|20|17|14
10,3|3|2|2|2|2|1|1|1|1|1|1,0,0|4,2,8,10,2,1162800|801720|550400|376353|256374|174020|117720|79380|53368|35784|23940,8|9|20|9|8|13|14|17|14|17|14
10,3|3|2|2|2|1|1|1|1|1|1|1|1,0,0|4,2,8,10,2,604656|429624|303264|212745|148374|102912|71012|48765|33340|22704|15408,8|9|12|9|8|27|12|13|12|19|18
10,3|3|1|1|1|1|1|1|1|1|1|1|1|1|1|1,0,0|4,2,8,10,2,7600|6120|4880|3851|3006|2320|1770|1335|996|736|540,8|9|10|9|8|17|10|13|12|21|14
10,3|2|2|2|2|2|2|2|1|1|1,1,3|5,2,13,14,1,413440|286144|197952|136852|94528|65220|44936|30908|21216|14528|9920,16|15|14|13|18|13|14|17|18|23|22
10,3|2|2|2|1|1|1|1|1|1|1|1|1|1|1,1,3|5,2,13,14,1,43776|33984|26176|20004|15168|11412|8520|6312|4640|3384|2448,16|15|14|13|18|13|14|19|18|17|18
10,2|2|2|2|2|2|2|2|2|2,0,0|2,2,4,11,7,16796|11934|8502|6071|4344|3114|2236|1608|1158|835|603,4|5|4|9|12|11|12|19|10|11|10
10,2|2|2|2|2|2|2|1|1|1|1|1|1,0,0|2,2,6,10,4,38760|28764|21316|15779|11670|8625|6371|4704|3472|2562|1890,6|7|6|9|8|9|8|23|16|13|12
10,2|2|2|2|2|2|1|1|1|1|1|1|1|1,0,0|2,2,6,10,4,23256|17748|13500|10239|7746|5847|4405|3313|2488|1866|1398,6|7|6|9|8|9|8|13|14|13|12
10,2|2|2|1|1|1|1|1|1|1|1|1|1|1|1|1|1,0,0|2,2,2,8,6,950|815|695|589|496|415|345|285|234|191|155,2|3|2|9|14|9|8|13|10|11|10
10,2|2|1|1|1|1|1|1|1|1|1|1|1|1|1|1|1|1,0,0|2,2,2,8,6,170|153|137|122|108|95|83|72|62|53|45,2|3|2|11|10|9|8|19|10|11|10
11,20|1|1,0,0|2,2,2,3,1,210|20|1|0|0|0|0|0|0|0|0|0,2|5|2|inf|inf|inf|inf|inf|inf|inf|inf|inf
11,19|1|1|1,0,0|2,2,2,3,1,1330|190|19|1|0|0|0|0|0|0|0|0,2|3|2|3|inf|inf|inf|inf|inf|inf|inf|inf
11,17|2|1|1|1,1,3|5,2,11,15,4,80256|18240|3552|560|64|4|0|0|0|0|0|0,14|13|12|11|18|11|inf|inf|inf|inf|inf|inf
11,16|5|1,0,0|2,2,2,3,1,248710|58140|12699|2528|438|60|5|0|0|0|0|0,2|5|2|13|8|11|8|inf|inf|inf|inf|inf
11,16|4|2,0,0|2,2,6,7,1,456456|110656|24804|4992|858|114|9|0|0|0|0|0,6|13|6|17|8|9|8|inf|inf|inf|inf|inf
11,16|4|1|1,0,0|2,2,2,3,1,510510|125970|28509|5759|988|130|10|0|0|0|0|0,2|3|2|3|10|9|10|inf|inf|inf|inf|inf
11,16|2|2|2,0,0|2,2,6,7,1,261800|68000|15980|3280|556|70|5|0|0|0|0|0,6|11|6|11|10|9|8|inf|inf|inf|inf|inf
11,16|1|1|1|1|1|1,0,0|2,2,6,7,1,54264|15504|3876|816|136|16|1|0|0|0|0|0,6|9|6|11|12|15|8|inf|inf|inf|inf|inf
11,15|5|2,0,0|2,2,2,3,1,1448370|388740|99297|23760|5192|990|150|14|0|0|0|0,2|5|2|11|12|9|10|11|inf|inf|inf|inf
11,15|5|1|1,0,0|2,2,6,7,1,1563320|426360|109956|26444|5786|1100|165|15|0|0|0|0,6|7|6|7|8|11|8|9|inf|inf|inf|inf
11,15|4|2|1,0,0|2,2,2,3,1,3730650|1049750|277695|67845|14882|2790|405|35|0|0|0|0,2|3|2|3|8|9|8|9|inf|inf|inf|inf
11,15|4|1|1|1,1,3|7,2,13,15,2,2154240|620160|166464|40992|9008|1680|240|20|0|0|0|0,16|15|14|13|14|15|16|13|inf|inf|inf|inf
11,15|3|2|2,0,0|2,2,6,7,1,2282280|661960|179348|44460|9776|1810|255|21|0|0|0|0,6|7|6|7|14|9|8|9|inf|inf|inf|inf
11,15|1|1|1|1|1|1|1,0,0|2,2,6,7,1,116280|38760|11628|3060|680|120|15|1|0|0|0|0,6|7|6|7|12|13|8|9|inf|inf|inf|inf
11,14|4|2|2,0,0|2,2,2,3,1,10138590|3203970|967197|275583|72842|17380|3570|574|56|0|0|0,2|3|2|3|8|11|10|11|14|inf|inf|inf
11,14|3|3|1|1,0,0|2|4|6,4,10,14,4,10346336|3359200|1036048|299728|79820|19004|3850|602|56|0|0|0,10|11|10|11|10|11|10|11|14|inf|inf|inf
11,14|3|2|1|1|1,1,5|7,2,15,17,2,12063744|4047360|1279488|376320|101024|24016|4800|728|64|0|0|0,20|19|20|21|16|15|20|15|20|inf|inf|inf
11,13|6|3,1,3|5|7|9,4,17,22,5,10914816|3472896|1083648|329856|97216|27424|7264|1744|352|48|0|0,20|19|18|17|18|17|18|17|18|17|inf|inf
11,13|6|1|1|1,1,3|5,2,13,17,4,13108480|4341120|1393728|432544|129024|36600|9680|2296|448|56|0|0,16|15|14|13|28|13|16|15|20|15|inf|inf
11,13|5|2|2,0,0|2,2,2,3,1,29099070|9825660|3220191|1017744|307398|87510|22950|5320|1000|120|0|0,2|5|2|11|8|9|10|15|14|15|inf|inf
11,13|4|3|1|1,1,3|5,2,11,16,5,54172800|18878400|6354720|2051280|628272|179700|46800|10620|1920|216|0|0,14|13|12|11|14|11|16|13|22|15|inf|inf
11,13|3|3|2|1,1,3|5,2,11,16,5,43257984|15449280|5314848|1745744|540848|155276|40200|8960|1568|168|0|0,14|13|12|11|14|11|14|25|18|15|inf|inf
11,13|3|3|1|1|1,0,0|2|4|6,4,10,14,4,31266400|11369600|3964400|1314720|409772|117920|30470|6740|1160|120|0|0,10|15|10|13|10|17|10|13|14|15|inf|inf
11,13|2|2|2|1|1|1,1,3|7,2,13,15,2,13069056|5006976|1824576|626080|199472|57824|14784|3164|512|48|0|0,16|15|14|13|14|17|20|13|26|17|inf|inf
11,13|2|1|1|1|1|1|1|1,1,3|5,2,11,15,4,2273920|930240|357408|127568|41664|12180|3080|636|96|8|0|0,14|13|12|11|18|11|14|13|18|15|inf|inf
11,12|9|1,0,0|2,2,4,5,1,1662804|503880|152490|46176|14014|4268|1305|400|122|36|9|0,4|7|4|13|8|11|8|17|10|13|10|inf
11,12|8|2,0,0|2,2,4,5,1,7461300|2390200|760410|240240|75348|23430|7200|2170|630|168|35|0,4|7|4|11|10|9|18|11|10|15|10|inf
11,12|8|1|1,0,0|2,2,6,7,1,7759752|2519400|808860|257140|80990|25256|7775|2345|680|180|36|0,6|7|6|7|8|13|8|9|14|13|14|inf
11,12|6|2|2,0,0|2,2,4,5,1,58198140|20659080|7198854|2455440|816634|263270|81480|23800|6350|1440|225|0,4|7|4|11|8|9|14|15|10|19|10|inf
11,12|5|5,0,0|2,2,8,9,1,10744272|3720960|1274184|429696|141912|45540|14040|4088|1092|252|42|0,8|17|8|17|12|11|14|15|12|13|12|inf
11,12|5|3|2,0,0|2,2,8,9,1,121938960|44341440|15811224|5504928|1860716|605660|187540|54160|14080|3060|450|0,8|13|8|13|10|11|12|17|24|13|12|inf
11,12|5|2|2|1,0,0|2,2,2,3,1,145495350|54167100|19681155|6951360|2373748|777480|241230|69440|17850|3780|525|0,2|5|2|15|10|13|10|21|10|13|10|inf
11,12|5|2|1|1|1,1,5|9,2,19,21,2,125841408|47667200|17547264|6257664|2151296|707520|219840|63168|16128|3360|448|0,24|23|30|23|20|19|20|21|24|19|22|inf
11,12|5|1|1|1|1|1,0,0|2,2,8,9,1,36212176|14108640|5309304|1924832|669396|221688|69040|19768|4984|1008|126|0,8|11|8|13|10|13|16|15|14|17|12|inf
11,12|4|4|2,0,0|2,2,6,7,1,69837768|25697880|9268740|3260556|1111188|363444|112545|32305|8288|1764|252|0,6|7|6|7|10|11|8|9|18|13|14|inf
11,12|4|3|3,0,0|2,2,6,7,1,59093496|22000176|8017812|2844864|975744|320364|99279|28406|7224|1512|210|0,6|9|6|15|20|11|8|11|14|15|12|inf
11,12|4|2|2|2,0,0|2,2,2,3,1,87297210|33633990|12608271|4573413|1593774|528300|164115|46655|11640|2340|300|0,2|3|2|3|8|11|8|9|14|13|14|inf
11,12|4|2|2|1|1,0,0|2,2,4,5,1,166378212|64822680|24507522|8946288|3131622|1040850|323595|91854|22806|4536|567|0,4|7|4|11|8|9|8|11|10|15|10|inf
11,12|4|2|1|1|1|1,0,0|2,2,6,7,1,104458200|41602400|16000740|5916960|2090172|698490|217485|61530|15120|2940|350|0,6|11|6|13|10|9|8|11|16|13|12|inf
11,12|4|1|1|1|1|1|1,0,0|2,2,6,7,1,25729704|10581480|4176900|1575756|564564|190242|59355|16695|4032|756|84|0,6|7|6|7|10|9|8|9|20|13|14|inf
11,12|3|2|2|1|1|1,0,0|2,2,4,5,1,96996900|39470600|15498730|5837520|2091674|704740|219450|61460|14770|2772|315|0,4|7|4|11|8|11|10|13|10|13|10|inf
11,12|2|2|2|2|1|1,0,0|2,2,6,7,1,28452424|11824384|4735588|1814384|658658|223586|69641|19334|4556|828|90|0,6|17|6|11|8|9|8|11|12|13|12|inf
11,12|2|2|2|1|1|1|1,0,0|2,2,4,5,1,24066900|10210200|4157010|1613040|590876|201630|62865|17380|4050|720|75|0,4|7|4|11|10|9|8|13|10|17|10|inf
11,12|1|1|1|1|1|1|1|1|1|1,0,0|2,2,4,5,1,352716|167960|75582|31824|12376|4368|1365|364|78|12|1|0,4|7|4|11|12|15|8|13|10|13|10|inf
11,11|9|2,0,0|2,2,6,7,1,6565944|2160224|709852|233376|76934|25498|8523|2884|992|348|124|44,6|11|6|13|8|9|8|13|18|13|14|15
11,11|9|1|1,0,0|2,2,4,5,1,6802380|2267460|751842|248742|82368|27390|9180|3114|1074|378|135|45,4|5|4|5|18|9|12|11|10|11|10|11
11,11|8|2|1,0,0|2,2,4,5,1,42678636|14965236|5207202|1799798|618618|211662|72137|24479|8246|2730|861|231,4|5|4|5|8|9|8|9|10|11|10|11
11,11|8|1|1|1,1,3|7,2,13,15,2,22573824|8062080|2842944|992160|343408|118096|40400|13748|4640|1536|480|120,16|15|14|13|14|15|16|13|18|27|20|17
11,11|7|2|2,0,0|2,2,4,5,1,82074300|30200500|10993730|3957030|1407406|494120|170880|57960|19110|6006|1715|385,4|5|4|5|8|13|22|15|10|11|10|11
11,11|6|3|1|1,1,3|5,2,11,16,5,289697408|110987968|41929888|15601040|5706064|2045524|715424|242284|78400|23632|6272|1232,14|13|12|11|14|11|18|13|20|17|24|19
11,11|5|5|1,0,0|2,2,8,9,1,77597520|29225040|10910328|4028648|1466816|524300|182840|61656|19836|5952|1590|330,8|9|8|9|18|11|14|15|12|21|12|13
11,11|5|4|2,0,0|2,2,6,7,1,241746120|93140280|35477028|13324716|4917888|1775340|622755|210231|67272|19872|5130|990,6|7|6|7|20|11|8|9|14|19|12|13
11,11|5|3|3,0,0|2,2,6,7,1,164148600|63954000|24605460|9320960|3463812|1256640|442085|149310|47640|13956|3540|660,6|9|6|21|10|19|8|11|14|13|14|15
11,11|5|2|2|2,0,0|2,2,4,5,1,213393180|85911540|33970794|13156286|4973254|1826440|647255|218995|69490|20010|4875|825,4|5|4|5|8|13|8|9|10|11|10|11
11,11|5|2|2|1|1,0,0|2,2,2,3,1,402164070|163651180|65249723|25432176|9659958|3559710|1264095|427966|135632|38892|9380|1540,2|5|2|11|8|9|8|11|16|13|14|15
11,11|5|2|1|1|1|1,0,0|2,2,6,7,1,246029784|102246144|41453412|16368352|6278272|2329558|830683|281554|88984|25284|5964|924,6|17|6|13|20|9|8|11|14|13|14|15
11,11|5|1|1|1|1|1|1,0,0|2,2,6,7,1,57610280|24690120|10265892|4135404|1610336|603890|216685|73549|23128|6468|1470|210,6|7|6|7|16|9|8|9|14|13|12|13
11,11|4|4|3,0,0|2,2,8,9,1,118186992|46558512|18109080|6930792|2598684|949080|334980|112980|35784|10332|2562|462,8|9|8|9|10|13|12|13|14|13|12|13
11,11|4|4|2|1,1,3|7,2,15,17,2,343816704|137675520|54267264|20991168|7935264|2915136|1032480|348488|110080|31536|7680|1320,18|17|16|15|16|19|18|15|26|17|28|17
11,11|4|3|2|2,1,3|7,2,15,17,2,354731520|145117440|58301568|22920768|8778016|3255040|1158880|391224|122784|34608|8160|1320,18|17|16|15|16|23|18|15|18|17|20|17
11,11|4|2|2|2|1,0,0|2,2,2,3,1,320089770|134409990|55215303|22109373|8589724|3217940|1152270|389186|121366|33642|7665|1155,2|3|2|3|10|11|10|11|10|11|10|11
11,11|4|2|2|1|1|1,1,3|5|7|9,4,17,21,4,346063872|147564032|61363456|24807552|9708160|3655520|1312800|443632|137984|37968|8512|1232,20|19|18|17|20|17|18|17|24|17|22|19
11,11|4|2|1|1|1|1|1,0,0|2,2,8,9,1,170714544|74641424|31680792|13017576|5157724|1959012|706992|239064|73992|20088|4374|594,8|9|8|9|10|11|16|15|14|15|12|13
11,11|4|1|1|1|1|1|1|1,1,3|7,2,15,17,2,35642880|16124160|7043712|2962752|1195168|459680|167040|56504|17344|4608|960|120,18|17|16|15|16|17|22|15|20|27|22|17
11,11|3|2|2|2|1|1,0,0|2,2,4,5,1,203351148|88911108|37876410|15652494|6239376|2380950|860625|290115|88998|23814|5103|693,4|5|4|5|14|9|8|9|10|11|10|11
11,11|3|2|2|1|1|1|1,0,0|2,2,6,7,1,164148600|73191800|31681540|13260060|5337354|2050620|743985|250845|76620|20280|4250|550,6|7|6|7|8|11|8|9|12|15|12|13
11,11|2|2|2|2|1|1|1,0,0|2,2,4,5,1,50807900|23094500|10185890|4337190|1771198|687610|250690|84330|25470|6594|1335|165,4|5|4|5|8|9|10|11|10|11|10|11
11,11|1|1|1|1|1|1|1|1|1|1|1,0,0|2,2,4,5,1,352716|184756|92378|43758|19448|8008|3003|1001|286|66|11|1,4|5|4|5|12|13|8|9|10|11|10|11
11,10|8|2|2,0,0|2,2,6,7,1,76602680|28850360|10801868|4024020|1493492|553190|204925|76111|28420|10696|4060|1540,6|7|6|7|10|9|8|9|12|15|14|15
11,10|7|4|1,1,5|7|9|11,4,21,26,5,203743232|78057472|29802496|11337728|4296448|1621120|608640|227136|84096|30784|11072|3872,26|25|30|35|22|21|22|21|22|21|22|21
11,10|7|3|1|1,0,0|2|4|6,4,10,14,4,359165664|141489504|55278288|21425040|8240076|3145212|1191402|447642|166560|61128|21924|7524,10|11|10|11|10|11|10|11|18|15|14|15
11,10|7|2|1|1|1,1,5|7,2,15,17,2,270885888|109644288|43789824|17272320|6734624|2597904|992064|375032|140160|51552|18432|6192,20|19|20|21|16|15|20|15|22|19|32|19
11,10|6|4|1|1,0,0|2|4|6,4,12,16,4,517316800|208270400|83202080|32965920|12943112|5028680|1929340|728700|269640|96992|33460|10780,12|13|12|13|12|13|12|13|14|19|14|15
11,10|6|3|2|1,1,3|5,2,11,16,5,975511680|399072960|161729568|64876240|25733136|10078860|3890280|1475272|546880|196416|67200|21120,14|13|12|11|14|11|14|15|20|21|24|25
11,10|6|3|1|1|1,0,0|2|4|6,4,10,14,4,651819168|270885888|111161232|45034080|18001620|7092864|2749914|1045996|388360|139440|47544|14784,10|21|10|13|10|21|10|13|14|17|16|23
11,10|5|5|2,0,0|2,2,6,7,1,229808040|92520120|37055172|14744268|5818120|2271280|874265|330309|121716|43344|14700|4620,6|7|6|7|12|15|8|9|12|17|14|15
11,10|5|4|1|1|1,1,5|7,2,17,19,2,662165504|279485440|116546560|47976448|19467968|7769696|3039680|1159984|428608|151552|50240|14960,22|21|22|27|18|17|20|17|20|33|22|19
11,10|5|2|2|1|1|1,0,0|2,2,2,3,1,746876130|329789460|143095953|60940880|25431406|10375420|4124100|1588692|588000|205968|66360|18480,2|5|2|11|8|11|12|13|18|17|16|19
11,10|4|4|2|2,0,0|8,2,14,20,6,525275520|225118080|95432832|39933696|16451072|6649280|2624720|1005424|370312|129288|41760|11880,14|15|16|19|24|19|16|17|14|15|20|17
11,10|4|2|2|2|1|1,0,0|2,2,2,3,1,670273450|304669750|136024735|59513685|25442956|10588270|4267165|1653015|608580|209048|64820|16940,2|3|2|3|10|9|8|9|12|15|14|15
11,10|4|2|2|1|1|1|1,0,0|2,2,6,7,1,527206680|244203960|110738628|49069020|21191170|8887560|3601395|1399391|515340|176400|54180|13860,6|7|6|7|8|13|8|9|12|17|14|15
11,10|3|3|3|2|1,1,5|7,2,17,19,2,458422272|205396992|90713088|39379968|16744896|6942816|2790336|1078224|395904|135648|42048|11088,22|21|22|23|18|17|20|17|22|19|22|19
11,10|3|3|2|2|2,0,0|2|4|6,4,12,16,4,292653504|133024320|59510880|26124384|11212344|4683096|1891860|732964|269008|91752|28140|7260,12|13|12|13|12|13|12|13|16|15|14|15
11,10|3|3|1|1|1|1|1|1,0,0|2|4|6,4,12,16,4,144848704|69602624|32623136|14883232|6589128|2818632|1157772|452508|165984|55888|16604|4004,12|13|12|13|12|13|12|13|18|17|14|15
11,10|3|2|2|2|1|1|1,1,5|9,2,19,21,2,329584640|156231680|72495104|32834560|14461568|6163520|2525120|985152|360960|121504|36160|8800,24|23|26|23|20|19|20|21|26|19|22|21
11,10|3|2|1|1|1|1|1|1|1,1,5|7,2,17,19,2,79206400|39603200|19235840|9052160|4112576|1795040|747520|294000|107520|35648|10240|2320,22|21|22|29|18|17|30|17|28|21|32|19
11,9|9|2|2,0,0|2,2,6,7,1,31744440|12093120|4590612|1739088|658944|250470|95895|37184|14716|6012|2580|1200,6|13|6|11|24|9|8|21|12|13|14|19
11,9|8|3|1|1,1,3|5,2,11,15,4,257862528|103256640|41141088|16329456|6465888|2558820|1014480|404208|162528|66312|27648|11880,14|13|12|11|16|11|16|17|18|15|30|17
11,9|7|4|1|1,0,0|2|4|6,4,10,14,4,551539296|226823520|92928528|37946832|15451436|6276732|2545050|1030666|417144|168840|68376|27720,10|11|10|11|10|11|10|11|14|15|16|17
11,9|7|3|2|1,1,3|5,2,11,15,4,1002798720|418918080|174067488|71958096|29606304|12130620|4953600|2018072|821184|334152|136080|55440,14|13|12|11|16|11|26|15|20|15|18|19
11,9|7|3|1|1|1,0,0|2|4|6,4,12,16,4,665121600|282172800|118703520|49558080|20551960|8474400|3478380|1423080|581160|237240|96900|39600,12|15|12|15|12|17|12|15|14|15|14|19
11,9|6|5|1|1,1,3|5,2,11,16,5,525275520|219433280|91393632|37956336|15716624|6485820|2665440|1089564|442272|177888|70720|27720,14|13|12|11|14|11|18|13|18|19|22|17
11,9|6|4|2|1,1,3|5,2,11,16,5,1671331200|712667200|302526560|127812720|53722256|22453060|9324360|3843560|1570240|634368|252560|98560,14|13|12|11|14|11|14|15|20|27|18|27
11,9|6|4|1|1|1,0,0|2|4|6,4,10,14,4,1024287264|443414400|190551504|81310944|34454420|14495008|6051450|2504908|1026608|415656|165684|64680,10|15|10|13|10|17|10|13|16|15|14|17
11,9|6|3|3|1,1,3|5|7|9,4,17,22,5,1146055680|493647360|211546368|90145920|38176192|16057440|6703200|2774576|1137120|460368|183360|71280,20|19|18|17|18|17|18|17|18|17|22|19
11,9|6|3|2|2,1,3|5,2,11,15,4,1225642880|533234240|230509664|98957936|42168896|17827700|7473040|3103352|1275008|517048|206080|80080,14|13|12|11|18|11|16|15|22|15|26|19
11,9|6|3|2|1|1,1,3|5|7|9,4,17,22,5,2128389120|935201280|407516928|176082816|75428288|32023840|13469280|5608336|2308832|937584|373920|145200,20|19|18|17|18|17|18|17|18|17|20|19
11,9|6|3|1|1|1|1,1,3|5|7|9,4,17,22,5,993248256|445026816|197054208|86266752|37349312|15993824|6773344|2835504|1172064|477264|190560|73920,20|19|18|17|18|17|18|17|18|17|20|23
11,9|6|2|2|1|1|1,1,3|7,2,13,15,2,1015822080|459538560|205328448|90623520|39512304|17019360|7241760|3042844|1261280|514512|205440|79320,16|15|14|13|14|17|18|13|18|17|24|17
11,9|6|1|1|1|1|1|1|1,1,3|5,2,11,15,4,92695680|44341440|20770464|9534096|4292288|1897060|823800|351652|147488|60624|24240|9240,14|13|12|11|18|11|14|13|18|17|18|17
11,9|5|5|3,0,0|2,2,6,7,1,349188840|148140720|62748972|26515008|11165232|4678920|1947915|803838|327852|131652|51780|19800,6|9|6|15|14|13|8|11|12|13|14|17
11,9|5|3|3|1|1,0,0|8,2,14,20,6,1862340480|838456320|374504832|165819264|72702656|31521600|13490640|5685568|2351496|949536|371280|138600,14|21|16|17|18|19|16|21|14|19|18|17
11,9|5|3|2|1|1|1,1,3|7,2,15,17,2,2483120640|1144815360|521828736|235049152|104542880|45861920|19812480|8409016|3494272|1413840|552000|204600,18|17|16|15|16|17|22|15|22|17|22|17
11,9|5|2|2|2|1|1,0,0|2,2,6,7,1,1280359080|598609440|276463044|126016176|56632290|25061190|10902195|4651234|1939036|785220|305700|112200,6|11|6|11|8|9|8|11|12|13|14|17
11,9|5|2|2|1|1|1|1,0,0|2,2,2,3,1,992013750|472387500|221524875|102258000|46433400|20720250|9073125|3889900|1626900|659700|256500|93600,2|5|2|11|12|9|8|13|12|13|14|21
11,9|4|4|4|1,1,3|5,2,13,17,4,401119488|177985920|78619968|34528032|15052352|6500520|2773920|1165808|480480|193032|74928|27720,16|15|14|13|18|13|18|17|18|15|18|17
11,9|4|3|3|1|1|1,1,3|7,2,15,17,2,1489872384|699788544|325113984|149238336|67583776|30132576|13190976|5648776|2354016|947376|363840|130680,18|17|16|15|16|17|20|15|18|17|22|17
11,9|4|3|2|2|2,1,3|5,2,11,15,4,1125590400|528686400|245852640|113010480|51254368|22884180|10029600|4298440|1791840|720864|276480|99000,14|13|12|11|16|11|18|15|18|19|32|17
11,9|4|3|1|1|1|1|1|1,1,3|5,2,13,18,5,511230720|253402240|123334848|58906848|27579552|12636360|5651520|2457896|1033536|416472|158480|55440,16|15|14|13|16|13|20|15|20|15|18|19
11,9|4|2|2|2|1|1|1,0,0|2,2,2,3,1,960269310|469742130|226382013|107337087|49984506|22810590|10171260|4413472|1852608|745488|283320|99000,2|3|2|3|8|9|12|19|20|17|16|17
11,9|3|3|3|2|2,0,0|2|4|6,4,12,16,4,472747968|225118080|106150176|49465152|22725912|10264320|4540860|1958264|817920|327816|124308|43560,12|15|12|15|12|23|12|15|24|15|14|17
11,9|3|3|2|2|2|1,1,3|5,2,11,15,4,735385728|358142400|172285344|81702544|38105760|17427564|7786320|3381392|1417472|567840|214032|73920,14|13|12|11|16|11|16|17|24|19|18|23
11,9|3|3|2|1|1|1|1|1,1,3|5,2,13,18,5,511230720|257828480|127761088|62121696|29583008|13760920|6229680|2730672|1150464|460824|172480|58520,16|15|14|13|16|13|16|17|26|15|22|17
11,9|3|3|1|1|1|1|1|1|1,0,0|2|4|6,4,12,16,4,144848704|75246080|38266592|19027008|9233224|4361632|1998260|883176|373632|149520|55524|18480,12|19|12|15|12|17|12|15|22|17|14|19
11,9|2|2|2|2|2|1|1|1,1,3|5,2,11,15,4,92695680|48354240|24783264|12448656|6108608|2916540|1347840|598752|253248|100584|36720|11880,14|13|12|11|18|11|24|19|20|15|18|17
11,9|2|2|2|1|1|1|1|1|1|1,1,3|7,2,15,17,2,35642880|19518720|10438272|5438784|2752672|1347840|635040|285768|121536|48096|17280|5400,18|17|16|15|16|23|18|15|20|19|24|17
11,9|2|1|1|1|1|1|1|1|1|1|1|1,1,3|5,2,11,15,4,2273920|1343680|770848|427856|228800|117260|57200|26312|11264|4400|1520|440,14|13|12|11|18|11|16|15|28|17|18|17
11,8|8|6,0,0|2,2,4,5,1,14226212|5542680|2173314|858000|341198|136730|55235|22498|9238|3820|1587|660,4|7|4|11|8|9|8|11|10|13|10|15
11,8|8|5|1,0,0|2,2,4,5,1,96996900|39050700|15759510|6379490|2592226|1058200|434425|179585|74870|31530|13425|5775,4|5|4|5|8|13|8|9|10|11|10|11
11,8|8|4|2,0,0|2,2,6,7,1,209513304|86163480|35443980|14590836|6015204|2486022|1031535|430605|181344|77328|33534|14850,6|7|6|7|10|9|8|9|18|17|12|13
11,8|8|3|3,0,0|2,2,6,7,1,126742616|52672256|21874580|9081072|3771040|1568182|654157|274400|116144|49840|21826|9856,6|17|6|11|16|9|8|19|16|17|12|25
11,8|8|2|2|2,0,0|2,2,8,9,1,148140720|63488880|27066312|11485656|4857216|2050620|866400|367584|157332|68376|30450|14070,8|9|8|9|20|11|18|19|12|15|12|13
11,8|8|2|2|1|1,0,0|2,2,8,9,1,275769648|119380800|51302328|21909888|9313304|3948340|1674000|712376|305788|133308|59598|27720,8|13|8|17|12|11|16|15|12|13|12|17
11,8|8|2|1|1|1|1,0,0|2,2,6,7,1,164148600|72481200|31651620|13693680|5881876|2514820|1073755|459760|198520|87108|39270|18480,6|9|6|11|10|11|8|17|14|13|12|19
11,8|8|1|1|1|1|1|1,0,0|2,2,6,7,1,36581688|16628040|7438860|3282708|1432860|620664|267885|115795|50464|22380|10242|4950,6|7|6|7|10|13|8|9|18|13|12|13
11,8|7|5|2,0,0|2,2,4,5,1,407386980|171067260|71944782|30312282|12798422|5416990|2299230|979048|418418|179550|77385|33495,4|5|4|5|8|9|10|15|10|11|10|11
11,8|7|4|1|1|1,1,5|7,2,15,17,2,818611200|359692800|157324800|68559360|29794336|12924560|5602560|2430040|1056320|461088|202560|89760,20|19|20|21|16|15|24|15|20|19|22|21
11,8|7|2|2|1|1|1,0,0|2,2,6,7,1,768215448|352514448|160241796|72216144|32300268|14357640|6353865|2805936|1240260|550872|247128|112728,6|9|6|11|10|13|8|17|12|15|16|17
11,8|6|6|2,0,0|2,2,4,5,1,224478540|95233320|40492062|17257968|7373808|3158370|1355805|582984|250866|107892|46305|19800,4|7|4|11|14|9|8|15|10|13|10|17
11,8|6|5|3,0,0|2,2,6,7,1,581981400|251940000|109222620|47411520|20602582|8960090|3898605|1696380|737760|320472|138930|60060,6|11|6|15|8|9|8|13|18|15|12|15
11,8|6|3|3|1|1,0,0|8,2,14,20,6,2206157184|1012349184|462443520|210287616|95189248|42893312|19242192|8595104|3823624|1694448|748104|328944,14|17|22|23|22|37|16|19|14|17|16|19
11,8|6|3|2|1|1|1,1,3|7,2,13,15,2,2873325312|1349592192|628969536|290942496|133621488|60952320|27626400|12447468|5578080|2487456|1104192|487872,16|15|14|13|14|23|18|13|18|19|22|23
11,8|6|2|2|2|1|1,0,0|2,2,6,7,1,1428499800|680238000|321143940|150312240|69759144|32110380|14666535|6651540|2997540|1343412|599130|265860,6|9|6|11|12|11|8|13|12|13|12|15
11,8|6|2|2|1|1|1|1,0,0|2,2,8,9,1,1097450640|532097280|255021624|120875040|56688060|26321460|12109320|5524760|2502280|1126260|504150|224400,8|17|8|13|10|11|14|15|14|13|12|19
11,8|5|5|4,0,0|2,2,6,7,1,271591320|119923440|53037348|23482368|10402028|4606580|2037625|899262|395472|173040|75180|32340,6|9|6|27|10|11|8|11|16|17|14|15
11,8|5|5|3|1,0,0|2,2,6,7,1,1280359080|576438720|259309908|116523264|52283374|23411850|10454655|4651192|2058996|905508|394830|170280,6|13|6|19|8|9|8|15|12|13|12|17
11,8|5|5|2|2,0,0|2,2,4,5,1,1039252500|472387500|214314750|97022250|43814550|19728750|8851875|3953925|1756050|774210|338175|146025,4|5|4|5|8|9|8|9|10|11|10|11
11,8|5|5|2|1|1,0,0|2,2,4,5,1,1723560300|790897800|361637430|164786160|74823056|33846010|15244650|6831370|3041990|1343916|587895|254100,4|7|4|11|14|9|10|11|10|13|10|15
11,8|5|5|1|1|1|1,0,0|2,2,6,7,1,711310600|332560800|154465740|71316960|32742424|14949550|6786425|3061030|1370320|607880|266700|115500,6|11|6|13|12|9|8|11|16|15|14|15
11,8|5|4|3|1|1,1,5|9,2,19,21,2,3361763328|1564456960|725356544|334980096|154025344|70473920|32063040|14491008|6497664|2885664|1266368|547360,24|23|26|23|20|19|20|23|22|19|22|21
11,8|5|4|2|1|1|1,0,0|2,2,4,5,1,3456969516|1646175960|778586094|365775696|170671644|79072488|36356715|16576308|7485450|3342276|1472121|637560,4|7|4|11|10|13|8|13|10|13|10|17
11,8|5|3|3|3,0,0|2,2,6,7,1,814773960|380933280|177601788|82507152|38161032|17556990|8027175|3643136|1639064|729708|320670|138600,6|11|6|11|12|9|8|25|14|13|12|17
11,8|5|3|3|2|1,1,5|9,2,19,21,2,3565506560|1690142720|797425664|374262784|174625920|80942400|37240640|16989952|7676032|3428320|1509760|652960,24|23|30|23|20|19|20|25|22|19|24|21
11,8|5|3|3|1|1|1,0,0|2|8|10,4,16,25,9,2731432704|1312506624|626381184|296835968|139632064|65167168|30154848|13822368|6268656|2807856|1238904|536184,16|17|16|17|18|19|18|19|16|17|16|17
11,8|5|3|2|2|1|1,0,0|2,2,6,7,1,4040613720|1959085440|942809868|450195408|213205122|100089270|46546245|21424482|9748512|4377240|1934280|837540,6|15|6|11|8|9|8|11|18|15|16|15
11,8|5|3|2|1|1|1|1,0,0|2,2,4,5,1,2851708860|1407336840|687489894|332452848|159128970|75372990|35313180|16353260|7477190|3369660|1492575|646800,4|7|4|11|8|9|12|13|10|13|10|19
11,8|5|2|2|2|2|1,0,0|2,2,6,7,1,1280359080|631865520|309194028|149916624|71977620|34197240|16066545|7457912|3416336|1541568|683130|295680,6|9|6|11|10|13|8|15|16|21|12|27
11,8|5|2|2|2|1|1|1,1,5|7|9|11,4,21,25,4,1547919360|773959680|382906368|187379712|90664704|43355520|20478720|9547584|4388736|1985472|881280|381600,26|25|26|27|22|21|24|21|22|21|24|21
11,8|5|2|2|1|1|1|1|1,0,0|2,2,2,3,1,960269310|490527180|247167063|122851872|60229026|29119860|13880295|6519296|3014254|1369548|609495|264000,2|5|2|13|8|11|8|27|10|13|10|23
11,8|5|2|1|1|1|1|1|1|1,1,5|9,2,19,21,2,329584640|173352960|89616384|45540352|22751872|11176000|5397440|2562112|1194496|546016|243840|105600,24|23|26|23|20|19|20|21|26|19|24|25
11,8|5|1|1|1|1|1|1|1|1|1,0,0|2,2,4,5,1,50807900|27713400|14804790|7744880|3967678|1990780|978450|471060|222030|102284|45855|19800,4|7|4|11|8|11|10|13|10|13|10|17
11,8|4|4|3|3,0,0|2,2,8,9,1,698377680|329537520|155126088|72782424|33998796|15792660|7283880|3329732|1505296|671040|293850|125730,8|9|8|9|10|11|14|13|16|21|12|13
11,8|4|4|3|1|1|1,0,0|2,2,6,7,1,2133931800|1034633600|498500860|238592640|113368398|53429310|24944865|11517940|5248040|2352588|1033270|441980,6|15|6|17|8|9|8|13|14|13|12|15
11,8|4|4|2|2|1|1,0,0|2,2,4,5,1,2618916300|1281114900|622417770|300174030|143600652|68080800|31947075|14812875|6771030|3041766|1337175|571725,4|5|4|5|10|17|8|9|10|11|10|11
11,8|4|4|2|1|1|1|1,0,0|2,2,6,7,1,1792502712|892371480|440059620|214930716|103929826|49720616|23508045|10967005|5036948|2270268|999726|427350,6|7|6|7|8|13|8|9|12|13|12|13
11,8|4|3|3|3|1,0,0|2,2,6,7,1,1316173320|638144640|308006748|147844368|70493556|33343170|15619905|7232792|3302152|1481508|650160|277200,6|15|6|11|10|9|8|15|14|13|18|19
11,8|4|3|3|2|1|1,0,0|2,2,8,9,1,3233230000|1595620000|782119000|380484000|183528800|87671000|41413000|19306700|8860700|3989480|1753550|746900,8|11|8|13|16|13|14|13|12|15|12|15
11,8|4|3|3|1|1|1|1,0,0|2,2,6,7,1,1792502712|900131232|447819372|220636416|107581474|51862866|24685551|11579596|5339628|2411892|1061676|451836,6|11|6|19|8|9|8|13|12|13|14|15
11,8|4|3|2|2|1|1|1,0,0|2,2,4,5,1,2851708860|1444372020|724525074|359715174|176618442|85666980|40989060|19309234|8932294|4042542|1780275|756525,4|5|4|5|8|11|12|11|10|11|10|11
11,8|4|2|2|2|2|2,0,0|2,2,6,7,1,492445800|251552400|127358220|63827280|31622272|15464900|7452675|3531360|1640520|744156|327600|138600,6|9|6|11|20|11|8|19|14|13|18|17
11,8|4|2|2|2|2|1|1,0,0|2,2,8,9,1,1097450640|565353360|288277704|145348632|72379164|35548920|17191980|8169304|3803232|1727604|760950|321750,8|9|8|9|10|13|12|15|18|13|12|13
11,8|4|2|2|2|1|1|1|1,0,0|2,2,2,3,1,992013750|519626250|268763625|137167875|69014400|34191750|16654500|7959350|3721450|1695150|747375|315525,2|3|2|3|20|9|12|11|10|11|10|11
11,8|4|2|2|1|1|1|1|1|1,0,0|2,2,6,7,1,527206680|283002720|149537388|77741664|39737698|19951250|9825525|4737012|2229276|1019592|450030|189420,6|11|6|13|8|9|8|13|12|15|12|15
11,8|4|2|1|1|1|1|1|1|1|1,0,0|2,2,6,7,1,164148600|90956800|49446540|26357760|13767754|7040550|3520275|1717660|815460|374904|165600|69300,6|21|6|27|8|9|8|13|12|15|20|15
11,8|4|1|1|1|1|1|1|1|1|1|1,0,0|2,2,4,5,1,24066900|13856700|7803510|4294290|2306876|1208350|616275|305415|146610|67806|29925|12375,4|5|4|5|10|9|8|9|10|11|10|11
11,8|3|3|3|3|1|1,0,0|2,2,6,7,1,628539912|315630432|157457196|77944464|38232324|18549990|8883675|4187988|1936716|874476|383022|161172,6|11|6|11|10|9|8|13|12|13|12|15
11,8|3|2|2|1|1|1|1|1|1|1,0,0|2,2,8,9,1,170714544|96073120|53112488|28815072|15321020|7969192|4045140|1997016|954336|438432|191614|78320,8|11|8|13|10|13|12|15|18|19|12|19
11,8|2|2|2|2|2|2|2,0,0|2,2,6,7,1,36581688|19953648|10764468|5731440|3004716|1546644|778989|382244|181700|83028|36072|14652,6|9|6|11|10|11|8|13|12|13|16|15
11,8|2|2|2|2|1|1|1|1|1|1,0,0|2,2,6,7,1,57610280|32920160|18495932|10202192|5513872|2912350|1498245|747348|359268|165032|71540|28700,6|11|6|11|14|9|8|13|12|15|14|15
11,8|2|2|2|1|1|1|1|1|1|1|1,0,0|2,2,6,7,1,25729704|15148224|8743644|4940208|2726724|1466322|765567|386232|187068|86184|37254|14784,6|13|6|11|10|9|8|15|12|15|12|23
11,8|1|1|1|1|1|1|1|1|1|1|1|1|1|1,0,0|2,2,6,7,1,116280|77520|50388|31824|19448|11440|6435|3432|1716|792|330|120,6|9|6|11|12|15|8|15|12|15|12|17
11,7|7|6|2,0,0|2,2,6,7,1,142262120|60969480|26225628|11327316|4914910|2143240|939545|414071|183392|81544|36330|16170,6|7|6|7|8|13|8|9|18|15|12|13
11,7|7|5|3,0,0|2,2,4,5,1,298750452|130622492|57279222|25195170|11119108|4924590|2189565|977683|438606|197778|89677|40887,4|5|4|5|10|9|8|9|10|11|10|11
11,7|7|5|2|1,1,3|7,2,13,15,2,744936192|330545280|146772288|65249184|29057392|12969840|5805840|2608004|1176288|532944|242592|110880,16|15|14|13|14|15|16|13|18|17|20|21
11,7|7|4|2|2,0,0|8,2,14,20,6,869092224|395041920|179402496|81419520|36941632|16766272|7617680|3468304|1584520|727608|336504|157080,14|15|18|19|18|19|16|17|14|15|16|17
11,7|7|2|2|2|1|1,0,0|2,2,8,9,1,643462512|309196272|147560952|69970824|32988956|15480080|7240520|3382568|1582784|744660|354102|171402,8|9|8|9|10|15|14|15|20|13|12|13
11,7|7|2|2|1|1|1|1,0,0|2,2,6,7,1,492445800|240893400|116699220|56035980|26698672|12639660|5956455|2800805|1318260|623736|298410|145530,6|7|6|7|14|11|8|9|12|15|12|13
11,7|6|6|3,0,0|2,2,4,5,1,213393180|94225560|41759718|18578560|8298290|3721520|1675690|757386|343470|156156|71085|32340,4|7|4|17|8|15|10|11|10|13|10|15
11,7|6|5|2|2,1,3|7,2,13,15,2,1241560320|572407680|263969472|121784416|56223440|25979600|12017840|5566204|2581312|1198416|556800|258720,16|15|14|13|14|15|16|13|20|17|26|21
11,7|6|4|4|1,1,3|5,2,11,16,5,1034633600|477006400|220186720|101760880|47084336|21810260|10114200|4695880|2183200|1016728|474560|222200,14|13|12|11|14|11|14|15|18|15|22|17
11,7|6|3|3|1|1|1,1,3|7,2,13,15,2,2387616000|1162800000|563774400|272210400|130931920|62761600|29996000|14303380|6810880|3242400|1545600|739200,16|15|14|13|14|21|18|13|24|19|24|25
11,7|6|3|2|2|2,1,3|5,2,13,18,5,1738184448|846518400|410784192|198601312|95667936|45926520|21981200|10495520|5003936|2385096|1138368|545160,16|15|14|13|16|13|16|19|18|15|22|17
11,7|6|3|1|1|1|1|1|1,1,3|5,2,11,15,4,735385728|377243328|191386272|96112016|47823776|23602964|11567944|5637716|2736608|1325688|642432|312312,14|13|12|11|16|11|14|13|18|15|24|17
11,7|6|2|2|2|1|1|1,0,0|2,2,6,7,1,1280359080|648493560|325822068|162427980|80372292|39496380|19291305|9375751|4541020|2196276|1063560|517440,6|7|6|7|10|11|8|9|12|13|16|23
11,7|5|5|5,0,0|2,2,6,7,1,85357272|38798760|17707404|8112676|3730012|1720312|795475|368571|171024|79440|36924|17160,6|7|6|7|10|13|8|9|16|17|14|17
11,7|5|5|3|2,0,0|2,2,4,5,1,1571349780|741459420|350107758|165410154|78181740|36961470|17473590|8257536|3898938|1838214|864675|405405,4|5|4|5|10|9|10|43|10|11|10|11
11,7|5|5|3|1|1,0,0|2,2,4,5,1,2091253164|995834840|473855382|225345120|107109002|50882832|24156195|11457376|5427030|2565696|1209691|568260,4|7|4|13|8|15|8|19|10|21|10|15
11,7|5|5|2|2|1,0,0|2,2,6,7,1,2133931800|1025395800|491985780|235724060|112792966|53901760|25724275|12257945|5829860|2765640|1307550|615450,6|7|6|7|8|19|8|9|12|15|12|13
11,7|5|5|2|1|1|1,1,3|5|7|9,4,17,21,4,1961028608|955046400|463448832|224194432|108159744|52053408|24994080|11973136|5720512|2724400|1292256|609840,20|19|18|17|22|17|18|17|20|17|20|19
11,7|5|5|1|1|1|1|1,0,0|2,2,6,7,1,628539912|312909480|154736244|76075740|37215828|18126702|8794575|4251051|2046912|981288|467964|221760,6|7|6|7|10|9|8|9|20|15|14|23
11,7|5|4|3|3,0,0|2,2,6,7,1,1357956600|652524600|313638780|150737860|72411248|34754330|16659205|7971775|3806320|1812468|860160|406560,6|7|6|7|14|9|8|9|16|13|36|21
11,7|5|4|3|1|1|1,0,0|2,2,4,5,1,4021640700|1984705800|976134390|478545760|233871022|113937670|55329400|26777030|12911150|6200040|2963625|1409100,4|7|4|13|8|9|14|11|10|15|10|15
11,7|5|4|2|2|1|1,0,0|2,2,6,7,1,4786573176|2382926040|1181647764|583686972|287210286|140781564|68737005|33425091|16183908|7799328|3739068|1782000,6|7|6|7|8|11|8|9|12|19|14|19
11,7|5|4|2|1|1|1|1,0,0|2,2,8,9,1,3233230000|1637610000|824109000|412243000|205056800|101453000|49934000|24450300|11909100|5768420|2777250|1328250,8|9|8|9|16|13|16|13|12|13|12|13
11,7|5|3|3|3|1,0,0|2,2,8,9,1,1991669680|982901920|484235752|238061824|116744628|57086040|27823200|13511764|6535648|3147536|1508570|719180,8|11|8|19|10|13|18|13|18|17|12|15
11,7|5|3|3|2|1|1,0,0|2,2,6,7,1,4786573176|2403647136|1202368860|599051376|297217998|146820762|72195867|35331030|17203572|8332632|4013226|1920996,6|11|6|11|8|9|8|11|12|15|12|15
11,7|5|3|3|1|1|1|1,0,0|2,2,4,5,1,2618916300|1337801400|679104270|342650880|171867852|85701660|42484905|20936790|10255950|4993056|2415285|1160280,4|7|4|27|10|11|8|11|10|19|10|17
11,7|5|3|2|2|1|1|1,0,0|2,2,6,7,1,4040613720|2081528280|1065252708|541591596|273554658|137267460|68428395|33887421|16670592|8145684|3952530|1903770,6|7|6|7|8|11|8|9|22|13|12|13
11,7|5|2|2|2|2|2,0,0|2,2,8,9,1,643462512|334266240|172630920|88585728|45148796|22847132|11477060|5722612|2832088|1391124|678174|328020,8|15|8|21|10|11|12|13|14|13|12|15
11,7|5|2|2|2|2|1|1,0,0|2,2,6,7,1,1428499800|748261800|389167740|200905380|102921624|52312140|26377515|13194405|6547680|3223692|1574640|762840,6|7|6|7|12|11|8|9|18|13|18|17
11,7|5|2|2|2|1|1|1|1,0,0|2,2,6,7,1,1280359080|681749640|359603244|187903716|97267170|49880820|25343985|12760055|6367220|3149580|1544550|750750,6|7|6|7|8|11|8|9|12|13|12|13
11,7|5|2|2|1|1|1|1|1|1,0,0|2,2,2,3,1,670273450|365603700|196958685|104824720|55131076|28661710|14734160|7492590|3770550|1878548|926835|452760,2|5|2|11|10|9|16|11|10|13|10|17
11,7|5|2|1|1|1|1|1|1|1|1,0,0|2,2,4,5,1,203351148|114440040|63405342|34594560|18594576|9850698|5146335|2653182|1350798|679644|338121|166320,4|7|4|19|14|9|8|11|10|13|10|19
11,7|5|1|1|1|1|1|1|1|1|1|1,0,0|2,2,6,7,1,28452424|16628040|9539244|5371652|2969538|1612248|860255|451521|233388|118948|59832|29700,6|7|6|7|8|13|8|9|12|13|16|15
11,7|4|4|4|3,1,3|7,2,15,17,2,496624128|241862400|117876096|57460416|27998048|13626848|6619520|3206504|1547264|742848|354336|167640,18|17|16|15|16|17|22|15|28|21|20|17
11,7|4|4|3|3|1,0,0|2,2,6,7,1,1792502712|892371480|443735292|220288068|109121012|53901562|26530875|13001233|6336512|3067596|1472814|699930,6|7|6|7|10|9|8|9|32|13|12|13
11,7|4|4|3|2|1|1,0,0|2,2,4,5,1,4021640700|2036934900|1028363490|517380710|259311822|129415440|64275260|31744160|15574790|7581882|3656205|1742895,4|5|4|5|8|15|12|19|10|11|10|11
11,7|4|4|3|1|1|1|1,0,0|2,2,6,7,1,2133931800|1099298200|563165460|286940940|145400398|73258680|36685275|18246795|9006480|4406280|2133200|1019700,6|7|6|7|8|13|8|9|16|15|18|15
11,7|4|4|2|2|2|1,1,3|7,2,13,15,2,2387616000|1224816000|625790400|318328800|161152720|81154000|40629200|20206620|9973440|4878960|2361600|1128600,16|15|14|13|14|15|16|13|20|17|26|17
11,7|4|4|2|2|1|1|1,0,0|2|8|10,4,16,25,9,2731432704|1418926080|732800640|376220416|191981504|97344896|49024160|24505600|12147184|5963328|2894472|1386000,16|23|16|19|18|21|18|25|16|21|16|19
11,7|4|4|2|1|1|1|1|1,1,3|7,2,15,17,2,1489872384|790083840|415409280|216610368|112032544|57472448|29236320|14740600|7359968|3634704|1772352|851400,18|17|16|15|16|19|18|15|18|17|22|17
11,7|4|3|3|3|1|1,1,3|5|7|9,4,17,21,4,1961028608|1005982208|514384640|262041472|132918016|67085920|33663840|16779056|8297408|4065040|1969408|941248,20|19|18|17|22|17|18|17|20|17|26|23
11,7|4|3|3|2|1|1|1,0,0|2,2,4,5,1,3456969516|1810793556|943203690|488424222|251351100|128479428|65187693|32802399|16352250|8064198|3926691|1882881,4|5|4|5|10|11|8|9|10|11|10|11
11,7|4|3|2|2|2|1|1,1,3|7,2,13,15,2,2873325312|1523733120|803110464|420514848|218625264|112789872|57700080|29243556|14666784|7268400|3551904|1706760,16|15|14|13|14|15|16|13|18|17|20|17
11,7|4|3|2|2|1|1|1|1,1,3|7,2,15,17,2,2483120640|1338305280|715318656|379111616|199177888|103692160|53460640|27275080|13755520|6847440|3357600|1617000,18|17|16|15|16|21|18|15|22|17|20|17
11,7|4|2|2|2|2|2|1,0,0|2,2,6,7,1,768215448|415701000|223428348|119181348|63044124|33043428|17144865|8797047|4458000|2227536|1094946|527670,6|7|6|7|10|11|8|9|16|17|12|13
11,7|4|2|2|2|2|1|1|1,1,3|7,2,13,15,2,1015822080|556283520|302073408|162568224|86656752|45720720|23857200|12299924|6257952|3136896|1545600|745920,16|15|14|13|14|15|16|13|18|23|24|23
11,7|4|2|2|2|1|1|1|1|1,0,0|2,2,2,3,1,746876130|417086670|230393163|125854729|67961894|36261170|19103735|9929521|5086018|2563134|1267875|613305,2|3|2|3|8|9|8|9|10|11|10|11
11,7|4|2|2|1|1|1|1|1|1|1,1,3|5|7|9,4,17,21,4,346063872|198499840|112299264|62654592|34466432|18688032|9982560|5249552|2714880|1378608|685664|332640,20|19|18|17|20|17|18|17|24|17|20|21
11,7|4|2|1|1|1|1|1|1|1|1|1,0,0|2,2,4,5,1,96996900|57526300|33554430|19243770|10848474|6009630|3269970|1746570|914850|469182|234955|114345,4|5|4|5|8|9|10|11|10|11|10|11
11,7|4|1|1|1|1|1|1|1|1|1|1|1,1,3|7,2,13,15,2,13069056|8062080|4879680|2895776|1683760|958672|534160|291060|154944|80448|40608|19800,16|15|14|13|14|15|16|13|20|21|20|17
11,7|3|3|3|3|1|1|1,0,0|2,2,6,7,1,711310600|378749800|200654740|105708460|55336424|28756970|14818185|7560175|3812020|1895144|926090|442970,6|7|6|7|12|9|8|9|12|15|12|13
11,7|3|3|2|2|2|1|1|1,1,3|5|7|9,4,17,22,5,993248256|548221440|300248832|163063680|87748544|46741472|24615520|12796112|6552800|3296784|1623648|778800,20|19|18|17|18|17|18|17|18|17|20|19
11,7|3|2|2|2|2|2|2,0,0|2,2,6,7,1,164148600|91667400|50837820|27966180|15240676|8216560|4375075|2296385|1185260|599688|296160|141900,6|7|6|7|10|15|8|9|12|15|20|15
11,7|3|2|2|2|1|1|1|1|1|1,0,0|2,2,6,7,1,246029784|143783640|82990908|47283236|26570544|14711466|8014475|4288137|2247924|1150716|572502|274890,6|7|6|7|14|9|8|9|12|13|12|13
11,7|3|2|2|1|1|1|1|1|1|1|1,0,0|2,2,6,7,1,104458200|62855800|37254140|21736260|12475372|7036370|3894825|2111935|1119020|577332|288540|138600,6|7|6|7|10|9|8|9|12|13|14|17
11,7|2|2|2|2|1|1|1|1|1|1|1,0,0|2,2,8,9,1,36212176|22103536|13304200|7889336|4603508|2638988|1483108|814884|436128|226240|112966|53746,8|9|8|9|10|11|12|13|18|21|12|13
11,7|1|1|1|1|1|1|1|1|1|1|1|1|1|1|1,0,0|2,2,6,7,1,54264|38760|27132|18564|12376|8008|5005|3003|1716|924|462|210,6|7|6|7|12|13|8|9|12|13|12|13
11,6|6|5|4|1,1,3|5,2,11,16,5,585307008|274916928|129523680|61220016|29032432|13814988|6596448|3160580|1519584|733176|355056|172656,14|13|12|11|14|11|18|13|18|15|18|19
11,6|6|4|4|2,0,0|2|4|6,4,10,14,4,796667872|382814432|184328144|88936848|42998956|20831932|10114042|4921546|2400832|1174544|576604|284284,10|11|10|11|10|11|10|11|20|17|14|15
11,6|6|4|4|1|1,0,0|2|4|6,4,10,14,4,997682400|483724800|234702000|113986080|55423212|26984640|13158630|6428020|3146720|1544400|760500|376200,10|19|10|13|10|19|10|13|18|17|14|17
11,6|6|4|3|2|1,1,5|7,2,15,17,2,2979744768|1464073728|719307264|353413632|173674592|85381168|42002688|20683880|10200448|5040576|2497536|1241856,20|19|20|21|16|15|24|15|22|21|30|27
11,6|6|4|2|2|2,0,0|2|4|6,4,12,16,4,1303638336|648997440|322716576|160296864|79549288|39453032|19562460|9702252|4815888|2394000|1192716|595980,12|13|12|13|12|13|12|13|16|17|14|15
11,6|6|4|1|1|1|1|1|1,0,0|2|4|6,4,12,16,4,472747968|247629888|128661984|66379104|34042008|17373048|8832708|4478740|2267552|1147608|581196|294756,12|13|12|13|12|13|12|13|18|15|14|15
11,6|6|3|3|2|2,0,0|2|4|6,4,12,16,4,1303638336|654640896|328360032|164498880|82309864|41141664|20548644|10260488|5125680|2564352|1286628|648648,12|17|12|15|12|17|12|15|16|25|14|17
11,6|6|3|2|2|2|1,1,3|5,2,13,18,5,1738184448|891666048|455931840|232380512|118078688|59834408|30251808|15271480|7704928|3890376|1969296|1001616,16|15|14|13|16|13|18|15|18|15|18|19
11,6|6|3|2|1|1|1|1|1,1,3|5,2,11,15,4,1125590400|596904000|314070240|164078640|85173088|43967660|22592040|11568100|5911040|3019464|1545360|794640,14|13|12|11|16|11|14|13|26|15|18|19
11,6|6|3|1|1|1|1|1|1|1,0,0|2|4|6,4,12,16,4,292653504|159629184|86115744|45988800|24336312|12775488|6661548|3455384|1786160|922152|476772|247632,12|15|12|15|12|19|12|15|16|15|14|19
11,6|5|5|3|3,0,0|2,2,4,5,1,640179540|313161420|153546822|75453378|37157120|18335460|9065355|4490199|2227686|1106694|550305|273735,4|5|4|5|22|11|8|9|10|11|10|11
11,6|5|5|3|1|1|1,0,0|2,2,6,7,1,1792502712|900131232|451495044|226306080|113397284|56821050|28478535|14278614|7161756|3593016|1802472|903672,6|11|6|13|10|9|8|11|12|15|16|17
11,6|5|5|2|2|1|1,0,0|2,2,8,9,1,1991669680|1008767760|510101592|257609352|129973844|65536460|33034340|16648968|8390088|4226936|2127930|1069530,8|9|8|9|10|11|12|15|14|15|12|13
11,6|5|5|2|1|1|1|1,0,0|2,2,6,7,1,1316173320|678028680|347890788|177915276|90751332|46198530|23483565|11924101|6049092|3065580|1551270|783090,6|7|6|7|10|9|8|9|12|13|12|13
11,6|5|4|4|2|1,1,5|7,2,17,19,2,2364876800|1182438400|591784960|296458240|148649280|74599200|37466240|18829520|9468800|4764160|2398400|1208240,22|21|22|25|18|17|22|17|22|27|22|19
11,6|5|4|3|2|2,1,5|7,2,15,17,2,2979744768|1515671040|770904576|392031744|199313504|101304240|51473280|26145224|13275648|6738624|3419328|1734480,20|19|20|21|16|15|22|15|26|21|22|19
11,6|5|4|2|2|1|1|1,1,5|9,2,19,21,2,3565506560|1875363840|982646784|513092608|267064448|138608960|71754560|37060352|19101824|9827104|5046720|2587200,24|23|36|23|20|19|20|25|22|19|22|23
11,6|5|4|1|1|1|1|1|1|1,1,5|7,2,17,19,2,458422272|253025280|138341376|74990592|40337856|21550176|11444160|6045648|3179136|1664928|868608|451440,22|21|22|23|18|17|20|17|22|19|26|19
11,6|5|3|3|3|1|1,0,0|2,2,6,7,1,2133931800|1108536000|575125980|297977680|154160006|79633070|41070705|21149310|10874940|5584776|2865240|1469160,6|13|6|11|8|9|8|11|12|15|16|17
11,6|5|2|2|1|1|1|1|1|1|1,0,0|2,2,2,3,1,320089770|185679780|106485093|60396336|33893860|18829800|10362405|5653452|3060924|1646856|882000|471240,2|5|2|11|10|13|8|13|12|15|18|17
11,6|4|4|4|2|2,0,0|2|4|6,4,10,14,4,997682400|513957600|264934800|136627920|70474092|36349020|18740970|9655370|4968720|2552832|1308840|669240,10|11|10|11|10|11|10|11|16|29|16|17
11,6|4|4|3|3|1|1,0,0|2,2,4,5,1,2091253164|1095418324|573438866|299969670|156774618|81843762|42666687|22204693|11531450|5973114|3084221|1586431,4|5|4|5|8|9|8|9|10|11|10|11
11,6|4|4|3|2|1|1|1,1,5|9,2,19,21,2,3361763328|1797306368|958205952|509481984|270179712|142895808|75367488|39633664|20774784|10850016|5643136|2920896,24|23|26|23|20|19|20|25|22|19|24|23
11,6|4|4|2|2|2|1|1,0,0|8,2,14,20,6,2206157184|1193808000|643902336|346152576|185460352|99023232|52683600|27924624|14741832|7747992|4051824|2106720,14|15|16|17|20|21|16|17|14|15|18|21
11,6|4|4|2|2|1|1|1|1,0,0|8,2,14,20,6,1862340480|1023884160|559932672|304666752|164969792|88906240|47690640|25461744|13527624|7149672|3757080|1961520,14|15|18|17|18|25|16|17|14|15|16|19
11,6|4|3|3|3|1|1|1,0,0|2,2,4,5,1,1723560300|932662500|503402130|270993030|145472096|77853270|41526180|22068060|11679570|6153210|3225075|1680525,4|5|4|5|16|9|12|13|10|11|10|11
11,6|4|3|2|2|2|1|1|1,1,3|5|7|9,4,17,22,5,2128389120|1193187840|665503488|369253248|203782592|111841440|61029600|33103152|17842272|9552240|5076960|2676960,20|19|18|17|18|17|18|17|18|17|20|21
11,6|4|2|2|2|2|2|2,0,0|2,2,8,9,1,275769648|156388848|88310376|49624344|27734168|15408228|8505528|4662980|2537724|1370376|733866|389466,8|9|8|9|12|11|14|13|12|15|12|13
11,6|4|2|2|2|1|1|1|1|1|1,0,0|2,2,2,3,1,402164070|238512890|140111433|81527523|46988942|26823720|15164520|8489152|4704882|2580942|1400875|751905,2|3|2|3|8|13|14|21|10|11|10|11
11,6|4|2|2|1|1|1|1|1|1|1|1,0,0|2,2,4,5,1,166378212|101555532|61240374|36486450|21479094|12494412|7182027|4079565|2289834|1269918|695709|376299,4|5|4|5|8|11|8|9|10|11|10|11
11,6|3|3|3|2|2|2|1,1,5|7,2,15,17,2,818611200|458918400|256550400|142947840|79345696|43848720|24109440|13178680|7154880|3853728|2056320|1085040,20|19|20|21|16|15|22|15|20|19|24|19
11,6|3|3|3|2|2|1|1|1,0,0|2|4|6,4,10,14,4,1024287264|580872864|328009968|184387632|103149332|57397956|31752246|17449782|9518208|5147352|2755872|1458072,10|11|10|11|10|11|10|11|22|15|20|17
11,6|3|3|3|2|1|1|1|1|1,1,5|7,2,17,19,2,662165504|382680064|219741184|125372416|71065280|40009568|22363328|12402544|6819136|3712960|1999232|1062512,22|21|22|25|18|17|20|17|20|21|24|19
11,6|3|3|2|2|2|2|1|1,0,0|2|4|6,4,12,16,4,665121600|382948800|219479520|125155680|70971160|39997400|22387380|12434900|6847240|3733200|2012100|1069860,12|13|12|13|12|13|12|13|14|17|14|15
11,6|3|3|2|2|2|1|1|1|1,0,0|2|4|6,4,10,14,4,651819168|380933280|221208624|127611120|73108308|41576484|23457750|13120982|7269080|3983784|2156364|1150380,10|11|10|11|10|11|10|11|14|15|14|15
11,6|3|3|1|1|1|1|1|1|1|1|1|1,0,0|2|4|6,4,10,14,4,31266400|19896800|12491600|7736080|4725292|2846140|1689930|988650|569400|322432|179180|97460,10|11|10|11|10|11|10|11|14|23|14|15
11,6|3|2|2|2|2|2|1|1|1,1,5|7,2,15,17,2,270885888|161241600|95387136|56050176|32693024|18914704|10845120|6156248|3455488|1914912|1045632|561120,20|19|20|21|16|15|20|15|26|19|24|21
11,6|3|2|2|2|1|1|1|1|1|1|1,1,5|9,2,19,21,2,125841408|78174208|48054272|29223936|17576832|10450368|6138048|3558464|2033920|1144416|632576|342496,24|23|30|23|20|19|20|21|24|19|26|21
11,6|3|2|1|1|1|1|1|1|1|1|1|1|1,1,5|7,2,15,17,2,12063744|8016384|5248512|3383808|2146976|1339728|821568|494648|292032|168768|95232|52272,20|19|20|21|16|15|20|15|20|21|30|19
11,5|5|5|4|1|1|1,1,3|7,2,15,17,2,496624128|254761728|130775424|67204800|34587488|17832320|9212000|4768792|2473984|1286304|670368|350328,18|17|16|15|16|21|18|15|36|19|20|17
11,5|5|5|3|3|1,0,0|2,2,4,5,1,640179540|327018120|167403522|85882368|44158400|22757020|11755185|6086458|3158702|1642896|856155|446820,4|7|4|21|18|11|8|11|10|17|10|15
11,5|5|5|3|2|1|1,0,0|2,2,6,7,1,1357956600|705432000|366546180|190561280|99150688|51644710|26935445|14069090|7360220|3856440|2023350|1062600,6|13|6|23|16|9|8|11|12|15|12|17
11,5|5|5|3|1|1|1|1,0,0|2,2,8,9,1,698377680|368840160|194428728|102360960|53853228|28328040|14905260|7847476|4135080|2180880|1151130|607860,8|11|8|17|10|13|12|13|14|17|12|15
11,5|5|5|2|2|1|1|1,0,0|2,2,6,7,1,814773960|433840680|230509188|122272332|64783992|34302090|18158775|9614647|5092948|2699004|1430520|757680,6|7|6|7|12|9|8|9|12|13|16|19
11,5|5|4|4|2|2,0,0|2|4|6,4,10,14,4,796667872|413853440|215367152|112272160|58630572|30671520|16073270|8437828|4437328|2337776|1234072|652960,10|17|10|13|10|17|10|13|16|17|16|21
11,5|5|4|3|3|1|1,0,0|2,2,4,5,1,1571349780|829890360|438538698|231884640|122699772|64975950|34437420|18268992|9701670|5157864|2745495|1463220,4|7|4|13|10|9|12|21|10|15|10|15
11,5|5|3|3|3|2|1,1,3|7,2,13,15,2,1241560320|669152640|360714432|194461280|104832208|56510080|30459840|16418388|8851200|4773696|2576640|1392600,16|15|14|13|14|21|20|13|24|21|26|17
11,5|5|3|3|3|1|1|1,0,0|2,2,4,5,1,1039252500|566865000|308792250|168012000|91316550|49584000|26901375|14585700|7905150|4284240|2322825|1260600,4|7|4|13|8|21|8|13|10|17|10|17
11,5|5|3|3|2|2|2,0,0|8,2,14,20,6,869092224|474050304|258410880|140754432|76603072|41654272|22632272|12288864|6669768|3619728|1965264|1068144,14|17|16|21|18|29|16|19|14|17|18|19
11,5|5|3|3|1|1|1|1|1|1,0,0|8,2,14,20,6,525275520|300157440|170472192|96286080|54116480|30282560|16880720|9379328|5197640|2874816|1588440|877800,14|19|18|17|20|19|16|27|14|21|16|17
11,5|5|3|2|2|2|1|1|1,1,3|5,2,11,15,4,1225642880|692408640|389684064|218511216|122101056|68005740|37763960|20915972|11559968|6379408|3517920|1940400,14|13|12|11|18|11|14|13|18|17|20|19
11,5|5|3|2|1|1|1|1|1|1|1,1,3|7,2,15,17,2,354731520|209614080|122798208|71363136|41166112|23587360|13433920|7611144|4293408|2413776|1354080|759000,18|17|16|15|16|17|20|15|18|17|20|17
11,5|5|2|2|2|2|2|2,0,0|2,2,8,9,1,148140720|84651840|48229272|27387360|15497664|8738340|4909920|2749908|1535940|856212|476910|265860,8|13|8|13|18|11|18|13|12|13|12|15
11,5|5|2|2|2|1|1|1|1|1|1,0,0|2,2,4,5,1,213393180|127481640|75540894|44414656|25919894|15020390|8647555|4949504|2818886|1599444|905625|512820,4|7|4|15|8|9|8|27|10|13|10|15
11,5|5|2|2|1|1|1|1|1|1|1|1,0,0|2,2,2,3,1,87297210|53663220|32637501|19646640|11710998|6916410|4050000|2353456|1358750|780588|447135|256080,2|5|2|11|8|9|16|17|10|13|10|19
11,5|4|4|4|3|2,1,3|5,2,11,16,5,585307008|310390080|164996832|87907248|46933744|25106180|13453320|7220160|3880128|2087568|1124208|605880,14|13|12|11|14|11|14|21|20|17|18|17
11,5|4|4|4|2|2|1,1,3|5,2,11,16,5,1034633600|557627200|300807520|162413680|87769136|47471420|25696080|13918940|7544000|4090768|2219120|1204280,14|13|12|11|14|11|16|13|20|17|18|17
11,5|4|4|4|1|1|1|1|1,1,3|5,2,13,17,4,401119488|223133568|123767616|68493600|37835840|20870488|11498928|6329288|3480736|1912680|1050336|576576,16|15|14|13|18|13|16|15|18|15|20|23
11,5|4|4|3|3|1|1|1,0,0|2,2,6,7,1,1280359080|703920360|386791548|212449380|116653966|64036940|35144265|19282501|10576340|5798700|3177480|1739760,6|7|6|7|8|11|8|9|12|13|16|19
11,5|4|4|2|2|2|1|1|1,1,3|5|7|9,4,17,22,5,1146055680|652408320|370307328|209606784|118336960|66646880|37450080|20998992|11750496|6561936|3656640|2032800,20|19|18|17|18|17|18|17|18|17|22|21
11,5|4|3|3|3|2|2,1,3|7,2,13,15,2,744936192|414390912|230617920|128368032|71449456|39757952|22112832|12290796|6825888|3787200|2098944|1161864,16|15|14|13|14|21|20|13|18|21|26|17
11,5|4|3|3|2|2|1|1|1,1,3|5,2,11,16,5,1671331200|958664000|548523360|313096560|178293136|101291820|57411840|32465020|18315360|10308648|5788720|3243240,14|13|12|11|14|11|24|13|18|15|18|17
11,5|4|3|3|1|1|1|1|1|1|1,1,3|7,2,15,17,2,343816704|206141184|122732928|72600768|42688800|24961248|14519808|8404984|4843008|2778480|1587552|903672,18|17|16|15|16|17|26|15|26|17|20|17
11,5|4|3|2|2|2|2|1|1,1,3|5,2,11,15,4,1002798720|583880640|339030048|196288848|113305248|65203140|37405080|21390796|12194336|6930000|3926160|2217600,14|13|12|11|16|11|14|13|18|17|18|25
11,5|4|3|2|2|2|1|1|1|1,1,3|5,2,11,16,5,975511680|576438720|339095328|198605264|115825424|67266980|38906800|22413876|12862368|7353336|4188480|2377320,14|13|12|11|14|11|16|13|18|15|22|17
11,5|4|3|1|1|1|1|1|1|1|1|1|1,1,3|5,2,11,16,5,43257984|27808704|17674272|11108944|6907824|4251588|2591408|1565116|937216|556752|328272|192192,14|13|12|11|14|11|16|13|24|17|18|23
11,5|4|2|2|2|1|1|1|1|1|1|1,0,0|2,2,2,3,1,145495350|91328250|56842305|35086155|21482188|13049060|7865445|4705575|2794980|1648908|966720|563640,2|3|2|3|10|11|8|9|12|13|22|17
11,5|3|3|3|3|2|1|1|1,1,3|5,2,11,16,5,525275520|305842240|177802592|103200240|59795472|34579380|19953480|11485208|6592000|3771048|2149040|1219240,14|13|12|11|14|11|14|15|26|15|18|17
11,5|3|3|3|2|2|2|1|1,0,0|2|4|6,4,10,14,4,551539296|324715776|190820784|111907488|65480492|38219104|22245654|12908196|7464072|4299120|2465148|1406328,10|17|10|13|10|17|10|13|14|17|14|17
11,5|3|3|3|2|2|1|1|1|1,0,0|2|4|6,4,12,16,4,517316800|309046400|183978080|109145920|64527112|38013280|22311140|13043800|7593640|4400360|2536900|1454200,12|15|12|15|12|17|12|15|14|15|14|17
11,5|3|3|2|2|2|2|2|1,1,3|5,2,11,15,4,257862528|154605888|92490336|55186416|32830560|19466268|11499768|6765948|3962880|2309472|1338336|770616,14|13|12|11|16|11|14|13|30|19|20|17
11,5|3|3|2|2|2|2|1|1|1,0,0|2|4|6,4,10,14,4,359165664|217676160|131464944|79106976|47417292|28305792|16823430|9952164|5857584|3428568|1994544|1152360,10|15|10|13|10|21|10|13|16|15|18|17
11,5|3|3|2|2|2|1|1|1|1|1,1,3|5,2,11,16,5,289697408|178709440|109651360|66922128|40626768|24530844|14730360|8794800|5219424|3077704|1802192|1047200,14|13|12|11|14|11|14|17|18|15|18|21
11,5|3|3|2|1|1|1|1|1|1|1|1|1,1,3|5,2,11,16,5,54172800|35294400|22770720|14550480|9210672|5776860|3590280|2211120|1349280|815616|488160|289080,14|13|12|11|14|11|14|17|18|27|20|17
11,5|3|3|1|1|1|1|1|1|1|1|1|1|1,0,0|2|4|6,4,10,14,4,10346336|6987136|4663984|3077152|2006732|1293632|824422|519428|323528|199160|121108|72688,10|15|10|13|10|19|10|13|14|15|14|19
11,5|2|2|2|2|2|2|2|1|1|1,1,3|7,2,13,15,2,22573824|14511744|9292608|5924256|3757936|2370208|1485248|923804|569696|347856|209952|124992,16|15|14|13|14|17|20|13|18|17|20|23
11,5|2|2|2|2|2|1|1|1|1|1|1|1,1,3|5,2,13,17,4,13108480|8767360|5819968|3833760|2505216|1623240|1042240|662592|416640|258776|158480|95480,16|15|14|13|24|13|20|21|22|15|18|17
11,5|2|2|2|1|1|1|1|1|1|1|1|1|1|1,1,3|7,2,13,15,2,2154240|1534080|1080384|752160|517424|351520|235680|155804|101440|64944|40800|25080,16|15|14|13|14|17|18|13|20|17|20|17
11,5|2|1|1|1|1|1|1|1|1|1|1|1|1|1|1|1,1,3|5,2,11,15,4,80256|62016|47328|35632|26432|19292|13832|9724|6688|4488|2928|1848,14|13|12|11|18|11|14|13|18|15|18|17
11,4|4|4|4|4|1|1,0,0|2,2,6,7,1,85357272|46558512|25467156|13970528|7685964|4240500|2346035|1301398|723772|403512|225462|126192,6|9|6|13|10|11|8|11|12|15|12|19
11,4|4|4|4|3|1|1|1,0,0|2,2,6,7,1,271591320|151667880|84781788|47450676|26594204|14927480|8392105|4725581|2665292|1505700|851970|482790,6|7|6|7|10|13|8|9|12|13|12|13
11,4|4|4|3|3|3|1,0,0|2,2,4,5,1,213393180|119167620|66701778|37417094|21033298|11846890|6685310|3779412|2140326|1214106|689805|392535,4|5|4|5|8|9|10|13|10|11|10|11
11,4|4|4|3|3|2|2,0,0|2,2,4,5,1,298750452|168127960|94784690|53525472|30274244|17149462|9729075|5527382|3144694|1791552|1021979|583660,4|7|4|13|10|9|8|11|10|21|10|15
11,4|4|4|3|3|2|1|1,0,0|2,2,6,7,1,581981400|330041400|187324020|106417740|60513622|34445220|19627095|11195555|6393000|3654540|2091300|1197900,6|7|6|7|8|11|8|9|14|13|14|15
11,4|4|4|3|3|1|1|1|1,0,0|2,2,6,7,1,349188840|201048120|115656372|66498588|38224992|21972120|12631815|7264299|4179336|2405700|1385490|798270,6|7|6|7|16|13|8|9|14|13|12|13
11,4|4|4|3|1|1|1|1|1|1|1,0,0|2,2,8,9,1,118186992|71628480|43179048|25907904|15482940|9221652|5477040|3245508|1919568|1133604|668634|394020,8|13|8|15|10|11|16|13|16|13|12|15
11,4|4|4|2|2|2|2|2,0,0|2,2,6,7,1,126742616|74070360|43272684|25268516|14747824|8603434|5017005|2924761|1704724|993496|578928|337260,6|7|6|7|14|9|8|9|12|15|18|15
11,4|4|4|2|2|1|1|1|1|1|1,0,0|2,2,6,7,1,164148600|100194600|60846060|36782020|22145332|13286020|7946725|4740925|2822260|1676976|994770|589050,6|7|6|7|10|11|8|9|12|17|12|13
11,4|4|4|2|1|1|1|1|1|1|1|1,0,0|2,2,6,7,1,59093496|37093320|23110956|14301540|8795952|5380452|3275595|1986019|1199924|722772|434148|260040,6|7|6|7|14|11|8|9|12|13|14|17
11,4|4|3|3|3|3|2,0,0|2,2,6,7,1,142262120|81292640|46548788|26703248|15343614|8829150|5087095|2934442|1694512|979492|566740|328240,6|11|6|11|8|9|8|11|16|13|14|19
11,4|4|3|3|3|3|1|1,0,0|2,2,4,5,1,224478540|129245220|74503962|42996798|24839568|14363550|8312895|4814883|2790882|1618866|939735|545985,4|5|4|5|14|9|8|9|10|11|10|11
11,4|4|3|3|3|2|2|1,0,0|2,2,4,5,1,407386980|236319720|137197242|79707264|46335926|26950800|15683130|9130254|5317578|3098340|1806105|1053360,4|7|4|17|8|15|10|11|10|13|10|19
11,4|4|3|3|3|1|1|1|1|1,0,0|2,2,6,7,1,229808040|137287920|81822972|48668928|28899640|17135800|10147925|6003298|3548272|2095716|1237110|729960,6|9|6|19|12|13|8|11|16|13|12|17
11,4|4|3|3|2|2|2|2,0,0|2,2,6,7,1,209513304|123349824|72630324|42763968|25175124|14817342|8718867|5129082|3016620|1773900|1043064|613404,6|13|6|15|10|9|8|11|12|13|16|15
11,4|4|3|3|2|1|1|1|1|1|1,0,0|2,2,6,7,1,241746120|148605840|90942588|55431648|33666192|20381940|12304575|7409682|4452252|2670192|1598940|956340,6|9|6|13|14|11|8|11|12|17|14|15
11,4|4|3|3|1|1|1|1|1|1|1|1,0,0|2,2,6,7,1,69837768|44139888|27710748|17289792|10727652|6622704|4070169|2491454|1519716|924156|560562|339372,6|9|6|15|10|15|8|11|12|13|12|15
11,4|4|3|2|2|1|1|1|1|1|1|1,0,0|2,2,8,9,1,121938960|77597520|49067304|30843384|19281548|11992640|7424440|4576924|2810824|1720428|1049970|639210,8|9|8|9|10|19|14|13|14|13|12|13
11,4|4|2|2|2|2|2|2|2,0,0|2,2,6,7,1,31744440|19651320|12148812|7497828|4618224|2838330|1740375|1064623|649752|395712|240570|146070,6|7|6|7|14|9|8|9|14|21|12|13
11,4|4|2|2|2|2|2|2|1|1,0,0|2,2,6,7,1,76602680|47752320|29703828|18433184|11409860|7043630|4336305|2662282|1630216|995848|607110|369600,6|15|6|13|10|9|8|11|14|15|12|23
11,4|4|2|2|2|2|2|1|1|1|1,0,0|2,2,4,5,1,82074300|51873800|32667030|20496960|12813966|7981710|4953900|3063970|1888830|1160940|711775|435600,4|7|4|15|8|9|12|11|10|13|10|19
11,4|4|2|2|2|2|1|1|1|1|1|1,0,0|2,2,4,5,1,58198140|37539060|24078834|15362022|9749818|6156780|3869040|2420194|1507422|935298|578445|356895,4|5|4|5|8|11|16|11|10|11|10|11
11,4|4|2|2|2|1|1|1|1|1|1|1|1,0,0|2,2,2,3,1,29099070|19273410|12667941|8264919|5353998|3444720|2201955|1398971|883814|555558|347745|216975,2|3|2|3|8|15|8|9|10|11|10|11
11,4|4|2|2|1|1|1|1|1|1|1|1|1|1,0,0|2,2,2,3,1,10138590|6934620|4697847|3152688|2096402|1381710|902985|585438|376782|240912|153195|97020,2|5|2|11|8|9|8|11|10|17|10|15
11,4|4|2|1|1|1|1|1|1|1|1|1|1|1|1,0,0|2,2,6,7,1,2282280|1620320|1137708|789984|542464|368430|247575|164682|108516|70908|46010|29700,6|11|6|13|22|9|8|11|12|13|12|15
11,4|4|1|1|1|1|1|1|1|1|1|1|1|1|1|1,0,0|2,2,6,7,1,261800|193800|141780|102460|73116|51510|35825|24605|16700|11216|7470|4950,6|7|6|7|10|9|8|9|12|17|12|13
11,4|3|3|3|3|2|2|2,0,0|2,2,4,5,1,96996900|57946200|34655010|20743840|12425426|7446530|4464165|2676660|1604850|962016|576435|345180,4|7|4|13|8|9|8|13|10|19|10|15
11,4|3|3|3|3|1|1|1|1|1|1,0,0|2,2,8,9,1,77597520|48372480|30057768|18624736|11511552|7098900|4368520|2682932|1644524|1006068|614250|374220,8|17|8|13|22|11|14|13|12|13|12|15
11,4|3|3|3|2|2|2|1|1|1,1,5|7|9|11,4,21,26,5,203743232|125685760|77430784|47640576|29273856|17964672|11009920|6738368|4118144|2512960|1530944|931040,26|25|32|27|22|21|22|21|22|21|22|21
11,4|3|2|2|2|2|2|2|1|1|1,0,0|2,2,4,5,1,42678636|27713400|17955366|11604736|7480330|4807924|3080725|1967504|1252154|793956|501483|315480,4|7|4|19|8|11|8|17|10|13|10|17
11,4|3|2|2|1|1|1|1|1|1|1|1|1|1|1,0,0|2,2,2,3,1,3730650|2680900|1908845|1346640|941322|652020|447570|304500|205350|137292|91015|59840,2|5|2|11|8|11|10|13|10|13|10|23
11,4|2|2|2|2|2|2|2|2|1|1,0,0|2,2,4,5,1,6802380|4534920|3019302|2006784|1330992|880530|580770|381708|249846|162756|105435|67860,4|7|4|19|14|9|10|13|10|13|10|15
11,4|2|2|2|2|2|2|2|1|1|1|1,0,0|2,2,6,7,1,7759752|5240352|3529812|2370992|1587742|1059646|704541|466466|307376|201456|131226|84876,6|11|6|11|8|9|8|11|16|17|12|15
11,4|2|2|2|2|1|1|1|1|1|1|1|1|1|1,0,0|2,2,6,7,1,1563320|1136960|820556|587664|417626|294470|205975|142886|98264|66956|45170|30140,6|13|6|11|8|9|8|11|14|13|12|15
11,4|2|2|2|1|1|1|1|1|1|1|1|1|1|1|1,0,0|2,2,2,3,1,510510|384540|287079|212368|155636|112970|81195|57764|40658|28296|19455|13200,2|5|2|11|10|9|8|13|10|15|10|19
11,4|1|1|1|1|1|1|1|1|1|1|1|1|1|1|1|1|1|1,0,0|2,2,2,3,1,1330|1140|969|816|680|560|455|364|286|220|165|120,2|5|2|11|12|15|8|13|10|13|10|17
11,3|3|3|3|3|3|2|2,0,0|2,2,4,5,1,14226212|8683532|5314166|3260114|2004574|1235212|762667|471793|292378|181498|112849|70279,4|5|4|5|8|11|8|9|10|11|10|11
11,3|3|3|3|3|1|1|1|1|1|1|1,0,0|2,2,8,9,1,10744272|7023312|4576536|2974248|1928664|1248372|806832|520828|335876|216432|139374|89694,8|9|8|9|12|11|16|13|12|17|12|13
11,3|3|3|2|2|2|1|1|1|1|1|1|1,1,3|5|7|9,4,17,22,5,10914816|7441920|5052672|3417216|2302912|1546912|1036000|691952|461024|306480|203328|134640,20|19|18|17|18|17|18|17|18|17|22|19
11,3|3|2|2|2|2|2|2|2|1|1,0,0|2,2,6,7,1,6565944|4405720|2955348|1981452|1327590|888756|594405|397117|265008|176640|117602|78210,6|7|6|7|8|11|8|9|16|27|12|13
11,3|3|2|2|2|2|2|2|1|1|1|1,0,0|2,2,4,5,1,7461300|5071100|3441310|2331690|1577348|1065310|718290|483490|324890|217950|145975|97625,4|5|4|5|10|9|10|11|10|11|10|11
11,3|3|2|2|2|1|1|1|1|1|1|1|1|1|1,0,0|2,2,2,3,1,1448370|1059630|770187|556281|399344|285010|202275|142793|100294|70110|48795|33825,2|3|2|3|14|9|8|9|10|11|10|11
11,3|3|2|2|1|1|1|1|1|1|1|1|1|1|1|1,0,0|2,2,6,7,1,456456|345800|259948|193908|143546|105472|76935|55727|40096|28668|20378|14410,6|7|6|7|8|27|8|9|18|13|12|13
11,3|2|2|2|2|2|2|2|2|1|1|1,0,0|2,2,4,5,1,1662804|1158924|807534|562458|391534|272346|189261|131371|91062|63018|43527|29997,4|5|4|5|8|9|8|9|10|11|10|11
11,3|2|2|2|2|1|1|1|1|1|1|1|1|1|1|1,0,0|2,2,2,3,1,248710|190570|145129|109859|82670|61850|46010|34034|25034|18310|13315|9625,2|3|2|3|8|9|10|11|10|11|10|11
11,3|1|1|1|1|1|1|1|1|1|1|1|1|1|1|1|1|1|1|1,0,0|2,2,2,3,1,210|190|171|153|136|120|105|91|78|66|55|45,2|3|2|3|12|13|8|9|10|11|10|11
12,22|2,0,0|2,2,4,6,2,252|21|1|0|0|0|0|0|0|0|0|0|0,4|5|4|inf|inf|inf|inf|inf|inf|inf|inf|inf|inf
12,21|3,0,0|2,2,4,6,2,1748|209|19|1|0|0|0|0|0|0|0|0|0,4|5|4|7|inf|inf|inf|inf|inf|inf|inf|inf|inf
12,20|2|2,0,0|4,2,6,8,2,17480|2850|380|37|2|0|0|0|0|0|0|0|0,6|7|8|7|6|inf|inf|inf|inf|inf|inf|inf|inf
12,19|4|1,1,3|5,2,15,16,1,129536|24640|4160|592|64|4|0|0|0|0|0|0|0,18|17|16|15|16|15|inf|inf|inf|inf|inf|inf|inf
12,19|3|1|1,0,0|4,2,6,8,2,197064|39270|6800|969|102|6|0|0|0|0|0|0|0,6|7|12|7|6|13|inf|inf|inf|inf|inf|inf|inf
12,18|6,0,0|2,2,4,6,2,92092|19019|3705|663|104|13|1|0|0|0|0|0|0,4|5|4|7|10|11|10|inf|inf|inf|inf|inf|inf
12,18|4|1|1,0,0|4,2,6,8,2,961400|219450|45600|8375|1290|150|10|0|0|0|0|0|0,6|7|14|7|6|13|12|inf|inf|inf|inf|inf|inf
12,18|3|3,0,0|2,2,8,10,2,481712|109956|22916|4216|648|75|5|0|0|0|0|0|0,8|9|8|13|10|11|10|inf|inf|inf|inf|inf|inf
12,18|3|1|1|1,0,0|2|4|6,4,12,19,7,978880|234080|50160|9328|1424|160|10|0|0|0|0|0|0,12|15|12|15|12|21|12|inf|inf|inf|inf|inf|inf
12,18|2|2|1|1,0,0|2,2,4,6,2,886788|215271|46665|8721|1326|147|9|0|0|0|0|0|0,4|5|4|7|6|11|10|inf|inf|inf|inf|inf|inf
12,18|2|1|1|1|1,0,0|2,2,4,6,2,497420|124355|27455|5168|782|85|5|0|0|0|0|0|0,4|5|4|15|6|11|10|inf|inf|inf|inf|inf|inf
12,17|7,0,0|2,2,4,6,2,211508|48279|10659|2244|440|77|11|1|0|0|0|0|0,4|5|4|11|10|11|10|13|inf|inf|inf|inf|inf
12,17|5|2,0,0|4,2,6,8,2,3131128|782782|184756|40443|7982|1352|178|14|0|0|0|0|0,6|7|8|7|6|17|12|15|inf|inf|inf|inf|inf
12,17|3|3|1,0,0|2,2,8,10,2,4845456|1281588|315628|70860|14040|2327|291|21|0|0|0|0|0,8|9|8|11|10|11|10|13|inf|inf|inf|inf|inf
12,17|3|2|1|1,0,0|2,2,4,6,2,8171900|2220625|557175|126395|25090|4125|505|35|0|0|0|0|0,4|5|4|7|6|11|10|13|inf|inf|inf|inf|inf
12,17|3|1|1|1|1,0,0|2,2,4,6,2,3539700|987525|252225|57780|11490|1875|225|15|0|0|0|0|0,4|5|4|11|6|11|10|13|inf|inf|inf|inf|inf
12,17|2|2|1|1|1,0,0|2|4|6,4,12,19,7,3328192|940576|242896|56032|11152|1808|214|14|0|0|0|0|0,12|15|12|17|12|19|12|15|inf|inf|inf|inf|inf
12,16|6|2,0,0|4,2,10,12,2,8460320|2299000|601920|150348|35288|7590|1430|215|20|0|0|0|0,10|11|16|11|10|13|12|13|12|inf|inf|inf|inf
12,16|5|3,0,0|4,2,6,8,2,12113640|3379530|904780|229689|54330|11650|2160|315|28|0|0|0|0,6|7|8|7|6|13|18|13|12|inf|inf|inf|inf
12,16|5|2|1,1,5|7,2,19,20,1,27979776|7958016|2159616|552960|131328|28144|5184|744|64|0|0|0|0,24|23|24|31|20|19|22|19|20|inf|inf|inf|inf
12,16|4|2|2,0,0|2|4|6,4,12,16,4,25049024|7351344|2047344|533936|127920|27326|4946|686|56|0|0|0|0,12|13|12|15|12|13|12|15|14|inf|inf|inf|inf
12,16|3|3|1|1,0,0|2,2,4,6,2,25438644|7650027|2171757|573993|138390|29498|5274|714|56|0|0|0|0,4|5|4|7|6|13|12|15|14|inf|inf|inf|inf
12,16|2|2|2|1|1,0,0|4,2,10,12,2,13075040|4121480|1214480|329324|80360|17060|2980|385|28|0|0|0|0,10|11|12|11|10|15|14|13|12|inf|inf|inf|inf
12,16|2|2|1|1|1|1,0,0|4,2,10,12,2,9439200|3043800|912000|250020|61320|13000|2250|285|20|0|0|0|0,10|11|18|11|10|17|12|13|12|inf|inf|inf|inf
12,15|8|1,1,3|5,2,17,18,1,4922368|1364352|372096|99552|25984|6552|1568|344|64|8|0|0|0,20|19|18|17|18|17|20|19|20|19|inf|inf|inf
12,15|7|1|1,0,0|4,2,10,12,2,18305056|5372136|1534896|425340|113544|28854|6834|1449|252|28|0|0|0,10|11|12|11|10|13|12|13|12|17|inf|inf|inf
12,15|5|2|2,0,0|2|4|6,4,12,16,4,84603200|26668400|8109200|2360160|650320|166870|38830|7820|1240|120|0|0|0,12|13|12|17|12|13|12|17|14|19|inf|inf|inf
12,15|4|4|1,0,0|4,2,6,8,2,59491432|18752734|5710640|1665677|459758|117988|27396|5495|868|84|0|0|0,6|7|12|7|6|15|14|13|12|17|inf|inf|inf
12,15|4|3|2,1,3|5,2,15,16,1,120598016|38670016|11942336|3520048|977984|251524|58224|11564|1792|168|0|0|0,18|17|16|15|16|15|18|17|24|19|inf|inf|inf
12,15|4|2|2|1,1,3|5,2,15,16,1,157386240|51606720|16217280|4840560|1355328|349500|80640|15840|2400|216|0|0|0,18|17|16|15|16|15|26|23|18|19|inf|inf|inf
12,15|4|1|1|1|1|1,1,3|5,2,15,16,1,41840128|14325696|4651200|1420656|403392|104532|23984|4620|672|56|0|0|0,18|17|16|15|16|15|18|17|18|19|inf|inf|inf
12,15|3|3|1|1|1,0,0|2,2,4,6,2,89237148|30069039|9661899|2933112|830102|214760|49270|9520|1400|120|0|0|0,4|5|4|13|6|17|12|21|14|19|inf|inf|inf
12,15|3|2|2|2,0,0|4,2,10,12,2,62622560|21101080|6789120|2064140|584792|151320|34680|6685|980|84|0|0|0,10|11|26|11|10|17|16|13|12|17|inf|inf|inf
12,15|3|1|1|1|1|1|1,0,0|4,2,10,12,2,21633248|7759752|2620176|824772|238680|62192|14118|2639|364|28|0|0|0,10|11|12|11|10|19|12|13|12|17|inf|inf|inf
12,15|2|2|2|1|1|1,1,3|5,2,15,16,1,36917760|13041600|4359360|1363824|393344|102340|23240|4360|608|48|0|0|0,18|17|16|15|18|15|16|19|18|21|inf|inf|inf
12,14|10,0,0|2,2,6,8,2,653752|177650|48450|13260|3640|1001|275|75|20|5|1|0|0,6|7|6|11|10|11|10|13|12|13|12|inf|inf
12,14|8|1|1,0,0|4,2,10,12,2,29072736|8953560|2713200|808452|236376|67522|18690|4935|1204|252|36|0|0,10|11|12|11|10|13|12|13|12|17|16|inf|inf
12,14|7|3,0,0|2,2,4,6,2,63740820|20092215|6235515|1898832|564720|162890|45070|11740|2780|555|75|0|0,4|5|4|15|12|13|12|17|12|13|12|inf|inf
12,14|7|1|1|1,0,0|2|4|6,4,14,21,7,73220224|23876160|7596960|2354976|708896|205968|57140|14840|3472|672|84|0|0,14|17|14|17|14|19|14|19|16|23|16|inf|inf
12,14|6|4,0,0|2,2,4,6,2,79430868|25613577|8119251|2518533|759744|220932|61128|15759|3648|702|90|0|0,4|5|4|7|16|15|16|13|20|15|14|inf|inf
12,14|6|3|1,0,0|2,2,6,8,2,283459176|93459366|30148326|9475596|2884752|843414|233694|60039|13748|2583|315|0|0,6|7|6|11|12|13|12|13|12|13|12|inf|inf
12,14|6|2|1|1,0,0|2,2,8,10,2,320338480|107940140|35407260|11266920|3459456|1016505|282045|72240|16380|3010|350|0|0,8|9|8|13|18|11|10|21|12|15|14|inf|inf
12,14|6|1|1|1|1,0,0|2,2,8,10,2,117056016|40291020|13430340|4323780|1338192|395037|109755|28035|6300|1134|126|0|0,8|9|8|11|12|11|10|13|12|15|14|inf|inf
12,14|5|3|1|1,0,0|2,2,6,8,2,535422888|184294110|61683310|19977516|6217536|1840839|510615|129465|28728|5103|567|0|0,6|7|6|11|16|11|10|13|14|13|12|inf|inf
12,14|4|4|2,0,0|4,2,6,8,2,239850072|82557090|27688320|8994051|2806914|832260|230670|58275|12852|2268|252|0|0,6|7|18|7|6|15|12|13|12|17|16|inf|inf
12,14|4|4|1|1,0,0|2|4|6,4,12,23,11,287650880|100052480|33824560|11052448|3463504|1029380|285450|71990|15800|2760|300|0|0,12|23|12|17|12|15|12|15|14|19|16|inf|inf
12,14|4|3|1|1|1,0,0|2,2,6,8,2,516636120|185315130|64251330|21412248|6804512|2038465|565895|141680|30520|5145|525|0|0,6|7|6|13|14|11|10|21|14|13|12|inf|inf
12,14|4|2|2|2,0,0|4,2,10,12,2,296111200|106213800|36867600|12303940|3914680|1173480|325710|81445|17500|2940|300|0|0,10|11|12|11|10|17|12|13|12|17|16|inf|inf
12,14|4|1|1|1|1|1|1,0,0|4,2,10,12,2,86295264|32829720|11938080|4126716|1345432|408892|113740|28105|5852|924|84|0|0,10|11|14|11|10|15|14|13|12|17|16|inf|inf
12,14|3|3|3|1,0,0|2,2,4,6,2,208220012|74687613|25954019|8677123|2765490|829738|230172|57421|12292|2058|210|0|0,4|5|4|7|6|13|14|13|12|15|14|inf|inf
12,14|3|3|2|2,0,0|2|4|6,4,12,21,9,251963712|91291200|31991440|10766496|3447600|1037140|287790|71610|15232|2520|252|0|0,12|17|12|17|12|15|12|15|22|19|16|inf|inf
12,14|3|3|2|1|1,0,0|2,2,4,6,2,452895300|165733425|58526325|19810440|6369090|1920360|533070|132390|28020|4590|450|0|0,4|5|4|13|6|17|12|15|12|15|14|inf|inf
12,14|3|3|1|1|1|1,0,0|2,2,6,8,2,229466952|85634406|30711486|10517832|3409224|1032655|286845|70950|14860|2385|225|0|0,6|7|6|13|10|11|10|15|12|13|12|inf|inf
12,14|3|1|1|1|1|1|1|1,0,0|2|4|6,4,12,19,7,38511936|15348960|5814000|2078352|694416|213888|59490|14460|2904|432|36|0|0,12|15|12|15|12|25|12|17|14|21|16|inf|inf
12,14|2|2|2|2|2,0,0|2,2,8,10,2,43835792|16676660|6095180|2122484|696696|212485|58995|14455|2968|462|42|0|0,8|9|8|11|10|11|10|13|14|15|14|inf|inf
12,14|2|2|1|1|1|1|1|1,0,0|2,2,6,8,2,37858184|15225574|5819814|2097732|705432|218036|60606|14651|2912|427|35|0|0,6|7|6|11|10|15|12|13|18|13|12|inf|inf
12,14|2|1|1|1|1|1|1|1|1,0,0|2,2,6,8,2,9976824|4157010|1637610|604656|206856|64532|17940|4290|832|117|9|0|0,6|7|6|15|10|15|14|15|20|13|12|inf|inf
12,13|11,0,0|2,2,6,8,2,534888|149226|41990|11934|3432|1001|297|90|28|9|3|1|0,6|7|6|9|10|11|10|15|12|13|12|15|inf
12,13|9|2,0,0|4,2,10,12,2,33995104|10715848|3359200|1047540|325000|100282|30734|9325|2780|800|212|44|0,10|11|14|11|10|13|12|13|12|23|16|19|inf
12,13|7|4,0,0|2,2,6,8,2,151016712|50886066|16990446|5608878|1825296|583198|181874|54859|15764|4197|975|165|0,6|7|6|9|12|13|12|13|12|13|12|15|inf
12,13|7|3|1,0,0|2,2,4,6,2,514829700|177205875|60182975|20131740|6616320|2128560|666540|201285|57680|15210|3450|550|0,4|5|4|11|20|19|14|13|16|15|14|17|inf
12,13|7|2|1|1,0,0|2,2,8,10,2,566918352|199243044|68779620|23295168|7726368|2501499|786303|237720|67956|17766|3942|594|0,8|9|8|19|14|11|10|19|12|15|14|17|inf
12,13|7|1|1|1|1,0,0|2,2,8,10,2,203851760|73120740|25639740|8786484|2939216|957215|301945|91385|26068|6762|1470|210|0,8|9|8|11|12|11|10|13|12|15|14|17|inf
12,13|6|4|1,0,0|2,2,4,6,2,679575204|238836213|82767135|28205397|9416880|3064270|964590|290430|82124|21105|4599|693|0,4|5|4|7|12|13|12|15|12|13|12|15|inf
12,13|6|3|1|1,1,3|5|7|9,4,21,25,4,1240436736|447186432|158225920|54815616|18530304|6082080|1923840|579600|163072|41328|8736|1232|0,24|23|22|21|32|21|26|21|24|21|22|23|inf
12,13|6|2|1|1|1,0,0|2|4|6,4,14,21,7,951862912|351775424|126977760|44680896|15280928|5055856|1606412|484260|135632|33936|6972|924|0,14|17|14|19|14|19|14|17|16|21|16|19|inf
12,13|5|4|1|1,0,0|2,2,6,8,2,1199250360|438856110|157571370|55336446|18924048|6263235|1988415|597555|166432|41391|8505|1155|0,6|7|6|9|12|11|10|13|18|13|12|15|inf
12,13|5|3|3,0,0|4,2,6,8,2,688400856|251914806|90547236|31845879|10906038|3613194|1147554|344709|95852|23760|4860|660|0,6|7|8|7|6|13|12|13|12|21|16|19|inf
12,13|5|3|1|1|1,0,0|2|4|6,4,12,21,9,1647455040|620780160|228399760|81804816|28399824|9497580|3031830|910980|251832|61488|12180|1540|0,12|19|12|15|12|15|12|17|14|21|16|19|inf
12,13|5|2|2|1|1,0,0|4,2,10,12,2,1665760096|633713080|235144000|84818916|29608488|9939384|3179010|954975|263172|63784|12460|1540|0,10|11|16|11|10|17|12|13|12|19|16|19|inf
12,13|5|2|1|1|1|1,0,0|4,2,10,12,2,1014485472|393296904|148140720|54061020|19035432|6427824|2062368|619605|170100|40824|7812|924|0,10|11|12|11|10|19|20|13|12|19|16|19|inf
12,13|4|4|1|1|1,0,0|2,2,6,8,2,898909000|341976250|127019750|45899150|16055600|5398525|1727275|518050|142240|34305|6675|825|0,6|7|6|9|12|11|10|15|18|13|12|15|inf
12,13|4|2|2|1|1|1,1,3|5,2,15,16,1,1402745344|556523968|214352320|79825200|28584192|9767212|3150024|943180|255360|59696|10976|1232|0,18|17|16|15|20|15|16|17|22|21|22|23|inf
12,13|3|3|3|2,0,0|2,2,4,6,2,519675156|201468267|76252605|28034721|9948510|3379090|1086030|324870|88172|20790|3906|462|0,4|5|4|7|6|13|12|15|12|15|14|17|inf
12,13|3|3|3|1|1,0,0|2|4|6,4,12,24,12,747892288|292653504|111592624|41268656|14709552|5011292|1613106|482476|130656|30648|5700|660|0,12|17|12|15|12|15|12|17|18|19|16|19|inf
12,13|3|3|2|2|1,0,0|2,2,4,6,2,1132625340|447304935|171947435|64019076|22938894|7843220|2529120|756105|204092|47538|8730|990|0,4|5|4|11|6|15|20|13|12|15|14|17|inf
12,13|3|3|1|1|1|1|1,0,0|2,2,6,8,2,453050136|185487918|73426298|27981558|10203864|3530747|1145331|342111|91476|20853|3675|385|0,6|7|6|9|10|11|10|13|12|13|12|15|inf
12,13|3|2|2|2|2,0,0|2,2,8,10,2,384944560|154814660|60480420|22827376|8267688|2847845|921525|275170|73752|16926|3030|330|0,8|9|8|15|10|11|10|15|14|15|14|17|inf
12,13|3|2|1|1|1|1|1|1,0,0|2,2,6,8,2,280459608|118890486|48498450|18947214|7043608|2469324|805948|240240|63448|14091|2373|231|0,6|7|6|9|10|15|14|21|14|13|12|15|inf
12,13|3|1|1|1|1|1|1|1|1,0,0|2,2,6,8,2,56163240|24622290|10339230|4136814|1566312|555940|182490|54285|14168|3069|495|45|0,6|7|6|9|10|15|12|13|14|13|12|15|inf
12,13|2|2|1|1|1|1|1|1|1,0,0|2|4|6,4,12,19,7,55628352|24589344|10413520|4200768|1601808|571376|187902|55770|14456|3096|492|44|0,12|15|12|19|12|19|12|15|14|19|16|19|inf
12,12|10|2,0,0|4,2,8,10,2,28883952|9314028|3000024|966654|312156|101244|33066|10908|3648|1242|432|153|54,8|9|10|9|8|15|12|17|20|15|20|15|14
12,12|9|3,0,0|4,2,8,10,2,100677808|33924044|11398024|3819662|1277276|426426|142208|47383|15764|5222|1708|539|154,8|9|10|9|8|13|24|13|12|15|16|15|14
12,12|9|2|1,1,5|7,2,19,20,1,213004288|72930816|24806400|8390656|2825472|948272|317504|106120|35392|11744|3840|1200|320,24|23|24|29|20|19|22|19|20|23|28|23|24
12,12|8|2|2,0,0|2|4|6,4,12,16,4,475931456|170714544|60667152|21357440|7447440|2571478|878422|296296|98280|31780|9828|2772|616,12|13|12|21|12|13|12|19|14|17|16|19|18
12,12|7|3|1|1,0,0|2,2,4,6,2,2038725612|760828761|280534221|102131172|36672240|12965931|4502223|1528863|504084|159300|47052|12276|2376,4|5|4|11|12|11|10|13|12|17|16|19|18
12,12|6|6,0,0|4,2,12,14,2,109830336|39395664|14077632|5003304|1764720|615880|211820|71400|23408|7380|2196|594|132,12|13|16|13|12|17|14|19|16|17|16|17|16
12,12|6|4|1|1,0,0|2,2,4,6,2,2802961700|1066344125|400818775|148644685|54276320|19456675|6819015|2322355|761460|236740|67900|16940|3080,4|5|4|7|14|11|10|13|12|17|16|19|18
12,12|6|3|3,0,0|4,2,8,10,2,1510167120|574520100|216164520|80277978|29354468|10535250|3695230|1258845|412580|128070|36600|9075|1650,8|9|10|9|8|13|12|13|12|15|18|15|14
12,12|6|3|1|1|1,0,0|2|4|6,4,12,23,11,3482267712|1362626496|524503056|198360624|73571344|26689124|9431422|3226552|1058008|326928|92232|22176|3696,12|17|12|15|12|15|12|19|14|21|18|25|20
12,12|6|2|2|1|1,0,0|4,2,10,12,2,3401510112|1343350008|521355744|198557892|74064744|26985036|9564534|3277197|1074444|331128|92772|21978|3564,10|11|14|11|10|15|12|13|12|19|16|17|16
12,12|6|2|1|1|1|1,0,0|4,2,10,12,2,2038517600|819838600|322870800|124400220|46822440|17174500|6115620|2100875|688940|211680|58800|13650|2100,10|11|12|11|10|15|14|13|12|23|20|17|16
12,12|5|5|2,0,0|2|4|6,4,14,18,4,1223823744|465585120|175350240|65239200|23910432|8600436|3020700|1028700|336224|103812|29460|7260|1320,14|15|14|17|14|15|14|17|18|17|16|19|18
12,12|5|4|3,1,5|7,2,21,22,1,2008326144|774951936|295692288|111289344|41186816|14928032|5270528|1799184|587392|180288|50496|12144|2112,26|25|26|27|22|21|30|21|22|25|24|23|24
12,12|5|3|3|1,0,0|4,2,6,8,2,4077451224|1610297766|626877108|239963823|90040038|32982180|11729520|4018350|1310736|399546|110124|25641|4158,6|7|8|7|6|15|18|15|16|15|16|15|14
12,12|5|3|2|1|1,0,0|4,2,12,14,2,7698891200|3096293200|1223736800|474262360|179710960|66320540|23705880|8142260|2654960|805840|219800|50050|7700,12|13|14|13|12|15|16|17|16|21|18|17|16
12,12|5|3|1|1|1|1,0,0|4,2,12,14,2,3624401088|1483903344|595084864|233344584|89237808|33160556|11908908|4100208|1336608|404136|109188|24354|3564,12|13|16|13|12|15|14|21|18|19|16|17|16
12,12|5|2|2|2|1,1,5|7,2,21,22,1,3583483904|1460659200|584263680|228780032|87426560|32473376|11658240|4012400|1307264|394912|106560|23760|3520,26|25|26|29|22|21|30|21|22|23|24|23|24
12,12|5|2|2|1|1|1,0,0|2|8|10,4,18,25,7,3807451648|1572643072|635829376|251112576|96605184|36062624|12990816|4478768|1458912|439488|117768|25872|3696,18|21|18|21|24|21|20|21|18|25|18|23|20
12,12|5|2|1|1|1|1|1,1,5|7,2,21,22,1,1816141824|766596096|315537408|126434304|49196544|18521760|6710400|2320080|755328|226368|59904|12816|1728,26|25|26|27|22|21|24|21|22|25|30|23|24
12,12|4|4|2|2,0,0|4,2,6,8,2,2677114440|1076665590|426282480|165685689|62991942|23316540|8350020|2867760|932512|281376|76080|17160|2640,6|7|12|7|6|15|14|21|18|23|20|21|20
12,12|4|3|3|1|1,0,0|4,2,8,10,2,4317301296|1767590748|710882568|280039518|107655372|40191030|14475780|4983930|1618176|484974|129276|28413|4158,8|9|10|9|8|13|14|15|24|15|16|15|14
12,12|4|3|2|1|1|1,1,3|5,2,15,16,1,5983138304|2503813312|1025765312|410313904|159684096|60171540|21807720|7529880|2442048|727232|191104|40832|5632,18|17|16|15|22|15|16|19|20|25|26|29|30
12,12|4|2|2|2|1|1,0,0|2|4|6,4,12,16,4,3331520192|1412274864|585508560|236678624|92920464|35251398|12833166|4438980|1437408|425516|110460|23100|3080,12|13|12|17|12|13|12|17|18|17|16|19|18
12,12|4|2|2|1|1|1|1,0,0|2|4|6,4,12,16,4,2608676928|1124755632|472872816|193330800|76585392|29249766|10695834|3707262|1199520|353484|90828|18612|2376,12|13|12|15|12|13|12|15|18|17|16|19|18
12,12|3|3|3|1|1|1,0,0|4,2,8,10,2,1797818000|762118500|316217000|128010850|50348100|19132850|6972350|2411250|779360|229890|59400|12375|1650,8|9|10|9|8|13|12|15|18|15|18|15|14
12,12|3|3|2|2|2,0,0|2,2,4,6,2,1443542100|611936325|254107425|102985740|40553370|15426125|5625125|1945545|628460|185100|47700|9900|1320,4|5|4|11|6|11|10|13|12|17|16|19|18
12,12|3|3|1|1|1|1|1|1,0,0|2,2,8,10,2,704744656|314070988|135994628|57046220|23087680|8964879|3313607|1152767|371140|107660|26852|5236|616,8|9|8|11|16|11|10|13|12|17|16|19|18
12,12|3|2|2|2|1|1|1,1,5|7,2,19,20,1,1603137536|705729024|302794752|126164480|50815232|19664528|7251872|2519496|810880|235456|58944|11616|1408,24|23|26|25|20|19|20|19|22|25|24|25|26
12,12|2|2|2|2|2|2,0,0|4,2,10,12,2,153977824|68620552|29821792|12581140|5123976|2000570|741950|258125|82740|23772|5844|1122|132,10|11|14|11|10|13|12|13|12|17|16|17|16
12,12|2|2|2|1|1|1|1|1|1,0,0|4,2,8,10,2,186973072|87389588|39537784|17245514|7213492|2873156|1079364|377377|120428|34034|8092|1463|154,8|9|10|9|8|15|14|13|12|15|16|15|14
12,12|2|2|1|1|1|1|1|1|1|1,0,0|4,2,8,10,2,67395888|32477004|15093144|6735366|2870076|1159224|439362|154077|48972|13662|3168|549|54,8|9|10|9|8|17|12|13|12|15|22|15|14
12,11|11|1|1,0,0|4,2,8,10,2,11767536|3879876|1276496|420342|138996|46332|15642|5382|1904|702|276|121|66,8|9|12|9|8|15|12|15|16|15|16|15|14
12,11|9|2|2,0,0|2|4|6,4,12,16,4,423631296|155024496|56419056|20438352|7378800|2658942|958122|346002|125544|45900|16956|6336|2376,12|13|12|15|12|13|12|15|14|17|16|27|18
12,11|8|5,1,3|5,2,15,16,1,292880896|106646848|38842688|14146448|5150016|1873300|680480|246680|89152|32072|11456|4048|1408,18|17|16|15|16|15|20|19|20|19|24|23|26
12,11|8|4|1,0,0|4,2,8,10,2,1376801712|513806436|191071296|70804422|26144820|9619506|3526308|1287603|468028|169110|60552|21351|7326,8|9|16|9|8|13|14|13|12|15|18|15|14
12,11|8|3|2,1,3|5,2,15,16,1,1882805760|712873920|268425920|100515696|37435200|13868660|5111760|1874580|683712|247680|88800|31240|10560,18|17|16|15|16|15|18|17|20|27|22|21|24
12,11|8|2|2|1,1,3|5,2,15,16,1,2050166272|791096768|302576064|114752176|43174208|16124108|5980832|2204216|807072|293216|105280|36960|12320,18|17|16|15|16|15|20|19|18|23|24|25|22
12,11|8|1|1|1|1|1,1,3|5,2,15,16,1,465163776|186234048|73364928|28482480|10915008|4135300|1551120|576660|212576|77616|27936|9768|3168,18|17|16|15|16|15|18|17|18|21|22|21|22
12,11|7|5|1,0,0|4,2,12,14,2,1699755200|646646000|245221600|92652040|34853520|13040560|4846140|1785260|650160|233140|81820|27830|9020,12|13|14|13|12|19|14|17|16|17|16|17|16
12,11|7|4|2,0,0|4,2,8,10,2,3706773840|1437046380|554190480|212464674|80913900|30580830|11455290|4245255|1552236|557550|195300|65835|20790,8|9|12|9|8|13|12|13|12|15|16|15|14
12,11|7|4|1|1,0,0|2|4|6,4,12,21,9,4283383104|1676106432|651214512|251155008|96105360|36459852|13697826|5087586|1863064|669720|234552|78936|24816,12|17|12|19|12|15|12|15|14|19|18|21|20
12,11|7|3|1|1|1,0,0|2,2,4,6,2,5070292500|2039139375|810931875|318903000|123994000|47646625|18080375|6765500|2489900|897000|313500|104400|31800,4|5|4|13|12|11|10|17|12|19|16|23|18
12,11|7|2|2|2,0,0|4,2,10,12,2,2617623008|1052739688|419026608|164987108|64229880|24708684|9384474|3513839|1293684|466060|162764|54054|16324,10|11|12|11|10|15|12|13|12|17|16|17|16
12,11|7|1|1|1|1|1|1,0,0|4,2,10,12,2,640676960|271591320|112869120|46020156|18422040|7243600|2797800|1060675|393764|142380|49560|16170|4620,10|11|20|11|10|19|16|13|12|17|18|17|16
12,11|6|5|2,1,3|5,2,15,16,1,3389050368|1332289728|521120448|202613616|78204864|29915580|11315520|4219200|1544256|551448|190368|62568|19008,18|17|16|15|16|15|22|25|20|19|22|21|24
12,11|6|4|1|1|1,0,0|2,2,4,6,2,7228208988|2959375419|1198692729|480086919|189948096|74137401|28485243|10741248|3956988|1414152|484668|156024|45144,4|5|4|7|16|11|10|31|12|19|16|21|18
12,11|6|2|2|1|1|1,1,3|5,2,15,16,1,6977456640|2970475200|1245263040|513705456|208344576|82963980|32373000|12340860|4573632|1634472|555120|174240|47520,18|17|16|15|22|15|16|17|20|19|20|25|22
12,11|5|5|3,0,0|2|4|6,4,14,18,4,2416267392|971759712|388499232|154171776|60618976|23560900|9025060|3393600|1245888|443172|150972|48312|13992,14|15|14|21|14|15|14|25|20|17|16|21|18
12,11|5|5|2|1,1,3|5,2,15,16,1,6150498816|2506996800|1013651520|406060368|160901440|62930084|24222560|9139480|3361792|1195992|406560|129360|36960,18|17|16|15|16|15|20|19|28|19|22|23|22
12,11|5|4|2|2,0,0|4,2,8,10,2,9637611984|4015671660|1656757440|675786618|272014236|107784846|41911020|15923250|5875408|2086758|703440|219615|60390,8|9|16|9|8|13|14|15|16|15|20|15|14
12,11|5|3|3|1|1,0,0|4,2,6,8,2,12333031480|5228132910|2190140260|905313563|368552030|147400330|57726900|22039220|8150464|2891840|969360|298760|80080,6|7|8|7|6|13|14|17|20|25|20|21|20
12,11|5|3|2|1|1|1,1,3|5,2,15,16,1,16280732160|7049085120|3006736320|1261892016|520208640|210164500|82943880|31834320|11803904|4185720|1396080|425040|110880,18|17|16|15|20|15|16|21|24|19|20|23|22
12,11|5|2|2|2|1|1,0,0|2|4|6,4,12,16,4,8314802496|3645257616|1572947376|667016064|277436016|112907938|44810898|17263008|6411104|2270772|753516|226776|57816,12|13|12|21|12|13|12|23|18|17|16|21|18
12,11|5|2|2|1|1|1|1,0,0|2|4|6,4,12,16,4,6406769600|2855190800|1248976400|535642800|224846160|92172850|36782790|14223230|5292000|1873620|619500|184800|46200,12|13|12|15|12|13|12|15|18|17|16|25|18
12,11|4|4|3|2,0,0|4,2,12,14,2,6731030592|2853371664|1197218880|496215720|202673328|81326388|31935816|12209220|4511984|1595304|531120|162030|42900,12|13|16|13|12|15|16|17|16|19|20|17|16
12,11|4|4|2|2|1,0,0|4,2,6,8,2,10326012840|4452157710|1895596560|795538341|328332654|132866370|52512840|20163690|7466592|2637738|874080|263835|68310,6|7|12|7|6|13|16|15|18|15|22|15|14
12,11|4|4|2|1|1|1,1,3|5,2,15,16,1,9768439296|4264843968|1834838208|776693232|322816704|131368860|52142400|20079360|7445760|2629368|868896|260568|66528,18|17|16|15|16|15|22|29|24|19|22|21|22
12,11|4|4|1|1|1|1|1,0,0|4,2,12,14,2,3331520192|1484699216|649938016|279140680|117410384|48236916|19284588|7462308|2773344|978488|321692|95326|23716,12|13|14|13|12|15|14|17|18|19|16|17|16
12,11|4|3|3|3,1,3|5,2,17,18,1,2761448448|1185621888|503445888|210953952|86993280|35189704|13904704|5337424|1975296|697080|230592|69432|17952,20|19|18|17|18|17|22|21|28|19|24|21|22
12,11|4|3|3|1|1|1,1,3|5,2,17,18,1,9475558400|4171305600|1809104000|771617440|322896640|132160600|52690000|20347320|7551040|2661640|874800|259600|65120,20|19|18|17|20|17|18|19|20|19|20|23|22
12,11|4|3|2|2|1|1,1,3|5,2,17,18,1,14397926400|6390384000|2792483200|1199059680|504666240|207537720|83040480|32143320|11939200|4204440|1377120|405680|100320,20|19|18|17|18|17|20|19|22|19|22|23|22
12,11|4|3|2|1|1|1|1,1,3|5,2,15,16,1,10250831360|4624016320|2048285120|889527856|377881280|156552620|62990240|24472840|9105152|3203760|1044960|304920|73920,18|17|16|15|16|15|20|19|24|21|22|21|24
12,11|4|2|2|2|2|1,1,3|5,2,17,18,1,4927290368|2222636416|985944960|429105248|182728832|75873512|30582464|11893840|4424896|1554616|505280|146520|35200,20|19|18|17|18|17|22|21|20|19|24|21|26
12,11|4|2|2|2|1|1|1,0,0|2|8|10,4,18,25,7,5983138304|2731432704|1223823744|537075968|230264320|96128032|38903392|15170352|5650400|1983840|642744|185064|43824,18|21|18|23|22|21|20|21|18|23|18|21|20
12,11|4|2|2|1|1|1|1|1,1,3|5,2,15,16,1,3745792512|1743964992|794532672|353591568|153350208|64606740|26326080|10311840|3847872|1349136|434592|123552|28512,18|17|16|15|16|15|22|23|20|21|22|25|22
12,11|4|1|1|1|1|1|1|1|1|1,1,3|5,2,15,16,1,209200640|103463360|49716160|23164336|10439104|4535180|1890720|751400|281792|98128|30880|8360|1760,18|17|16|15|16|15|20|19|20|21|22|21|22
12,11|3|3|3|2|2,0,0|2,2,4,6,2,2944825884|1312368057|576577287|249092415|105493674|43630587|17535771|6804756|2526860|886392|287916|83688|20328,4|5|4|7|6|11|10|17|12|19|16|21|18
12,11|3|3|2|2|1|1|1,0,0|4,2,8,10,2,5354228880|2463721260|1112902960|492374298|212728620|89411010|36375030|14226660|5298384|1852830|595140|169015|39270,8|9|12|9|8|13|12|17|16|15|16|15|14
12,11|3|3|1|1|1|1|1|1|1,0,0|2,2,8,10,2,876146544|422201052|198478332|90841608|40369680|17354571|7180173|2838528|1061172|369360|116748|32064|6984,8|9|8|13|12|11|10|37|12|21|16|27|18
12,11|3|2|2|2|2|1|1,0,0|4,2,10,12,2,2617623008|1223454232|560919216|251569604|110003608|46700082|19143498|7522179|2804508|977384|311020|86790|19580,10|11|12|11|10|13|12|13|12|19|16|17|16
12,11|3|2|2|2|1|1|1|1,0,0|4,2,8,10,2,2391287184|1134995004|527196384|239049954|105477372|45101628|18587448|7328673|2735748|952074|301464|83259|18414,8|9|14|9|8|15|16|13|12|15|18|15|14
12,11|3|1|1|1|1|1|1|1|1|1|1,0,0|4,2,8,10,2,67395888|34918884|17535024|8508942|3975348|1779804|758862|305487|114660|39366|11988|3069|594,8|9|12|9|8|15|12|13|12|15|16|15|14
12,11|2|2|2|1|1|1|1|1|1|1,1,3|5,2,15,16,1,209200640|105737280|51990080|24794704|11425920|5062420|2142360|858220|321376|110440|33840|8800|1760,18|17|16|15|18|15|16|17|18|19|20|25|22
12,10|10|4,0,0|2,2,8,10,2,75716368|27159132|9758476|3514784|1270360|461461|168839|62412|23408|8960|3528|1442|616,8|9|8|17|10|11|10|17|16|29|18|17|18
12,10|10|3|1,0,0|2,2,8,10,2,247118256|90430956|33027396|12053340|4402632|1612897|594297|221067|83440|32184|12816|5346|2376,8|9|8|11|10|11|10|13|16|19|20|17|18
12,10|10|2|1|1,0,0|2,2,6,8,2,264769560|98808930|36657270|13545090|4996212|1844700|684090|255915|97140|37719|15165|6435|2970,6|7|6|9|8|15|12|13|12|13|12|15|14
12,10|10|1|1|1|1,0,0|2,2,6,8,2,93486536|35565530|13394810|5007860|1864148|693264|258610|97245|37100|14491|5875|2530|1210,6|7|6|11|8|19|12|13|12|13|12|17|14
12,10|9|3|1|1,0,0|2,2,6,8,2,1606268664|622720098|240224790|92309490|35377524|13543985|5190075|1995840|772772|302589|120519|49203|20790,6|7|6|9|8|11|10|25|12|13|12|15|14
12,10|8|5|1,0,0|4,2,8,10,2,1729827792|670621644|259924560|100740402|39051180|15143674|5876298|2282385|887684|345870|135072|52899|20790,8|9|12|9|8|13|12|13|12|15|22|15|14
12,10|8|4|2,0,0|4,2,12,14,2,3624401088|1431375792|564045856|221801448|87055056|34115224|13354836|5225808|2045792|802044|315228|124322|49236,12|13|14|13|12|17|14|21|18|17|16|17|16
12,10|8|4|1|1,0,0|2|4|6,4,12,19,7,4172126400|1662804000|660082800|261115920|102981840|40515800|15911730|6243060|2449600|962280|378900|149700|59400,12|15|12|15|12|17|12|17|20|19|16|19|18
12,10|8|3|1|1|1,0,0|2,2,6,8,2,4818805992|1972916946|801395946|323220456|129550356|51652653|20509659|8121204|3211852|1270917|504045|200640|80190,6|7|6|13|8|11|10|17|12|13|12|27|14
12,10|8|2|2|2,0,0|4,2,10,12,2,2471182560|1011752280|411321120|166093740|66655512|26606580|10575180|4191075|1658860|656964|260820|103950|41580,10|11|14|11|10|15|14|13|12|17|16|17|16
12,10|8|1|1|1|1|1|1,0,0|4,2,10,12,2,593914464|256071816|108636528|45420804|18749016|7656220|3099690|1247205|500052|200340|80424|32406|13068,10|11|12|11|10|15|12|13|12|17|18|17|16
12,10|7|7,0,0|2,2,6,8,2,127481640|48498450|18517590|7095426|2727816|1051765|406445|157265|60844|23499|9045|3465|1320,6|7|6|9|10|11|10|13|12|13|12|15|18
12,10|7|5|2,0,0|4,2,8,10,2,4933212592|1984009412|796667872|319330550|127736532|50973230|20281800|8041145|3173828|1245566|485212|187187|71302,8|9|14|9|8|13|16|13|12|15|16|15|14
12,10|7|5|1|1,0,0|2|4|6,4,12,24,12,5507206848|2234808576|903960720|364512096|146528304|58709196|23437782|9317730|3685752|1448928|565128|218196|83160,12|21|12|17|12|15|12|15|14|23|18|19|18
12,10|7|4|2|1,0,0|2|4|6,4,12,19,7,15705738048|6487152672|2667137616|1091382864|444405104|180035856|72542294|29059912|11566128|4568928|1788108|691152|262416,12|15|12|15|12|19|12|19|16|23|16|23|20
12,10|7|4|1|1|1,1,5|7|9|11,4,25,29,4,9493905408|3972993024|1651113984|681627648|279578624|113939072|46134016|18554176|7408128|2933568|1150080|444960|168960,30|29|38|31|26|25|26|25|26|25|26|25|32
12,10|7|3|3|1,0,0|2,2,6,8,2,10326012840|4302505350|1783357290|735122466|301278276|122730075|49681215|19977525|7975584|3158109|1237995|478665|181170,6|7|6|9|8|11|10|13|18|13|12|15|14
12,10|7|3|2|2,0,0|2|4|6,4,12,21,9,10873203264|4569897024|1908557904|791844768|326305584|133533092|54257742|21884562|8758288|3474576|1363824|527604|199584,12|17|12|17|12|15|12|15|16|21|20|19|22
12,10|7|3|2|1|1,0,0|2,2,6,8,2,18739801080|7944046110|3341102310|1394193528|577236660|237131895|96654525|39083730|15673000|6227445|2447025|947100|358050,6|7|6|13|8|11|10|15|14|13|12|19|14
12,10|7|3|1|1|1|1,0,0|2,2,4,6,2,8605010700|3710131425|1582498125|668065320|279250920|115616475|47424825|19275210|7761040|3093390|1218150|471900|178200,4|5|4|13|10|11|10|15|16|15|14|19|18
12,10|7|1|1|1|1|1|1|1,0,0|2|4|6,4,12,19,7,747892288|341429088|152977968|67328976|29137680|12412400|5210370|2157220|881384|355248|140928|54648|20328,12|15|12|15|12|19|12|17|14|21|26|21|18
12,10|6|6|1|1,0,0|2,2,6,8,2,2677114440|1096064970|447487430|182172510|73931208|29893760|12032460|4814775|1911840|751527|291585|111265|41580,6|7|6|9|10|25|14|13|18|13|12|15|16
12,10|6|5|1|1|1,0,0|2,2,6,8,2,8745240504|3707221518|1561650090|653703414|271856312|112262332|45992114|18668510|7493472|2966481|1153887|438669|161700,6|7|6|9|10|15|12|15|18|13|12|15|16
12,10|6|4|4,0,0|2,2,8,10,2,3706773840|1544489100|641923740|265918896|109692936|45008655|18345645|7416360|2967384|1171854|454950|172590|63360,8|9|8|15|10|11|10|19|14|15|14|17|26
12,10|6|4|3|1,0,0|2,2,10,12,2,21246940000|9006855000|3800095000|1594736000|665158000|275483000|113158500|46030000|18504200|7330550|2849850|1080200|394900,10|11|10|21|12|17|14|21|14|15|14|21|16
12,10|6|4|2|2,0,0|2|4|6,4,12,19,7,18122005440|7747813920|3293488880|1391145360|583472208|242784520|100113090|40849620|16460080|6530832|2540580|962500|351120,12|15|12|15|12|17|12|17|16|21|16|19|20
12,10|6|4|2|1|1,0,0|2,2,10,12,2,30289637664|13059662616|5590347048|2375009208|1000901616|418123992|172970028|70758684|28567224|11349558|4417902|1673298|609444,10|11|10|13|12|17|14|17|14|15|14|17|16
12,10|6|4|1|1|1|1,0,0|2,2,4,6,2,12777137100|5601570975|2431535925|1045129995|444738840|187280275|77980695|32065950|12996620|5177025|2017575|763665|277200,4|5|4|7|10|11|10|15|12|13|12|15|20
12,10|6|3|3|2,0,0|2,2,6,8,2,15444891000|6659210250|2853462750|1214215650|512651100|214548325|88898175|36414000|14714840|5848605|2275875|860475|311850,6|7|6|9|8|11|10|21|14|13|12|15|14
12,10|6|3|3|1|1,0,0|2|4|6,4,12,21,9,21416915520|9311702400|4017939120|1719673488|729566448|306545460|127429050|52331160|21188048|8432448|3283200|1240800|448800,12|19|12|15|12|15|12|19|16|25|28|25|22
12,10|6|3|2|2|1,0,0|2,2,6,8,2,28542158568|12513047778|5439735378|2343523644|999868716|422129169|176167629|72573039|29452192|11738853|4572729|1726494|622314,6|7|6|11|8|11|10|13|18|13|12|17|14
12,10|6|3|1|1|1|1|1,0,0|2,2,6,8,2,9921071160|4493238750|2007524610|884918034|384812064|165028500|69751800|29023785|11867156|4753161|1855035|698775|249480,6|7|6|9|14|15|16|13|12|13|12|15|18
12,10|6|2|2|2|2,0,0|2,2,8,10,2,6544057520|2916373460|1286825540|561755480|242437624|103352535|43478655|18025070|7349440|2937844|1145200|431200|154000,8|9|8|13|10|11|10|15|20|17|20|25|20
12,10|6|2|1|1|1|1|1|1,0,0|2,2,6,8,2,4004231000|1871542750|859745250|388219650|172317600|75172825|32216925|13552000|5585440|2248155|878325|329175|115500,6|7|6|9|14|11|10|27|18|13|12|15|16
12,10|6|1|1|1|1|1|1|1|1,0,0|2,2,6,8,2,664246440|320089770|151038030|69794010|31588128|14003275|6079425|2583075|1072400|433557|169515|63195|21780,6|7|6|9|14|11|10|13|16|13|12|15|16
12,10|5|5|2|2,0,0|4,2,8,10,2,9708217200|4185789300|1794975600|764973990|323685780|135816230|56419110|23153370|9359840|3712770|1437300|538725|193050,8|9|12|9|8|13|12|15|18|15|16|15|14
12,10|5|4|4|1,0,0|2,2,8,10,2,9637611984|4155347196|1783281708|761007312|322546536|135576285|56410155|23178960|9377088|3719520|1438164|537306|191268,8|9|8|15|10|11|10|21|20|23|16|17|16
12,10|5|3|3|1|1|1,0,0|4,2,6,8,2,24094029960|10912151250|4892422860|2169762309|950868594|411197670|175151430|73308060|30047248|12002688|4638960|1714680|594000,6|7|8|7|6|13|12|17|16|27|20|21|20
12,10|5|3|2|2|2,0,0|2,2,6,8,2,17668955304|8002244250|3590270970|1593928908|699330060|302762746|129091050|54071955|22173760|8858619|3422475|1263570|436590,6|7|6|11|8|13|12|13|20|13|12|17|14
12,10|5|3|1|1|1|1|1|1,0,0|2,2,8,10,2,7495920432|3557846292|1661409932|763036092|344447376|152677525|66349125|28203525|11686332|4695264|1813812|664202|224532,8|9|8|11|12|11|10|13|12|23|16|17|16
12,10|5|2|2|2|1|1|1,1,5|7,2,19,20,1,13290393600|6235891200|2886297600|1316666880|591317760|261075760|113113440|47970360|19841920|7961760|3072960|1124640|380160,24|23|26|25|20|19|20|19|22|23|24|25|28
12,10|4|4|4|2,0,0|2|4|6,4,14,21,7,5930838144|2621602368|1152102240|502726176|217476576|93090960|39336300|16359840|6670944|2653128|1021644|376728|130680,14|17|14|17|14|19|14|23|18|19|16|21|18
12,10|4|4|4|1|1,0,0|2,2,8,10,2,7495920432|3340573236|1478232756|648811800|282057048|121231383|51399129|21432684|8755712|3485832|1342320|494340|170940,8|9|8|13|10|11|10|17|26|19|20|19|16
12,10|4|4|3|3,0,0|4,2,12,14,2,6040668480|2692037040|1192102560|523816920|228015216|98131220|41653700|17384780|7105840|2829048|1088700|400290|137940,12|13|14|13|12|15|14|17|16|19|16|17|16
12,10|4|4|2|2|2,0,0|2|4|6,4,12,19,7,11218384320|5121436320|2316840240|1037239632|458851536|200194280|85935410|36180300|14877520|5940600|2284200|834900|283800,12|15|12|15|12|17|12|17|16|19|18|19|18
12,10|4|4|2|2|1|1,0,0|4,2,6,8,2,22199456664|10214967378|4651871840|2094304443|930826050|407694210|175557690|74092410|30518768|12196926|4689384|1711633|579810,6|7|14|7|6|13|12|15|16|15|18|15|14
12,10|4|4|2|1|1|1|1,0,0|4,2,12,14,2,15089826752|7052853808|3254835584|1481952472|664936272|293537244|127207696|53950568|22297744|8926624|3430952|1248478|419804,12|13|18|13|12|15|18|19|16|23|18|17|16
12,10|4|4|1|1|1|1|1|1,0,0|2|4|6,4,14,23,9,4240116608|2027881856|954684640|442169728|201292000|89939304|39358508|16817780|6986224|2803584|1076628|389676|129360,14|19|14|21|14|17|14|17|16|27|16|19|20
12,10|4|3|3|2|2,0,0|2,2,6,8,2,14456417976|6652047402|3032727750|1367887014|609322428|267489378|115421436|48789090|20112792|8036199|3084309|1121373|377190,6|7|6|9|8|13|14|15|14|13|12|15|14
12,10|4|3|2|2|1|1|1,0,0|4,2,8,10,2,23505307056|11156504436|5226350976|2413556838|1097082756|489876618|214328268|91563948|38016944|15238314|5838336|2104641|694386,8|9|18|9|8|13|14|17|16|15|30|15|14
12,10|4|3|1|1|1|1|1|1|1,0,0|2,2,8,10,2,3550699152|1762484724|858492180|410004504|191763936|87686781|39105747|16950780|7105980|2859948|1092672|389004|124740,8|9|8|13|14|11|10|17|12|17|24|19|16
12,10|4|2|2|2|2|1|1,0,0|4,2,10,12,2,8908716960|4292968680|2040358320|954979740|439368072|198262350|87499170|37628145|15688260|6295968|2405880|860310|279180,10|11|12|11|10|13|12|13|12|23|18|17|16
12,10|4|2|2|2|1|1|1|1,0,0|4,2,8,10,2,8008462000|3917182500|1885674000|892220350|414267700|188357400|83634650|36132075|15110620|6072150|2318400|825825|265650,8|9|12|9|8|17|12|13|12|15|24|15|14
12,10|4|1|1|1|1|1|1|1|1|1|1,0,0|4,2,8,10,2,186973072|99583484|51731680|26172146|12872860|6142136|2834832|1260545|536844|216986|82012|28259|8470,8|9|14|9|8|17|18|13|12|15|16|15|14
12,10|3|3|3|3|2,0,0|2,2,10,12,2,3365515296|1573012584|728308152|333435960|150623616|66963468|29205792|12446316|5155480|2060838|786894|282546|92928,10|11|10|13|18|15|20|17|14|15|14|17|28
12,10|3|3|3|2|2|1,0,0|2,2,4,6,2,8605010700|4084262325|1916948475|888158115|405368730|181795575|79855065|34215750|14223140|5693355|2171025|775665|252450,4|5|4|7|6|11|10|15|12|13|12|15|14
12,10|3|3|3|1|1|1|1|1,0,0|2,2,8,10,2,4164400240|2036934900|981138340|464793056|216177416|98485205|43812315|18953340|7928424|3181654|1210650|428890|137060,8|9|8|17|10|11|10|17|14|15|14|17|16
12,10|3|3|2|2|2|2,0,0|2,2,4,6,2,3786204708|1824511689|868399389|407474496|188074458|85162077|37705041|16252596|6781628|2717703|1034055|366960|117810,4|5|4|19|6|11|10|17|12|13|12|23|14
12,10|3|3|2|2|2|1|1,0,0|2|4|6,4,12,19,7,8314802496|4036896864|1933678032|912246192|422980272|192254920|85378590|36886500|15414560|6181056|2350656|832524|266112,12|15|12|15|12|17|12|17|18|25|24|19|26
12,10|3|3|2|2|1|1|1|1,0,0|2|4|6,4,14,26,12,7248802176|3571873536|1732840736|826438272|386737824|177131592|79147332|34352892|14398944|5780448|2195796|774356|245256,14|21|14|21|14|17|14|17|18|23|16|19|18
12,10|3|3|2|1|1|1|1|1|1,0,0|2,2,8,10,2,3550699152|1788214428|884221884|428717016|203459256|94285191|42527529|18589032|7826616|3146850|1192842|417648|130284,8|9|8|13|10|11|10|19|14|15|14|23|16
12,10|3|3|1|1|1|1|1|1|1|1,0,0|2,2,8,10,2,876146544|453945492|230222772|114136776|55215576|26002353|11880999|5243364|2220792|894402|337770|116940|35640,8|9|8|13|10|11|10|17|14|15|14|19|18
12,10|3|2|2|2|2|1|1|1,0,0|2|4|6,4,12,19,7,3739461440|1869730720|920084880|444775760|210727088|97571760|43992190|19222880|8088800|3248592|1228980|429000|133320,12|15|12|15|12|19|12|23|18|21|16|21|18
12,10|3|1|1|1|1|1|1|1|1|1|1|1,0,0|2|4|6,4,12,19,7,55628352|31039008|16863184|8900112|4550832|2246816|1066494|483912|208208|83952|31152|10328|2904,12|15|12|15|12|21|12|19|16|21|20|21|18
12,10|2|2|2|2|2|2|1|1,0,0|2,2,6,8,2,654405752|334315982|168035582|82897100|40024556|18846971|8617521|3804591|1609860|646223|242483|83138|25058,6|7|6|11|8|11|10|13|12|13|12|17|14
12,10|2|2|2|2|2|1|1|1|1,0,0|2,2,6,8,2,664246440|344156670|175104930|87297210|42527628|20175155|9279765|4114935|1745820|701271|262665|89595|26730,6|7|6|9|8|11|10|13|12|13|12|15|14
12,10|2|2|1|1|1|1|1|1|1|1|1|1,0,0|2,2,6,8,2,56163240|31540950|17257890|9177246|4728516|2351570|1123200|511875|220584|88749|32715|10725|2970,6|7|6|9|8|13|24|13|14|13|12|15|14
12,10|2|1|1|1|1|1|1|1|1|1|1|1|1,0,0|2,2,6,8,2,9976824|5819814|3300414|1813968|962676|491062|239382|110682|48048|19305|7029|2244|594,6|7|6|15|8|13|12|15|16|13|12|19|14
12,9|9|6,0,0|4,2,8,10,2,118982864|45265220|17299880|6644586|2565732|996502|389510|153335|60844|24358|9844|4015|1650,8|9|10|9|8|13|12|13|12|15|16|15|14
12,9|9|4|1|1,0,0|2,2,6,8,2,1761861640|708574790|284275530|113864674|45577532|18253235|7325175|2951585|1197308|490679|204085|86625|37730,6|7|6|9|8|11|10|13|12|13|12|15|14
12,9|9|3|3,0,0|4,2,12,14,2,908596416|365413776|146729856|58847880|23588656|9459632|3800852|1533252|622720|255612|106596|45486|20076,12|13|18|13|12|19|14|17|22|17|16|17|16
12,9|9|3|1|1|1,0,0|2|4|6,4,12,19,7,2013556160|831686240|341372240|139403264|56712656|23023000|9345710|3803450|1557248|644392|271180|117040|52360,12|15|12|33|12|17|12|15|24|19|16|23|18
12,9|9|2|2|1|1,0,0|4,2,10,12,2,1906340832|794308680|328607280|135116748|55292328|22557600|9195120|3755835|1543044|640872|270972|117810|53460,10|11|12|11|10|21|18|13|12|19|16|17|16
12,9|9|2|1|1|1|1,0,0|4,2,10,12,2,1121838432|475561944|199536480|82994340|34282248|14093508|5781446|2374335|980300|409176|174000|76230|34980,10|11|14|11|10|15|12|13|12|19|20|17|16
12,9|8|5|2,1,3|5,2,15,16,1,3807451648|1551950400|632873280|258258832|105493440|43151420|17683920|7265300|2994880|1239968|516288|216480|91520,18|17|16|15|16|15|18|17|20|23|24|25|26
12,9|8|4|1|1|1,0,0|2,2,6,8,2,7011490200|2972262150|1254031350|526992180|220760540|92267175|38515675|16078765|6723540|2822055|1191975|508200|219450,6|7|6|11|8|11|10|13|12|13|12|21|14
12,9|8|2|2|1|1|1,1,3|5,2,15,16,1,6150498816|2707556544|1181218752|511104048|219553152|93747108|39851272|16898616|7165984|3048696|1306704|567336|251328,18|17|16|15|18|15|16|19|18|19|20|21|24
12,9|7|7|1,0,0|2,2,6,8,2,654405752|263184922|106142322|42941184|17431128|7100665|2902515|1190210|489300|201463|82967|34122|13992,6|7|6|23|10|11|10|15|12|13|12|17|18
12,9|7|6|1|1,0,0|2,2,6,8,2,4077451224|1698938010|707651010|294780816|122846856|51228672|21379050|8928150|3730104|1558359|650619|271260|112860,6|7|6|15|10|35|12|15|14|13|12|19|16
12,9|7|5|1|1|1,0,0|2,2,6,8,2,10326012840|4452157710|1912602510|819078156|349838424|149077500|63399600|26914455|11407032|4827033|2039445|860310|362340,6|7|6|11|10|15|18|13|14|13|12|17|16
12,9|7|4|4,0,0|2,2,8,10,2,4164400240|1765343580|748345780|317153564|134348760|56873635|24056995|10167045|4293128|1811390|763770|321860|135520,8|9|8|11|10|11|10|13|14|15|14|19|22
12,9|7|4|3|1,0,0|2,2,6,8,2,23352675192|10068725898|4332017214|1859767938|796644828|340493769|145216611|61807158|26257896|11137581|4718007|1996533|844074,6|7|6|9|8|11|10|15|14|13|12|15|14
12,9|7|4|2|2,0,0|2|4|6,4,12,24,12,19732850368|8579500160|3718711920|1606823680|692153616|297258500|127300250|54372850|23169552|9853424|4183648|1774080|751520,12|19|12|23|12|15|12|15|16|21|22|33|22
12,9|7|4|2|1|1,0,0|2,2,6,8,2,32855495400|14404039650|6286532850|2732050620|1182549420|509932605|219125385|93864645|40096560|17088165|7268805|3087360|1309770,6|7|6|11|8|11|10|13|16|13|12|35|14
12,9|7|4|1|1|1|1,0,0|2,2,6,8,2,13742520792|6124384266|2710093386|1191530340|520808288|226434208|97978804|42216979|18124148|7757211|3312015|1411410|600600,6|7|6|11|14|21|14|13|12|13|12|17|18
12,9|7|3|3|2,0,0|2,2,10,12,2,16309804896|7150313016|3123769176|1359675504|589600176|254715648|109645668|47041848|20123880|8588214|3658626|1556676|661716,10|11|10|15|12|27|14|19|14|15|14|19|16
12,9|7|3|3|1|1,0,0|2|4|6,4,12,19,7,22529482560|9958684320|4380732720|1917841536|835688880|362508120|156584610|67376070|28894032|12357360|5274180|2247840|956880,12|15|12|21|12|17|12|15|16|21|16|25|20
12,9|7|3|2|2|1,0,0|2,2,10,12,2,29745716000|13256243000|5874401000|2588573000|1134385200|494494000|214492300|92623300|39843160|17085670|7309750|3122350|1332100,10|11|10|13|12|19|14|17|14|15|14|17|16
12,9|7|3|1|1|1|1|1,0,0|2,2,4,6,2,10193628060|4690546245|2135583945|962763516|430081080|190521045|83764395|36584835|15889692|6870555|2960955|1273140|546480,4|5|4|11|10|11|10|13|12|13|12|19|20
12,9|7|2|2|2|2,0,0|2,2,8,10,2,6672192912|3021826500|1358906220|606711708|268957800|118416375|51804225|22533525|9753744|4205628|1808352|776160|332640,8|9|8|11|10|11|10|13|16|17|22|25|22
12,9|7|2|1|1|1|1|1|1,0,0|2,2,6,8,2,4008922632|1902785742|890431542|411150168|187490160|84523725|37714545|16678170|7320648|3194667|1388367|601722|260172,6|7|6|13|12|11|10|15|14|13|12|17|16
12,9|7|1|1|1|1|1|1|1|1,0,0|2,2,6,8,2,654405752|320089770|153809370|72667452|33791472|15486471|7005625|3133725|1388856|611181|267633|116820|50820,6|7|6|11|12|11|10|13|14|13|12|19|16
12,9|6|6|3,0,0|4,2,8,10,2,3824449200|1621233900|687796200|291965310|123980220|52647270|22345980|9474345|4009260|1691550|710640|296835|123090,8|9|10|9|8|13|14|13|12|15|20|15|14
12,9|6|6|1|1|1,0,0|2|4|6,4,12,21,9,5235246016|2276193920|986597040|426494640|183930032|79141348|33971850|14542500|6203960|2634968|1112776|466620|194040,12|19|12|15|12|15|12|17|14|19|18|19|18
12,9|6|4|4|1,1,3|5|7|9,4,21,25,4,16401330176|7220150784|3173069312|1391641216|608842752|265580000|115436800|49963760|21516544|9209872|3913056|1647184|684992,24|23|22|21|24|21|26|21|24|21|22|23|24
12,9|6|4|3|2,0,0|2,2,6,8,2,36999094440|16488726870|7327742730|3246176010|1432884068|629921215|275656535|120001245|51928240|22314621|9509535|4011315|1670130,6|7|6|9|8|11|10|13|16|13|12|15|14
12,9|6|4|3|1|1,0,0|2|4|6,4,12,23,11,49564861632|22268271168|9964126224|4439734416|1969390800|869402196|381802734|166705452|72317520|31138992|13290912|5612508|2337984,12|17|12|15|12|15|12|17|16|21|22|19|24
12,9|6|4|2|2|1,0,0|2,2,6,8,2,53006865912|24006732750|10820697030|4852937232|2165085780|960588915|423670005|185664570|80788344|34872309|14912397|6305310|2628450,6|7|6|15|8|11|10|15|14|13|12|17|14
12,9|6|4|1|1|1|1|1,0,0|2,2,4,6,2,16032940924|7493657171|3469579113|1592025435|724187464|326631305|146075545|64763545|28452928|12377330|5324494|2260566|944328,4|5|4|7|10|11|10|13|20|15|14|17|18
12,9|6|3|3|2|1,0,0|2|4|6,4,12,19,7,47117214144|21510032544|9770636304|4414307040|1982851728|885167712|392527542|172819542|75492368|32689104|14012124|5933004|2472624,12|15|12|17|12|21|12|15|16|21|16|19|20
12,9|6|3|3|1|1|1,1,3|11,2,23,29,6,35602145280|16446643200|7546106880|3438519552|1555786752|698805120|311496960|137740800|60385280|26223360|11265600|4777200|1992000,26|25|24|23|24|25|26|31|30|29|24|23|24
12,9|6|3|2|2|2,1,3|5|7|9,4,21,25,4,25773518848|11906245120|5466503680|2493437056|1129475072|507906080|226645760|100315600|44013312|19125680|8220128|3486560|1453760,24|23|22|21|24|21|26|21|24|21|22|25|24
12,9|6|3|1|1|1|1|1|1,1,3|5|7|9,4,21,25,4,10612625408|5133280768|2451660288|1156611456|539162624|248408160|113132800|50931440|22659840|9957136|4315808|1840608|768768,24|23|22|21|26|21|26|21|24|21|22|25|28
12,9|6|2|1|1|1|1|1|1|1,0,0|2|4|6,4,12,19,7,3739461440|1869730720|920084880|445748160|212671888|99962720|46303070|21140850|9514440|4219016|1840960|788040|328680,12|15|12|19|12|21|12|15|14|19|24|21|18
12,9|5|5|3|1|1,0,0|4,2,8,10,2,28912835952|13094581500|5909000760|2656042974|1188698940|529382022|234413550|103099500|44977296|19427310|8288784|3482325|1434510,8|9|10|9|8|13|12|17|16|15|20|15|14
12,9|5|5|2|1|1|1,1,3|5,2,15,16,1,26652161536|12312139840|5652861760|2579430672|1169552384|526734572|235488920|104412280|45852352|19907384|8524208|3588200|1478400,18|17|16|15|24|15|16|19|20|19|20|21|28
12,9|5|4|4|2,0,0|2,2,8,10,2,19028105712|8617801500|3893306340|1753436916|786665880|351267917|155948265|68749275|30048704|12995640|5547024|2328480|956340,8|9|8|11|10|11|10|13|20|19|20|25|16
12,9|5|4|4|1|1,0,0|2|4|6,4,14,21,7,23796572800|10863652800|4941383200|2238429440|1009263840|452586160|201657620|89170340|39071200|16930520|7236420|3039740|1248280,14|17|14|23|14|19|14|17|18|19|16|19|18
12,9|5|4|3|1|1|1,0,0|4,2,8,10,2,52471443024|24524696196|11392021368|5257631106|2409778644|1096191642|494475828|220931004|97625248|42577122|18276132|7690683|3154074,8|9|10|9|8|13|14|17|18|15|16|15|14
12,9|5|4|2|2|2,0,0|2,2,6,8,2,31461815000|14704978750|6835083750|3157682000|1448958500|659892750|297995500|133273000|58937200|25718425|11042525|4646400|1904650,6|7|6|15|8|13|14|19|16|13|12|33|14
12,9|5|4|1|1|1|1|1|1,0,0|2,2,8,10,2,11317370064|5535670140|2675973300|1278665388|603947344|281912631|129981775|59144715|26522132|11696496|5057472|2134440|873180,8|9|8|11|12|11|10|13|12|21|24|21|16
12,9|5|3|3|3|1,0,0|4,2,12,14,2,25496328000|11916762000|5542680000|2563555800|1178054800|537371900|243046100|108849000|48189520|21043560|9036900|3799950|1554300,12|13|16|13|12|15|14|19|16|19|16|17|16
12,9|5|3|3|2|2,0,0|2|4|6,4,12,19,7,32619609792|15364308960|7196104080|3348981504|1547418576|709223592|322083630|144740610|64256976|28118664|12091464|5086620|2079000,12|15|12|23|12|17|12|15|16|19|18|19|18
12,9|5|3|3|2|1|1,0,0|4,2,12,14,2,60579275328|28753206768|13555178208|6343684776|2945129616|1355312244|617603184|278332704|123847888|54290088|23372784|9837234|4019004,12|13|14|13|12|15|18|23|16|19|20|17|16
12,9|5|3|3|1|1|1|1,0,0|4,2,6,8,2,32855495400|15832539450|7561979100|3578857425|1677589290|778365900|357159510|161887320|72367680|31834350|13736700|5786595|2361690,6|7|8|7|6|15|12|19|20|15|16|15|14
12,9|5|3|1|1|1|1|1|1|1,0,0|2|4|6,4,14,26,12,7248802176|3676928640|1837895840|905265504|439337184|210016664|98831700|45742200|20790896|9259056|4025628|1698840|689040,14|19|14|17|14|17|14|19|16|21|16|21|20
12,9|5|2|2|2|2|2,0,0|4,2,10,12,2,7852869024|3841077240|1862340480|894267660|424905624|199580238|92569070|42340515|19064780|8430324|3647952|1536150|623700,10|11|18|11|10|13|12|13|12|17|20|17|16
12,9|5|2|2|1|1|1|1|1|1,0,0|4,2,8,10,2,8008462000|4091279500|2059771000|1021716150|499162300|240067100|113575750|52800825|24083220|10751230|4679500|1973125|796950,8|9|10|9|8|15|12|13|12|15|16|15|14
12,9|5|2|1|1|1|1|1|1|1|1,0,0|4,2,8,10,2,2391287184|1256292180|648493560|328841370|163763028|80061696|38402100|18055125|8308260|3732642|1630512|687555|276210,8|9|10|9|8|27|14|13|12|15|20|15|14
12,9|4|4|4|2|1,0,0|2,2,8,10,2,19632172560|9175906740|4270634940|1977774084|910554216|416288015|188731235|84706405|37556288|16403952|7032780|2944590|1195260,8|9|8|11|10|11|10|13|20|21|16|17|16
12,9|4|4|3|2|2,0,0|2,2,6,8,2,26212186440|12441291390|5873855130|2756178414|1284072372|593280270|271455030|122781285|54775128|24031269|10327635|4323825|1749330,6|7|6|9|8|13|12|13|14|13|12|15|14
12,9|4|4|2|2|1|1|1,0,0|4,2,6,8,2,32065881848|15684398730|7604556960|3652784135|1736993258|816904088|379472170|173811330|78319248|34610128|14935536|6255480|2519440,6|7|14|7|6|17|12|15|16|21|20|21|20
12,9|4|4|1|1|1|1|1|1|1,0,0|2,2,8,10,2,4164400240|2127465340|1071668780|532217504|260495872|125580455|59567145|27757240|12677588|5656644|2454060|1027950|411180,8|9|8|17|22|11|10|19|12|17|16|17|16
12,9|4|3|3|3|1|1,1,3|5,2,17,18,1,22844709888|11049886848|5309685888|2532405408|1197527552|560743144|259587664|118575744|53311104|23514216|10129872|4235352|1702272,20|19|18|17|22|17|18|27|22|19|20|21|26
12,9|4|2|2|1|1|1|1|1|1|1,1,3|5,2,15,16,1,3745792512|2001827520|1052395200|543903984|276112512|137522892|67100040|32005260|14880096|6715224|2923344|1215720|475200,18|17|16|15|18|15|16|17|18|19|20|21|24
12,9|3|3|3|3|3,0,0|2,2,10,12,2,1812200544|886402440|431049960|208126512|99627264|47198052|22083600|10179540|4608296|2040582|879066|365640|145200,10|11|10|15|20|15|18|17|14|15|14|21|20
12,9|3|3|3|2|2|2,0,0|2|4|6,4,12,19,7,6731030592|3365515296|1669455216|820550016|399038640|191673768|90750594|42243534|19269728|8576976|3703440|1538460|607200,12|15|12|21|12|17|12|15|18|21|20|19|22
12,9|3|3|3|2|2|1|1,0,0|2,2,4,6,2,14271079284|7187246451|3587467653|1772769537|866111862|417679185|198417285|92614095|42336252|18871461|8154279|3386691|1334718,4|5|4|7|6|11|10|13|12|13|12|15|14
12,9|3|3|3|2|1|1|1|1,0,0|2,2,8,10,2,11317370064|5781699924|2922003084|1459614156|719815096|349922573|167357113|78549303|36060472|16120902|6975234|2895354|1137444,8|9|8|11|10|11|10|13|14|15|14|17|16
12,9|3|3|3|1|1|1|1|1|1,0,0|2|4|6,4,14,23,9,4240116608|2212234752|1139037536|578355232|289310112|142377144|68803196|32566968|15048096|6756512|2928828|1214192|474376,14|23|14|17|14|17|14|19|18|23|16|23|18
12,9|3|3|2|2|2|2|1,0,0|2,2,4,6,2,8180071900|4178949775|2114301475|1058019820|522878070|254752355|122098185|57411445|26392100|11806745|5107505|2117060|829070,4|5|4|11|6|11|10|13|12|13|12|19|14
12,9|3|3|2|2|2|1|1|1,1,3|5|7|9,4,21,25,4,10612625408|5479344640|2797724160|1411152512|702180864|344114848|165739200|78243760|36079232|16173808|7003136|2901360|1133440,24|23|22|21|22|21|22|21|22|21|32|23|26
12,9|3|3|2|2|1|1|1|1|1,0,0|2,2,8,10,2,7495920432|3938074140|2041637780|1043575260|525297864|259986727|126264435|60012225|27815592|12512178|5425434|2245320|873180,8|9|8|11|10|11|10|13|14|15|14|21|16
12,9|3|3|1|1|1|1|1|1|1|1|1,0,0|2,2,8,10,2,704744656|390673668|212597308|113469356|59331272|30347317|15153281|7366051|3472392|1578794|686910|282590|107800,8|9|8|11|10|11|10|13|14|15|14|17|18
12,9|3|2|2|2|2|2|1|1,0,0|2,2,6,8,2,4008922632|2106136890|1093782690|560709864|283258404|140734737|68602545|32709960|15195612|6841989|2964249|1222650|472230,6|7|6|13|8|11|10|19|12|13|12|17|14
12,9|3|2|2|2|2|1|1|1|1,0,0|2,2,6,8,2,4004231000|2132688250|1120890750|580618850|295970500|148188425|72704225|34847400|16252740|7336805|3181675|1310925|504350,6|7|6|9|8|11|10|19|12|13|12|15|14
12,9|3|2|1|1|1|1|1|1|1|1|1|1,0,0|2,2,6,8,2,280459608|161569122|91177086|50336286|27143116|14268254|7293286|3613038|1726824|791175|344253|140217|52206,6|7|6|9|8|13|12|15|14|13|12|15|14
12,9|3|1|1|1|1|1|1|1|1|1|1|1|1,0,0|2,2,6,8,2,37858184|22632610|13226850|7543172|4189276|2260258|1181180|595595|288288|132979|57827|23310|8470,6|7|6|11|8|13|14|13|18|13|12|17|14
12,9|2|2|2|2|2|2|1|1|1,0,0|2|4|6,4,12,19,7,747892288|406463200|218012080|115209952|59865520|30512768|15208930|7385610|3477216|1577008|682876|278740|105160,12|15|12|17|12|25|12|15|18|21|16|19|18
12,9|2|2|1|1|1|1|1|1|1|1|1|1|1,0,0|2|4|6,4,12,19,7,38511936|23162976|13628016|7828704|4381104|2381808|1253538|635778|308880|142560|61776|24696|8856,12|15|12|17|12|19|12|15|16|23|20|21|18
12,8|8|6|2,0,0|2|4|6,4,12,16,4,1835735616|764889840|319459920|133788096|56204304|23694502|10028310|4262640|1820312|781128|336816|145860|63360,12|13|12|19|12|13|12|21|14|19|20|19|26
12,8|8|5|3,0,0|2|4|6,4,12,16,4,3331520192|1412274864|599617200|255019856|108671472|46412366|19875242|8538810|3683064|1596448|696192|305844|135520,12|13|12|15|12|13|12|15|14|23|26|19|22
12,8|8|5|2|1,1,3|5,2,15,16,1,8158824960|3502973760|1503577920|645464976|277254848|119227940|51362080|22181960|9612704|4184592|1832160|807840|359040,18|17|16|15|16|15|20|19|18|21|22|25|26
12,8|8|4|2|2,0,0|4,2,10,12,2,8761465440|3841077240|1680943680|734489964|320567832|139828260|61001280|26643645|11666676|5130648|2271240|1014960|459360,10|11|16|11|10|15|22|13|12|19|18|23|22
12,8|8|3|3|1|1,0,0|4,2,10,12,2,9866425184|4396993832|1952671952|864437420|381659432|168168000|74017020|32582305|14368956|6362692|2837464|1279432|586432,10|11|12|11|10|23|14|13|12|17|18|21|24
12,8|8|3|2|1|1|1,1,3|5,2,15,16,1,12426518016|5650463808|2553384768|1147429008|513152640|228608380|101575320|45083040|20028640|8930232|4010256|1822128|842688,18|17|16|15|18|15|16|23|18|19|20|23|24
12,8|8|2|2|2|1|1,0,0|2|4|6,4,14,18,4,5930838144|2729045088|1246986720|566060832|255449376|114709140|51322140|22918140|10238256|4589676|2073204|948948|443520,14|15|14|17|14|15|14|17|16|17|16|19|26
12,8|8|2|2|1|1|1|1,0,0|2|4|6,4,14,18,4,4487353728|2097350112|971077536|445748160|203050848|91903812|41395508|18592264|8348240|3760236|1706700|785400|369600,14|15|14|19|14|15|14|19|16|17|16|21|24
12,8|7|7|1|1,0,0|2,2,8,10,2,1308811504|554822268|235563900|100234992|42769584|18309005|7866045|3392060|1467900|637034|276894|120318|52140,8|9|8|15|12|11|10|17|12|15|14|17|16
12,8|7|6|3,1,5|7,2,19,20,1,4351373312|1868252672|804058112|346924032|150082816|65107120|28324800|12358440|5407552|2372512|1043392|459712|202752,24|23|24|27|20|19|22|19|20|23|24|27|34
12,8|7|5|2|2,0,0|4,2,10,12,2,17847429600|7953745800|3542276400|1576812900|701710360|312266500|138997490|61907125|27598060|12319320|5508600|2468400|1108800,10|11|12|11|10|15|12|13|12|19|18|23|24
12,8|7|4|4|1,0,0|2,2,6,8,2,13742520792|6124384266|2729492766|1216545330|542265724|241747506|107804488|48099443|21479976|9606261|4305567|1936011|874566,6|7|6|9|8|13|16|13|14|13|12|15|14
12,8|7|3|3|1|1|1,0,0|4,2,10,12,2,28045960800|13108438200|6096948000|2822828580|1301408680|597697100|273603550|124923965|56946020|25948500|11838300|5418600|2494800,10|11|14|11|10|15|12|13|12|17|16|21|20
12,8|7|3|2|2|2,0,0|2,2,8,10,2,20181324240|9432575460|4390093260|2034595836|939081864|431794125|197880375|90443955|41268584|18822426|8595510|3938550|1815660,8|9|8|11|10|11|10|13|14|15|14|17|16
12,8|7|3|1|1|1|1|1|1,0,0|2,2,4,6,2,8180071900|4001122125|1936473825|928107180|440880440|207777570|97254080|45269595|20987820|9709910|4493370|2085930|974820,4|5|4|11|10|13|22|13|12|15|14|17|16
12,8|7|2|2|2|1|1|1,1,5|7,2,21,22,1,14058283008|6799930368|3262537728|1553141760|733923840|344451744|160690624|74593904|34504960|15934080|7363392|3415632|1596672,26|25|30|31|22|21|22|21|24|27|24|23|28
12,8|6|6|4,0,0|4,2,8,10,2,3212537328|1408394988|619066968|272807262|120512028|53356940|23672370|10521000|4682496|2085966|929628|414183|184338,8|9|10|9|8|15|12|19|24|15|16|15|14
12,8|6|6|3|1,0,0|4,2,10,12,2,13088115040|5832746920|2601364480|1161191460|518812008|232021790|103857930|46524415|20851460|9345956|4186820|1873190|836220,10|11|24|11|10|13|12|13|12|17|16|17|16
12,8|6|6|2|1|1,0,0|4,2,10,12,2,16309804896|7386687000|3340956960|1509630804|681691560|307703352|138858390|62649615|28255668|12734280|5731416|2574000|1152360,10|11|14|11|10|17|12|13|12|19|18|23|18
12,8|6|6|1|1|1|1,0,0|4,2,10,12,2,6425074656|2956465512|1355437200|619605324|282590568|128657880|58495140|26564265|12049268|5457312|2466576|1111572|498960,10|11|12|11|10|17|14|13|12|23|20|19|20
12,8|6|5|3|1|1,0,0|4,2,10,12,2,48929414688|22514621976|10345199040|4747251564|2175735672|995960262|455343174|207902205|94783836|43138008|19592604|8876538|4009500,10|11|16|11|10|13|12|13|12|19|16|17|16
12,8|6|5|2|1|1|1,1,3|5,2,15,16,1,44057654784|20671979328|9662402880|4500836496|2090000640|967739604|446901048|205848420|94571904|43330680|19793808|9011376|4086720,18|17|16|15|20|15|16|17|22|19|20|23|24
12,8|6|4|4|2,0,0|2,2,6,8,2,26235721512|12072234174|5553219490|2553153330|1172979444|538378386|246813462|112988610|51640120|23557527|10724133|4870481|2206050,6|7|6|9|8|13|12|15|14|13|12|15|14
12,8|6|4|4|1|1,0,0|2|4|6,4,12,21,9,32619609792|15127934976|7005776976|3239680752|1495856208|689563644|317320542|145745712|66803184|30551256|13938372|6342336|2877336,12|27|12|15|12|15|12|21|16|19|16|27|18
12,8|6|4|3|1|1|1,0,0|4,2,10,12,2,68840085600|32674098600|15448960800|7277711220|3416148840|1597921650|744849270|346005375|160175940|73892520|33967800|15557850|7098300,10|11|14|11|10|13|12|13|12|19|18|17|16
12,8|6|4|2|2|2,0,0|2,2,8,10,2,40774512240|19353119940|9156294180|4317581664|2028983352|950192265|443430405|206210130|95555208|44120754|20297790|9303030|4247100,8|9|8|17|10|11|10|15|14|15|14|17|16
12,8|6|4|1|1|1|1|1|1,0,0|2,2,4,6,2,14271079284|7083832833|3484054035|1698973353|821933112|394708314|188244738|89200230|42011340|19672254|9160578|4242546|1954260,4|5|4|7|10|13|12|15|12|15|14|17|16
12,8|6|3|3|3|1,0,0|4,2,10,12,2,31136900256|14778746136|6996474576|3302822628|1554350616|729086148|340802208|158733603|73663044|34059312|15690276|7201656|3293136,10|11|12|11|10|15|20|13|12|21|16|21|20
12,8|6|3|3|2|2,0,0|2|4|6,4,14,23,9,39465700736|18874900352|8997332960|4273623200|2022276256|953180536|447455932|209188840|97394752|45160360|20856052|9593584|4395160,14|19|14|17|14|17|14|19|20|19|16|23|18
12,8|6|3|3|2|1|1,0,0|4,2,10,12,2,73012212000|35183421000|16879980000|8062411500|3833427000|1814329400|854755050|400839075|187122460|86966280|40243500|18543900|8508600,10|11|14|11|10|17|12|13|12|19|16|19|18
12,8|6|3|3|1|1|1|1,0,0|4,2,10,12,2,39264345120|19205386200|9333873120|4508211708|2164330168|1032961930|490174850|231310065|108566780|50693460|23553600|10891650|5012700,10|11|14|11|10|13|12|13|12|17|24|17|16
12,8|6|3|1|1|1|1|1|1|1,0,0|2|4|6,4,12,19,7,8314802496|4277905632|2174686800|1092899808|543278736|267283016|130221102|62866230|30092328|14291640|6738732|3156384|1469160,12|15|12|17|12|17|12|15|14|19|16|25|18
12,8|6|2|2|2|2|2,0,0|4,2,12,14,2,8896257216|4415895792|2178156960|1067263128|519362352|250980696|120444192|57406860|27182064|12790764|5983992|2784474|1288980,12|13|14|13|12|17|20|17|16|17|18|17|16
12,8|6|2|2|1|1|1|1|1|1,0,0|4,2,10,12,2,8908716960|4615748280|2363137920|1195906140|598441272|296237370|145131030|70409235|33848340|16136604|7634880|3587760|1675080,10|11|18|11|10|13|12|13|12|17|24|23|18
12,8|6|2|1|1|1|1|1|1|1|1,0,0|4,2,10,12,2,2617623008|1394168776|731633760|378448356|193046568|97165926|48290902|23717645|11522364|5542812|2643084|1250568|587400,10|11|14|11|10|13|12|13|12|17|16|21|18
12,8|5|5|4|1|1,0,0|4,2,8,10,2,24666062960|11528703340|5383079240|2510826934|1169675276|544077380|252604660|117002935|54033476|24860794|11385500|5184025|2343110,8|9|10|9|8|15|14|13|12|15|16|15|14
12,8|5|5|3|3,0,0|2|4|6,4,12,16,4,15297796800|7150057200|3340724400|1559853360|727587120|338899470|157558290|73073430|33786280|15560940|7132140|3249180|1469160,12|13|12|15|12|13|12|15|14|17|16|19|18
12,8|5|5|3|2|1,1,5|7,2,19,20,1,58576179200|27696345600|13072972800|6158950400|2895537920|1358077200|635241280|296191000|137583040|63618880|29256000|13363680|6054400,24|23|24|33|20|19|22|19|20|25|24|25|30
12,8|5|5|3|1|1|1,0,0|2|8|10,4,18,25,7,41881968128|20030506496|9548190080|4536829440|2148743168|1014311584|477107488|223543600|104275360|48390832|22320088|10220056|4638480,18|23|18|25|26|21|20|21|18|21|18|21|20
12,8|5|5|2|2|1|1,0,0|2|4|6,4,12,16,4,45893390400|22115293200|10616751600|5077519200|2419113840|1148046250|542589810|255297300|119525840|55642320|25731000|11805420|5365800,12|13|12|17|12|13|12|17|16|21|18|19|18
12,8|5|5|2|1|1|1|1,0,0|2|4|6,4,12,16,4,29983681728|14665931280|7131917520|3449116944|1659232848|794052714|378023910|178989930|84255472|39404064|18291504|8417640|3834600,12|13|12|15|12|13|12|15|16|23|20|21|18
12,8|5|4|4|1|1|1,0,0|4,2,8,10,2,35337910608|17028775764|8179887144|3916647306|1869048324|888695236|420870318|198422133|93068332|43394598|20093148|9226899|4194234,8|9|10|9|8|15|12|13|12|15|16|15|14
12,8|5|4|3|3|1,1,5|7,2,21,22,1,54224805888|26031836160|12472657920|5962152960|2842231296|1350603360|639411840|301407600|141363072|65909376|30515328|14010480|6367680,26|25|26|27|22|21|24|21|22|27|26|23|24
12,8|5|4|3|2|1|1,1,5|7,2,19,20,1,117487079424|57253667328|27798051840|13444494336|6475712256|3105316240|1481916480|703426680|331901632|155537856|72316224|33312048|15174720,24|23|24|27|20|19|22|19|20|25|24|23|24
12,8|5|4|3|1|1|1|1,1,5|7,2,21,22,1,60919226368|30128530432|14817028096|7246706688|3524584960|1704533792|819450368|391459824|185718400|87436256|40808000|18854000|8606400,26|25|26|29|22|21|28|21|22|23|24|23|24
12,8|5|4|2|2|1|1|1,1,5|7,2,19,20,1,74764505088|37246809600|18446039040|9080787456|4443329280|2160642224|1043827680|500810520|238491008|112638240|52705152|24397680|11151360,24|23|26|25|20|19|20|19|22|23|26|23|34
12,8|5|3|3|3|2,0,0|4,2,10,12,2,29599275552|14477906520|7061374320|3432496452|1662021592|801169600|384246940|183232805|86809772|40823160|19033392|8784930|4005540,10|11|12|11|10|23|14|13|12|19|20|17|16
12,8|5|3|3|3|1|1,0,0|2|8|10,4,18,25,7,44057654784|21709569024|10656457344|5208952320|2534448384|1226895072|590595552|282529872|134218912|63263088|29551464|13659624|6234624,18|25|18|25|20|21|20|21|18|21|18|21|30
12,8|5|3|3|2|2|1,0,0|4,2,10,12,2,70675821216|35081838792|17337503040|8527296492|4172278968|2029887860|981483030|471353085|224674324|106198992|49722156|23023242|10519740,10|11|16|11|10|15|12|13|12|21|16|17|16
12,8|5|3|3|2|1|1|1,1,5|7,2,19,20,1,74764505088|37517695488|18716924928|9281405952|4573680384|2238977104|1088397504|525118104|251290816|119174112|55948032|25960032|11878272,24|23|24|27|20|19|22|19|20|23|28|25|26
12,8|5|3|3|1|1|1|1|1,0,0|4,2,6,8,2,32065881848|16381483118|8301641348|4173572403|2081485406|1029678650|505107680|245614215|118323828|56429422|26612068|12390763|5682138,6|7|8|7|6|13|20|13|12|15|16|15|14
12,8|5|3|2|2|2|2,0,0|4,2,10,12,2,27183008160|13689993240|6857574240|3414988764|1689884856|830554010|405228450|196156065|94139556|44753904|21051000|9781200|4478760,10|11|14|11|10|13|12|13|12|21|18|23|18
12,8|5|3|2|1|1|1|1|1|1,0,0|4,2,8,10,2,23505307056|12348802620|6418649160|3301289838|1680250572|846263418|421718220|207878580|101315144|48787830|23187276|10858155|4996530,8|9|10|9|8|13|14|17|14|15|16|15|14
12,8|5|3|1|1|1|1|1|1|1|1,0,0|4,2,8,10,2,5354228880|2890507620|1539689320|809399682|419993028|215141290|108798030|54310830|26753776|12997314|6220620|2927925|1351350,8|9|10|9|8|13|12|15|16|15|16|15|14
12,8|5|2|2|2|2|2|1,1,5|7,2,21,22,1,14058283008|7258352640|3720960000|1892963328|955144704|477758304|236769280|116189360|56420224|27086592|12841152|6000720|2756160,26|25|26|27|22|21|34|21|22|29|24|23|24
12,8|5|2|2|2|1|1|1|1|1,1,5|7,2,19,20,1,13290393600|7054502400|3704908800|1924945920|989264640|502757840|252598080|125418360|61507520|29772000|14207040|6671280|3072960,24|23|24|29|20|19|22|19|20|23|24|23|24
12,8|5|2|2|1|1|1|1|1|1|1,0,0|2|8|10,4,18,25,7,5983138304|3251705600|1744096640|923235456|482310400|248646112|126478880|63465040|31402464|15311744|7349144|3465440|1599840,18|21|18|21|20|21|20|21|18|27|18|25|22
12,8|5|2|1|1|1|1|1|1|1|1|1,1,5|7,2,19,20,1,1603137536|897408512|494474240|268170240|143147264|75206768|38888256|19789000|9907520|4877632|2358784|1118128|517440,24|23|24|27|20|19|22|19|20|25|30|23|24
12,8|4|4|4|2|2,0,0|2,2,6,8,2,18877089000|9233358750|4506092250|2193033150|1063778100|513961525|247140025|118162800|56111440|26427255|12323325|5676825|2575650,6|7|6|9|8|11|10|21|16|13|12|15|14
12,8|4|4|3|3|1|1,0,0|2|4|6,4,12,16,4,38550447936|19135548432|9465889680|4664475504|2288407056|1117047906|542099142|261301110|124954536|59194044|27727812|12812184|5821200,12|13|12|15|12|13|12|15|14|17|16|21|20
12,8|4|4|3|2|1|1|1,1,5|7,2,21,22,1,60919226368|30790695936|15479193600|7738012672|3845031424|1898179296|930353472|452326000|217900032|103855904|48881664|22662288|10313600,26|25|32|27|22|21|22|21|28|23|38|23|26
12,8|4|4|2|2|2|1|1,0,0|4,2,10,12,2,39264345120|20058958920|10187445840|5141594172|2577522376|1282717150|633246350|309836695|150072972|71848776|33932280|15766080|7180800,10|11|12|11|10|13|12|13|12|19|18|27|30
12,8|4|4|2|2|1|1|1|1,0,0|4,2,6,8,2,32855495400|17022955950|8752395600|4464956925|2259371790|1133595450|563600160|277440975|135074100|64941480|30771000|14329800|6534000,6|7|12|7|6|13|20|13|12|19|18|21|20
12,8|4|3|3|3|2|1,1,3|5,2,17,18,1,35898829824|18144517248|9134336640|4577203488|2281410560|1130135864|555864848|271163800|131017472|62593800|29505648|13684176|6219840,20|19|18|17|28|17|18|19|24|19|20|23|24
12,8|4|3|3|3|1|1|1,0,0|2|4|6,4,12,16,4,29983681728|15317750448|7783736688|3932523504|1974226800|984142614|486718314|238557774|115726072|55470660|26214804|12179244|5540304,12|13|12|15|12|13|12|15|14|17|16|19|20
12,8|4|3|3|2|2|2,0,0|4,2,10,12,2,25169452000|12858307000|6537520000|3305767300|1661297000|829056800|410462250|201384575|97779500|46902020|22176500|10305350|4687100,10|11|18|11|10|21|12|13|12|17|16|17|16
12,8|4|3|3|1|1|1|1|1|1,0,0|4,2,12,14,2,15089826752|8036972944|4238954720|2213819608|1144551408|585532948|296216536|148051540|73016272|35472472|16936136|7920682|3611300,12|13|14|13|12|15|16|17|16|19|18|17|16
12,8|4|3|2|1|1|1|1|1|1|1,1,3|5,2,15,16,1,10250831360|5626815040|3051083840|1634109904|864246656|451176180|232346840|117928300|58916256|28920584|13913200|6535760|2981440,18|17|16|15|18|15|16|17|18|19|20|23|24
12,8|4|2|2|2|2|2|2,0,0|2|4|6,4,14,18,4,4487353728|2390003616|1263731040|662787840|344476704|177247356|90188252|45321520|22457120|10950204|5240124|2451768|1115400,14|15|14|23|14|15|14|21|18|17|16|21|18
12,8|4|2|2|2|1|1|1|1|1|1,0,0|2|4|6,4,12,16,4,6406769600|3551578800|1945364400|1052483600|562139760|296209550|153852890|78682450|39561480|19517120|9420600|4430580|2017400,12|13|12|15|12|13|12|15|14|25|18|19|18
12,8|4|2|2|1|1|1|1|1|1|1|1,0,0|2|4|6,4,12,16,4,2608676928|1483921296|832038480|459697680|250153488|133996122|70597494|36545850|18561240|9230112|4480704|2113848|962280,12|13|12|15|12|13|12|15|14|23|24|21|18
12,8|3|3|3|3|2|2,0,0|4,2,10,12,2,6989916384|3621587112|1867968432|958320396|488542824|247208940|124003440|61566255|30197988|14599116|6935724|3225222|1460052,10|11|12|11|10|15|18|13|12|17|16|17|16
12,8|3|3|3|2|2|1|1|1,0,0|2,2,4,6,2,16032940924|8539283753|4515205695|2368681315|1231872642|634497864|323275568|162680980|80703588|39371129|18827683|8787471|3978590,4|5|4|7|6|17|18|17|12|13|12|15|14
12,8|3|3|3|1|1|1|1|1|1|1,0,0|4,2,12,14,2,3331520192|1846820976|1012059776|548095912|293199088|154812476|80600388|41318228|20815760|10279584|4958772|2325246|1052436,12|13|18|13|12|15|14|17|16|23|16|17|16
12,8|3|3|2|2|2|2|1|1,0,0|2,2,4,6,2,10193628060|5503081815|2948119515|1565977644|823973766|428985480|220693770|112005915|55962816|27454734|13178970|6160770|2785860,4|5|4|11|6|17|12|13|20|15|14|17|16
12,8|3|3|2|2|2|1|1|1|1,0,0|2,2,6,8,2,9921071160|5427832410|2942118270|1579010706|838403748|439974990|227908890|116348085|58416092|28768761|13847715|6483015|2931390,6|7|6|9|8|13|12|13|12|13|12|15|14
12,8|3|3|1|1|1|1|1|1|1|1|1|1,0,0|2,2,6,8,2,453050136|267562218|155500598|88883718|49933884|27546519|14904747|7897197|4088392|2061711|1008357|475321|213906,6|7|6|9|8|11|10|13|14|13|12|15|14
12,8|3|2|2|2|1|1|1|1|1|1|1,1,5|7,2,21,22,1,1816141824|1049545728|598487040|336531456|186441216|101653344|54468288|28628880|14724864|7387200|3598848|1691856|760320,26|25|28|31|22|21|22|21|24|25|30|23|30
12,8|2|2|2|2|2|2|2|1|1,0,0|4,2,10,12,2,593914464|337842648|190407360|106187796|58512168|31801484|17013018|8936265|4594228|2302596|1119168|523776|233640,10|11|16|11|10|15|12|13|12|17|24|33|18
12,8|2|2|2|2|2|2|1|1|1|1,0,0|4,2,10,12,2,640676960|369085640|210363440|118490204|65867816|36076600|19429520|10263505|5300988|2666132|1298780|608300|271040,10|11|12|11|10|17|18|13|12|17|16|19|24
12,8|2|2|2|1|1|1|1|1|1|1|1|1|1,0,0|4,2,10,12,2,86295264|53465544|32573904|19493628|11443432|6578572|3695692|2023307|1075668|552684|272664|127974|56364,10|11|12|11|10|15|14|13|12|17|18|17|16
12,8|2|2|1|1|1|1|1|1|1|1|1|1|1|1,0,0|4,2,10,12,2,21633248|13873496|8733920|5389748|3254888|1919736|1103102|615615|332332|172612|85624|40138|17500,10|11|14|11|10|17|12|13|12|17|18|17|16
12,7|7|7|1|1|1,0,0|2,2,8,10,2,1070845776|477224748|212687748|94875300|42393312|18988125|8530215|3844995|1739052|788886|358506|162888|73788,8|9|8|11|14|11|10|13|12|15|14|21|16
12,7|7|6|2|2,0,0|4,2,10,12,2,6425074656|2909907000|1319157840|598776516|272227800|124009522|56621430|25919985|11898572|5477220|2527596|1168530|540540,10|11|12|11|10|13|12|13|12|17|16|17|16
12,7|7|5|5,0,0|4,2,8,10,2,1308811504|583274692|260875472|117101270|52753844|23850684|10821602|4927482|2251760|1032866|475688|220099|102454,8|9|12|9|8|15|12|15|16|15|18|15|14
12,7|7|5|3|2,0,0|4,2,10,12,2,19275223968|8869396536|4084451280|1882636236|868675080|401318736|185679342|86059575|39969972|18608940|8688168|4069296|1912680,10|11|12|11|10|19|12|13|12|17|18|23|18
12,7|7|5|2|2|1,0,0|4,2,10,12,2,24986401440|11678426760|5452989360|2544363276|1186758664|553537530|258292330|120627955|56410452|26427408|12408900|5841990|2758140,10|11|12|11|10|13|12|13|12|21|16|17|16
12,7|7|5|2|1|1|1,1,3|5,2,15,16,1,22551828992|10663093056|5028319296|2366190288|1111761728|521865036|244872848|114924628|53979744|25388944|11964288|5651184|2675904,18|17|16|15|16|15|18|17|18|21|26|23|24
12,7|7|5|1|1|1|1|1,0,0|4,2,10,12,2,6989916384|3368329272|1614710592|770739948|366639768|173966364|82404432|38998737|18454716|8738604|4143168|1967724|936144,10|11|16|11|10|15|18|13|12|17|24|19|20
12,7|7|4|4|2,0,0|2|4|6,4,12,24,12,12850149312|5959489536|2765898096|1284671232|597164880|277832308|129398274|60345474|28190288|13198680|6198156|2922348|1385208,12|27|12|23|12|15|12|15|16|19|16|19|18
12,7|7|4|4|1|1,0,0|2,2,6,8,2,15935205000|7447976250|3479921250|1625676000|759479500|354903250|165932750|77648750|36384800|17082825|8042925|3801600|1806750,6|7|6|17|8|13|12|15|18|13|12|33|14
12,7|7|4|3|3,0,0|4,2,10,12,2,11660320672|5449932488|2548020384|1191579844|557385192|260818376|122110604|57218427|26846316|12620468|5949412|2815428|1339184,10|11|14|11|10|17|14|13|12|17|16|19|20
12,7|7|4|2|2|2,0,0|2|4|6,4,14,25,11,19469923200|9311702400|4444221600|2116932480|1006580640|477913800|226666500|107447340|50942080|24177720|11499900|5489100|2633400,14|19|14|21|14|17|14|17|22|19|16|19|18
12,7|7|4|2|2|1|1,0,0|4,2,10,12,2,38056211424|18338681592|8809109232|4219341588|2015851992|961075654|457472202|217547337|103433932|49216608|23464728|11225214|5397084,10|11|12|11|10|13|12|13|12|23|18|17|16
12,7|7|4|2|1|1|1|1,0,0|4,2,10,12,2,25169452000|12311145000|5990358000|2901323700|1399571800|672872200|322640450|154420875|73842300|35318780|16919700|8131200|3927000,10|11|12|11|10|17|12|13|12|17|16|29|18
12,7|7|4|1|1|1|1|1|1,0,0|2|4|6,4,12,19,7,6731030592|3365515296|1669455216|822300336|402539280|196025544|95054322|45946392|22165256|10686480|5157396|2495988|1213608,12|15|12|15|12|17|12|19|14|21|16|19|18
12,7|7|3|3|2|2,0,0|2,2,8,10,2,18399077424|8866222092|4263278292|2045511468|979373304|468026559|223316757|106447257|50727768|24194646|11565918|5552064|2683044,8|9|8|11|10|11|10|13|14|15|14|27|16
12,7|7|3|2|2|1|1|1,0,0|4,2,10,12,2,27183008160|13493014920|6660595920|3270762396|1598410440|777766990|377064270|182286615|87973172|42445620|20512800|9953790|4864860,10|11|12|11|10|13|12|13|12|17|22|17|16
12,7|7|3|1|1|1|1|1|1|1,0,0|2,2,4,6,2,3786204708|1961693019|1005580719|510393312|256730760|128105406|63484938|31287798|15360068|7526790|3690954|1817112|901692,4|5|4|17|10|13|12|15|12|15|14|21|16
12,7|7|2|2|2|2|1|1,0,0|4,2,12,14,2,8896257216|4480361424|2242622592|1115777592|551925648|271547640|132969600|64863540|31560816|15344532|7472016|3655674|1804572,12|13|18|13|12|17|24|17|16|17|20|17|16
12,7|7|2|2|2|1|1|1|1,0,0|4,2,10,12,2,7852869024|4011791784|2033055024|1022391084|510437928|253158906|124831586|61265141|29970556|14642376|7162800|3520440|1746360,10|11|12|11|10|13|12|13|12|19|20|21|18
12,7|7|1|1|1|1|1|1|1|1|1|1,0,0|4,2,10,12,2,153977824|85357272|46558512|25000404|13225784|6900894|3556762|1814407|918484|462952|233388|118404|60984,10|11|12|11|10|13|12|13|12|19|16|19|18
12,7|6|6|3|1|1,0,0|4,2,10,12,2,18323361056|8564179624|4004032032|1873163292|877092216|411166756|193012314|90741637|42726572|20147092|9510872|4492488|2121504,10|11|14|11|10|15|12|13|12|17|18|21|22
12,7|6|6|2|1|1|1,1,3|5,2,17,18,1,15815568384|7535316096|3583160448|1701482400|807273216|382879944|181611216|86179968|40919872|19440792|9238608|4388472|2081376,20|19|18|17|20|17|18|27|20|19|20|21|22
12,7|6|5|3|3,1,3|5,2,15,16,1,19037258240|9001312320|4260809280|2019002960|957681088|454706980|216103840|102803960|48951840|23330776|11129280|5313000|2537920,18|17|16|15|16|15|20|19|18|19|24|21|24
12,7|6|5|3|1|1|1,1,3|5,2,15,16,1,51254156800|24791412800|11970638400|5772004560|2780126720|1337990500|643576760|309456700|148774080|71521520|34384000|16530360|7946400,18|17|16|15|22|15|16|17|20|21|26|21|22
12,7|6|5|2|2|1|1,1,3|5,2,15,16,1,55354489344|26975285568|13116694080|6365732688|3084346944|1492434860|721386480|348413100|168178528|81145512|39138624|18869928|9092160,18|17|16|15|16|15|18|17|18|19|24|21|24
12,7|6|5|2|1|1|1|1,1,3|5,2,17,18,1,35898829824|17754312576|8744131968|4291084512|2099377280|1024492040|498914240|242563040|117776064|57126216|27683424|13403016|6481728,20|19|18|17|18|17|22|23|20|19|22|21|24
12,7|6|4|4|2|1,0,0|2,2,6,8,2,53006865912|25543163646|12307243806|5929121484|2856022884|1375543026|662418108|318970323|153588736|73962891|35628687|17172936|8285706,6|7|6|11|8|13|14|13|28|13|12|21|14
12,7|6|4|3|2|2,0,0|2,2,8,10,2,62466003600|30554023500|14928704700|7285813080|3551617160|1729311675|841092895|408679390|198407160|96263790|46690350|22647240|10990980,8|9|8|13|10|11|10|15|14|15|14|21|16
12,7|6|4|2|2|1|1|1,0,0|4,2,10,12,2,70675821216|35593982424|17849646672|8915517468|4436577288|2200199716|1087744614|536283237|263774532|129489192|63476532|31089828|15223824,10|11|12|11|10|15|12|13|12|19|16|19|20
12,7|6|4|1|1|1|1|1|1|1,0,0|2,2,4,6,2,8605010700|4520748375|2353434525|1214911035|622388520|316650750|160114140|80526555|40312820|20104110|9995850|4959240|2457180,4|5|4|7|10|13|14|13|12|15|14|21|16
12,7|6|3|3|3|1|1,1,3|5,2,15,16,1,39538920960|19697832000|9791396160|4856031504|2402784384|1186169740|584259000|287179200|140895328|69023808|33782400|16530360|8094240,18|17|16|15|18|15|16|25|18|25|26|21|22
12,7|6|2|2|1|1|1|1|1|1|1,1,3|5,2,17,18,1,4927290368|2704653952|1467962496|788110752|418722304|220276056|114815184|59344712|30448768|15528856|7885424|3995376|2025408,20|19|18|17|22|17|18|19|22|19|20|23|24
12,7|5|5|5|2,0,0|4,2,8,10,2,6884008560|3267409860|1553965920|740492766|353499588|169033020|80941680|38803815|18618604|8938242|4291920|2060685|989010,8|9|14|9|8|15|18|13|12|15|20|15|14
12,7|5|5|4|3,1,3|5,2,15,16,1,14685884928|7050288960|3390104640|1632475728|787091136|379886780|183497040|88681380|42868032|20719800|10009728|4831200|2328480,18|17|16|15|16|15|18|17|20|19|26|25|22
12,7|5|5|4|1|1|1,1,3|5,2,15,16,1,28995208704|14234966592|6981161792|3420798480|1674993408|819616380|400787640|195833400|95600512|46616400|22698624|11032912|5350752,18|17|16|15|20|15|16|19|22|21|26|23|22
12,7|5|5|3|3|1,0,0|2|4|6,4,12,16,4,36646722112|17925027120|8768519760|4289373088|2098047952|1025974950|501526190|245023380|119613480|58329236|28403172|13804560|6692840,12|13|12|17|12|13|12|17|14|17|16|23|18
12,7|5|5|3|2|1|1,0,0|2|4|6,4,12,16,4,76112422848|37780441776|18724878480|9267217344|4580197776|2260661326|1114286382|548451960|269526768|132218352|64724688|31604496|15384600,12|13|12|19|12|13|12|19|16|21|20|23|18
12,7|5|5|3|1|1|1|1,0,0|2|4|6,4,12,16,4,38550447936|19414899504|9745240752|4876996176|2434097328|1211834910|601910010|298283370|147476112|72735840|35776296|17542404|8570232,12|13|12|15|12|13|12|15|16|23|18|19|18
12,7|5|5|2|2|2|1,1,3|5,2,15,16,1,39538920960|19841088960|9934653120|4963581936|2474628288|1231159700|611247600|302836380|149708384|73832472|36313920|17804160|8696160,18|17|16|15|16|15|18|17|18|19|24|29|22
12,7|5|5|2|2|1|1|1,0,0|2|8|10,4,18,25,7,44057654784|22348085760|11294974080|5689367424|2856761856|1430206752|714005280|355480560|176496544|87378480|43122024|21204480|10383120,18|23|18|21|22|21|20|21|18|21|18|33|20
12,7|5|5|2|1|1|1|1|1,1,3|5,2,17,18,1,22844709888|11794823040|6054622080|3091701600|1571183744|794975064|400611040|201112520|100589440|50124072|24878592|12294480|6045600,20|19|18|17|18|17|20|19|22|19|30|23|22
12,7|5|4|4|2|2,0,0|2,2,6,8,2,40156716600|19932862950|9890534550|4904993340|2430806820|1203572825|595265175|294008295|144978120|71352495|35037675|17160000|8378370,6|7|6|11|8|11|10|13|14|13|12|27|14
12,7|5|4|3|3|1|1,0,0|2|4|6,4,12,16,4,76112422848|38331981072|19276417776|9678515616|4851255024|2427152882|1211887578|603758484|300054664|148716036|73484964|36187536|17751888,12|13|12|17|12|13|12|17|14|17|16|23|20
12,7|5|4|3|2|1|1|1,1,5|7,2,19,20,1,117487079424|60233412096|30777796608|15675738624|7958456064|4027562864|2031669216|1021471608|511807616|255514176|127070208|62929152|31021056,24|23|26|25|20|19|20|19|22|25|36|31|34
12,7|5|4|2|2|2|1|1,0,0|4,2,10,12,2,73012212000|37828791000|19525350000|10039477500|5142189000|2623597600|1333339650|674916375|340234860|170787960|85346100|42444150|20997900,10|11|12|11|10|21|12|13|12|19|16|17|16
12,7|5|4|2|2|1|1|1|1,0,0|4,2,12,14,2,60579275328|31826068560|16628040000|8641504872|4467908016|2298511644|1176686280|599472180|303926416|153328608|76958784|38419590|19069380,12|13|16|13|12|15|16|17|16|23|24|17|16
12,7|5|3|3|3|2|1,1,3|5,2,15,16,1,55354489344|28379203776|14520612288|7412982192|3774927744|1916975284|970514856|489725208|246237600|123336864|61524288|30554832|15101856,18|17|16|15|18|15|16|19|18|23|24|23|22
12,7|5|3|3|3|1|1|1,0,0|2|4|6,4,12,16,4,45893390400|23778097200|12279555600|6320246400|3241764240|1656771350|843541110|427794120|216055320|108644220|54382500|27089700|13424400,12|13|12|21|12|13|12|19|14|17|16|19|20
12,7|5|3|3|2|2|2,0,0|4,2,10,12,2,38056211424|19717529832|10187957472|5248152756|2694626088|1378664210|702726750|356767635|180367964|90784260|45481464|22673112|11243232,10|11|14|11|10|13|12|13|12|17|18|21|22
12,7|5|3|3|1|1|1|1|1|1,0,0|4,2,6,8,2,22199456664|11984489286|6421393748|3415865607|1804426470|946729784|493424316|255482913|131422900|67166316|34102488|17199952|8615376,6|7|8|7|6|17|14|13|12|17|18|23|20
12,7|5|3|2|1|1|1|1|1|1|1,1,3|5,2,17,18,1,14397926400|8007542400|4409641600|2405164320|1299717120|696035080|369484560|194463120|101492480|52535160|26972880|13736360|6937920,20|19|18|17|24|17|18|21|24|19|20|21|24
12,7|5|2|2|2|2|2|2,0,0|2|4|6,4,14,18,4,5930838144|3201793056|1719734688|918602208|487784160|257409324|134959716|70287588|36356544|18675468|9526068|4824732|2425896,14|15|14|17|14|15|14|17|20|17|16|19|18
12,7|5|2|2|2|1|1|1|1|1|1,0,0|2|4|6,4,12,16,4,8314802496|4669544880|2597234640|1430855712|780828048|422099678|226049670|119938980|63057288|32854248|16966656|8685600|4407480,12|13|12|17|12|13|12|17|14|19|32|25|18
12,7|5|2|2|1|1|1|1|1|1|1|1,0,0|2|4|6,4,12,16,4,3331520192|1919245328|1092479024|614542656|341678064|187796154|102058666|54854128|29166424|15346296|7992936|4121964|2104872,12|13|12|19|12|13|12|21|14|19|18|19|18
12,7|4|4|4|3|1|1,1,3|5,2,15,16,1,28995208704|14760242112|7506437312|3812995824|1934112576|979359524|494856912|249398772|125299776|62714664|31247808|15484744|7623264,18|17|16|15|16|15|18|17|20|19|24|21|22
12,7|4|4|4|2|1|1|1,0,0|4,2,8,10,2,35337910608|18309134844|9460246224|4874597442|2504589516|1282976552|655040826|333216051|168805028|85111614|42679224|21265167|10515582,8|9|12|9|8|17|12|13|12|15|18|15|14
12,7|4|4|3|3|3,0,0|4,2,10,12,2,10708457760|5470625160|2793510720|1425245796|726217128|369385380|187461840|94869705|47847044|24031812|12010440|5966730|2942940,10|11|16|11|10|15|18|13|12|17|18|17|16
12,7|4|4|3|3|2|1,1,3|5,2,15,16,1,51254156800|26462744000|13641969600|7019829040|3604444480|1846074300|942699360|479729320|243146400|122656520|61532800|30667560|15165920,18|17|16|15|16|15|20|19|18|19|26|21|22
12,7|4|4|3|3|1|1|1,0,0|2|8|10,4,18,25,7,41881968128|21851461632|11369145216|5898189440|3050508032|1572446304|807577056|413060368|210299040|106505968|53613528|26798112|13283776,18|27|18|21|20|21|20|21|18|21|18|25|24
12,7|4|4|3|2|2|1|1,0,0|4,2,10,12,2,68840085600|36165987000|18940849200|9886960980|5142759960|2664910950|1375233570|706473765|361089780|183506580|92651400|46427040|23059080,10|11|12|11|10|13|12|13|12|17|18|25|18
12,7|4|4|3|2|1|1|1|1,0,0|4,2,8,10,2,52471443024|27946746828|14814072000|7815787434|4104040668|2144566242|1114969884|576557520|296403352|151399374|76775832|38613729|19235370,8|9|16|9|8|13|14|21|14|15|18|15|14
12,7|4|4|2|2|2|2|1,0,0|4,2,10,12,2,28045960800|14937522600|7926032400|4188661620|2203990360|1154310300|601531150|311766685|160622420|82204500|41756700|21029250|10485420,10|11|12|11|10|15|12|13|12|17|16|17|16
12,7|4|4|2|2|2|1|1|1,1,3|11,2,23,29,6,35602145280|19155502080|10254965760|5462016768|2893922304|1524931200|798965760|416069760|215257088|110567424|56339520|28447440|14213760,26|25|24|23|32|25|38|27|32|39|24|23|26
12,7|4|4|2|2|1|1|1|1|1,0,0|4,2,6,8,2,24094029960|13181878710|7162150320|3865082481|2071781478|1103024520|583213500|306172125|159525604|82446642|42232320|21417825|10738530,6|7|12|7|6|17|14|13|12|15|30|15|14
12,7|4|4|2|1|1|1|1|1|1|1,1,3|5,2,17,18,1,9475558400|5304252800|2942051200|1617336160|881386880|476218600|255112000|135485280|71312640|37182280|19189600|9792200|4933280,20|19|18|17|18|17|22|23|24|19|22|21|22
12,7|4|4|1|1|1|1|1|1|1|1|1,0,0|4,2,8,10,2,1797818000|1035699500|589798000|332102650|184950700|101894650|55541750|29954600|15980960|8430350|4394000|2260225|1145650,8|9|12|9|8|13|12|19|18|15|20|15|14
12,7|4|3|3|3|3|1,1,3|5,2,17,18,1,15815568384|8280252288|4328096640|2257619040|1174610304|609254520|314860320|162023400|82960192|42231672|21353184|10711008|5322240,20|19|18|17|18|17|20|19|20|19|22|25|30
12,7|4|3|3|3|2|2,1,3|5,2,15,16,1,22551828992|11888735936|6253962176|3281317424|1716373120|894597396|464362888|239902768|123270112|62946520|31912048|16043104|7985824,18|17|16|15|18|15|16|21|18|19|20|25|22
12,7|4|3|3|3|2|1|1,1,3|5,2,15,16,1,44057654784|23385675456|12376099008|6528088944|3430809408|1795685580|935565120|484932240|249897888|127930752|64998144|32735736|16318368,18|17|16|15|16|15|22|21|18|27|28|21|22
12,7|4|3|3|3|1|1|1|1,1,3|5,2,15,16,1,26652161536|14340021696|7680743616|4094896624|2172602432|1146800564|602002704|314123684|162829184|83785184|42756000|21612360|10804640,18|17|16|15|16|15|18|17|22|23|22|21|22
12,7|4|3|3|1|1|1|1|1|1|1,1,3|5,2,15,16,1,9768439296|5503595328|3073589568|1701728784|934136448|508383876|274263768|146626788|77647584|40703040|21101472|10805256|5455296,18|17|16|15|18|15|16|17|18|25|22|21|24
12,7|4|3|2|2|2|2|2,1,3|5,2,15,16,1,12426518016|6776054208|3678975168|1987851888|1068408000|570911396|303141168|159846828|83645408|43400448|22305312|11339856|5692896,18|17|16|15|16|15|18|17|18|29|22|23|22
12,7|4|3|2|2|1|1|1|1|1|1,1,3|5,2,15,16,1,16280732160|9231647040|5189298240|2891793744|1597450176|874628300|474512400|254999220|135666048|71405712|37144800|19071360|9646560,18|17|16|15|16|15|18|17|22|21|22|29|22
12,7|4|3|2|1|1|1|1|1|1|1|1,1,3|5,2,15,16,1,5983138304|3479324992|2001276992|1138680400|640905408|356834764|196499952|106995212|57581568|30607848|16054368|8297784|4217664,18|17|16|15|16|15|18|17|34|19|22|21|24
12,7|4|2|2|2|2|2|2|1,1,3|5,2,15,16,1,6150498816|3442942272|1916604480|1060381392|582722112|317881788|172025776|92286460|49040096|25788336|13404384|6876408|3474240,18|17|16|15|16|15|18|17|18|21|22|21|24
12,7|4|2|2|2|2|1|1|1|1|1,1,3|5,2,15,16,1,6977456640|4006981440|2281769280|1288114704|720656832|399415380|219199680|119049840|63942816|33935328|17775360|9175320|4656960,18|17|16|15|16|15|22|21|18|23|28|21|24
12,7|4|2|2|2|1|1|1|1|1|1|1,0,0|2|8|10,4,18,25,7,3807451648|2234808576|1297994880|745897984|424010496|238367584|132475168|72750160|39452896|21111328|11134248|5778696|2944480,18|21|18|37|20|21|20|21|18|23|18|21|22
12,7|4|2|2|1|1|1|1|1|1|1|1|1,1,3|5,2,15,16,1,1402745344|846221376|504049728|296405200|172046784|98550452|55691968|31036544|17047520|9221912|4907616|2565024|1313312,18|17|16|15|16|15|22|27|18|19|22|25|22
12,7|4|1|1|1|1|1|1|1|1|1|1|1|1|1,1,3|5,2,15,16,1,36917760|23876160|15193920|9507216|5845568|3529500|2091440|1215500|692384|386232|210720|112200|58080,18|17|16|15|16|15|18|17|18|19|22|21|22
12,7|3|3|3|3|3|1|1,0,0|4,2,10,12,2,6425074656|3468609144|1867580832|1002384396|536005080|285360816|151139484|79567047|41591564|21560040|11066292|5613498|2807244,10|11|14|11|10|19|14|13|12|19|16|17|16
12,7|3|3|3|2|2|2|1|1,0,0|2,2,6,8,2,13742520792|7618136526|4203845646|2308117812|1260230972|683837154|368507062|197036497|104421772|54778227|28397691|14517888|7299138,6|7|6|11|8|13|12|13|12|13|12|29|14
12,7|3|3|3|2|2|1|1|1|1,0,0|2,2,4,6,2,12777137100|7175566125|4005531075|2221901955|1224287610|669755450|363531870|195617415|104247360|54947970|28598850|14666400|7389900,4|5|4|7|6|13|12|13|20|15|14|25|16
12,7|3|3|2|2|2|2|1|1|1,0,0|2,2,4,6,2,8605010700|4894879275|2767245975|1554045480|866463390|479319750|262877400|142799940|76745140|40747275|21334275|10989000|5550930,4|5|4|13|6|13|16|17|12|13|12|21|14
12,7|3|3|2|2|1|1|1|1|1|1|1,0,0|4,2,12,14,2,3624401088|2140497744|1251679264|724601064|415156368|235315652|131874996|73013136|39893616|21480912|11376924|5911642|3003132,12|13|14|13|12|15|14|21|16|21|16|17|16
12,7|3|3|1|1|1|1|1|1|1|1|1|1|1,0,0|2,2,6,8,2,229466952|143832546|88909626|54180360|32536140|19244927|11205441|6417246|3610640|1992735|1076427|567336|290466,6|7|6|13|8|11|10|15|16|13|12|21|14
12,7|3|2|2|2|2|2|2|2,0,0|4,2,10,12,2,1121838432|646276488|370251024|210767700|119114424|66767844|37081286|20379803|11068300|5929824|3127056|1618584|819192,10|11|12|11|10|15|12|13|12|23|20|21|18
12,7|3|2|2|2|2|1|1|1|1|1|1,0,0|4,2,10,12,2,2038517600|1218679000|721711200|423213980|245609560|140968100|79948820|44755865|24696980|13410320|7149100|3730440|1897280,10|11|14|11|10|15|14|13|12|21|16|21|24
12,7|3|2|2|2|1|1|1|1|1|1|1|1,0,0|4,2,10,12,2,1014485472|621188568|376032384|224955900|132933528|77547288|44621352|25299351|14114940|7735392|4154256|2179254|1111572,10|11|18|11|10|17|16|13|12|23|20|17|16
12,7|3|1|1|1|1|1|1|1|1|1|1|1|1|1|1,0,0|4,2,10,12,2,9439200|6395400|4263600|2793780|1797240|1133600|700050|422565|248820|142560|79200|42450|21780,10|11|12|11|10|21|12|13|12|23|22|17|16
12,7|2|2|2|2|2|2|2|1|1|1,1,3|5,2,15,16,1,465163776|278929728|166060608|98073936|57402240|33257756|19048248|10767288|5994912|3279528|1757232|918456|465696,18|17|16|15|18|15|16|19|18|19|20|21|22
12,7|2|2|2|1|1|1|1|1|1|1|1|1|1|1,1,3|5,2,15,16,1,41840128|27514432|17839936|11395984|7165312|4429516|2688504|1599312|930336|527648|290624|154616|78848,18|17|16|15|18|15|16|21|18|23|24|21|32
12,6|6|6|5|1,0,0|2,2,6,8,2,1963217256|917590674|430389102|202614126|95745936|45418945|21628145|10338160|4959864|2388153|1154031|559779|272712,6|7|6|9|12|11|10|21|14|13|12|15|18
12,6|6|6|4|2,0,0|2,2,6,8,2,5889651768|2795450658|1330335578|634841064|303814368|145824393|70203573|33900678|16419872|7976457|3885681|1897786|929016,6|7|6|13|14|11|10|15|18|13|12|17|18
12,6|6|6|4|1|1,0,0|2|4|6,4,12,23,11,7138971840|3414290880|1635594480|785023824|377598000|182056940|88000810|42649600|20725768|10098600|4933140|2415600|1185360,12|17|12|15|12|15|12|35|14|19|16|23|20
12,6|6|6|3|1|1|1,0,0|4,2,10,12,2,10708457760|5237832600|2560718160|1251868644|612255384|299681460|146858160|72073575|35430668|17447388|8605260|4249080|2098800,10|11|12|11|10|15|18|13|12|17|16|21|20
12,6|6|6|2|2|2,0,0|2,2,8,10,2,5830160336|2851708860|1394991780|682616844|334226256|163792447|80365285|39489345|19435948|9581992|4730796|2337720|1155000,8|9|8|11|12|11|10|13|12|19|16|21|18
12,6|6|6|1|1|1|1|1|1,0,0|2,2,10,12,2,1812200544|925798104|470445624|238016592|120011760|60361092|30309312|15205512|7625576|3823890|1917006|960036|479556,10|11|10|15|12|15|22|19|14|15|14|19|16
12,6|6|5|5|2,0,0|2|4|6,4,12,21,9,5235246016|2503813312|1200914000|577683392|278708144|134863300|65450550|31855950|15549128|7611152|3736316|1839772|909040,12|17|12|19|12|15|12|15|14|21|16|19|20
12,6|6|5|5|1|1,0,0|2,2,6,8,2,6195607704|2985564582|1441424322|697387158|338178672|164384415|80102925|39131235|19164264|9409527|4632309|2287197|1133352,6|7|6|9|12|11|10|13|14|13|12|15|18
12,6|6|5|4|2|1,0,0|2,2,6,8,2,31233001800|15277011750|7481988150|3669453060|1802353280|886700815|436970885|215725265|106697360|52873695|26253675|13063050|6514200,6|7|6|11|18|11|10|13|16|13|12|17|18
12,6|6|5|3|2|2,0,0|2,2,8,10,2,28912835952|14351661324|7126626780|3540531384|1759957056|875472351|435867327|217222740|108382764|54146988|27088452|13570524|6807240,8|9|8|13|16|11|10|17|12|17|16|19|18
12,6|6|5|2|2|1|1|1,0,0|4,2,10,12,2,29599275552|15121369032|7704836832|3917182500|1987931176|1007459992|510075412|258104707|130578532|66068184|33437964|16928604|8571024,10|11|14|11|10|17|14|13|12|19|16|19|20
12,6|6|5|1|1|1|1|1|1|1,0,0|2,2,10,12,2,3365515296|1792502712|947798280|497966040|260193648|135328908|70122096|36227760|18675160|9611154|4940034|2535918|1299540,10|11|10|13|12|15|18|21|14|15|14|17|16
12,6|6|4|4|4,0,0|2,2,6,8,2,3272028760|1600448850|784751110|385687874|189976644|93772250|46378640|22982995|11411316|5677061|2830155|1413995|708070,6|7|6|9|8|13|18|13|12|13|12|15|14
12,6|6|4|4|3|1,0,0|2,2,6,8,2,24094029960|11959717770|5943390570|2956934916|1472773380|734367270|366588540|183210615|91677852|45938745|23055885|11592900|5841990,6|7|6|11|8|13|14|13|12|13|12|19|14
12,6|6|4|4|2|2,0,0|4|8|12,4,20,42,22,22844709888|11422354944|5714402304|2860425984|1432660736|718001024|360082432|180722752|90784960|45654624|22989888|11596464|5862384,20|23|24|23|20|25|30|25|20|23|24|23|20
12,6|6|4|4|2|1|1,0,0|2,2,6,8,2,40156716600|20223853650|10181525250|5124738060|2579305560|1298275225|653620875|329191905|165889220|83663325|42240825|21359250|10822680,6|7|6|11|10|11|10|13|12|13|12|17|18
12,6|6|4|4|1|1|1|1,0,0|2,2,6,8,2,18877089000|9643730250|4916463750|2502256350|1271853000|645815225|327699625|166213600|84296940|42762105|21706275|11031075|5616600,6|7|6|9|10|11|10|23|12|13|12|15|18
12,6|6|4|3|3|2,0,0|2,2,8,10,2,28912835952|14561174628|7336140084|3697200936|1863782856|939796221|474031089|239196762|120765960|61019406|30863862|15633288|7933464,8|9|8|13|10|11|10|15|14|15|14|21|18
12,6|6|4|3|2|2|1,0,0|2,2,8,10,2,62466003600|31911980100|16286661300|8304234120|4230502640|2153576425|1095651745|557206300|283335220|144099480|73327800|37352700|19057500,8|9|8|13|12|11|10|17|12|19|18|19|16
12,6|6|4|3|1|1|1|1|1,0,0|2,2,6,8,2,26212186440|13770895050|7203458790|3753699246|1949510376|1009578240|521555760|268911225|138444384|71207829|36611595|18829305|9694080,6|7|6|9|10|27|18|13|18|13|12|15|26
12,6|6|4|2|2|2|2,0,0|2,2,8,10,2,18399077424|9532855332|4929911532|2544734556|1311186240|674475165|346446855|177743475|91113540|46685268|23921604|12264462|6295212,8|9|8|11|16|11|10|13|12|17|16|17|16
12,6|6|4|2|2|2|1|1,0,0|2|4|6,4,14,23,9,39465700736|20590800384|10713232992|5559375360|2877880544|1486497320|766345580|394458820|202799632|104188504|53516316|27499164|14144592,14|23|14|25|14|17|14|17|16|19|16|19|20
12,6|6|4|2|2|1|1|1|1,0,0|2|4|6,4,12,19,7,32619609792|17255300832|9087095952|4766013648|2490490992|1297160040|673707870|349079640|180541032|93254760|48136932|24847812|12835152,12|15|12|15|12|17|12|19|14|19|16|19|20
12,6|6|4|2|1|1|1|1|1|1,0,0|2,2,6,8,2,14456417976|7804370574|4185050922|2230572006|1182369240|623711088|327631122|171492426|89508048|46617795|24246369|12603591|6553008,6|7|6|9|10|19|12|15|16|13|12|15|20
12,6|6|4|1|1|1|1|1|1|1|1,0,0|2,2,4,6,2,2944825884|1632457827|896667057|488361159|263941392|141672102|75585906|40119891|21204932|11170701|5870931|3081243|1616208,4|5|4|7|12|13|12|13|12|13|12|15|20
12,6|6|3|3|3|3,0,0|2,2,8,10,2,5830160336|2978451476|1521734396|777392252|397034456|202704229|103451439|52781379|26926088|13738774|7014658|3586198|1837528,8|9|8|11|10|11|10|13|14|15|14|17|18
12,6|6|3|3|2|2|2,0,0|2|4|6,4,14,25,11,19469923200|10158220800|5290740000|2750548320|1427293920|739291800|382276500|197373960|101787280|52455480|27030900|13940400|7203120,14|23|14|17|14|17|14|19|16|19|16|23|20
12,6|6|3|3|2|2|1|1,0,0|2,2,8,10,2,40774512240|21421392300|11224566540|5866453296|3058454256|1590762195|825599115|427674660|221209884|114305904|59048460|30522690|15806340,8|9|8|15|12|11|10|17|12|21|16|17|16
12,6|6|3|3|2|1|1|1|1,0,0|2,2,6,8,2,31461815000|16756836250|8886941250|4694448000|2470633000|1295838500|677575250|353347750|183866200|95528125|49595525|25756500|13398000,6|7|6|21|10|15|12|15|14|13|12|19|20
12,6|6|3|3|1|1|1|1|1|1,0,0|2|4|6,4,12,19,7,11218384320|6096948000|3292351920|1767356448|943573488|501272200|265120130|139679450|73355528|38431968|20106780|10517760|5509680,12|15|12|17|12|17|12|15|14|23|16|31|20
12,6|6|3|2|2|2|2|1,0,0|2,2,8,10,2,20181324240|10748748780|5706266580|3019281804|1592280480|837036375|438697245|229307505|119591948|62271300|32399640|16863000|8791860,8|9|8|11|14|11|10|13|12|17|18|21|16
12,6|6|3|2|2|2|1|1|1,1,3|5|7|9,4,21,25,4,25773518848|13867273728|7427532288|3960857472|2103287296|1112428768|586197568|307887888|161270144|84301904|44019456|22987536|12023616,24|23|22|21|22|21|22|21|22|21|28|23|24
12,6|6|3|2|2|1|1|1|1|1,0,0|2,2,6,8,2,17668955304|9666711054|5254737774|2839106556|1525218552|815042228|433441668|229523973|121107560|63728307|33479487|17583192|9247392,6|7|6|11|10|15|14|13|14|13|12|21|22
12,6|6|3|1|1|1|1|1|1|1|1|1,0,0|2,2,4,6,2,1443542100|831605775|473776875|267069660|149051760|82418050|45189650|24592505|13298460|7155105|3836625|2054250|1100880,4|5|4|11|12|13|12|13|12|13|12|17|20
12,6|6|2|2|2|2|2|1|1,0,0|2,2,8,10,2,6672192912|3650366412|1987446132|1076720364|580435200|311378157|166266027|88403427|46832268|24740478|13049154|6883074|3638844,8|9|8|11|20|11|10|13|12|15|14|17|16
12,6|6|2|2|2|2|1|1|1|1,0,0|2,2,8,10,2,6544057520|3627684060|1998136140|1093658280|594932624|321726405|173018065|92576960|49321020|26188330|13877550|7352400|3903900,8|9|8|13|12|11|10|25|12|15|14|23|16
12,6|6|2|1|1|1|1|1|1|1|1|1|1,0,0|2,2,8,10,2,384944560|230129900|135795660|79114464|45526624|25892295|14565155|8112440|4479916|2457196|1341740|731610|399960,8|9|8|17|14|11|10|19|12|17|16|17|18
12,6|6|1|1|1|1|1|1|1|1|1|1|1|1,0,0|2,2,8,10,2,43835792|27159132|16577652|9968868|5906992|3450447|1988377|1131697|637196|355712|197484|109494|60984,8|9|8|11|12|11|10|13|12|27|16|17|18
12,6|5|5|5|3,0,0|4,2,8,10,2,3926434512|1920538620|942255600|463674354|228834892|113253140|56200430|27959155|13942236|6967782|3489372|1750815|880110,8|9|12|9|8|15|12|13|12|15|16|15|14
12,6|5|5|4|2|2,0,0|2,2,6,8,2,24094029960|12134312190|6117984990|3088113444|1560536016|789497280|399869190|202750275|102909996|52284609|26587125|13530330|6890400,6|7|6|11|12|23|12|13|12|13|12|17|22
12,6|5|5|3|3|1|1,0,0|2|4|6,4,12,16,4,36646722112|18721694992|9565187632|4887826944|2498287792|1277318042|653289802|334253472|171084704|87598616|44863784|22979264|11768064,12|13|12|25|12|13|12|23|18|19|18|27|28
12,6|5|5|3|2|1|1|1,1,5|7,2,21,22,1,54224805888|28192969728|14633791488|7585118208|3927028224|2031227808|1049859648|542315568|280008960|144516096|74555136|38442096|19806336,26|25|28|29|22|21|22|21|24|33|28|23|26
12,6|5|5|2|2|2|1|1,0,0|4,2,10,12,2,31136900256|16358154120|8575882560|4487262948|2343823272|1222355988|636634080|331195725|172127004|89375832|46364976|24026310|12432420,10|11|16|11|10|15|20|13|12|19|20|17|16
12,6|5|5|2|2|1|1|1|1,0,0|4,2,12,14,2,25496328000|13579566000|7205484000|3810526200|2009191600|1056662100|554476700|290402800|151845120|79278720|41331900|21514350|11177100,12|13|14|13|12|15|14|21|24|27|16|17|16
12,6|5|4|4|3|2,0,0|2,2,6,8,2,31233001800|15955990050|8160966450|4178477940|2141424740|1098359535|563757545|289532215|148768620|76470345|39319245|20221740|10401930,6|7|6|11|8|11|10|13|12|13|12|19|14
12,6|5|4|4|2|2|1,0,0|2,2,6,8,2,53006865912|27463702266|14227782426|7369984908|3817211112|1976842296|1023614658|529942203|274305808|141952743|73442547|37988346|19645956,6|7|6|11|10|17|12|13|16|13|12|17|16
12,6|5|4|4|1|1|1|1|1,0,0|2,2,8,10,2,19632172560|10456265820|5550994020|2938583076|1551813120|817730485|430090925|225827665|118394164|61983810|32409930|16927680|8833440,8|9|8|11|22|11|10|13|12|15|14|27|22
12,6|5|4|3|3|1|1|1,1,5|7,2,19,20,1,58576179200|30879833600|16256460800|8547110400|4488369920|2354287600|1233536480|645628760|337572480|176326720|92012800|47969680|24984960,24|23|26|25|20|19|20|19|22|25|28|23|26
12,6|5|4|2|2|2|1|1|1,0,0|2|4|6,4,12,19,7,47117214144|25607181600|13867785360|7484718384|4026525360|2159434992|1154719830|615764100|327512360|173775072|91993464|48594480|25615920,12|15|12|15|12|19|12|17|14|23|18|23|20
12,6|5|3|3|3|2|2,0,0|4,2,10,12,2,24986401440|13307974680|7082537280|3765725964|1999936120|1060784270|561862870|297159485|156922836|82741260|43563660|22905960|12030480,10|11|16|11|10|13|12|13|12|17|16|21|20
12,6|5|3|3|2|2|1|1|1,0,0|2,2,6,8,2,53006865912|29000133162|15814097442|8595821520|4657453944|2515640127|1354603437|727231722|389293044|207820431|110661579|58792734|31176684,6|7|6|15|10|11|10|15|12|13|12|17|16
12,6|5|3|3|1|1|1|1|1|1|1,0,0|4,2,6,8,2,10326012840|5873855130|3317293980|1860791049|1037140650|574603380|316552590|173470005|94593396|51348060|27759060|14952960|8030880,6|7|8|7|6|15|12|13|12|17|16|33|22
12,6|5|3|2|2|2|2|1|1,0,0|2,2,10,12,2,29745716000|16489473000|9107631000|5011617000|2747243200|1500213000|816119300|442311800|238853160|128541370|68957250|36889050|19687800,10|11|10|13|16|17|14|19|14|15|14|17|18
12,6|5|3|2|2|2|1|1|1|1,0,0|2,2,6,8,2,28542158568|16029110790|8955798390|4978697724|2754153864|1516251429|830853045|453232395|246181012|133181307|71785539|38567760|20665260,6|7|6|11|10|11|10|13|12|13|12|23|16
12,6|5|3|1|1|1|1|1|1|1|1|1|1,0,0|2,2,4,6,2,1132625340|685320405|409962905|242533764|141952800|82235505|47178945|26820675|15118656|8456715|4697835|2594240|1425600,4|5|4|11|14|11|10|13|20|13|12|27|24
12,6|5|2|2|2|1|1|1|1|1|1|1,1,5|7,2,21,22,1,3583483904|2122824704|1246429184|725517312|418735616|239683808|136099648|76689648|42900480|23838304|13167232|7236592|3962112,26|25|36|27|22|21|22|21|28|23|26|23|28
12,6|4|4|4|4|2,0,0|2,2,6,8,2,6195607704|3210043122|1665902862|865799766|450525348|234665379|122318397|63785907|33267300|17347257|9040923|4707549|2447874,6|7|6|9|8|11|10|13|12|13|12|15|14
12,6|4|4|4|3|3,0,0|2|4|6,4,12,23,11,7138971840|3724680960|1945984560|1017858816|532877904|279157060|146296450|76676250|40179104|21043296|11011680|5755200|3003000,12|21|12|23|12|15|12|15|18|23|22|27|18
12,6|4|4|4|3|1|1|1,0,0|4,2,8,10,2,24666062960|13137359620|6991735520|3718363726|1976092580|1049368320|556762360|295100295|156223172|82584250|43581860|22952545|12058970,8|9|14|9|8|27|16|13|12|15|16|15|14
12,6|4|4|4|2|2|2,0,0|2,2,6,8,2,15935205000|8487228750|4519173750|2405364000|1279603000|680270500|361352000|191752250|101628800|53783625|28412925|14978700|7877100,6|7|6|17|10|15|22|15|22|13|12|19|16
12,6|4|4|4|2|2|1|1,0,0|2|4|6,4,12,21,9,32619609792|17491674816|9369516816|5013455040|2679664944|1430614548|762821334|406183974|215946360|114603336|60696576|32071248|16900488,12|17|12|19|12|15|12|15|14|19|34|23|18
12,6|4|4|4|2|1|1|1|1,0,0|2|4|6,4,14,21,7,23796572800|12932920000|7010650400|3791334560|2045806880|1101579440|591913460|317378040|169797040|90625640|48244700|25610200|13552000,14|17|14|17|14|19|14|19|16|19|16|21|26
12,6|4|4|4|1|1|1|1|1|1,0,0|2,2,8,10,2,7495920432|4155347196|2293006716|1260087192|689833872|376317669|204602907|110881512|59896676|32248902|17303706|9251088|4926768,8|9|8|13|12|11|10|19|12|15|14|23|20
12,6|4|4|3|3|3|1,0,0|4,2,10,12,2,18323361056|9759181432|5199033840|2769754988|1475273800|785444660|417892970|222131385|117931660|62516524|33079256|17464062|9195340,10|11|12|11|10|15|12|13|12|17|18|17|16
12,6|4|4|3|3|2|1|1,0,0|4,2,10,12,2,48929414688|26414792712|14245369776|7673894316|4128850440|2218497666|1190253834|637518987|340821852|181816380|96756228|51346152|27160056,10|11|12|11|10|13|12|13|12|17|16|21|18
12,6|4|4|3|3|1|1|1|1,0,0|4,2,8,10,2,28912835952|15818254452|8632673712|4700050758|2553041556|1383618990|748104390|403513110|217091952|116476218|62305632|33217767|17643582,8|9|12|9|8|13|12|15|16|15|22|15|14
12,6|4|4|3|2|2|1|1|1,0,0|2|4|6,4,12,23,11,49564861632|27296590464|14992445520|8212692384|4486987440|2444975676|1328691222|720055170|389082744|209590416|112524012|60189624|32064120,12|19|12|17|12|15|12|15|14|21|16|21|18
12,6|4|4|2|2|2|2|2,0,0|4,2,10,12,2,9866425184|5469431352|3025109472|1669022124|918391320|503930504|275693572|150358607|81732980|44272732|23890188|12837594|6866244,10|11|14|11|10|17|14|13|12|17|16|17|16
12,6|4|4|2|2|2|2|1|1,0,0|2|4|6,4,12,19,7,22529482560|12570798240|6992846640|3877786224|2143464336|1180909080|648405810|354782160|193419576|105045984|56817720|30595500|16394400,12|15|12|15|12|17|12|21|14|23|18|19|22
12,6|4|4|2|2|2|1|1|1|1,0,0|2|4|6,4,12,21,9,21416915520|12105213120|6811449840|3815952192|2128613136|1182346620|653971170|360191370|197534120|107852160|58613700|31696500|17047800,12|17|12|19|12|15|12|15|14|27|16|19|18
12,6|4|4|2|2|1|1|1|1|1|1,0,0|4,2,6,8,2,12333031480|7104898570|4066905920|2313739967|1308639178|735993720|411672030|229035065|126749476|69769574|38194100|20788075|11244310,6|7|16|7|6|17|12|13|12|15|16|15|14
12,6|4|4|2|1|1|1|1|1|1|1|1,0,0|4,2,8,10,2,4317301296|2549710548|1493002368|867137238|499731012|285863886|162365148|91589778|51321144|28567242|15795432|8673291|4727646,8|9|18|9|8|13|14|15|14|15|18|15|14
12,6|4|4|1|1|1|1|1|1|1|1|1|1,0,0|2|4|6,4,12,24,12,747892288|455238784|274177904|163440992|96468944|56400916|32676138|18766358|10687096|6035896|3380824|1877612|1033472,12|19|12|17|12|15|12|15|14|19|18|19|28
12,6|4|3|3|3|3|1|1,0,0|4,2,10,12,2,16309804896|8923117896|4877387856|2662983972|1451967000|790385904|429432894|232807239|125893908|67884480|36486288|19538838|10419948,10|11|12|11|10|19|12|13|12|25|20|17|16
12,6|4|3|3|2|2|2|1|1,0,0|2,2,6,8,2,32855495400|18451455750|10333948950|5770924380|3212880840|1782933945|986008905|543294045|298186980|162973755|88670295|48006630|25851420,6|7|6|11|10|11|10|13|12|13|12|17|16
12,6|4|3|3|2|2|1|1|1|1,0,0|2,2,10,12,2,30289637664|17229975048|9760659480|5506681752|3093934272|1731087072|964433844|534949320|295366536|162300186|88728282|48243294|26076600,10|11|10|13|16|21|14|19|14|15|14|17|18
12,6|4|3|2|2|2|2|1|1|1,0,0|2,2,6,8,2,18739801080|10795754970|6192811170|3536776152|2010693048|1137709755|640601565|358864590|199969252|110808663|61041855|33416460|18170460,6|7|6|13|10|11|10|15|12|13|12|19|16
12,6|4|3|2|2|1|1|1|1|1|1|1,0,0|4,2,12,14,2,7698891200|4602598000|2730041600|1606959640|938800720|544403860|313383840|179080160|101582320|57193240|31955720|17713630|9737420,12|13|20|13|12|15|20|23|16|19|18|17|16
12,6|4|3|1|1|1|1|1|1|1|1|1|1|1,0,0|2,2,4,6,2,452895300|287161875|179954775|111463560|68246880|41312115|24728085|14638440|8571360|4964625|2844405|1611720|902880,4|5|4|13|14|11|10|19|18|13|12|21|22
12,6|4|2|2|2|2|2|2|2,0,0|4,2,10,12,2,1906340832|1112032152|646330752|374119884|215575128|123606792|70497432|39978657|22534428|12620232|7019784|3876444|2124144,10|11|18|11|10|17|16|13|12|19|18|19|20
12,6|4|2|2|2|2|1|1|1|1|1|1,0,0|4,2,10,12,2,3401510112|2058160104|1236165840|736969428|436077720|256077276|149213862|86259285|49462812|28127736|15858612|8862084|4906440,10|11|12|11|10|15|12|13|12|19|16|19|18
12,6|4|2|2|2|1|1|1|1|1|1|1|1,0,0|4,2,10,12,2,1665760096|1032047016|633477936|385233940|232104600|138548592|81933322|47998587|27852468|16007040|9109548|5132358|2861628,10|11|12|11|10|19|12|13|12|27|16|17|16
12,6|4|1|1|1|1|1|1|1|1|1|1|1|1|1|1,0,0|4,2,10,12,2,13075040|8953560|6046560|4024716|2639064|1703940|1082900|677235|416724|252296|150300|88110|50820,10|11|14|11|10|15|14|13|12|19|16|17|16
12,6|3|3|3|3|3|3,0,0|2,2,8,10,2,1070845776|593621028|329084028|182359476|100965384|55824951|30808653|16961553|9309888|5091156|2771712|1500906|807576,8|9|8|11|10|11|10|13|20|17|28|17|18
12,6|3|3|3|3|3|1|1|1,0,0|2|4|6,4,12,21,9,5235246016|2959052096|1669455216|939960736|528004048|295809228|165219538|91957278|50974448|28124672|15433636|8416056|4555496,12|17|12|17|12|15|12|15|16|31|16|21|18
12,6|3|3|3|3|2|2|1|1,0,0|2,2,6,8,2,10326012840|5873855130|3334299930|1888269084|1066522860|600582450|337052070|188426205|104874576|58077405|31975965|17487360|9489150,6|7|6|11|8|13|12|13|16|13|12|33|14
12,6|3|3|3|3|2|1|1|1|1,0,0|2,2,6,8,2,8745240504|5038018986|2892447558|1654822806|943297628|535618902|302857268|170460514|95455528|53150769|29405607|16149903|8795094,6|7|6|9|8|13|14|15|14|13|12|15|14
12,6|3|3|3|2|2|2|2|1,0,0|2,2,6,8,2,7011490200|4039228050|2320997250|1329805620|759421520|432106675|244864675|138126385|77517040|43251285|23973825|13188450|7192020,6|7|6|11|12|11|10|13|16|13|12|17|16
12,6|3|3|3|2|2|2|1|1|1,1,5|7|9|11,4,25,29,4,9493905408|5520912384|3199033344|1846640640|1061685248|607757696|346283008|196295488|110647296|61979328|34473984|19022112|10399872,30|29|30|37|26|25|30|25|30|25|34|25|26
12,6|3|3|3|2|2|1|1|1|1|1,0,0|2,2,4,6,2,7228208988|4268833569|2508150879|1466073999|852464106|492993072|283491306|162039591|92020656|51889059|29031309|16100667|8840502,4|5|4|7|6|19|12|13|16|13|12|15|14
12,6|3|3|3|1|1|1|1|1|1|1|1|1,0,0|2,2,6,8,2,898909000|556932750|341976250|208140350|125581500|75113225|44534875|26169600|15235740|8783755|5011125|2826175|1573550,6|7|6|9|8|11|10|29|12|13|12|15|14
12,6|3|3|2|2|2|2|2|2,0,0|2|4|6,4,12,19,7,2013556160|1181869920|691555920|403210896|234144240|135355000|77854590|44531760|25313624|14289400|8003160|4442460|2440680,12|15|12|15|12|17|12|21|14|19|18|19|18
12,6|3|3|2|2|2|2|2|1|1,0,0|2,2,6,8,2,4818805992|2845889046|1674368046|981022536|572182416|332075289|191683467|109989432|62700400|35483571|19917711|11077308|6095628,6|7|6|13|12|11|10|19|16|13|12|19|16
12,6|3|3|2|2|2|2|1|1|1|1,0,0|2,2,4,6,2,5070292500|3031153125|1802945625|1066767000|627708250|367207750|213485000|123289250|70687400|40208475|22671375|12657600|6987750,4|5|4|13|6|13|16|15|14|13|12|27|14
12,6|3|3|2|2|2|1|1|1|1|1|1,0,0|2|4|6,4,12,23,11,3482267712|2119641216|1281517776|769536768|458908912|271727148|159708934|93143414|53874912|30885288|17534076|9847068|5462688,12|19|12|23|12|15|12|15|18|19|16|19|22
12,6|3|3|2|2|1|1|1|1|1|1|1|1,0,0|2|4|6,4,12,21,9,1647455040|1026674880|634294480|388509024|235913520|142005220|84717870|50076810|29315776|16986600|9734040|5510340|3076920,12|17|12|17|12|15|12|15|20|19|18|19|18
12,6|3|3|2|1|1|1|1|1|1|1|1|1|1,0,0|2,2,6,8,2,516636120|331320990|210257190|132032472|82039100|50435385|30673115|18449200|10970372|6445155|3738075|2137740|1203510,6|7|6|13|8|11|10|21|12|13|12|19|14
12,6|3|3|1|1|1|1|1|1|1|1|1|1|1|1,0,0|2,2,4,6,2,89237148|59168109|38760969|25082616|16030040|10115573|6301399|3873814|2349116|1404285|826773|478764|272184,4|5|4|13|10|11|10|15|12|13|12|19|18
12,6|3|2|2|2|2|1|1|1|1|1|1|1,0,0|2|4|6,4,14,21,7,951862912|600087488|375289824|232789024|143185120|87303216|52744044|31556672|18684736|10939264|6325892|3608088|2026024,14|17|14|17|14|19|14|25|20|27|16|21|18
12,6|3|1|1|1|1|1|1|1|1|1|1|1|1|1|1|1,0,0|2|4|6,4,12,19,7,3328192|2387616|1689936|1179120|810288|547904|364182|237692|152152|95392|58476|34968|20328,12|15|12|15|12|23|12|17|14|23|16|21|18
12,6|2|2|2|2|2|2|2|2|2,0,0|2,2,6,8,2,93486536|57921006|35750286|21966516|13425984|8155862|4919552|2943397|1744612|1022899|592203|337788|189288,6|7|6|11|16|13|26|13|12|13|12|19|18
12,6|2|2|2|2|2|2|1|1|1|1|1|1,0,0|2,2,8,10,2,203851760|130731020|83250020|52622276|33000520|20519485|12640635|7707455|4645984|2764580|1620920|934220|527660,8|9|8|11|10|11|10|13|18|17|18|19|16
12,6|2|2|2|2|2|1|1|1|1|1|1|1|1,0,0|2,2,8,10,2,117056016|76764996|49904316|32150196|20517048|12962439|8101809|5004909|3052224|1834812|1085148|629838|357588,8|9|8|11|10|11|10|13|20|17|16|17|16
12,6|2|2|1|1|1|1|1|1|1|1|1|1|1|1|1|1,0,0|2,2,4,6,2,3539700|2552175|1816875|1276020|883320|602100|403650|265785|171600|108405|66825|40050|23220,4|5|4|11|10|15|12|13|16|13|12|17|16
12,6|2|1|1|1|1|1|1|1|1|1|1|1|1|1|1|1|1,0,0|2,2,4,6,2,497420|373065|276165|201552|144840|102340|70980|48230|32032|20735|13035|7920|4620,4|5|4|15|10|15|14|15|18|13|12|23|16
12,5|5|5|5|2|2,0,0|2,2,6,8,2,3272028760|1671579910|855882170|439247666|225965168|116527840|60239630|31217305|16216452|8444021|4407335|2306095|1210000,6|7|6|9|12|21|12|13|12|13|12|15|20
12,5|5|5|4|4|1,0,0|4,2,8,10,2,3926434512|2005895892|1027612872|527911098|271951108|140475192|72754682|37778517|19666164|10262430|5367744|2813679|1477674,8|9|10|9|8|17|12|13|12|15|24|15|14
12,5|5|5|4|3|1|1,1,3|5,2,15,16,1,14685884928|7635595968|3975411648|2072856240|1082545152|566298148|296749608|155774448|81916352|43153200|22772736|12038136|6374016,18|17|16|15|24|15|16|21|20|21|32|21|26
12,5|5|5|3|3|2|1,1,3|5,2,15,16,1,19037258240|10035945920|5295442880|2796746160|1478533888|782458300|414542600|219877700|116766720|62086192|33052480|17616280|9398400,18|17|16|15|20|15|16|17|30|21|24|21|26
12,5|5|5|3|3|1|1|1,0,0|2|4|6,4,12,16,4,15297796800|8147739600|4338406800|2309945040|1230088080|655257330|349220670|186236130|99393280|53090520|28383000|15186600|8131200,12|13|12|15|12|13|12|15|24|19|18|21|26
12,5|5|5|3|2|2|2,0,0|4,2,10,12,2,11660320672|6210388184|3308476080|1763004516|939778840|501171216|267412852|142778405|76290452|40797764|21835912|11696454|6269340,10|11|12|11|10|19|14|13|12|17|18|17|16
12,5|5|5|3|1|1|1|1|1|1,0,0|4,2,12,14,2,6040668480|3348631440|1848696960|1017048120|557883216|305284540|166740860|90938820|49544320|26971728|14675220|7981050|4338180,12|13|18|13|12|15|14|17|22|21|16|17|16
12,5|5|5|2|1|1|1|1|1|1|1,1,3|5,2,17,18,1,2761448448|1575826560|893650560|503966496|282813696|158035064|87992080|48847080|27050688|14950488|8248752|4543440|2497440,20|19|18|17|20|17|18|19|20|19|20|23|22
12,5|5|4|4|4|2,0,0|2|4|6,4,12,21,9,5235246016|2731432704|1428533392|748864688|393451344|207162956|109301214|57781752|30603776|16238624|8631552|4595888|2451064,12|21|12|15|12|15|12|19|26|23|28|23|18
12,5|5|4|4|4|1|1,0,0|4,2,8,10,2,6884008560|3616598700|1903154760|1003183974|529693164|280155720|148420260|78757155|41857708|22281138|11878560|6342105|3390750,8|9|10|9|8|17|14|13|12|15|22|15|14
12,5|5|4|4|3|3,0,0|2,2,6,8,2,5889651768|3094201110|1629086030|859465464|454312716|240591065|127632945|67822020|36097348|19242243|10273083|5493070|2941950,6|7|6|13|8|11|10|17|12|13|12|17|14
12,5|5|4|4|2|2|2,0,0|2|4|6,4,12,24,12,12850149312|6890659776|3697068336|1984703760|1066059696|572962364|308136522|165824232|89301240|48127392|25958592|14014176|7573896,12|17|12|15|12|15|12|19|14|23|24|25|18
12,5|5|4|4|2|2|1|1,0,0|2,2,6,8,2,26235721512|14163487338|7644472654|4125524130|2226467880|1201731076|648777024|350365092|189287000|102313575|55335273|29949227|16224516,6|7|6|9|10|15|22|17|14|13|12|15|16
12,5|5|4|4|2|1|1|1|1,0,0|2,2,8,10,2,19028105712|10410304212|5685809052|3101183316|1689655968|919853935|500482455|272204415|148018108|80485902|43770762|23811942|12961872,8|9|8|11|14|11|10|13|12|15|14|17|20
12,5|5|4|4|1|1|1|1|1|1,0,0|2|4|6,4,14,21,7,5930838144|3309235776|1839735648|1019611584|563613984|310878864|171173196|94116708|51691248|28366632|15558228|8531292|4679136,14|17|14|19|14|19|14|17|16|19|16|19|22
12,5|5|4|3|3|2|2,0,0|4,2,10,12,2,19275223968|10405827432|5620882176|3037751964|1642475640|888448392|480782358|260286999|140979636|76397580|41423544|22474386|12201948,10|11|20|11|10|17|12|13|12|17|18|17|16
12,5|5|4|3|2|2|1|1|1,0,0|2,2,6,8,2,36999094440|20510367570|11349383430|6269966010|3458823368|1905626415|1048744235|576634695|316817340|173969187|95492565|52405815|28759500,6|7|6|9|10|11|10|13|12|13|12|15|16
12,5|5|4|3|1|1|1|1|1|1|1,0,0|4,2,12,14,2,6731030592|3877658928|2221506144|1266356520|718667664|406244124|228846816|128529048|72001904|40248432|22458576|12514194|6965772,12|13|14|13|12|15|20|19|16|21|20|17|16
12,5|5|4|2|2|2|2|1|1,0,0|2,2,10,12,2,16309804896|9159491880|5132948040|2870497872|1602066048|892461768|496308780|275579220|152813304|84642570|46840446|25902360|14315400,10|11|10|15|18|17|14|17|14|15|14|21|18
12,5|5|4|2|2|2|1|1|1|1,0,0|2,2,6,8,2,15444891000|8785680750|4979933250|2813432850|1584615000|890017925|498632475|278736150|155512140|86620455|48181725|26770425|14859900,6|7|6|9|10|11|10|15|12|13|12|15|16
12,5|5|4|1|1|1|1|1|1|1|1|1|1,0,0|2,2,4,6,2,519675156|318206889|192991227|115993449|69127344|40876121|23999349|14001057|8122296|4688847|2695257|1543443|880704,4|5|4|7|12|11|10|13|14|13|12|15|24
12,5|5|3|3|3|3|2,0,0|4,2,10,12,2,6425074656|3515167656|1924418496|1054050660|577515432|316482374|173451234|95065299|52104780|28560168|15657228|8586468|4711608,10|11|16|11|10|13|12|13|12|19|16|19|18
12,5|5|3|3|3|2|2|1,0,0|4,2,10,12,2,17847429600|9893683800|5482214400|3036208500|1680563560|929620900|513896690|283903305|156751980|86506440|47725200|26327730|14527260,10|11|24|11|10|15|12|13|12|19|20|17|16
12,5|5|3|3|3|1|1|1|1|1,0,0|4,2,8,10,2,9708217200|5522427900|3131614200|1770802110|998703420|561899470|315444030|176731920|98839840|55192950|30782340|17153235|9554490,8|9|10|9|8|13|12|21|18|15|16|15|14
12,5|5|3|3|2|2|2|2,0,0|4,2,10,12,2,8761465440|4920388200|2760254640|1546574796|865426536|483627300|269907120|150439275|83751612|46577592|25882740|14375670|7983900,10|11|12|11|10|15|18|13|12|19|16|17|16
12,5|5|3|3|2|2|2|1|1,0,0|2|4|6,4,12,24,12,19732850368|11153350208|6292561968|3543661968|1991980144|1117741548|626108098|350147728|195527640|109044488|60750676|33822096|18825576,12|17|12|15|12|15|12|21|14|19|16|23|18
12,5|5|3|3|2|2|1|1|1|1,0,0|2|4|6,4,12,19,7,18122005440|10374191520|5919866480|3367884960|1910573808|1080947560|610037010|343481250|192993640|108241416|60617640|33911020|18960480,12|15|12|17|12|17|12|15|14|19|18|19|22
12,5|5|3|3|2|1|1|1|1|1|1,0,0|4,2,8,10,2,9637611984|5621940324|3263026104|1885082706|1084337748|621248238|354626748|201755358|114439528|64742706|36547812|20597577|11596662,8|9|10|9|8|13|14|15|14|15|16|15|14
12,5|5|3|3|1|1|1|1|1|1|1|1,0,0|4,2,6,8,2,2677114440|1600448850|950065740|560279421|328396146|191397570|110974230|64041285|36801268|21069738|12025560|6847005|3892350,6|7|8|7|6|13|12|13|12|15|18|15|14
12,5|5|3|2|2|2|2|1|1|1,0,0|2|4|6,4,12,21,9,10873203264|6303306240|3641967120|2097341136|1203889104|688844332|392937270|223493340|126777672|71744184|40519404|22849860|12873960,12|23|12|15|12|15|12|17|14|19|16|19|18
12,5|5|3|1|1|1|1|1|1|1|1|1|1|1,0,0|2|4|6,4,12,21,9,251963712|160672512|101372752|63297936|39129168|23958012|14537142|8747172|5223288|3098016|1826904|1072324|627264,12|21|12|15|12|15|12|17|14|23|18|19|24
12,5|5|2|2|2|2|2|2|1|1,0,0|4,2,10,12,2,2471182560|1459430280|858999120|503795340|294380712|171365940|99379260|57419145|33058900|18972828|10859400|6203340|3540240,10|11|12|11|10|15|14|13|12|17|18|19|20
12,5|5|2|2|2|2|2|1|1|1|1,0,0|4,2,10,12,2,2617623008|1564883320|931170240|551496660|325105352|190760284|111422410|64796095|37526020|21652036|12453764|7146480|4095960,10|11|16|11|10|15|12|13|12|17|16|23|18
12,5|5|2|2|1|1|1|1|1|1|1|1|1|1,0,0|4,2,10,12,2,296111200|189897400|120551200|75768660|47160520|29078720|17768630|10765545|6471500|3863020|2292340|1354210|797940,10|11|14|11|10|23|12|13|12|17|16|17|16
12,5|5|2|1|1|1|1|1|1|1|1|1|1|1|1,0,0|4,2,10,12,2,62622560|41521480|27209520|17622540|11281192|7139600|4468720|2767695|1697500|1032068|622900|373890|223740,10|11|12|11|10|19|18|13|12|17|16|17|16
12,5|4|4|4|4|3,0,0|2,2,6,8,2,1963217256|1045626582|558425010|298998414|160478604|86324381|46530737|25128040|13592908|7364187|3995037|2169849|1179750,6|7|6|9|8|11|10|19|12|13|12|15|14
12,5|4|4|4|2|2|2|1,0,0|2,2,6,8,2,13742520792|7618136526|4223245026|2341300962|1298024728|719654936|399005398|221227153|122656072|68000289|37694727|20891871|11576796,6|7|6|9|10|17|12|13|14|13|12|15|16
12,5|4|4|4|2|2|1|1|1,1,3|5|7|9,4,21,25,4,16401330176|9181179392|5134097920|2868444544|1601420800|893490976|498238912|277697840|154706048|86147824|47948992|26675264|14833280,24|23|22|21|22|21|22|21|22|21|24|27|26
12,5|4|4|4|2|1|1|1|1|1,0,0|2,2,8,10,2,9637611984|5482264788|3110199300|1760408208|994430736|560776359|315758673|177560460|99728076|55950858|31357458|17556726|9820800,8|9|8|15|12|11|10|17|12|15|14|17|26
12,5|4|4|3|3|3|1|1,0,0|4,2,10,12,2,13088115040|7255368120|4023985680|2232776260|1239360408|688148890|382178830|212283365|117921860|65503232|36381300|20201940|11213840,10|11|12|11|10|13|12|13|12|43|16|19|20
12,5|4|4|3|2|2|2|1|1,0,0|2,2,6,8,2,23352675192|13283949294|7547240610|4282781202|2427447960|1374268833|777145671|438986520|247698108|139609575|78599241|44198847|24823260,6|7|6|9|10|11|10|19|12|13|12|15|16
12,5|4|4|3|2|2|1|1|1|1,0,0|2,2,10,12,2,21246940000|12240085000|7033325000|4031924000|2306304000|1316562000|750145500|426656500|242258200|137332250|77727350|43921900|24778600,10|11|10|17|26|19|14|17|14|15|14|19|18
12,5|4|4|2|2|2|2|1|1|1,0,0|2,2,6,8,2,10326012840|6023507490|3504359430|2033446194|1176923592|679495635|391365675|224891235|128940588|73766619|42110865|23987205|13632300,6|7|6|9|10|11|10|13|12|13|12|15|16
12,5|4|4|2|2|1|1|1|1|1|1|1,0,0|4,2,6,8,2,4077451224|2467153458|1483732800|887225427|527707554|312313254|183981798|107916165|63045108|36692352|21278268|12296196|7080480,6|7|16|7|6|13|12|13|12|27|16|19|22
12,5|4|4|1|1|1|1|1|1|1|1|1|1|1,0,0|2,2,4,6,2,208220012|133532399|84798805|53342107|33250672|20548619|12596253|7663250|4629464|2778461|1657271|982597|579040,4|5|4|7|12|11|10|15|14|13|12|15|22
12,5|4|3|3|3|2|2|2,1,3|5,2,15,16,1,8158824960|4655851200|2656455360|1515172464|863792384|492131900|280168840|159356340|90547968|51392568|29133360|16493400|9324480,18|17|16|15|20|15|16|17|24|19|20|21|24
12,5|4|3|3|3|1|1|1|1|1|1,1,3|5,2,15,16,1,6150498816|3643502016|2150156736|1264402608|741080704|433003452|252247112|146527332|84880096|49036176|28253568|16236528|9306528,18|17|16|15|18|15|16|17|18|21|26|23|22
12,5|4|3|3|2|2|2|1|1|1,0,0|2|4|6,4,12,19,7,15705738048|9218585376|5398570320|3154310016|1838826704|1069511872|620632694|359320850|207549944|119604936|68763384|39440808|22569360,12|15|12|21|12|23|12|15|14|19|18|21|20
12,5|4|2|2|2|2|2|2|1|1|1,1,3|5,2,15,16,1,2050166272|1259069504|770548800|469851984|285401088|172668244|104032408|62412700|37281216|22172024|13128976|7741272|4546080,18|17|16|15|30|15|16|17|20|19|20|21|22
12,5|4|2|2|1|1|1|1|1|1|1|1|1|1|1,1,3|5,2,15,16,1,157386240|105779520|70390080|46377360|30256128|19546980|12507480|7928100|4979520|3100032|1913760|1172160|712800,18|17|16|15|24|15|16|17|20|27|22|27|22
12,5|3|3|3|3|3|3|1,0,0|2,2,8,10,2,1308811504|753989236|434730868|250801408|144735448|83528159|48192331|27789398|16010288|9212804|5292968|3034922|1735976,8|9|8|23|10|11|10|15|16|17|18|17|18
12,5|3|3|3|3|3|2|1|1,0,0|2,2,6,8,2,4077451224|2378513214|1387226214|808809408|471328836|274468722|159681852|92790852|53842320|31187511|18027279|10394604|5976234,6|7|6|19|8|13|14|17|16|13|12|19|14
12,5|3|3|3|3|3|1|1|1|1,0,0|2,2,6,8,2,2677114440|1581049470|932471930|549209310|323020308|189701070|111223890|65093595|38018680|22154571|12876765|7462345|4310130,6|7|6|9|8|13|12|13|14|13|12|15|14
12,5|3|3|3|3|2|2|1|1|1,0,0|2|4|6,4,12,24,12,5507206848|3272398272|1941550416|1150151184|680216784|401582532|236631438|139142844|81629136|47765376|27869724|16208676|9392328,12|17|12|15|12|15|12|17|16|27|16|19|18
12,5|3|3|3|2|2|2|2|2,0,0|2,2,6,8,2,1761861640|1053286850|628987590|375099186|223334496|132730675|78721115|46580975|27492024|16179149|9490915|5547465|3229380,6|7|6|9|14|11|10|13|14|13|12|15|16
12,5|3|3|3|2|2|2|2|1|1,0,0|2|4|6,4,12,19,7,4172126400|2509322400|1506601200|902846880|539925360|322168600|191770530|113851650|67398840|39774240|23391000|13703460|7993800,12|15|12|17|12|17|12|15|14|23|18|19|18
12,5|3|3|3|2|2|2|1|1|1|1,0,0|2|4|6,4,12,21,9,4283383104|2607276672|1582384752|957552336|577729776|347512932|208381146|124545456|74182528|44023128|26022132|15315696|8971776,12|19|12|15|12|15|12|21|22|19|16|23|30
12,5|3|3|3|2|2|1|1|1|1|1|1,0,0|2,2,4,6,2,2802961700|1736617575|1071092225|657740965|402195430|244906900|148508640|89674900|53915680|32271085|19224975|11395615|6718250,4|5|4|7|6|15|20|17|18|13|12|15|14
12,5|3|3|3|2|1|1|1|1|1|1|1|1,0,0|2,2,6,8,2,1199250360|760394250|479109510|300059694|186832404|115676055|71225055|43615845|26562676|16087041|9686835|5797935|3448170,6|7|6|9|8|11|10|13|12|13|12|15|14
12,5|3|3|3|1|1|1|1|1|1|1|1|1|1,0,0|2|4|6,4,12,23,11,287650880|187598400|121370480|77914672|49642032|31397740|19717170|12295420|7614112|4682312|2859000|1732940|1042360,12|17|12|15|12|15|12|17|18|19|18|19|18
12,5|3|3|2|2|2|2|2|2|1,0,0|2,2,6,8,2,1606268664|983548566|601053258|366473250|222876576|135164809|81719151|49240758|29562232|17677395|10524573|6235977|3675276,6|7|6|9|14|11|10|15|14|13|12|15|16
12,5|3|3|2|2|2|2|1|1|1|1|1,0,0|2,2,4,6,2,2038725612|1277896851|797602311|495710820|306763446|189007566|115933158|70782453|43008168|26000325|15634197|9346986|5553306,4|5|4|11|6|13|12|13|14|13|12|17|14
12,5|3|3|2|2|2|1|1|1|1|1|1|1,1,3|5|7|9,4,21,25,4,1240436736|793250304|504289792|318739584|200314368|125177056|77780544|48053712|29515136|18019728|10932672|6589088|3943104,24|23|22|21|22|21|22|21|22|21|24|25|24
12,5|3|3|2|2|1|1|1|1|1|1|1|1|1,0,0|2,2,6,8,2,535422888|351128778|228517978|147612972|94653780|60257119|38086179|23901549|14892556|9211905|5655597|3445222|2081442,6|7|6|11|8|11|10|13|12|13|12|17|14
12,5|3|3|1|1|1|1|1|1|1|1|1|1|1|1|1,0,0|2,2,4,6,2,25438644|17788617|12310347|8429841|5711496|3828601|2539113|1665993|1081444|694449|441063|276969|171864,4|5|4|7|10|11|10|13|12|13|12|15|18
12,5|3|2|2|2|2|2|2|2|2,0,0|2,2,6,8,2,264769560|165960630|103808970|64769490|40293312|24983070|15432300|9493005|5812620|3541023|2145105|1291455|772200,6|7|6|9|16|13|14|13|12|13|12|15|18
12,5|3|2|2|2|2|2|1|1|1|1|1|1,0,0|2,2,8,10,2,566918352|367675308|237211884|152232912|97169592|61677993|38923857|24415986|15218448|9422028|5791716|3532914|2137212,8|9|8|15|10|11|10|15|16|17|16|17|16
12,5|3|2|2|2|2|1|1|1|1|1|1|1|1,0,0|2,2,8,10,2,320338480|212398340|139865460|91472920|59413256|38321955|24542995|15604190|9846480|6164676|3827880|2356200|1436820,8|9|8|13|10|11|10|15|16|17|18|21|16
12,5|3|2|1|1|1|1|1|1|1|1|1|1|1|1|1|1,0,0|2,2,4,6,2,8171900|5951275|4287825|3055155|2151960|1497900|1029980|699400|468840|310145|202375|130185|82500,4|5|4|7|10|15|14|19|14|13|12|15|16
12,5|3|1|1|1|1|1|1|1|1|1|1|1|1|1|1|1|1,0,0|2,2,4,6,2,886788|671517|502911|372249|272136|196356|139734|98007|67704|46035|30789|20241|13068,4|5|4|7|10|15|12|13|14|13|12|15|16
12,5|2|2|2|2|2|2|1|1|1|1|1|1|1,0,0|2|4|6,4,14,21,7,73220224|49344064|33064864|22027648|14586336|9597776|6272916|4070276|2620352|1672384|1057132|661012|408232,14|17|14|21|14|19|14|17|20|25|16|19|18
12,5|2|2|1|1|1|1|1|1|1|1|1|1|1|1|1|1|1,0,0|2|4|6,4,12,19,7,978880|744800|560880|417792|307632|223760|160650|113750|79352|54472|36740|24300|15720,12|15|12|33|12|19|12|15|14|19|16|19|18
12,4|4|4|4|4|2|2,0,0|4,2,8,10,2,1308811504|725536812|403137592|224512574|125314332|70098600|39295190|22073030|12423600|7005938|3958104|2240117|1269862,8|9|10|9|8|17|12|15|16|15|18|15|14
12,4|4|4|4|3|3|1|1,0,0|4,2,8,10,2,3212537328|1804142340|1014814320|571746006|322642164|182362648|103237830|58535400|33240032|18903942|10766556|6140805|3507570,8|9|12|9|8|17|12|19|18|15|16|15|14
12,4|4|4|4|2|2|2|1|1,0,0|2,2,8,10,2,4164400240|2399056660|1382058860|796253276|458835104|264474665|152500765|87974005|50776124|29323196|16944620|9798250|5670280,8|9|8|11|14|11|10|13|12|17|16|17|18
12,4|4|4|4|2|2|1|1|1|1,0,0|2,2,8,10,2,3706773840|2162284740|1259719380|733158864|426377232|247832805|144005175|83661480|48602988|28238544|16410060|9539310|5547960,8|9|8|15|12|11|10|19|12|21|16|17|18
12,4|4|4|3|3|3|2|1,1,5|7,2,19,20,1,4351373312|2483120640|1418926080|811865600|465097984|266757712|153172640|88048040|50666112|29185120|16828224|9712560|5610880,24|23|26|25|20|19|20|19|22|23|24|23|26
12,4|4|4|3|3|3|1|1|1,0,0|4,2,8,10,2,3824449200|2203215300|1269777600|732170790|422409780|243842430|140848260|81408795|47084460|27250650|15782400|9146775|5304750,8|9|16|9|8|13|14|13|12|15|30|15|14
12,4|4|4|3|3|2|2|2,0,0|2|4|6,4,12,16,4,3331520192|1919245328|1106587664|638527344|368715984|213064306|123205014|71292102|41280848|23919364|13868932|8046808|4671744,12|13|12|15|12|13|12|15|16|17|16|21|28
12,4|4|4|3|3|1|1|1|1|1|1,0,0|2|4|6,4,14,18,4,2416267392|1444507680|861247200|512314176|304155808|180277372|106706380|63088200|37265424|21995988|12975564|7650720|4509120,14|15|14|19|14|15|14|19|16|17|16|25|24
12,4|4|4|3|2|1|1|1|1|1|1|1,1,5|7,2,21,22,1,2008326144|1233374208|754114560|459257856|278701568|168601952|101716544|61218000|36767488|22042944|13194816|7887792|4709760,26|25|30|29|22|21|22|21|24|25|24|23|26
12,4|4|4|2|2|2|2|2|2,0,0|4,2,12,14,2,908596416|543182640|324498720|193696776|115517584|68830944|40976900|24374560|14487984|8605716|5108628|3030930|1797180,12|13|14|13|12|21|14|23|16|17|16|17|16
12,4|4|4|2|2|2|1|1|1|1|1|1,0,0|4,2,8,10,2,1510167120|935647020|577291440|354822402|217316396|132669130|80755510|49026005|29693132|17946306|10826340|6519975|3920070,8|9|12|9|8|13|12|13|12|15|16|15|14
12,4|4|4|2|2|1|1|1|1|1|1|1|1,0,0|4,2,6,8,2,688400856|436486050|275118480|172452267|107547570|66757392|41261940|25405830|15589280|9536526|5817888|3540405|2149290,6|7|12|7|6|19|14|15|18|15|22|15|14
12,4|4|3|3|3|3|2|2,0,0|2|4|6,4,12,16,4,1835735616|1070845776|625415856|365657760|213987696|125331674|73459314|43083324|25282320|14843844|8719308|5124108|3012768,12|13|12|17|12|13|12|17|16|17|16|19|22
12,4|4|3|3|3|2|2|2|1,1,3|5,2,15,16,1,3807451648|2255501248|1336424128|791961456|469347840|278159908|164848808|97691328|57889216|34301192|20323376|12041216|7134336,18|17|16|15|22|15|16|25|20|19|20|35|26
12,4|4|3|3|3|2|2|1|1|1,0,0|4,2,8,10,2,4933212592|2949203180|1761861640|1051857422|627596508|374248182|223053600|132875015|79118340|47089994|28016884|16663955|9909130,8|9|10|9|8|13|20|13|12|15|16|15|14
12,4|4|3|3|3|2|1|1|1|1|1,1,3|5,2,15,16,1,3389050368|2056760640|1245591360|752928912|454364544|273778788|164741400|99007620|59435808|35644320|21357216|12786840|7650720,18|17|16|15|18|15|16|17|18|23|22|21|22
12,4|4|3|3|3|1|1|1|1|1|1|1,0,0|2|4|6,4,14,18,4,1223823744|758238624|468003744|287879904|176538336|107960268|65857188|40083108|24346352|14760804|8934612|5400252|3259872,14|15|14|17|14|15|14|17|16|17|16|19|22
12,4|4|3|3|2|2|2|2|1|1,0,0|4,2,12,14,2,3624401088|2193025296|1325695360|800609832|483022320|291126264|175294548|105448140|63373744|38054196|22832268|13689566|8203140,12|13|18|13|12|17|14|17|16|17|16|17|16
12,4|4|3|3|2|2|2|1|1|1|1,0,0|4,2,8,10,2,3706773840|2269727460|1386871560|845741466|514786404|312788670|189738090|114916515|69499332|41975658|25321320|15258375|9186210,8|9|10|9|8|13|12|13|12|15|18|15|14
12,4|4|3|3|1|1|1|1|1|1|1|1|1|1,0,0|4,2,6,8,2,239850072|157292982|102424212|66249711|42582342|27209622|17292132|10934322|6882288|4313682|2693484|1676169|1040094,6|7|8|7|6|13|14|15|16|15|16|15|14
12,4|4|3|2|2|2|2|2|1|1|1,1,3|5,2,15,16,1,1882805760|1169931840|725483840|448946064|277238016|170845740|105064920|64481160|39496576|24147864|14738160|8980840|5464800,18|17|16|15|20|15|16|19|22|19|20|21|22
12,4|4|3|2|1|1|1|1|1|1|1|1|1|1|1,1,3|5,2,15,16,1,120598016|81928000|55200320|36894928|24469760|16109212|10530840|6838720|4413696|2832368|1808128|1148840|726880,18|17|16|15|20|15|16|25|24|21|28|21|22
12,4|4|2|2|2|2|2|2|2|1|1,0,0|2|4|6,4,12,16,4,423631296|268606800|170001360|107376624|67673040|42550914|26689590|16698750|10421376|6487560|4029048|2496780|1544400,12|13|12|15|12|13|12|15|22|19|18|19|20
12,4|4|2|2|2|2|2|2|1|1|1|1,0,0|2|4|6,4,12,16,4,475931456|305216912|195169520|124431840|79093872|50121578|31663826|19941460|12520480|7837816|4892728|3046516|1892880,12|13|12|17|12|13|12|17|18|19|18|19|20
12,4|4|2|2|2|1|1|1|1|1|1|1|1|1|1,0,0|2|4|6,4,12,16,4,84603200|57934800|39375600|26565440|17794480|11836330|7820010|5132920|3348240|2171300|1400460|898920|574640,12|13|12|19|12|13|12|19|16|17|16|21|20
12,4|4|2|2|1|1|1|1|1|1|1|1|1|1|1|1,0,0|2|4|6,4,12,16,4,25049024|17697680|12393680|8603088|5919888|4038658|2732190|1833370|1220688|806804|529652|345620|224400,12|13|12|15|12|13|12|15|16|17|16|19|20
12,4|3|3|3|3|3|3|1|1,0,0|2,2,6,8,2,654405752|391220830|234178230|140336768|84186388|50547497|30372815|18261530|10984848|6609865|3978029|2394150|1440670,6|7|6|21|8|11|10|15|16|13|12|17|14
12,4|3|3|3|3|2|2|2|1|1,0,0|4,2,8,10,2,1729827792|1059206148|648509064|396996138|242978148|148673378|90940242|55603821|33981612|20755602|12668796|7726719|4708242,8|9|10|9|8|13|12|13|12|15|16|15|14
12,4|3|3|3|3|2|2|1|1|1|1,0,0|4,2,12,14,2,1699755200|1053109200|651684800|402829960|248746160|153447840|94567980|58224560|35812800|22005100|13506300|8280250|5069900,12|13|16|13|12|21|14|21|20|17|16|17|16
12,4|3|3|3|2|2|2|2|1|1|1,0,0|4,2,8,10,2,1376801712|862995276|540260136|337791870|210930876|131542866|81925668|50954733|31647772|19627866|12154752|7514991|4638546,8|9|10|9|8|13|14|13|12|15|26|15|14
12,4|3|3|3|2|2|1|1|1|1|1|1|1,0,0|2,2,4,6,2,679575204|440738991|284669913|183162573|117428454|75031649|47789181|30345483|19212732|12129750|7636698|4794702|3002076,4|5|4|7|6|11|10|13|12|15|14|17|16
12,4|3|3|3|1|1|1|1|1|1|1|1|1|1|1,0,0|4,2,6,8,2,59491432|40738698|27696604|18699473|12541386|8358194|5536926|3647098|2389296|1557190|1009836|651739|418682,6|7|8|7|6|13|12|15|16|15|16|15|14
12,4|3|3|2|2|2|2|2|2|2,0,0|2,2,8,10,2,247118256|156687300|99283740|62854236|39748080|25104299|15833055|9970275|6267884|3933270|2463498|1539780|960300,8|9|8|11|12|11|10|13|12|15|14|19|16
12,4|3|3|2|2|2|2|1|1|1|1|1|1,0,0|2,2,4,6,2,514829700|337623825|220600925|143629260|93193410|60265715|38844255|24956085|15982120|10202535|6492255|4117960|2603370,4|5|4|11|6|11|10|13|14|13|12|21|14
12,4|3|3|2|2|2|1|1|1|1|1|1|1|1,0,0|2,2,6,8,2,283459176|189999810|126688770|84050460|55494036|36469992|23860440|15543045|10082324|6513183|4190463|2685210|1713690,6|7|6|11|8|17|16|13|12|13|12|17|14
12,4|3|3|1|1|1|1|1|1|1|1|1|1|1|1|1|1,0,0|2,2,8,10,2,4845456|3563868|2597908|1876716|1343472|953069|670077|466977|322644|221058|150222|101266|67716,8|9|8|11|12|11|10|13|12|15|14|17|16
12,4|3|2|2|2|2|2|2|2|1|1|1,1,5|7,2,19,20,1,213004288|140073472|91949056|60240384|39382272|25686736|16712224|10844232|7016576|4526240|2910464|1865216|1191168,24|23|26|25|20|19|20|19|22|23|28|33|28
12,4|3|2|2|2|1|1|1|1|1|1|1|1|1|1|1,1,5|7,2,19,20,1,27979776|20021760|14223360|10031616|7024896|4884752|3372960|2313000|1575296|1065600|715968|477840|316800,24|23|26|25|20|19|20|19|22|27|24|23|26
12,4|2|2|2|2|2|2|2|2|2|2,0,0|4,2,8,10,2,11767536|7887660|5284280|3537054|2364636|1578344|1051470|698850|463216|306054|201468|132055|86130,8|9|10|9|8|17|12|15|16|15|16|15|14
12,4|2|2|2|2|2|2|2|1|1|1|1|1|1,0,0|4,2,10,12,2,29072736|20119176|13878816|9543204|6540264|4466774|3039534|2060289|1390676|934416|624708|415338|274428,10|11|14|11|10|13|12|13|12|21|16|17|16
12,4|2|2|2|2|2|2|1|1|1|1|1|1|1|1,0,0|4,2,10,12,2,18305056|12932920|9095680|6367996|4438072|3078802|2125750|1460515|998284|678600|458568|307890|205260,10|11|22|11|10|13|12|13|12|19|18|17|16
12,4|2|2|2|1|1|1|1|1|1|1|1|1|1|1|1|1|1,0,0|4,2,6,8,2,961400|741950|568100|431475|324990|242700|179660|131795|95780|68930|49100|34595|24090,6|7|8|7|6|15|14|13|12|15|16|15|14
12,4|2|2|1|1|1|1|1|1|1|1|1|1|1|1|1|1|1|1,0,0|4,2,6,8,2,197064|157794|125324|98685|77010|59528|45558|34503|25844|19134|13992|10097|7182,6|7|8|7|6|17|12|13|12|15|18|15|14
12,3|3|3|3|3|3|3|1|1|1,0,0|2,2,6,8,2,127481640|78983190|49002330|30443634|18939492|11798345|7359365|4596315|2874168|1799409|1127835|707685|444510,6|7|6|9|8|11|10|13|14|13|12|15|14
12,3|3|3|3|3|3|2|2|2,0,0|4,2,8,10,2,118982864|73717644|45752304|28442258|17708652|11041862|6894502|4310607|2698500|1691338|1061304|666699|419254,8|9|12|9|8|13|12|13|12|15|18|15|14
12,3|3|3|3|3|3|1|1|1|1|1|1,0,0|4,2,12,14,2,109830336|70434672|45116640|28872936|18464976|11803016|7542092|4818380|3077984|1966188|1256052|802494|512820,12|13|14|13|12|17|14|17|18|17|16|17|16
12,3|3|3|3|3|2|2|2|1|1|1,1,3|5,2,15,16,1,292880896|186234048|118429888|75321968|47913856|30485836|19402088|12351668|7865760|5010752|3193152|2035616|1298176,18|17|16|15|18|15|16|17|18|25|24|25|28
12,3|3|3|3|2|2|2|2|2|2,0,0|2,2,8,10,2,75716368|48557236|31156580|19999616|12841920|8247967|5298509|3404380|2187724|1406090|903854|581098|373660,8|9|8|21|16|11|10|17|12|15|14|17|16
12,3|3|3|3|2|2|2|1|1|1|1|1|1,0,0|2,2,6,8,2,151016712|100130646|66235026|43720974|28804908|18945344|12441572|8159347|5344500|3496941|2285871|1492953|974358,6|7|6|9|8|23|14|13|12|13|12|15|14
12,3|3|3|3|2|2|1|1|1|1|1|1|1|1,0,0|2,2,4,6,2,79430868|53817291|36322965|24429357|16377678|10947951|7299207|4855050|3222480|2134809|1411839|932283|614790,4|5|4|7|6|11|10|15|16|13|12|15|14
12,3|3|3|2|2|2|2|2|2|1|1|1,0,0|4,2,8,10,2,100677808|66753764|44227744|29280086|19368404|12801162|8453456|5577621|3677044|2422106|1594204|1048487|689062,8|9|14|9|8|13|18|13|12|15|16|15|14
12,3|3|3|2|2|2|2|1|1|1|1|1|1|1,0,0|2,2,4,6,2,63740820|43648605|29791905|20271888|13754442|9307285|6282145|4230270|2842308|1905822|1275450|852060|568260,4|5|4|15|6|11|10|15|12|15|14|19|16
12,3|3|3|2|2|1|1|1|1|1|1|1|1|1|1|1,0,0|4,2,6,8,2,12113640|8734110|6259360|4459701|3159774|2226900|1561590|1089900|757344|524106|361320|248215|169950,6|7|14|7|6|15|12|17|18|15|18|15|14
12,3|3|3|1|1|1|1|1|1|1|1|1|1|1|1|1|1|1,0,0|2,2,8,10,2,481712|371756|284716|216376|163168|122097|90671|66836|48916|35558|25682|18436|13156,8|9|8|13|14|11|10|17|12|15|14|19|16
12,3|3|2|2|2|2|2|2|2|2|1|1,0,0|4,2,8,10,2,28883952|19569924|13255920|8975286|6073524|4107048|2775006|1873260|1263264|850986|572616|384867|258390,8|9|12|9|8|17|12|17|18|15|18|15|14
12,3|3|2|2|2|2|2|2|2|1|1|1|1,0,0|4,2,10,12,2,33995104|23279256|15922608|10877620|7421752|5057182|3441258|2338359|1586620|1074956|727212|491238|331364,10|11|12|11|10|13|12|13|12|17|16|17|16
12,3|3|2|2|2|2|1|1|1|1|1|1|1|1|1|1,0,0|4,2,10,12,2,8460320|6161320|4464240|3218732|2309736|1649890|1173370|830945|586052|411716|288160|200970|139700,10|11|12|11|10|13|12|13|12|17|22|17|16
12,3|3|2|2|2|1|1|1|1|1|1|1|1|1|1|1|1,0,0|4,2,6,8,2,3131128|2348346|1750320|1296607|954746|698906|508712|368235|265132|189922|135384|96063|67870,6|7|12|7|6|13|16|13|12|15|18|15|14
12,3|3|1|1|1|1|1|1|1|1|1|1|1|1|1|1|1|1|1|1,0,0|4,2,6,8,2,17480|14630|12160|10033|8214|6670|5370|4285|3388|2654|2060|1585|1210,6|7|18|7|6|13|12|13|12|15|16|15|14
12,3|2|2|2|2|2|2|2|1|1|1|1|1|1|1,1,3|5,2,17,18,1,4922368|3558016|2565760|1846048|1325312|949416|678672|484080|344512|244616|173264|122408|86240,20|19|18|17|20|17|18|21|20|19|20|21|22
12,3|2|2|2|1|1|1|1|1|1|1|1|1|1|1|1|1|1|1,1,3|5,2,15,16,1,129536|104896|84416|67504|53632|42332|33192|25852|20000|15368|11728|8888|6688,18|17|16|15|18|15|16|17|18|19|20|21|22
12,2|2|2|2|2|2|2|2|2|2|2|1|1,0,0|2,2,6,8,2,534888|385662|278426|201246|145620|105477|76473|55494|40304|29295|21309|15511|11298,6|7|6|9|8|11|10|15|16|13|12|15|14
12,2|2|2|2|2|2|2|2|2|2|1|1|1|1,0,0|2,2,6,8,2,653752|476102|346902|252892|184452|134601|98271|71781|52456|38351|28051|20526|15026,6|7|6|11|8|11|10|13|14|13|12|17|14
12,2|2|2|2|2|2|2|1|1|1|1|1|1|1|1|1|1,0,0|2,2,4,6,2,211508|163229|125609|96404|73810|56386|42988|32713|24852|18851|14279|10802|8162,4|5|4|11|6|13|14|13|12|13|12|17|14
12,2|2|2|2|2|2|1|1|1|1|1|1|1|1|1|1|1|1,0,0|2,2,4,6,2,92092|73073|57759|45487|35698|27924|21776|16933|13132|10159|7841|6039|4642,4|5|4|7|6|15|18|13|12|13|12|15|14
12,2|2|2|1|1|1|1|1|1|1|1|1|1|1|1|1|1|1|1|1|1,0,0|2,2,4,6,2,1748|1539|1349|1177|1022|883|759|649|552|467|393|329|274,4|5|4|7|6|11|10|13|14|13|12|15|14
12,2|2|1|1|1|1|1|1|1|1|1|1|1|1|1|1|1|1|1|1|1|1,0,0|2,2,4,6,2,252|231|211|192|174|157|141|126|112|99|87|76|66,4|5|4|19|6|11|10|15|16|13|12|19|14
13,24|1|1,0,0|2,2,4,5,1,300|24|1|0|0|0|0|0|0|0|0|0|0|0,4|7|4|inf|inf|inf|inf|inf|inf|inf|inf|inf|inf|inf
13,23|1|1|1,0,0|2,2,4,5,1,2300|276|23|1|0|0|0|0|0|0|0|0|0|0,4|5|4|5|inf|inf|inf|inf|inf|inf|inf|inf|inf|inf
13,21|2|1|1|1,1,3|5,2,9,11,2,210496|40480|6600|860|80|4|0|0|0|0|0|0|0|0,12|11|10|9|12|9|inf|inf|inf|inf|inf|inf|inf|inf
13,20|5|1,0,0|2,2,8,9,1,837200|170016|31724|5280|744|80|5|0|0|0|0|0|0|0,8|11|8|15|10|13|10|inf|inf|inf|inf|inf|inf|inf
13,20|4|2,0,0|2,2,4,5,1,1524900|319056|60775|10200|1428|150|9|0|0|0|0|0|0|0,4|9|4|11|8|7|10|inf|inf|inf|inf|inf|inf|inf
13,20|4|1|1,0,0|2,2,4,5,1,1701700|361284|69377|11679|1632|170|10|0|0|0|0|0|0|0,4|5|4|5|14|7|12|inf|inf|inf|inf|inf|inf|inf
13,20|2|2|2,0,0|2,2,4,5,1,864500|191520|37905|6460|894|90|5|0|0|0|0|0|0|0,4|11|4|9|6|7|10|inf|inf|inf|inf|inf|inf|inf
13,20|1|1|1|1|1|1,0,0|2,2,4,5,1,177100|42504|8855|1540|210|20|1|0|0|0|0|0|0|0,4|7|4|9|6|9|10|inf|inf|inf|inf|inf|inf|inf
13,19|5|2,0,0|2,2,4,5,1,6249100|1461328|320397|64600|11620|1770|206|14|0|0|0|0|0|0,4|9|4|11|8|7|12|13|inf|inf|inf|inf|inf|inf
13,19|5|1|1,0,0|2,2,4,5,1,6727500|1593900|352275|71325|12840|1950|225|15|0|0|0|0|0|0,4|5|4|5|10|7|10|11|inf|inf|inf|inf|inf|inf
13,19|4|2|1,0,0|2,2,8,9,1,15906800|3866576|871948|178676|32216|4840|545|35|0|0|0|0|0|0,8|9|8|9|10|11|10|11|inf|inf|inf|inf|inf|inf
13,19|4|1|1|1,1,3|7,2,15,17,2,9152000|2266880|517440|106720|19264|2880|320|20|0|0|0|0|0|0,18|17|16|15|16|17|22|15|inf|inf|inf|inf|inf|inf
13,19|3|2|2,0,0|2,2,4,5,1,9657700|2406996|553299|114665|20706|3080|339|21|0|0|0|0|0|0,4|5|4|5|6|11|10|11|inf|inf|inf|inf|inf|inf
13,19|1|1|1|1|1|1|1,0,0|2,2,4,5,1,480700|134596|33649|7315|1330|190|19|1|0|0|0|0|0|0,4|5|4|5|6|7|10|11|inf|inf|inf|inf|inf|inf
13,18|4|2|2,0,0|2,2,4,5,1,56241900|15401628|3979569|956403|209430|40480|6546|798|56|0|0|0|0|0,4|5|4|5|6|15|12|13|14|inf|inf|inf|inf|inf
13,18|3|3|1|1,0,0|2|4|6,4,12,16,4,56929600|15940288|4190704|1019184|224400|43280|6922|826|56|0|0|0|0|0,12|13|12|13|12|13|12|13|14|inf|inf|inf|inf|inf
13,18|3|2|1|1|1,1,5|7,2,17,22,5,65894400|18957312|5085696|1253376|277632|53440|8448|984|64|0|0|0|0|0,22|21|22|31|18|17|26|17|20|inf|inf|inf|inf|inf
13,17|6|3,1,3|5|7|9,4,17,22,5,84198400|23705088|6461312|1691456|420480|97600|20592|3768|544|48|0|0|0|0,20|19|18|17|18|17|18|17|18|17|inf|inf|inf|inf
13,17|6|1|1|1,1,3|5,2,9,11,2,99985600|29072736|8110872|2157108|541296|126060|26504|4788|672|56|0|0|0|0,12|11|10|9|12|9|16|15|18|15|inf|inf|inf|inf
13,17|5|2|2,0,0|2,2,4,5,1,218060700|64411776|18254379|4919460|1245114|290550|60710|10800|1480|120|0|0|0|0,4|15|4|9|6|7|12|19|14|15|inf|inf|inf|inf
13,17|4|3|1|1,1,3|5,2,13,15,2,399942400|121213312|35091936|9612176|2457728|575120|119448|20904|2784|216|0|0|0|0,16|15|14|13|18|13|16|17|18|15|inf|inf|inf|inf
13,17|3|3|2|1,1,3|5,2,13,15,2,315744000|97637760|28760160|7984080|2058624|482800|99760|17220|2240|168|0|0|0|0,16|15|14|13|18|13|18|15|20|15|inf|inf|inf|inf
13,17|3|3|1|1|1,0,0|2|4|6,4,12,16,4,227240000|71318400|21242000|5943200|1539600|361600|74550|12780|1640|120|0|0|0|0,12|15|12|15|12|19|12|15|14|15|inf|inf|inf|inf
13,17|2|2|2|1|1|1,1,3|7,2,15,17,2,93350400|30590208|9442752|2714016|714816|168640|34432|5748|704|48|0|0|0|0,18|17|16|15|16|17|24|15|20|17|inf|inf|inf|inf
13,17|2|1|1|1|1|1|1|1,1,3|5,2,13,15,2,15997696|5537664|1785696|529872|142272|33744|6816|1104|128|8|0|0|0|0,16|15|14|13|16|13|20|19|22|15|inf|inf|inf|inf
13,16|9|1,0,0|2,2,4,5,1,21246940|5883768|1609509|434112|115056|29792|7462|1776|388|72|9|0|0|0,4|7|4|17|12|15|12|19|12|15|12|inf|inf|inf
13,16|8|2,0,0|2,2,6,7,1,87487400|25304048|7189182|2000016|542232|142200|35637|8358|1764|308|35|0|0|0,6|9|6|13|10|11|10|13|12|13|12|inf|inf|inf
13,16|8|1|1,0,0|2,2,4,5,1,90579060|26476956|7578549|2119203|576504|151488|37989|8901|1872|324|36|0|0|0,4|5|4|5|10|17|10|11|16|13|16|inf|inf|inf
13,16|6|2|2,0,0|2,2,6,7,1,615043000|193028880|58850770|17338640|4900896|1315160|329725|75240|14920|2340|225|0|0|0,6|9|6|13|14|11|10|17|14|13|12|inf|inf|inf
13,16|5|5,0,0|2,2,4,5,1,113733620|34994960|10517507|3068728|862108|230542|57720|13188|2632|420|42|0|0|0,4|9|4|11|8|7|16|15|14|13|14|inf|inf|inf
13,16|5|3|2,0,0|2,2,4,5,1,1258042500|402573600|124948725|37377900|10686030|2885250|722970|163560|31860|4860|450|0|0|0,4|11|4|9|6|7|12|17|12|13|14|inf|inf|inf
13,16|5|2|2|1,0,0|2,2,6,7,1,1487285800|485083984|152857166|46253600|13328408|3614320|906075|204120|39340|5880|525|0|0|0,6|9|6|15|10|13|10|17|12|15|12|inf|inf|inf
13,16|5|2|1|1|1,1,5|9,2,19,21,2,1279815680|423323648|134830080|41120256|11912448|3239808|812512|182560|34944|5152|448|0|0|0,24|23|26|23|20|19|20|21|22|19|24|inf|inf|inf
13,16|5|1|1|1|1|1,0,0|2,2,4,5,1,365061060|123559128|40067181|12383820|3620286|989484|248292|55524|10500|1512|126|0|0|0,4|7|4|9|6|9|14|15|12|15|14|inf|inf|inf
13,16|4|4|2,0,0|2,2,4,5,1,712331620|230137908|72066995|21724521|6246786|1691872|423787|95445|18424|2772|252|0|0|0,4|5|4|5|6|15|10|11|14|13|16|inf|inf|inf
13,16|4|3|3,0,0|2,2,8,9,1,598598000|195235040|61641580|18705440|5404256|1467440|367575|82530|15820|2352|210|0|0|0,8|11|8|15|14|13|10|13|12|17|14|inf|inf|inf
13,16|4|2|2|2,0,0|2,2,8,9,1,872242800|292536816|94488108|29179956|8534136|2332720|584545|130315|24560|3540|300|0|0|0,8|9|8|9|10|13|10|11|16|13|16|inf|inf|inf
13,16|4|2|2|1|1,0,0|2,2,6,7,1,1657261320|560919216|182446550|56636112|16622736|4552392|1140984|253890|47628|6804|567|0|0|0,6|9|6|13|12|11|16|13|12|13|12|inf|inf|inf
13,16|4|2|1|1|1|1,0,0|2,2,8,9,1,1033942000|356312320|117537420|36872160|10900032|2996760|751335|166530|30940|4340|350|0|0|0,8|17|8|15|16|11|10|13|12|13|14|inf|inf|inf
13,16|4|1|1|1|1|1|1,0,0|2,2,4,5,1,252191940|89237148|30069039|9586317|2865486|792506|198757|43771|8008|1092|84|0|0|0,4|5|4|5|6|7|10|11|14|13|16|inf|inf|inf
13,16|3|2|2|1|1|1,0,0|2,2,6,7,1,946454600|331987152|111327118|35416304|10578624|2924320|732683|161112|29456|4032|315|0|0|0,6|9|6|13|16|15|10|17|16|21|12|inf|inf|inf
13,16|2|2|2|2|1|1,0,0|2,2,8,9,1,274482000|97968960|33375420|10758960|3244824|901560|225765|49290|8880|1188|90|0|0|0,8|13|8|13|10|11|10|13|16|13|14|inf|inf|inf
13,16|2|2|2|1|1|1|1,0,0|2,2,6,7,1,230945000|83850800|28956950|9431600|2864840|799000|200100|43500|7760|1020|75|0|0|0,6|9|6|13|10|11|14|15|16|13|12|inf|inf|inf
13,16|1|1|1|1|1|1|1|1|1|1,0,0|2,2,6,7,1,3268760|1307504|490314|170544|54264|15504|3876|816|136|16|1|0|0|0,6|9|6|13|10|13|14|19|14|17|12|inf|inf|inf
13,15|9|2,0,0|2,2,4,5,1,131231100|39571224|11813725|3488400|1017144|292040|82173|22470|5880|1428|300|44|0|0,4|7|4|13|10|11|10|13|14|13|16|17|inf|inf
13,15|9|1|1,0,0|2,2,6,7,1,135207800|41186376|12385758|3676386|1075896|309680|87269|23877|6244|1512|315|45|0|0,6|7|6|7|10|13|10|11|12|15|12|13|inf|inf
13,15|8|2|1,0,0|2,2,4,5,1,743642900|235677596|73493805|22514715|6758928|1980400|562702|153370|39340|9156|1785|231|0|0,4|5|4|5|12|13|12|13|12|13|12|13|inf|inf
13,15|8|1|1|1,1,3|7,2,17,19,2,390374400|125520384|39566208|12217152|3688320|1084800|308896|84232|21568|4992|960|120|0|0,20|19|18|17|18|19|20|17|20|23|24|19|inf|inf
13,15|7|2|2,0,0|2,2,6,7,1,1312311000|432053160|139467790|44020530|13534992|4032120|1154295|313425|78960|17724|3255|385|0|0,6|7|6|7|12|11|10|11|16|13|12|13|inf|inf
13,15|6|3|1|1,1,3|5,2,9,11,2,4383579200|1490416928|495168520|160214460|50248464|15175300|4370464|1182580|293440|63952|11200|1232|0|0,12|11|10|9|12|9|20|15|20|17|24|21|inf|inf
13,15|5|5|1,0,0|2,2,4,5,1,1168581700|391924324|128934817|41438639|12940400|3897410|1120416|302808|75136|16428|2910|330|0|0,4|5|4|5|12|7|20|17|22|13|14|15|inf|inf
13,15|5|4|2,0,0|2,2,8,9,1,3574485200|1220824176|408017324|132861300|41911584|12709840|3665519|989571|243940|52596|9090|990|0|0,8|9|8|9|14|13|10|11|12|13|14|15|inf|inf
13,15|5|3|3,0,0|2,2,4,5,1,2405903500|829111360|279294015|91546180|29026162|8832670|2551395|688380|169120|36204|6180|660|0|0,4|13|4|9|6|7|10|15|18|13|16|17|inf|inf
13,15|5|2|2|2,0,0|2,2,6,7,1,3075215000|1088153000|374682550|124981450|40152640|12326600|3575660|963710|234940|49440|8175|825|0|0,6|7|6|7|16|11|14|13|12|19|12|13|inf|inf
13,15|5|2|2|1|1,0,0|2,2,8,9,1,5774168400|2060933952|714464828|239564160|77258808|23778040|6906009|1860936|452760|94836|15540|1540|0|0,8|13|8|19|10|11|10|17|14|13|16|17|inf|inf
13,15|5|2|1|1|1|1,0,0|2,2,4,5,1,3505745100|1272855144|447304935|151570980|49261410|15239180|4436993|1195040|289520|60060|9660|924|0|0,4|7|4|9|6|9|10|21|16|13|16|17|inf|inf
13,15|5|1|1|1|1|1|1,0,0|2,2,8,9,1,811246800|302033424|108338076|37306500|12270192|3825800|1118051|300839|72380|14784|2310|210|0|0,8|9|8|9|12|11|10|11|12|21|14|15|inf|inf
13,15|4|4|3,0,0|2,2,4,5,1,1706004300|593164572|201506305|66552915|21234174|6489600|1877850|505890|123620|26208|4410|462|0|0,4|5|4|5|6|23|12|13|12|19|14|15|inf|inf
13,15|4|4|2|1,1,3|7,2,15,17,2,4925606400|1735329024|595877568|198480672|63730368|19560320|5671536|1527132|371808|78192|12960|1320|0|0,18|17|16|15|16|19|18|15|18|17|22|19|inf|inf
13,15|4|3|2|2,1,3|7,2,15,17,2,5009804800|1795822336|626058048|211180256|68473280|21154560|6151824|1654212|400064|82992|13440|1320|0|0,18|17|16|15|16|21|18|15|20|17|26|19|inf|inf
13,15|4|2|2|2|1,0,0|2,2,6,7,1,4461857400|1633726248|579842494|198453138|65060904|20248920|5908191|1586613|380996|77868|12285|1155|0|0,6|7|6|7|10|11|10|11|12|13|12|13|inf|inf
13,15|4|2|2|1|1|1,1,3|5|7|9,4,17,21,4,4799308800|1779436032|637901440|220029120|72550656|22665920|6625200|1778280|425600|86352|13440|1232|0|0,20|19|18|17|20|17|18|17|22|17|26|21|inf|inf
13,15|4|2|1|1|1|1|1,0,0|2,2,4,5,1,2346821100|888181524|323767125|113154975|37677474|11847150|3473172|931320|221580|44388|6750|594|0|0,4|5|4|5|6|7|14|17|12|13|14|15|inf|inf
13,15|4|1|1|1|1|1|1|1,1,3|7,2,15,17,2,483724800|188280576|70264128|25023456|8450496|2681920|789504|211332|49824|9792|1440|120|0|0,18|17|16|15|16|17|30|15|18|21|22|19|inf|inf
13,15|3|2|2|2|1|1,0,0|2,2,6,7,1,2762102200|1045349448|381983030|133990090|44781672|14119040|4142060|1108380|262360|52164|7875|693|0|0,6|7|6|7|10|19|14|15|14|13|12|13|inf|inf
13,15|3|2|2|1|1|1|1,0,0|2,2,8,9,1,2215590000|852150000|315493100|111816900|37659960|11934000|3509025|938145|221000|43500|6450|550|0|0,8|9|8|9|10|13|10|11|14|13|14|15|inf|inf
13,15|2|2|2|2|1|1|1,0,0|2,2,6,7,1,676039000|264175240|99280510|35655970|12137728|3874080|1142295|304605|71120|13776|1995|165|0|0,6|7|6|7|20|15|10|11|16|17|12|13|inf|inf
13,15|1|1|1|1|1|1|1|1|1|1|1,0,0|2,2,6,7,1,4457400|1961256|817190|319770|116280|38760|11628|3060|680|120|15|1|0|0,6|7|6|7|10|11|14|15|14|15|12|13|inf|inf
13,14|8|2|2,0,0|2,2,4,5,1,2143441300|732067644|246818341|82062995|26869248|8645560|2724743|836577|247940|69776|18060|4004|616|0,4|5|4|5|22|11|10|11|12|17|16|17|18|inf
13,14|7|4|1,1,5|7|9|11,4,23,28,5,5119262720|1772052480|606093312|204443648|67838976|22067712|7003264|2152896|634112|175744|44352|9504|1408|0,28|27|32|29|24|23|24|23|24|23|24|23|26|inf
13,14|7|3|1|1,0,0|2|4|6,4,14,18,4,8838727040|3127549568|1089321376|372871200|125153184|41059616|13104884|4039988|1189280|327888|81684|17028|2376|0,14|15|14|15|14|15|14|15|18|17|16|17|18|inf
13,14|7|2|1|1|1,1,5|7,2,19,24,5,6558289920|2371074048|840440832|291723264|98977536|32730752|10502016|3246096|955136|262080|64512|13104|1728|0,24|23|24|27|20|19|24|19|24|21|32|21|24|inf
13,14|6|4|1|1,0,0|2|4|6,4,12,16,4,11898286400|4283383104|1517329968|527699312|179626896|59593680|19156026|5915322|1732248|471128|114660|23100|3080|0,12|13|12|13|12|13|12|13|14|15|16|17|18|inf
13,14|6|3|2|1,1,3|5,2,9,11,2,22096817600|8056839648|2886258232|1013386660|347613552|115993020|37425960|11575080|3385920|916544|220800|43648|5632|0,12|11|10|9|12|9|16|17|20|21|26|27|30|inf
13,14|6|3|1|1|1,0,0|2|4|6,4,12,16,4,14653679040|5410589184|1957907952|692935776|239157360|80164032|25942410|8034516|2349144|634032|151704|29568|3696|0,12|19|12|15|12|17|12|15|14|17|18|27|20|inf
13,14|5|5|2,0,0|2,2,4,5,1,5155507500|1855982700|658491075|229591725|78376320|26068350|8392175|2590995|756900|204840|49500|9900|1320|0,4|5|4|5|18|7|10|11|12|15|16|17|18|inf
13,14|5|4|1|1|1,1,5|7,2,17,21,4,14313728000|5351132160|1960358400|701934080|244780416|82725440|26909280|8342520|2429120|648928|152640|29040|3520|0,22|21|22|23|18|17|20|17|20|19|24|21|24|inf
13,14|5|2|2|1|1|1,0,0|2,2,4,5,1,15616500900|6054397272|2289201453|841770300|299890710|102982460|33842788|10532172|3054800|804720|183960|33264|3696|0,4|7|4|9|6|9|14|15|16|17|18|21|20|inf
13,14|4|4|2|2,0,0|8,2,14,20,6,10998416000|4162477440|1544192320|559584960|197210112|67203840|21974040|6820440|1978280|523224|120960|22440|2640|0,14|15|16|17|28|21|16|17|14|15|26|19|20|inf
13,14|4|2|2|2|1|1,0,0|2,2,8,9,1,13473059600|5347768272|2067821756|776039572|281346912|97928600|32452959|10119417|2917684|756784|168420|29260|3080|0,8|9|8|9|14|11|10|11|12|17|16|17|18|inf
13,14|4|2|2|1|1|1|1,0,0|2,2,4,5,1,10517235300|4239254844|1660128591|629467245|230049270|80546290|26792073|8365797|2408780|621720|136980|23364|2376|0,4|5|4|5|6|7|10|11|12|15|16|17|18|inf
13,14|3|3|3|2|1,1,5|7,2,17,21,4,9194465280|3607059456|1382244864|515294208|185927040|64504128|21330400|6642888|1914752|497280|111168|19536|2112|0,22|21|22|25|18|17|20|17|22|23|24|21|24|inf
13,14|3|3|2|2|2,0,0|2|4|6,4,12,16,4,5814952000|2308088640|893635600|336079120|122129904|42597360|14133470|4406310|1268000|327648|72540|12540|1320|0,12|13|12|13|12|13|12|13|18|19|16|17|18|inf
13,14|3|3|1|1|1|1|1|1,0,0|2|4|6,4,12,16,4,2812322240|1168195392|469817712|182270192|67880592|24106576|8089250|2531802|725088|184408|39564|6468|616|0,12|13|12|13|12|13|12|13|18|15|16|17|18|inf
13,14|3|2|2|2|1|1|1,1,5|9,2,19,21,2,6399078400|2628544512|1048250368|404149760|149836032|53045120|17764320|5554560|1591040|405344|87360|14432|1408|0,24|23|26|23|20|19|20|25|24|19|24|23|26|inf
13,14|3|2|1|1|1|1|1|1|1,1,5|7,2,17,22,5,1504921600|645958656|267412992|106336768|40401792|14562880|4931584|1547448|440832|110432|23040|3600|320|0,22|21|22|23|18|17|38|17|26|19|30|21|24|inf
13,13|10|3,1,3|5|7|9,4,17,22,5,494474240|163556864|53953920|17757248|5833856|1914432|627952|206008|67616|22192|7264|2352|736|208,20|19|18|17|18|17|18|17|18|17|22|21|22|21
13,13|10|1|1|1,1,3|5,2,11,13,2,538384000|183050560|61680080|20633240|6863648|2273960|751400|247940|81760|26936|8840|2860|880|220,14|13|12|11|14|11|16|15|18|15|18|17|20|17
13,13|9|2|2,0,0|2,2,4,5,1,2636552100|924821352|321765171|111055152|38029680|12921480|4355221|1455048|480956|156660|49860|15216|4248|936,4|7|4|13|12|11|10|17|12|13|16|21|18|19
13,13|8|3|1|1,1,3|5,2,11,13,2,13252636800|4832115264|1743453072|622260792|219570912|76527720|26306640|8897580|2949120|951264|294840|85644|22032|4212,14|13|12|11|14|11|18|15|40|19|18|17|20|17
13,13|7|4|1|1,0,0|2|4|6,4,12,16,4,23096673600|8599069248|3167874864|1153649904|414736080|146902800|51130706|17420018|5776008|1847160|561240|157608|38544|6864,12|13|12|13|12|13|12|13|14|15|18|19|20|21
13,13|7|3|2|1,1,3|5,2,11,13,2,41154072960|15511919808|5777398704|2123864232|769532064|274285144|95917304|32781392|10885056|3478608|1052856|292908|70224|12012,14|13|12|11|14|11|16|19|20|17|18|17|20|17
13,13|7|3|1|1|1,0,0|2|4|6,4,12,16,4,27041560000|10317395200|3880780400|1437996000|524316720|187800000|65913570|22582980|7508200|2399040|724500|200400|47400|7800,12|17|12|15|12|17|12|15|14|21|16|21|18|19
13,13|6|5|1|1,1,3|5,2,15,17,2,19997120000|7537376000|2811300800|1036199200|376718080|134746400|47252800|16167640|5360320|1704640|511600|140800|33440|5720,18|17|16|15|20|15|22|17|20|21|20|31|22|19
13,13|6|4|2|1,1,3|5,2,15,17,2,61591129600|23594140416|8930713792|3334777248|1225880832|442437600|156205104|53677008|17823232|5656448|1685760|457160|105600|17160,18|17|16|15|20|15|18|19|26|23|28|19|26|19
13,13|6|4|1|1|1,0,0|2|4|6,4,14,18,4,37394614400|14497604352|5541656736|2085866816|771702624|279917440|99194964|34170312|11358592|3602928|1070820|288552|65736|10296,14|17|14|17|14|19|14|17|22|17|16|19|18|19
13,13|6|3|3|1,1,3|5|7|9,4,19,24,5,41594009600|16061686784|6124335360|2301802880|850873088|308480640|109279456|37632400|12504640|3964192|1177120|316800|72160|11440,22|21|20|19|20|19|20|19|20|19|22|27|22|21
13,13|6|3|2|2,1,3|5,2,9,11,2,44093649600|17162605152|6589223256|2490952212|925205232|336703500|119614320|41266680|13722240|4347504|1287720|344652|77616|12012,12|11|10|9|12|9|18|17|22|17|18|17|20|17
13,13|6|3|2|1|1,1,3|5|7|9,4,19,24,5,76149032960|29873851392|11543327488|4386557056|1636086528|597346688|212718432|73503024|24458560|7746144|2290176|610368|136224|20592,22|21|20|19|20|19|20|19|20|19|30|25|22|21
13,13|6|3|1|1|1|1,1,3|5|7|9,4,19,24,5,35133696000|13999426560|5479407360|2104202880|791467776|290878080|104087520|36080400|12022080|3804192|1120320|295920|64800|9360,22|21|20|19|20|19|20|19|20|19|24|21|22|21
13,13|6|2|2|1|1|1,1,3|7,2,17,19,2,35524070400|14264280576|5622664320|2172730560|821568384|303222400|108845984|37804200|12604480|3984288|1169280|306600|66240|9360,20|19|18|17|18|19|20|17|20|19|26|19|24|21
13,13|6|1|1|1|1|1|1|1,1,3|5,2,15,17,2,3138009600|1317964032|539601216|215164512|83447424|31412320|11439920|4010040|1341760|422688|122400|31152|6336|792,18|17|16|15|18|15|18|17|20|19|22|21|24|19
13,13|5|5|3,0,0|2,2,4,5,1,12429459900|4742317008|1791255609|668447208|245816532|88793250|31372029|10780902|3575484|1131516|335700|90552|20856|3432,4|9|4|11|8|7|10|13|12|13|16|19|18|19
13,13|5|3|3|1|1,0,0|8,2,14,20,6,61871089280|24748435712|9746248512|3770903552|1429590656|529221888|190432632|66193680|22030344|6928208|2015888|522984|112112|16016,14|17|16|25|18|21|16|19|14|17|20|19|20|21
13,13|5|3|2|1|1|1,1,3|7,2,15,17,2,81158837760|33087833856|13243728960|5194396512|1991369664|743716224|269357616|94009356|31330656|9834048|2843136|727848|152064|20592,18|17|16|15|16|19|18|15|18|21|30|19|30|21
13,13|5|2|2|2|1|1,0,0|2,2,4,5,1,41213472300|16992631656|6872128263|2720164356|1050991578|394989660|143721513|50301594|16775388|5254956|1510740|382536|78408|10296,4|7|4|9|6|9|10|13|12|13|16|19|18|19
13,13|5|2|2|1|1|1|1,0,0|2,2,8,9,1,31638625200|13239547776|5420892204|2167691760|844449840|319408440|116765415|40986540|13682340|4280220|1224900|307200|61800|7800,8|15|8|13|12|11|10|15|12|13|16|37|18|19
13,13|4|4|4|1,1,3|5,2,13,15,2,13198099200|5218325376|2036435808|782485968|295141440|108858640|39068128|13553584|4504224|1415160|411840|107184|23232|3432,16|15|14|13|16|13|20|19|18|15|24|21|24|19
13,13|4|3|3|1|1|1,1,3|7,2,15,17,2,46519616000|19251964160|7820429760|3110725280|1207883456|456010880|166496720|58369940|19450560|6069568|1732480|434280|88000|11440,18|17|16|15|16|19|18|15|20|21|26|19|24|21
13,13|4|3|2|2|2,1,3|5,2,11,13,2,34994960000|14482529600|5886526800|2343539800|910849120|344166600|125742200|44097200|14693280|4582200|1306200|326700|66000|8580,14|13|12|11|14|11|16|19|18|15|18|17|20|17
13,13|4|3|1|1|1|1|1|1,1,3|5,2,13,15,2,15452320000|6680156800|2817335200|1156727600|461018240|177664400|65847360|23294460|7780640|2413880|677600|164360|31360|3640,16|15|14|13|18|13|22|15|18|15|22|19|26|19
13,13|4|2|2|2|1|1|1,0,0|2,2,4,5,1,29002073100|12403963572|5188364181|2116938447|839775690|322514790|119240108|42115304|14055888|4361280|1226040|298584|57552|6864,4|5|4|5|6|7|14|17|16|21|18|19|20|21
13,13|3|3|3|2|2,0,0|2|4|6,4,12,16,4,14297940800|5983138304|2458385072|988814112|387891504|147713280|54281370|19097100|6362560|1975968|558180|137544|27192|3432,12|19|12|15|12|21|12|15|20|19|16|19|18|19
13,13|3|3|2|2|2|1,1,3|5,2,11,13,2,21881059200|9324697536|3893340528|1587816648|630137376|242197560|89606880|31651620|10553760|3267432|915480|222156|42768|5148,14|13|12|11|14|11|20|15|18|15|18|17|20|17
13,13|3|3|2|1|1|1|1|1,1,3|5,2,13,15,2,14957845760|6558440064|2805221408|1167373680|470988672|183386544|68486968|24326808|8122048|2504920|694416|165088|30624|3432,16|15|14|13|18|13|16|17|20|15|20|23|22|19
13,13|3|3|1|1|1|1|1|1|1,0,0|2|4|6,4,12,16,4,4172126400|1874247552|818750736|346886496|142045200|55957440|21074526|7522548|2513808|772200|211860|49392|8856|936,12|15|12|15|12|17|12|15|16|15|16|21|18|19
13,13|2|2|2|2|2|1|1|1,1,3|5,2,11,13,2,2599625600|1171831232|514838896|219665992|90614368|35935640|13601640|4866420|1624160|496096|134680|30932|5456|572,14|13|12|11|14|11|16|15|18|19|18|17|20|17
13,13|2|2|2|1|1|1|1|1|1|1,1,3|7,2,15,17,2,978199040|459001088|208807872|91773344|38796992|15685696|6019520|2170532|725088|219856|58624|13032|2176|208,18|17|16|15|16|17|22|15|18|17|28|19|26|21
13,13|2|1|1|1|1|1|1|1|1|1|1|1,1,3|5,2,11,13,2,59907456|29953728|14434224|6674472|2945760|1232568|484704|177072|59136|17640|4536|948|144|12,14|13|12|11|14|11|20|19|24|15|18|17|20|17
13,12|12|2,0,0|2,2,6,7,1,49031400|15690048|5023942|1612416|519792|168740|55341|18414|6252|2184|795|308|132|66,6|13|6|19|12|9|10|13|12|15|12|17|16|15
13,12|12|1|1,0,0|2,2,6,7,1,50220040|16224936|5231954|1687998|546312|177892|58487|19503|6636|2324|849|331|144|78,6|7|6|7|10|9|10|11|12|13|12|13|20|15
13,12|10|2|2,0,0|2,2,6,7,1,2259901800|806611104|286430586|101279880|35698572|12559820|4417881|1556544|550540|195984|70425|25620|9450|3510,6|11|6|11|8|9|10|23|12|17|12|17|14|15
13,12|9|5,0,0|2,2,6,7,1,1912224600|682517088|243515514|86837904|30945168|11018180|3919149|1392372|493932|174852|61695|21648|7524|2574,6|11|6|13|12|9|10|15|12|13|12|21|16|15
13,12|9|3|2,0,0|2,2,6,7,1,11600829240|4283383104|1573289718|574927080|209075724|75687612|27286259|9799944|3507224|1250508|443709|156156|54054|18018,6|13|6|11|8|9|10|17|14|13|12|17|14|15
13,12|9|2|2|1,0,0|2,2,4,5,1,12429459900|4665828024|1737491613|642144672|235672632|85948720|31169463|11247816|4040784|1445184|513990|181104|62568|20592,4|7|4|15|10|13|10|17|16|21|14|21|18|21
13,12|9|2|1|1|1,1,5|9,2,19,21,2,10336972800|3928049664|1477138432|550205952|203190528|74469760|27112800|9814560|3534720|1266720|451200|159104|54912|17952,24|23|26|23|20|19|20|21|22|19|26|27|26|23
13,12|9|1|1|1|1|1,0,0|2,2,6,7,1,2762102200|1070845776|409326918|154489608|57657132|21309080|7809815|2842020|1027880|369600|131985|46596|16038|5148,6|9|6|11|8|11|10|15|14|21|12|17|14|17
13,12|8|6,0,0|2,2,8,9,1,2124694000|771427360|280047460|101602880|36817784|13315200|4801035|1723620|615040|217616|76100|26180|8800|2860,8|11|8|17|10|19|10|15|22|17|16|17|22|17
13,12|8|5|1,0,0|2,2,6,7,1,13385572200|4983551496|1849357818|683825238|251835552|92314860|33655008|12188694|4378164|1556016|545145|187143|62304|19734,6|7|6|7|14|9|20|13|12|17|12|13|22|15
13,12|8|4|2,0,0|2,2,8,9,1,27621022000|10453494480|3936226580|1474100940|548794272|202997600|74552465|27157365|9797420|3492092|1224750|419650|138600|42900,8|9|8|9|14|15|10|11|12|13|14|15|18|17
13,12|8|3|3,0,0|2,2,6,7,1,16360143800|6242024096|2367569974|892314632|334014164|124112340|45749088|16713312|6042596|2156812|756805|259028|85162|26026,6|11|6|11|8|9|20|21|12|13|12|17|14|15
13,12|8|2|2|2,0,0|2,2,4,5,1,18455864700|7211984052|2791835319|1070404881|406403088|152767160|56835506|20914292|7602448|2723364|956970|326886|106512|31668,4|5|4|5|12|11|12|15|16|13|14|15|20|17
13,12|8|2|2|1|1,0,0|2,2,8,9,1,34120086000|13438064640|5235169940|2017535520|769180776|290095000|108210375|39900420|14526120|5208924|1831200|625240|203280|60060,8|23|8|15|10|11|10|15|14|13|22|19|20|17
13,12|8|2|1|1|1|1,0,0|2,2,6,7,1,20021155000|8008462000|3159860550|1230436200|473046420|179608800|67353300|24937500|9106580|3272220|1151325|392700|127050|36960,6|9|6|11|8|15|14|15|12|13|12|17|14|23
13,12|8|1|1|1|1|1|1,0,0|2,2,8,9,1,4361214000|1784742960|717777060|283936380|110567184|42413800|16034525|5974025|2191700|789936|278250|94710|30360|8580,8|9|8|9|12|11|10|11|12|17|14|15|18|17
13,12|7|5|2,0,0|2,2,6,7,1,34802487720|13385572200|5123376258|1950091182|737457552|276753412|102909573|37838619|13718712|4885020|1698417|571263|182952|54054,6|7|6|7|12|9|10|11|14|13|12|13|18|15
13,12|7|4|1|1|1,1,5|7,2,17,21,4,65445120000|26077363200|10291008000|4020825600|1554480000|594132800|224205600|83378040|30470720|10896480|3787200|1264800|397440|112320,22|21|22|23|18|17|20|17|20|19|24|23|26|25
13,12|7|2|2|1|1|1,0,0|2,2,6,7,1,58004146200|23915555664|9726202486|3900333528|1541498868|600001480|229746075|86392740|31814860|11421144|3965535|1313004|403326|108108,6|9|6|11|8|11|10|15|12|15|12|17|14|17
13,12|6|6|2,0,0|2,2,8,9,1,16572613200|6425074656|2479240764|951325440|362586744|137061600|51284129|18944256|6884640|2449776|847800|282480|89100|25740,8|11|8|21|10|15|10|27|18|17|18|21|16|17
13,12|6|5|3,0,0|2,2,6,7,1,40156716600|15815568384|6193625130|2409089040|929419920|355040220|133999326|49826070|18184320|6479676|2237355|739860|229680|64350,6|21|6|13|12|9|12|13|22|13|12|17|20|15
13,12|6|3|3|1|1,0,0|8,2,14,20,6,138580041600|57137617152|23306783808|9395489664|3738125952|1465376000|564735336|213329424|78661912|28142352|9678600|3151632|945648|247104,14|17|16|19|18|21|16|19|14|17|18|21|20|25
13,12|6|3|2|1|1|1,1,3|7,2,15,17,2,176774540800|74245307136|30770003264|12572679392|5059124928|2001725440|777153520|295198860|109245920|39143328|13446720|4357056|1292544|329472,18|17|16|15|16|27|18|15|18|19|24|25|28|29
13,12|6|2|2|2|1|1,0,0|2,2,6,7,1,86127368600|36571005744|15309931910|6312440680|2560105548|1019658640|397977216|151767210|56304920|20190156|6925905|2233560|655830|163800,6|9|6|11|8|13|24|13|14|13|12|19|14|19
13,12|6|2|2|1|1|1|1,0,0|2,2,8,9,1,65418210000|28180152000|11940828900|4973295600|2033871840|815555000|320009625|122517180|45570700|16358580|5607000|1801800|524700|128700,8|13|8|13|14|11|10|15|12|13|18|19|16|17
13,12|5|5|4,0,0|2,2,10,11,1,16827576480|6731030592|2676091176|1056008448|412887024|159612288|60843420|22792572|8353368|2976912|1022598|334092|101508|27456,10|13|10|21|12|19|14|15|14|17|14|17|16|25
13,12|5|5|3|1,0,0|2,2,4,5,1,77445096300|31454623728|12673540341|5059086984|1997569836|778565250|298749465|112472280|41353740|14755608|5062635|1646568|495396|131274,4|9|4|11|8|7|10|17|12|15|12|19|16|15
13,12|5|5|2|2,0,0|2,2,4,5,1,62147299500|25432587180|10315620315|4141704645|1643423184|643171230|247612560|93451830|34415220|12287100|4212975|1367025|409200|107250,4|5|4|5|12|7|18|13|12|13|12|13|20|15
13,12|5|5|2|1|1,0,0|2,2,8,9,1,102360258000|42203921760|17225508300|6952121280|2770514136|1088095840|420076215|158874660|58589160|20930112|7173810|2323860|693000|180180,8|11|8|17|10|15|10|15|14|21|14|17|18|17
13,12|5|5|1|1|1|1,0,0|2,2,10,11,1,41644002400|17426413312|7202044696|2937346496|1180820816|467076400|181346004|68876892|25470312|9109072|3119410|1006852|297836|76076,10|17|10|17|12|13|14|15|14|17|14|17|16|17
13,12|5|4|3|1|1,1,5|9,2,21,23,2,191972352000|80037703680|33018388480|13459952640|5412797952|2142649600|832562880|316387200|117000960|41810496|14289600|4595360|1351680|343200,26|25|30|25|22|21|22|25|24|21|24|23|38|23
13,12|5|4|2|1|1|1,0,0|2,2,8,9,1,193347154000|82098176160|34408033660|14217478080|5783062584|2310895600|904700225|345721320|128299920|45902976|15661800|5008080|1455300|360360,8|11|8|17|10|13|10|17|16|23|18|21|16|19
13,12|5|3|3|3,0,0|2,2,4,5,1,45574686300|19071253344|7900120371|3234153780|1305869994|518811150|202203001|77011264|28513780|10188984|3476325|1113420|325050|81510,4|11|4|9|6|7|10|23|12|15|12|17|14|15
13,12|5|3|3|2|1,1,5|9,2,21,23,2,197091614720|83384913920|34870054912|14391077888|5850538496|2337496832|915113408|349690880|129746176|46395328|15812992|5047328|1462912|361504,26|25|28|25|22|21|22|31|24|21|26|23|26|23
13,12|5|3|3|1|1|1,0,0|2|8|10,4,18,27,9,149578457600|63973555712|26999161728|11229071744|4594515200|1845352960|725453344|278070496|103374048|36990240|12596280|4008312|1154208|281424,18|19|18|19|20|23|20|21|18|19|18|19|22|21
13,12|5|3|2|2|1|1,0,0|2,2,10,11,1,218758494240|94234428288|40032560568|16747761888|6887625888|2778265776|1095968016|421155108|156804984|56128464|19091214|6055236|1732104|416988,10|15|10|15|14|13|18|15|14|17|14|17|18|17
13,12|5|3|2|1|1|1|1,0,0|2,2,8,9,1,152642490000|66693026400|28675346700|12118579200|5026043880|2041353600|809646695|312370520|116592280|41768160|14188650|4481400|1270500|300300,8|11|8|27|10|19|10|17|14|19|14|19|16|17
13,12|5|2|2|2|2|1,0,0|2,2,4,5,1,67671503900|29567241704|12726316603|5387266612|2238543034|910871780|361841207|139760264|52192756|18692184|6340845|1996764|563178|132132,4|7|4|9|6|9|10|17|12|15|12|17|14|17
13,12|5|2|2|2|1|1|1,1,5|7|9|11,4,23,27,4,81197875200|35851984896|15568809984|6639759360|2776071168|1135280640|452767744|175385536|65614080|23511936|7968000|2501280|700800|162240,28|27|28|29|24|23|34|23|24|23|28|23|26|25
13,12|5|2|2|1|1|1|1|1,0,0|2,2,8,9,1,49717839600|22334783328|9843245412|4250731680|1795844232|740680720|297370281|115751184|43432920|15576624|5269050|1644720|455400|102960,8|11|8|15|10|13|10|19|14|17|14|21|18|21
13,12|5|2|1|1|1|1|1|1|1,1,5|9,2,21,23,2,16736051200|7698583552|3463634944|1522451456|652843520|272556800|110475840|43300800|16314880|5856704|1975040|611072|166144|36256,26|25|30|25|22|21|22|23|26|21|28|29|28|23
13,12|5|1|1|1|1|1|1|1|1|1,0,0|2,2,8,9,1,2511002000|1189828640|549649100|247237120|108118504|45873360|18830695|7447960|2821000|1013488|340090|103840|27500|5720,8|11|8|23|10|13|10|17|14|17|14|23|16|19
13,12|4|4|3|3,0,0|2,2,4,5,1,37288379700|15718486212|6559346079|2704739661|1099634562|439603320|172228446|65843082|24423108|8721036|2963970|942018|271656|66924,4|5|4|5|6|11|12|13|12|13|14|15|18|17
13,12|4|4|3|1|1|1,0,0|2,2,6,7,1,111546435000|48050772000|20427795850|8557820400|3525948240|1425156100|563242950|216716850|80706360|28852320|9783375|3087700|877800|210210,6|11|6|13|12|9|12|13|14|19|12|17|18|15
13,12|4|4|2|2|1|1,0,0|2,2,6,7,1,135343007800|58718043384|25126723622|10588357962|4385002440|1780074660|705962712|272322036|101564736|36317680|12298335|3867941|1092168|258258,6|7|6|7|10|9|16|15|20|17|12|13|18|15
13,12|4|4|2|1|1|1|1,0,0|2,2,8,9,1,91585494000|40297617360|17452294860|7429352580|3102951384|1268407400|505800945|195893145|73238760|26206488|8860950|2774310|776160|180180,8|9|8|9|10|11|10|11|14|15|14|15|22|17
13,12|4|3|3|3|1,0,0|2,2,6,7,1,67557770280|29101808736|12385591218|5197925304|2146113684|869262108|344173401|132598620|49406112|17653104|5974353|1878492|530838|126126,6|11|6|11|8|9|10|15|18|17|12|17|14|15
13,12|4|3|3|2|1|1,0,0|2,2,8,9,1,163601438000|71481243680|30799748980|13063954640|5442661928|2221003840|884598825|342284250|127866480|45715040|15442400|4830100|1350800|314600,8|11|8|13|10|17|10|13|16|19|22|17|20|19
13,12|4|3|3|1|1|1|1,0,0|2,2,6,7,1,89673269400|39732156288|17325835362|7423968816|3119433768|1281893580|513386181|199447974|74687832|26718336|9010305|2804868|776952|177606,6|15|6|13|10|9|10|13|14|23|12|17|18|15
13,12|4|3|2|2|1|1|1,0,0|2,2,6,7,1,141041660760|62926279416|27618693102|11904582690|5028319296|2075517444|834188355|324912357|121845528|43591464|14676291|4550469|1251096|282282,6|7|6|7|16|9|10|11|14|15|12|13|18|15
13,12|4|2|2|2|2|2,0,0|2,2,6,7,1,23884060200|10729454736|4742996258|2058741048|875247828|363337520|146711565|57333780|21537600|7703052|2586045|796796|216678|48048,6|9|6|11|8|13|10|15|20|13|12|17|14|21
13,12|4|2|2|2|2|1|1,0,0|2,2,4,5,1,52988750100|23967219276|10656232587|4648048353|1984111038|826390890|334554948|130986936|49260204|17622360|5911110|1817046|491832|108108,4|5|4|5|6|7|14|17|12|15|14|15|18|17
13,12|4|2|2|2|1|1|1|1,0,0|2,2,6,7,1,47457937800|21757639176|9786281778|4310668206|1855259640|777922860|316590885|124422795|46895100|16783200|5619375|1718925|460800|99450,6|7|6|7|10|9|10|11|12|19|12|13|34|15
13,12|4|2|2|1|1|1|1|1|1,0,0|2,2,6,7,1,24858919800|11626325568|5320695666|2378716704|1036650888|439151180|180160110|71212050|26928300|9641772|3218355|976668|257796|54054,6|13|6|15|10|9|12|13|12|13|12|17|16|15
13,12|4|2|1|1|1|1|1|1|1|1,0,0|2,2,6,7,1,7582037400|3639377952|1704310146|777355056|344591496|148039380|61402941|24460758|9289728|3327156|1105245|331452|85536|17226,6|11|6|13|10|9|10|13|36|13|12|17|22|15
13,12|4|1|1|1|1|1|1|1|1|1|1,0,0|2,2,6,7,1,1080822600|535422888|258011754|120704454|54689544|23925460|10065744|4050072|1546272|553644|182565|53823|13464|2574,6|7|6|7|10|9|18|17|18|13|12|13|18|15
13,12|3|3|3|3|1|1,0,0|2,2,6,7,1,30383124200|13462061184|5880506346|2527092568|1065623988|439510500|176588412|68757678|25765744|9204144|3091275|955416|261954|59202,6|15|6|11|8|9|14|13|16|17|12|19|14|15
13,12|3|2|2|1|1|1|1|1|1|1,0,0|2,2,8,9,1,7533006000|3662199840|1737798140|803184720|360587136|156696800|65609895|26307060|10016500|3578664|1178700|348040|87780|17160,8|11|8|13|18|15|10|15|12|15|16|19|16|19
13,12|2|2|2|2|2|2|2,0,0|2,2,6,7,1,1599111800|757732976|352285934|160232072|71053268|30590560|12720565|5075290|1925980|686868|226275|67056|17094|3432,6|9|6|11|8|15|10|13|12|13|12|21|14|19
13,12|2|2|2|2|1|1|1|1|1|1,0,0|2,2,6,7,1,2460781960|1211461888|582275330|272531896|123815692|54378324|22965943|9263254|3535532|1260644|412181|120064|29666|5642,6|17|6|11|8|9|10|13|12|13|12|29|14|15
13,12|2|2|2|1|1|1|1|1|1|1|1,0,0|2,2,6,7,1,1080822600|545399712|267988578|127884744|59073300|26303420|11228646|4562844|1748032|622908|202455|58212|14058|2574,6|11|6|11|8|9|12|15|20|13|12|17|14|15
13,12|1|1|1|1|1|1|1|1|1|1|1|1|1|1,0,0|2,2,6,7,1,4457400|2496144|1352078|705432|352716|167960|75582|31824|12376|4368|1365|364|78|12,6|9|6|11|8|11|12|19|14|17|12|17|14|17
13,11|11|2|2,0,0|2,2,6,7,1,898909000|323607240|116076510|41534570|14848548|5313880|1908335|689865|252060|93596|35595|14025|5830|2640,6|7|6|7|8|11|10|11|12|13|12|13|14|21
13,11|10|3|1|1,1,3|5,2,13,15,2,9518629120|3587790976|1345819552|502872240|187379712|69722224|25949768|9681056|3629920|1372616|525824|205304|82368|34320,16|15|14|13|28|13|16|21|18|15|30|19|24|21
13,11|9|6,0,0|2,2,6,7,1,2082200120|768812352|284474498|105489216|39204312|14603148|5452356|2040822|765940|288316|108885|41272|15708|6006,6|13|6|17|10|9|14|13|12|13|12|19|16|15
13,11|9|5|1,0,0|2,2,8,9,1,12555010000|4751588400|1796752100|678978300|256474920|96868200|36595455|13835505|5237920|1987280|756300|289000|111000|42900,8|9|8|9|10|11|10|11|18|17|16|19|18|17
13,11|9|4|2,0,0|2,2,6,7,1,25345667880|9748333800|3739686894|1431168426|546531300|208344312|79328808|30191292|11495844|4384368|1677105|644355|248994|96876,6|7|6|7|8|11|16|15|12|17|12|13|14|17
13,11|9|3|3,0,0|2,2,8,9,1,14872858000|5766092640|2227944180|858043040|329464896|126181440|48233185|18417630|7032900|2689232|1031310|397320|154000|60060,8|11|8|15|16|17|10|13|12|17|14|19|20|17
13,11|9|2|2|2,0,0|2,2,8,9,1,16572613200|6578052624|2593419972|1015973244|395715528|153364640|59204431|22793793|8765296|3372636|1301040|504240|196680|77220,8|9|8|9|10|15|10|11|16|13|20|21|18|17
13,11|9|2|2|1|1,0,0|2,2,4,5,1,30580884180|12232353672|4853053359|1910945520|747413568|290656872|112517262|43419222|16729272|6447924|2491290|967032|377784|148500,4|7|4|13|16|11|12|13|14|13|14|19|18|17
13,11|9|2|1|1|1|1,0,0|2,2,8,9,1,17872426000|7258954560|2916373460|1160267680|457650336|179201880|69763265|27046470|10461940|4046252|1568370|610720|239360|94380,8|13|8|15|14|11|10|13|12|13|14|23|28|17
13,11|9|1|1|1|1|1|1,0,0|2,2,6,7,1,3866943080|1606268664|657638982|265771506|106188732|42020316|16499860|6442380|2506980|974736|379701|148599|58542|23166,6|7|6|7|8|9|14|15|12|17|12|13|14|15
13,11|8|6|1,0,0|2,2,6,7,1,14915351880|5736673800|2205709506|847803294|325734552|125077212|47986029|18386283|7031820|2682288|1019475|385605|144936|54054,6|7|6|7|10|9|10|11|12|17|12|13|18|15
13,11|8|5|2,1,3|5|11|13,4,23,30,7,43513733120|17070772224|6683505664|2611121664|1017793536|395755008|153473024|59340672|22867456|8777728|3353280|1273184|479424|178464,26|25|24|23|24|23|34|25|26|33|24|23|24|23
13,11|8|5|1|1,1,3|7,2,15,17,2,48211238400|19061981952|7511439936|2950318176|1155126336|450815040|175361888|67976564|26250304|10093440|3861120|1467480|552960|205920,18|17|16|15|16|17|20|15|20|23|26|19|36|23
13,11|8|4|3,0,0|2,2,6,7,1,49080431400|19481155848|7710059742|3041801466|1196013852|468581080|182890939|71099721|27522768|10604076|4063185|1546083|582582|216216,6|7|6|7|8|11|10|11|16|13|12|13|14|19
13,11|8|4|2|1,1,3|7,2,15,17,2,129799488000|52119486720|20830864320|8286732960|3281093568|1293014400|507134800|197947260|76880160|29700720|11404800|4346400|1639200|608400,18|17|16|15|16|19|18|15|18|17|30|23|22|21
13,11|8|3|2|2,1,3|7,2,15,17,2,86780229120|35379631872|14335184448|5772046176|2309531328|918338304|362911536|142545444|55650048|21590064|8318304|3177648|1199232|443664,18|17|16|15|16|21|18|15|24|17|22|21|26|21
13,11|8|2|2|2|1,0,0|2,2,4,5,1,63804560820|26503432956|10915061157|4457007555|1804754952|724857848|288851563|114239433|44851408|17480400|6759270|2588586|977592|360360,4|5|4|5|10|11|10|11|16|17|14|15|18|19
13,11|8|2|2|1|1|1,1,3|5|7|9,4,17,21,4,66328908800|27858141696|11578720384|4764089792|1941257472|783724480|313636400|124472040|49006720|19143376|7415520|2843456|1074304|395472,20|19|18|17|20|17|18|17|22|17|22|25|26|21
13,11|8|2|1|1|1|1|1,0,0|2,2,6,7,1,30383124200|12994628504|5484204726|2285524098|941234580|383334380|154509355|61679365|24399800|9567768|3717345|1428339|539946|198198,6|7|6|7|8|9|10|11|14|15|12|13|14|15
13,11|8|1|1|1|1|1|1|1,1,3|7,2,15,17,2,5582353920|2447647488|1055326272|447848544|187252416|77223744|31447520|12658980|5041760|1987776|775584|298848|112992|41184,18|17|16|15|16|17|20|15|18|21|22|23|22|23
13,11|7|6|2,0,0|2,2,6,7,1,37182145000|14758451400|5848415650|2313148350|912783720|359170500|140827930|54968340|21331240|8216180|3134175|1180685|437580|158730,6|7|6|7|10|9|12|15|14|13|12|13|16|15
13,11|7|5|3,0,0|2,2,8,9,1,70114902000|28261698960|11362991420|4555017060|1819493544|723746760|286448085|112690215|44008640|17031216|6515880|2456080|907500|326040,8|9|8|9|10|11|10|11|20|17|18|21|16|19
13,11|7|5|2|1,1,3|7,2,15,17,2,171335324160|69852093696|28360102848|11463440544|4611473856|1845281600|733985088|289943724|113605632|44075808|16891488|6372168|2353824|844272,18|17|16|15|16|17|22|15|28|19|22|19|22|21
13,11|7|4|2|2,0,0|8,2,14,20,6,185613267840|77100895872|31846022208|13074275136|5332684032|2159738880|867932936|345789864|136411128|53191656|20448792|7719096|2842224|1009008,14|15|16|17|20|37|16|17|14|15|18|19|20|21
13,11|7|2|2|2|1|1,0,0|2,2,8,9,1,125106982000|54277182960|23301698420|9896346460|4156776624|1726198760|708418425|287129535|114819740|45224816|17494680|6612760|2419340|840840,8|9|8|9|12|11|10|11|12|17|18|19|16|19
13,11|7|2|2|1|1|1|1,0,0|2,2,6,7,1,94385445000|41529595800|18042666950|7740032850|3278450340|1370968500|565860900|230410950|92473360|36521100|14151825|5351775|1955250|676170,6|7|6|7|8|9|14|13|16|13|12|13|14|15
13,11|6|6|3,0,0|2,2,6,7,1,35057451000|14238718560|5769823290|2331336480|938615832|376202420|149938085|59337300|23273280|9025044|3449205|1293600|473220|167310,6|11|6|15|10|9|10|15|20|13|12|23|16|15
13,11|6|5|2|2,1,3|7,2,15,17,2,176774540800|74245307136|31018315328|12882800736|5315329344|2176607680|883585664|355032852|140915264|55097504|21142560|7919560|2872320|995280,18|17|16|15|16|17|24|15|20|19|22|19|32|21
13,11|6|4|4|1,1,3|5,2,13,15,2,142779436800|59967363456|25067580384|10421680272|4305297600|1765379600|717571888|288644832|114658656|44850120|17208000|6439224|2329536|803088,16|15|14|13|16|13|18|21|18|15|24|19|24|21
13,11|6|3|3|1|1|1,1,3|7,2,15,17,2,299956800000|131519520000|57127224000|24568596000|10454212800|4397184000|1826030800|747479700|300956800|118819680|45792000|17107200|6124800|2059200,18|17|16|15|16|25|18|15|22|19|28|29|28|25
13,11|6|3|2|2|2,1,3|5,2,9,11,2,216548812480|94948325472|41263774552|17760543892|7564235952|3184522796|1323545496|542167416|218406496|86254616|33242496|12414248|4440128|1489488,12|11|10|9|12|9|16|17|18|15|26|19|24|21
13,11|6|3|1|1|1|1|1|1,1,3|5,2,13,15,2,87671584000|40059169920|18037182240|8001950320|3496566528|1504040720|636293840|264386220|107671200|42841064|16571520|6181560|2192960|720720,16|15|14|13|20|13|18|15|18|15|26|19|24|21
13,11|6|2|2|2|1|1|1,0,0|2,2,6,7,1,151915621000|68712603960|30693052390|13531991330|5884313292|2521510420|1063557495|440883465|179223940|71214444|27521055|10260525|3639570|1196910,6|7|6|7|8|9|10|11|12|13|12|13|14|15
13,11|5|5|5,0,0|2,2,10,11,1,10708457760|4448128608|1842642648|760540968|312421104|127558512|51679500|20734560|8217720|3206952|1227042|457578|164868|56628,10|11|10|11|12|13|14|21|14|15|14|15|16|17
13,11|5|5|3|2,0,0|2,2,8,9,1,182298745200|77967771024|33161300172|14013557844|5877632904|2443578280|1005341051|408479093|163471576|64210776|24637290|9171690|3278880|1106820,8|9|8|9|10|11|10|11|14|15|14|15|22|17
13,11|5|5|3|1|1,0,0|2,2,4,5,1,240494113860|103597464432|44331885983|18831724296|7933435356|3310569262|1366267980|556522890|223148940|87768408|33698427|12542992|4478628|1507506,4|9|4|11|8|7|14|13|12|15|12|21|16|15
13,11|5|5|2|2|1,0,0|2,2,4,5,1,241683942500|104853648900|45160140025|19294509975|8169724680|3424148650|1418385345|579498255|232897140|91742140|35246175|13112825|4672800|1565850,4|5|4|5|10|7|10|11|12|13|12|13|22|15
13,11|5|5|2|1|1|1,1,3|5|7|9,4,19,23,4,219488389120|96237216768|41823916288|18006403968|7673917440|3233937280|1345668576|551800368|222386304|87768800|33750528|12552848|4464768|1489488,22|21|20|19|28|19|20|19|22|19|30|21|26|21
13,11|5|5|1|1|1|1|1,0,0|2,2,10,11,1,68901894880|30740845408|13561459912|5914106744|2548193648|1083817280|454453636|187505752|75924520|30059736|11575662|4302438|1524852|504504,10|11|10|11|12|17|14|17|14|15|14|15|16|19
13,11|5|4|3|3,0,0|2,2,6,7,1,147241294200|63880069176|27542493594|11788960590|5003054100|2101997040|872723049|357260211|143779440|56669088|21759165|8077575|2865390|952380,6|7|6|7|8|13|10|11|16|19|12|13|14|17
13,11|5|4|3|1|1|1,0,0|2,2,6,7,1,424401377400|188042456448|82566649242|35900194176|15441897240|6562271100|2750602701|1134668304|459318552|181739040|69898185|25920048|9150372|3009006,6|15|6|19|10|9|10|19|14|19|12|21|16|15
13,11|5|4|2|2|1|1,0,0|2,2,6,7,1,497470853880|221948534808|98079955974|42893527482|18545351760|7916559300|3330869607|1378268703|559217736|221588136|85262787|31591593|11123244|3637062,6|7|6|7|12|9|10|11|14|15|12|13|16|15
13,11|5|4|2|1|1|1|1,0,0|2,2,8,9,1,331259110000|149831043600|66994108300|29594907300|12905535720|5548887400|2348633455|976486455|397629120|157932880|60828600|22521100|7904400|2566200,8|9|8|9|10|11|10|11|20|17|18|17|20|19
13,11|5|3|3|3|1,0,0|2,2,4,5,1,204501797500|90610027200|39826554075|17346101300|7476452610|3184029750|1337277590|552579720|223954220|88658360|34085250|12618540|4438720|1450020,4|13|4|9|6|7|12|17|12|15|14|17|24|17
13,11|5|3|3|2|1|1,0,0|2,2,8,9,1,482555502000|216778779360|96441164820|42448451760|18462879864|7923904560|3349526895|1391262510|566067000|224659008|86452290|31971060|11202840|3629340,8|11|8|13|10|13|10|13|14|21|14|17|18|17
13,11|5|3|3|1|1|1|1,0,0|2,2,6,7,1,260275015000|118525237600|53352025650|23720603200|10406302480|4498686500|1913095800|798451500|326041520|129701040|49955325|18456900|6444900|2072070,6|11|6|17|12|9|16|15|16|17|12|17|16|15
13,11|5|3|2|2|1|1|1,0,0|2,2,6,7,1,395482815000|181313659800|82134329550|36730962450|16198601640|7034878500|3003253110|1257366180|514623480|205004520|78981525|29147535|10144980|3239730,6|7|6|7|10|9|12|15|14|15|12|13|16|15
13,11|5|2|2|2|2|2,0,0|2,2,4,5,1,61302421180|28293425160|12906312419|5811521716|2579570994|1126865740|483511028|203263368|83441708|33294716|12827262|4723180|1634864|516516,4|7|4|9|6|9|14|17|12|13|14|17|20|17
13,11|5|2|2|2|2|1|1,0,0|2,2,6,7,1,135343007800|62882443624|28847524706|13052549510|5817443996|2550047500|1097257161|462311619|190100120|75933732|29265285|10770375|3721410|1171170,6|7|6|7|8|9|10|11|14|13|12|13|14|15
13,11|5|2|2|2|1|1|1|1,0,0|2,2,6,7,1,119933385000|56460947400|26196820650|11968906950|5378733360|2374157500|1027419250|434850240|179408220|71814120|27696375|10181325|3504600|1093950,6|7|6|7|12|9|12|23|12|15|12|13|18|15
13,11|5|2|2|1|1|1|1|1|1,0,0|2,2,6,7,1,61665157400|29599275552|13968498698|6476408400|2947260624|1314761140|573943909|244600356|101429020|40727428|15720915|5767300|1972740|607530,6|11|6|13|12|9|10|15|12|13|12|17|16|15
13,11|5|2|1|1|1|1|1|1|1|1,0,0|2,2,6,7,1,18229874520|8974707456|4331881554|2048574528|948323376|429208780|189613424|81572348|34058200|13731564|5304873|1939476|656964|198198,6|17|6|17|12|9|18|15|14|13|12|17|16|15
13,11|5|1|1|1|1|1|1|1|1|1|1,0,0|2,2,6,7,1,2460781960|1249320072|620133514|300690390|142274496|65606996|29434041|12817077|5398120|2187164|845313|307307|102564|30030,6|7|6|7|16|9|10|11|14|13|12|13|16|15
13,11|4|4|4|3,1,3|7,2,17,19,2,48952949760|21463985664|9352632960|4044869568|1733712768|735158400|307738272|126830520|51291264|20264064|7774560|2872056|1008480|329472,20|19|18|17|18|19|20|17|22|23|22|19|22|29
13,11|4|4|3|3|1,0,0|2,2,4,5,1,170379211860|76015340676|33648469767|14759464005|6405817770|2746007352|1160113185|481702815|195888780|77655348|29819097|10989891|3833082|1235520,4|5|4|5|6|11|10|11|12|13|12|13|14|25
13,11|4|4|3|2|1|1,0,0|2,2,8,9,1,375320946000|169760550960|76055839860|33714003180|14766430536|6379510280|2712772205|1132303095|462257880|183697752|70590870|25980570|9022860|2882880,8|9|8|9|10|11|10|11|14|15|14|15|16|25
13,11|4|4|3|1|1|1|1,0,0|2,2,10,11,1,196321725600|90005960352|40798587368|18268417464|8070788352|3512385360|1502659224|630250236|258224568|102848424|39550530|14538722|5029728|1594164,10|11|10|11|20|13|16|15|14|15|14|15|22|17
13,11|4|4|2|2|2|1,1,3|7,2,15,17,2,218368550400|99777629952|45123414336|20173292256|8902999872|3871857600|1655664608|694186164|284337984|113215200|43521120|15990480|5528160|1750320,18|17|16|15|16|17|20|15|20|19|22|21|22|21
13,11|4|4|2|2|1|1|1,0,0|2|8|10,4,18,27,9,247484357120|114223549440|52104148096|23467102464|10422147840|4556680960|1957081568|823439232|338155104|134861888|51868488|19040560|6564096|2066064,18|21|18|21|20|21|20|25|18|21|18|21|28|21
13,11|4|4|2|1|1|1|1|1,1,3|7,2,17,19,2,132805370880|62316366336|28837420416|13150195776|5902637184|2603992320|1126747584|476886312|196693056|78654240|30272832|11093976|3805056|1184976,20|19|18|17|18|21|22|17|20|19|24|19|26|21
13,11|4|3|3|3|1|1,1,3|5|7|9,4,19,23,4,175974656000|80406881280|36380847360|16278993280|7192492032|3131863680|1340843680|562755600|230656640|91854496|35290080|12946560|4463360|1407120,22|21|20|19|26|19|20|19|22|19|22|27|28|21
13,11|4|3|3|2|1|1|1,0,0|2,2,8,9,1,303831242000|141164669360|64820718820|29382670460|13128819704|5771954760|2491020675|1052195265|433294160|173039376|66523080|24352680|8345700|2599740,8|9|8|9|10|11|10|11|16|17|18|19|16|17
13,11|4|3|2|2|2|1|1,1,3|7,2,15,17,2,247484357120|116127275264|53821639872|24606408736|11079659968|4904068416|2128600032|903238476|373186688|149309664|57404256|20967936|7147008|2203344,18|17|16|15|16|17|20|15|22|19|22|31|30|21
13,11|4|3|2|2|1|1|1|1,1,3|7,2,17,19,2,211452800000|100521408000|47117200000|21751704000|9876048000|4402112000|1921816000|819235800|339612800|136149280|52368000|19099400|6482400|1981200,20|19|18|17|18|23|22|17|22|19|26|19|22|21
13,11|4|2|2|2|2|2|1,0,0|2,2,4,5,1,63804560820|30429867468|14322238931|6642209145|3029906022|1356553770|594569547|254267937|105639772|42390180|16293213|5925183|1999206|604890,4|5|4|5|6|7|10|11|12|13|12|13|14|15
13,11|4|2|2|2|2|1|1|1,1,3|7,2,15,17,2,83735308800|40321771776|19136365248|8938534176|4102368192|1846187200|812601504|348668892|145209984|58351104|22433760|8148360|2740320|823680,18|17|16|15|16|17|20|15|22|27|22|19|22|27
13,11|4|2|2|2|1|1|1|1|1,0,0|2,2,8,9,1,60766248400|29728718448|14305472324|6762623868|3135814968|1423519240|631057141|272298543|113863816|45861656|17637690|6391990|2137080|634920,8|9|8|9|10|11|10|11|14|15|14|15|18|19
13,11|4|2|2|1|1|1|1|1|1|1,1,3|5|7|9,4,19,23,4,27614484480|13807242240|6773552896|3256708224|1532382720|704316800|315436704|137205552|57702656|23315424|8968512|3238400|1072896|313104,22|21|20|19|22|19|20|19|24|19|24|31|28|21
13,11|4|2|1|1|1|1|1|1|1|1|1,0,0|2,2,8,9,1,7533006000|3870806160|1946404460|956616180|458843736|214379880|97320795|42782025|18126680|7353192|2827770|1015270|331860|94380,8|9|8|9|10|11|10|11|14|15|14|15|16|17
13,11|4|1|1|1|1|1|1|1|1|1|1|1,1,3|7,2,15,17,2,978199040|519197952|269004736|135846048|66745536|31838144|14703936|6550908|2801344|1141504|438432|156032|50016|13728,18|17|16|15|16|17|22|15|20|25|22|27|22|23
13,11|3|3|3|3|1|1|1,0,0|2,2,6,7,1,58429085000|27506615400|12797728350|5876129050|2657917020|1181763000|515075000|219309750|90812880|36353840|13953825|5074575|1716550|523380,6|7|6|7|8|11|16|13|16|17|12|13|14|17
13,11|3|3|2|2|2|1|1|1,1,3|5|7|9,4,17,22,5,78152954880|37874124288|18094108032|8508761664|3931155072|1780319424|788033584|339670296|141886752|57066576|21900384|7914192|2637888|782496,20|19|18|17|18|17|18|17|18|17|22|21|24|23
13,11|3|2|2|2|2|2|2,0,0|2,2,6,7,1,12510698200|6120618504|2952775826|1402010038|653722212|298546820|133110835|57709575|24202500|9750832|3737805|1344299|443806|129558,6|7|6|7|8|9|10|11|12|17|12|13|14|15
13,11|3|2|2|2|1|1|1|1|1|1,0,0|2,2,6,7,1,18229874520|9255167064|4612341162|2252822286|1076359284|501815600|227573918|99981882|42324744|17137428|6568443|2346729|762762|216216,6|7|6|7|8|13|12|13|14|13|12|13|14|19
13,11|3|2|2|1|1|1|1|1|1|1|1,0,0|2,2,6,7,1,7582037400|3942659448|2007591642|999478926|485557740|229616640|105359859|46713051|19900188|8083152|3096225|1100223|353322|97956,6|7|6|7|8|25|10|11|12|17|12|13|14|17
13,11|2|2|2|2|1|1|1|1|1|1|1,0,0|2,2,8,9,1,2511002000|1321173360|680993820|343226260|168752064|80697760|37392355|16707405|7152860|2909236|1110780|391260|123740|33540,8|9|8|9|16|15|10|11|12|13|16|17|16|17
13,11|1|1|1|1|1|1|1|1|1|1|1|1|1|1|1,0,0|2,2,6,7,1,3268760|1961256|1144066|646646|352716|184756|92378|43758|19448|8008|3003|1001|286|66,6|7|6|7|8|9|12|13|14|15|12|13|14|15
13,10|10|4|1|1,0,0|2|4|6,4,12,16,4,11898286400|4649484224|1811802608|704548272|273633360|106251600|41302898|16100546|6307784|2490880|995260|404404|168168|72072,12|13|12|13|12|13|12|13|14|27|16|17|18|19
13,10|10|3|2|1,1,3|5,2,13,15,2,20397062400|8064684672|3175870368|1246444080|487968000|190770320|74588800|29222380|11500800|4561944|1831920|749232|314688|137280,16|15|14|13|20|13|24|15|24|15|20|21|24|25
13,10|10|3|1|1|1,0,0|2|4|6,4,12,16,4,13258090560|5303236224|2108435472|834022176|328625232|129163008|50726494|19949116|7877592|3134664|1262916|518496|218856|96096,12|15|12|15|12|21|12|15|14|15|16|23|18|23
13,10|9|5|2,0,0|2,2,6,7,1,31233001800|12397099176|4918936638|1951482666|774337284|307424880|122185063|48648369|19421668|7783776|3136455|1273041|521598|216216,6|7|6|7|8|13|10|11|12|19|12|13|14|19
13,10|9|4|1|1|1,1,5|7,2,17,22,5,54392166400|22342628352|9133881856|3718644736|1508797056|610584000|246687168|99620184|40270784|16326272|6653760|2734160|1136960|480480,22|21|22|25|18|17|22|17|20|23|24|21|24|23
13,10|9|2|2|1|1|1,0,0|2,2,4,5,1,45574686300|19351712952|8147046765|3403205520|1411808112|582296000|239102435|97909680|40065820|16427256|6770880|2817672|1190640|514800,4|7|4|13|12|17|10|19|12|15|24|19|20|21
13,10|8|6|2,0,0|2,2,8,9,1,42068941200|16957019376|6837492684|2758336020|1113374064|449689680|181755387|73515123|29756340|12052548|4884750|1980726|803484|326040,8|9|8|9|12|13|10|11|12|13|14|15|16|19
13,10|8|5|3,0,0|2,2,6,7,1,72877004200|29823512488|12198976790|4987245970|2037781228|832172880|339660650|138576410|56520520|23050580|9402155|3836833|1566950|640640,6|7|6|7|8|13|12|13|14|13|12|13|14|27
13,10|8|5|2|1,1,3|7,2,15,17,2,176774540800|73157463808|30214257216|12454973024|5125290560|2105775360|863983120|354073060|144972960|59322608|24268640|9929568|4064896|1665664,18|17|16|15|16|21|18|15|18|17|22|23|26|27
13,10|8|4|2|2,0,0|8,2,16,22,6,183573561600|77383316736|32507050752|13608667008|5678126208|2361678720|979429968|405148656|167240784|68929488|28385640|11688336|4816152|1987128,16|17|20|19|18|19|18|19|16|17|18|21|18|19
13,10|8|2|2|2|1|1,0,0|2,2,4,5,1,118925660700|52327290708|22837173975|9888087825|4248982584|1812869520|768474630|323905890|135880500|56799792|23689890|9872478|4116420|1718640,4|5|4|5|10|13|12|13|12|17|14|15|16|21
13,10|8|2|2|1|1|1|1,0,0|2,2,8,9,1,89362130000|39869258000|17606431700|7699706300|3336596120|1433718000|611385775|258991315|109112200|45777940|19154950|8006350|3347740|1401400,8|9|8|9|10|13|10|11|14|13|14|15|16|19
13,10|7|7|1|1,0,0|2|4|6,4,12,16,4,22096817600|9042697664|3698815120|1512647760|618584304|252972720|103450022|42292550|17277400|7048216|2868640|1163624|469920|188760,12|13|12|13|12|13|12|13|14|15|22|19|22|19
13,10|7|6|1|1|1,1,5|7,2,17,21,4,89994311680|38074516480|16057513472|6752798208|2832336000|1184966848|494487968|205784936|85373120|35288288|14521088|5942848|2416128|974688,22|21|22|23|18|17|20|17|20|19|28|25|30|23
13,10|7|5|2|2,0,0|8,2,14,20,6,261762300800|111953722496|47747544768|20304513856|8608031872|3637560960|1531840552|642661096|268496312|111646024|46171360|18970776|7733528|3121976,14|15|16|17|18|19|16|17|14|15|22|19|18|19
13,10|7|4|4|1,0,0|2|4|6,4,12,16,4,198871358400|85055750208|36295685712|15449565456|6557876208|2774968560|1170169494|491546886|205593048|85572720|35418060|14562108|5938152|2395536,12|13|12|13|12|13|12|13|14|17|16|17|18|21
13,10|7|4|3|2,1,5|7|9|11,4,23,28,5,435137331200|188113215488|81060700160|34808340480|14890890240|6344552960|2691504000|1136470080|477438720|199458688|82805440|34126048|13939200|5628480,28|27|30|31|24|23|24|23|24|23|24|23|30|25
13,10|7|4|3|1|1,1,5|7,2,17,22,5,578534860800|251885177856|109199261184|47134144512|20253048192|8661823040|3686387328|1560816072|657225536|275098176|114387840|47200464|19296576|7795008,22|21|22|27|18|17|24|17|20|21|26|21|24|25
13,10|7|4|2|2|1,1,5|7|9|11,4,23,28,5,609192263680|267107377152|116541128704|50591825920|21849111552|9385942528|4009951616|1703427264|719289088|301782656|125723328|51954848|21262208|8593728,28|27|34|39|24|23|24|23|24|23|24|23|26|25
13,10|7|4|1|1|1|1|1,1,5|7|9|11,4,23,28,5,179174195200|80766214144|36086521856|15987929088|7026060288|3063457280|1325450880|569110080|242484480|102499712|42962240|17838304|7324416|2965248,28|27|30|29|24|23|24|23|24|23|24|23|28|29
13,10|7|3|3|2|1,1,5|7,2,17,21,4,519197952000|229245864960|100696619520|43991669760|19110413184|8253149760|3542633440|1511088040|640308480|269435712|112517760|46584000|19085760|7712640,22|21|22|25|18|17|20|17|24|21|26|25|24|27
13,10|7|3|2|2|2,0,0|2|4|6,4,12,16,4,278419901760|124218110016|55078719696|24265449936|10619636976|4616078064|1992559998|853992678|363337968|153405168|64238496|26651856|10934616|4420416,12|13|12|13|12|13|12|13|16|17|22|21|18|25
13,10|7|3|1|1|1|1|1|1,0,0|2|4|6,4,12,16,4,110484088000|51332607040|23571170480|10701403440|4805498256|2135141840|938945410|408778330|176211600|75208552|31770760|13270400|5468760|2213640,12|13|12|13|12|13|12|13|16|15|18|27|18|19
13,10|7|2|2|2|1|1|1,1,5|9,2,19,21,2,189511168000|87175137280|39714949120|17919024640|8007214336|3543858560|1553567840|674643200|290214400|123656288|52165760|21765920|8961920|3623840,24|23|26|23|20|19|20|27|26|19|26|23|26|23
13,10|7|2|1|1|1|1|1|1|1,1,5|7,2,17,22,5,37215692800|17806277632|8395312640|3902046720|1788678528|809024320|361236096|159303000|69411200|29887904|12715520|5339488|2207040|892320,22|21|22|23|18|17|24|17|22|19|30|23|24|23
13,10|6|5|4|1,1,3|5,2,13,15,2,265161811200|114631490688|49462876320|21294976560|9143204928|3912903280|1667942848|707588200|298434720|124976472|51880560|21303216|8627520|3432000,16|15|14|13|16|13|22|17|18|15|20|21|24|25
13,10|6|4|4|2,0,0|2|4|6,4,12,16,4,321253732800|141351642432|62012356560|27112542480|11806907184|5117968560|2206627182|945458430|402129000|169552656|70743960|29139264|11808720|4684680,12|13|12|13|12|13|12|13|14|17|18|25|20|19
13,10|6|4|4|1|1,0,0|2|4|6,4,14,18,4,397742716800|176230619136|77779319904|34182412992|14952251808|6506348160|2814491628|1209288312|515549376|217789344|91003500|37521528|15212472|6033456,14|23|14|17|14|19|14|17|20|19|16|19|18|21
13,10|6|4|3|2|1,1,5|7,2,17,22,5,1142235494400|511370044416|227874071040|101031505920|44546569344|19521935040|8497446592|3670701720|1571984960|666490944|279250560|115331568|46780800|18532800,22|21|22|29|18|17|22|17|20|21|26|21|26|25
13,10|6|4|2|2|2,0,0|2|4|6,4,14,18,4,486129987200|219880332672|98900625824|44218762016|19643024544|8665090720|3793345556|1646679012|708086288|301205632|126512580|52331356|21236512|8404968,14|15|14|15|14|15|14|15|16|23|16|17|22|19
13,10|6|4|1|1|1|1|1|1,0,0|2|4|6,4,14,18,4,166576009600|78418859904|36518586720|16825819360|7670793312|3459994720|1543727276|680943900|296719920|127566768|54009900|22455972|9129120|3603600,14|15|14|15|14|15|14|15|16|17|16|17|22|21
13,10|6|3|3|2|2,0,0|2|4|6,4,12,16,4,464033169600|211313566464|95677742160|43049491680|19237597392|8532675840|3753677798|1636404980|706184640|301249872|126787500|52499832|21298200|8408400,12|17|12|15|12|21|12|15|20|17|16|19|18|21
13,10|6|3|2|2|2|1,1,3|5,2,9,11,2,596614075200|276278210208|126988341480|57908660940|26186091984|11735598420|5209137648|2288265540|993756960|426071016|179992080|74699856|30317760|11943360,12|11|10|9|12|9|18|15|18|15|20|21|24|25
13,10|6|3|2|1|1|1|1|1,1,3|5,2,13,15,2,373946144000|177768243840|83587593760|38873515120|17878468608|8129458480|3653209560|1621474800|710208960|306573032|130164240|54189520|22010560|8648640,16|15|14|13|26|13|16|19|20|15|20|21|24|25
13,10|6|3|1|1|1|1|1|1|1,0,0|2|4|6,4,12,16,4,94202222400|45796772736|21964765680|10394036640|4853128176|2235654720|1015855074|455100300|200862000|87229224|37198620|15526368|6308280|2471040,12|15|12|15|12|17|12|15|16|15|16|23|18|27
13,10|5|5|3|3,0,0|2,2,6,7,1,175287255000|78205083000|34781915850|15411315150|6798074580|2982850200|1300606670|562868570|241417280|102427320|42884625|17662095|7124370|2797080,6|7|6|7|8|11|12|13|20|15|12|13|14|19
13,10|5|5|3|1|1|1,0,0|2,2,4,5,1,473700527300|215715932432|97671028455|43956643640|19654678316|8726154710|3843591115|1677784990|724771740|309257032|130021360|53682552|21664720|8488480,4|9|4|11|8|7|10|13|12|15|20|19|20|23
13,10|5|5|2|2|1|1,0,0|2,2,4,5,1,515344529700|236265645924|107647831137|48725497359|21900187848|9768054450|4319943012|1892274846|819789012|350594748|147636090|61005714|24618132|9633624,4|5|4|5|10|7|14|13|12|13|14|15|16|19
13,10|5|5|2|1|1|1|1,0,0|2,2,8,9,1,334376842800|155356625424|71605850316|32736920580|14841452808|6669007800|2968158193|1307130517|568793960|244103496|103052670|42645834|17213196|6726720,8|9|8|9|10|11|10|11|14|15|14|15|16|25
13,10|5|4|4|2|1,1,5|7,2,19,24,5,587435397120|266605295616|120466824192|54162293760|24212835072|10753176192|4739291136|2070214320|894840192|381960576|160575552|66247632|26687232|10419552,24|23|24|25|20|19|32|19|22|23|24|21|28|23
13,10|5|4|3|2|2,1,5|7,2,17,22,5,707098163200|325265155072|148821697024|67682774016|30573359232|13704816320|6089784896|2678902712|1164716608|499424576|210614720|87019328|35033856|13631904,22|21|22|25|18|17|22|17|20|21|24|25|28|23
13,10|5|4|2|2|1|1|1,1,5|9,2,21,23,2,806283878400|380814077952|178371207168|82821565440|38100512256|17353017600|7817515200|3479192640|1527214080|659768256|279685440|115861152|46620288|18052320,26|25|30|25|22|21|22|23|32|21|24|23|26|23
13,10|5|4|1|1|1|1|1|1|1,1,5|7,2,19,23,4,98374348800|48279103488|23391599616|11188260864|5281765632|2459982720|1129602240|510866160|227203200|99150912|42324480|17592048|7070976|2718144,24|23|24|29|20|19|22|19|22|21|30|21|28|25
13,10|5|3|3|3|1|1,0,0|2,2,4,5,1,473275588500|221347352160|102849064065|47445553980|21712507542|9847572570|4421357325|1962367110|859486140|370632888|156882960|64908360|26088480|10090080,4|11|4|9|6|7|10|13|12|15|20|19|22|23
13,10|5|2|2|1|1|1|1|1|1|1,0,0|2,2,8,9,1,60766248400|31037529952|15614283828|7733886160|3769528048|1806696320|850711433|393023972|177835020|78607832|33816440|14076744|5618096|2116400,8|11|8|13|12|19|10|15|12|15|18|19|20|21
13,10|4|4|4|2|2,0,0|2|4|6,4,12,16,4,198871358400|92398692672|42707457936|19621691856|8952695856|4051984560|1816729278|805569054|352543944|151876272|64188660|26493060|10610160|4084080,12|13|12|13|12|13|12|13|14|17|16|17|20|21
13,10|4|4|3|3|1|1,0,0|2,2,4,5,1,400823523100|188695381644|88275013365|41005936895|18896543358|8628872560|3899097972|1740506460|765886660|331320164|140401485|57999711|23196250|8888880,4|5|4|5|6|13|14|15|12|13|12|13|14|21
13,10|4|4|3|2|1|1|1,1,5|9,2,21,23,2,627109683200|300047863808|142410526720|67007144960|31230026240|14402743040|6564015808|2951354560|1306385920|567687232|241279360|99789536|39867520|15215200,26|25|28|25|22|21|22|23|26|21|26|23|26|23
13,10|4|4|2|2|2|1|1,0,0|8,2,16,22,6,400342342400|193396146944|92627703168|43952626432|20643745408|9586811520|4395909232|1986842704|883197616|385013104|163958320|67842984|27066248|10287992,16|17|18|21|18|19|18|19|16|17|20|19|18|19
13,10|4|4|2|2|1|1|1|1,0,0|8,2,16,22,6,333152019200|162988218624|78931401472|37816364544|17911049856|8378133120|3865472688|1756150704|783920368|342819792|146293560|60582984|24151512|9153144,16|17|20|23|18|19|18|19|16|17|18|19|18|19
13,10|4|3|3|3|1|1|1,0,0|2,2,6,7,1,303143841000|146441793960|70169181390|33322911930|15668372412|7285536720|3345084435|1513748775|673568280|293813184|125131755|51742845|20607510|7807800,6|7|6|7|8|13|10|11|14|21|12|13|14|19
13,10|4|3|2|2|2|1|1|1,1,3|5|7|9,4,17,22,5,353549081600|175686697472|86394861696|42008005312|20175765376|9559667520|4461725840|2047243880|921218400|405191600|173435360|71794272|28479616|10671232,20|19|18|17|18|17|18|17|18|17|22|23|26|27
13,10|4|2|2|2|2|2|2,0,0|2,2,4,5,1,43787443700|21961087148|10902927035|5351851505|2593989398|1239608370|583020438|269295180|121825760|53787244|23066050|9543226|3771460|1401400,4|5|4|5|6|7|12|15|18|13|14|15|16|19
13,10|4|2|2|2|1|1|1|1|1|1,0,0|2,2,6,7,1,61665157400|32065881848|16435104994|8296418438|4120674404|2011224600|963102987|451552101|206721592|92069236|39689755|16438961|6469078|2375296,6|7|6|7|8|11|10|11|14|13|12|13|14|27
13,10|4|2|2|1|1|1|1|1|1|1|1,0,0|2,2,6,7,1,24858919800|13232594232|6926964330|3563313390|1799575596|891184840|432083652|204680190|94469540|42322104|18304965|7583499|2972970|1081080,6|7|6|7|8|11|14|13|12|15|12|13|14|19
13,10|3|3|3|2|2|2|1,1,5|7,2,17,22,5,124782028800|62007069696|30536123904|14885824512|7173648768|3412169280|1598886848|736352072|332321856|146419584|62666880|25876224|10207296|3788928,22|21|22|27|18|17|22|17|20|23|26|29|24|27
13,10|3|3|3|2|2|1|1|1,0,0|2|4|6,4,12,16,4,154677723200|77576827328|38514235760|18908600880|9168823248|4384611920|2063983298|954183650|431947320|190742048|81747260|33765116|13305600|4924920,12|13|12|13|12|13|12|13|14|19|16|17|28|19
13,10|3|3|3|2|1|1|1|1|1,1,5|7,2,19,23,4,98374348800|50095245312|25207741440|12523576320|6136254720|2961064320|1404695232|653595600|297400320|131822208|56620800|23395824|9201600|3388320,24|23|24|25|20|19|22|19|30|23|28|21|24|23
13,10|3|3|2|2|2|2|1|1,0,0|2|4|6,4,14,18,4,97225997440|49360891008|24794255200|12307705696|6029268960|2910066016|1381110588|642943356|292673760|129750688|55720164|23006764|9035224|3318744,14|15|14|15|14|15|14|15|18|19|16|17|18|19
13,10|3|3|2|2|2|1|1|1|1,0,0|2|4|6,4,12,16,4,94202222400|48405449664|24573442608|12312164592|6080707152|2955635280|1411187778|660232386|301737384|134154144|57707280|23832864|9344808|3418272,12|13|12|13|12|13|12|13|14|19|20|23|18|23
13,10|3|3|1|1|1|1|1|1|1|1|1|1,0,0|2|4|6,4,12,16,4,4172126400|2297878848|1242382032|658749456|342139824|173799600|86180094|41606526|19490328|8817552|3827520|1579248|610632|216216,12|13|12|13|12|13|12|13|14|17|24|21|18|19
13,10|3|2|2|2|2|2|1|1|1,1,5|7,2,17,22,5,37215692800|19409415168|9998450176|5080751104|2542949760|1251332160|604050304|285267048|131342272|58691840|25301760|10434512|4066304|1468896,22|21|22|25|18|17|24|17|20|25|28|21|32|23
13,10|3|2|2|2|1|1|1|1|1|1|1,1,5|9,2,21,23,2,16736051200|9037467648|4802519040|2508753920|1286564352|646629120|317832768|152359680|70977280|31980608|13847040|5708736|2210560|786720,26|25|30|25|22|21|22|27|24|21|30|25|28|23
13,10|3|2|1|1|1|1|1|1|1|1|1|1|1,1,5|7,2,17,22,5,1504921600|858962944|480417280|262947840|140619648|73336640|37210368|18312840|8706880|3977792|1733120|712352|271680|93600,22|21|22|25|18|17|26|17|20|21|30|23|24|23
13,9|9|6|2,0,0|2,2,6,7,1,18832515000|7648898400|3110829150|1267258200|517259340|211625700|86822450|35736840|14766400|6129180|2557575|1073700|453750|193050,6|11|6|11|8|9|12|17|20|13|12|17|14|15
13,9|9|5|3,0,0|2,2,8,9,1,31638625200|13044848544|5381388012|2221506144|917899632|379731040|157356147|65355486|27228572|11391408|4792230|2030724|868572|375804,8|11|8|15|12|15|10|13|12|17|14|17|16|17
13,9|9|3|3|1|1,0,0|8,2,16,22,6,85667662080|36902992896|15834669312|6770286720|2885721984|1226930432|520792272|220937472|93814672|39949056|17103240|7386456|3232152|1441440,16|21|20|19|18|21|18|27|16|25|18|19|18|23
13,9|9|3|2|1|1|1,1,3|7,2,15,17,2,106064724480|46505302272|20264038080|8780008224|3785401152|1625356096|695775808|297346164|127080512|54436176|23439456|10183800|4486944|2018016,18|17|16|15|16|17|22|15|20|17|22|19|22|23
13,9|9|2|2|2|1|1,0,0|2,2,8,9,1,49717839600|22028827392|9692484516|4236824592|1841129784|796050840|342848571|147302298|63254496|27216012|11771190|5139948|2279244|1034748,8|17|8|13|10|11|10|13|18|13|14|17|16|17
13,9|9|2|2|1|1|1|1,0,0|2,2,4,5,1,37288379700|16751087496|7457260239|3292351920|1442820600|628307160|272252214|117582156|50722740|21914460|9515970|4172520|1859220|849420,4|7|4|13|10|11|12|15|12|13|14|19|16|17
13,9|8|7|1|1,1,3|5,2,11,13,2,23796572800|9848120128|4079241936|1692005784|703093344|292809480|122254120|51186520|21493920|9051560|3821720|1616868|684816|290004,14|13|12|11|14|11|16|17|18|15|18|17|20|17
13,9|8|6|3,0,0|2,2,6,7,1,58004146200|24272504256|10171094934|4268367480|1794107172|755417260|318672263|134708252|57071140|24237948|10320915|4407216|1887534|810810,6|13|6|11|8|9|10|15|12|13|12|21|14|15
13,9|8|5|2|2,1,3|7,2,15,17,2,203970624000|88178069760|38068831680|16415790240|7071739968|3044210560|1309919920|563645500|242643200|104565936|45143040|19541280|8490240|3706560,18|17|16|15|16|19|18|15|24|17|32|23|28|25
13,9|8|4|4|1,1,3|5,2,13,15,2,151432736000|65465536640|28278417440|12205601520|5264453376|2269296400|977830560|421318380|181608000|78364552|33880000|14692720|6400800|2806440,16|15|14|13|20|13|20|15|20|15|24|21|22|19
13,9|8|3|3|1|1|1,1,3|7,2,15,17,2,285558873600|128721153792|57727779648|25764640224|11447595456|5065694400|2233748608|982215052|431075456|189054768|82979040|36520440|16156800|7207200,18|17|16|15|16|17|24|15|22|17|22|19|26|23
13,9|8|3|2|2|2,1,3|5,2,15,17,2,203970624000|91943681280|41254593600|18426659040|8194572288|3629549920|1601906080|704974600|309640640|135897504|59691120|26291760|11642400|5199480,18|17|16|15|32|15|20|17|20|19|20|21|22|19
13,9|8|3|1|1|1|1|1|1,1,3|5,2,13,15,2,80068468480|37570589056|17453051616|8032451856|3665403456|1659868496|746686512|334059264|148845760|66163160|29401856|13096248|5866080|2652936,16|15|14|13|16|13|18|27|20|15|28|19|22|19
13,9|8|2|2|2|1|1|1,0,0|2,2,4,5,1,136724058900|63524101212|29279068533|13391807715|6080961744|2742888720|1229923695|548796765|243982740|108248892|48028560|21366312|9562608|4324320,4|5|4|5|12|13|10|11|12|13|20|19|20|23
13,9|7|7|2|1,1,3|5,2,11,13,2,71389718400|30423003072|12969928048|5532951240|2362461984|1009832120|432185760|185203620|79460640|34125000|14662920|6299612|2703888|1158300,14|13|12|11|14|11|20|15|18|15|18|17|20|17
13,9|7|7|1|1|1,0,0|2|4|6,4,12,16,4,39774271680|17133532416|7371764400|3169606752|1362544560|585836992|252006690|108475620|46724440|20135808|8678160|3737976|1607760|689832,12|17|12|15|12|17|12|15|14|23|20|19|20|19
13,9|7|5|4|1,1,3|5,2,13,15,2,330432410880|144881903232|63517066272|27841199472|12200440320|5344608240|2340278568|1024204320|447948576|195770520|85486752|37293696|16251840|7073352,16|15|14|13|22|13|16|21|18|15|22|27|24|19
13,9|7|4|4|2,0,0|2|4|6,4,14,18,4,366467221120|163500760192|72864469216|32430988128|14414289120|6396778080|2834130684|1253536284|553471744|243946976|107338028|47152028|20680968|9057048,14|15|14|15|14|15|14|15|24|19|16|17|18|19
13,9|7|4|4|1|1,0,0|2|4|6,4,12,16,4,451980360000|203043484800|91025922000|40723581600|18181210320|8099977600|3600968670|1597447260|707153320|312393960|137730600|60610200|26625600|11676600,12|15|12|15|12|19|12|15|14|15|18|19|24|19
13,9|7|4|3|2|1,1,5|7,2,17,21,4,1272776693760|577644807168|261437130240|117990153216|53097962112|23826176192|10660507104|4756257528|2116169600|939041856|415660032|183566592|80898048|35582976,22|21|22|25|18|17|20|17|22|21|34|29|34|33
13,9|7|4|2|2|2,0,0|2|4|6,4,12,16,4,535422888000|245470800960|112128416400|51029012880|23136456816|10451177840|4703814510|2109586710|942912320|420103152|186618060|82676220|36538920|16113240,12|13|12|13|12|13|12|13|20|17|16|17|18|19
13,9|7|4|1|1|1|1|1|1,0,0|2|4|6,4,12,16,4,180154054080|85919625792|40620019440|19047126384|8863270416|4095050960|1879511634|857369898|388908800|175512456|78846012|35277396|15728328|6990984,12|13|12|13|12|13|12|13|24|15|16|17|18|19
13,9|7|3|3|2|2,0,0|2|4|6,4,14,18,4,495648616320|228760899840|105180283296|48168385344|21969385056|9978819840|4513889268|2033616024|912647952|408093552|181877508|80822016|35825328|15845544,14|17|14|17|14|21|14|17|16|17|16|29|20|19
13,9|7|3|2|2|2|1,1,3|5,2,15,17,2,628229521920|294784621824|137569658688|63846557280|29467418112|13525643296|6175010864|2804585168|1267580160|570325056|255571296|114123768|50810496|22565400,18|17|16|15|22|15|18|19|24|21|22|19|26|19
13,9|7|3|2|1|1|1|1|1,1,3|5,2,13,15,2,389943840000|187772956800|89624048800|42415729200|19911003840|9274382000|4288246560|1969143480|898476480|407596200|183968400|82673360|37018080|16525080,16|15|14|13|16|13|20|17|20|15|20|21|22|19
13,9|7|3|1|1|1|1|1|1|1,0,0|2|4|6,4,14,18,4,97225997440|47865106432|23298470624|11218384320|5346410784|2523316224|1180114364|547278248|251849680|115099776|52286652|23631696|10636032|4770480,14|25|14|17|14|33|14|17|16|23|16|21|28|21
13,9|6|6|4|1,1,3|5|7|9,4,17,22,5,190372582400|84056817152|37122653568|16396927040|7242409088|3198285120|1411737392|622659128|274300320|120630832|52926400|23149104|10084096|4370080,20|19|18|17|18|17|18|17|18|17|24|21|28|23
13,9|6|6|3|1|1,0,0|8,2,14,20,6,397742716800|178678266624|80142718656|35892380160|16050498048|7166382080|3194350536|1421161584|630872920|279305712|123251760|54168312|23687928|10296000,14|17|16|23|22|29|16|19|14|17|20|19|18|25
13,9|6|6|2|1|1|1,1,3|7,2,15,17,2,337478668800|154201791744|70210236096|31863355680|14416144704|6503219840|2925131248|1311797172|586406240|261201024|115863840|51142992|22443168|9781200,18|17|16|15|16|19|18|15|18|23|22|21|22|21
13,9|6|5|5|1,1,3|5,2,13,15,2,142779436800|63481934208|28231967456|12556395024|5583708480|2481923920|1102320240|488986680|216541920|95674152|42146880|18497248|8079456|3507504,16|15|14|13|16|13|18|17|18|15|24|23|22|21
13,9|6|5|4|2,1,3|5,2,13,15,2,523524601600|235988781952|106307010656|47847199312|21511355008|9657615440|4328281320|1935669120|863400160|383897192|170038160|74963152|32860256|14303432,16|15|14|13|18|13|16|25|18|15|20|21|22|19
13,9|6|5|4|1|1,1,3|5|7|9,4,17,22,5,636388346880|288822403584|130878194304|59210334144|26740052352|12052444352|5420263056|2431361928|1087370464|484590672|215059680|94967664|41684544|18162144,20|19|18|17|18|17|18|17|18|17|22|21|24|23
13,9|6|5|3|1|1|1,1,3|7,2,15,17,2,1012436006400|468835750656|216341885760|99484051680|45588898368|20817496960|9471091344|4292139180|1936887680|869944320|388657440|172575840|76080960|33256080,18|17|16|15|16|19|18|15|22|29|22|23|24|21
13,9|6|5|2|2|2,1,3|5,2,11,13,2,560919216000|259748744640|119916023920|55184201160|25310901792|11568770840|5268244080|2389609860|1079229760|485084544|216851160|96336020|42485520|18575700,14|13|12|11|14|11|18|15|20|23|18|17|20|17
13,9|6|5|1|1|1|1|1|1,1,3|5,2,13,15,2,176374598400|84931152768|40573039584|19237590288|9056880000|4235016240|1967281680|907908540|416237920|189514584|85649760|38394048|17053344|7495488,16|15|14|13|18|13|18|15|18|15|22|25|22|25
13,9|6|4|4|3,1,3|5,2,13,15,2,333152019200|152224845696|69477237984|31664310160|14404978560|6538865200|2960446048|1336216812|600949440|269143000|119952000|53154024|23393216|10210200,16|15|14|13|18|13|20|15|20|15|26|19|24|19
13,9|6|4|4|2|1,0,0|2|4|6,4,12,16,4,1020872973120|471172141440|216978185424|99675122976|45664798608|20857993728|9495370742|4306539468|1945008856|874283928|390866940|173652600|76581384|33472296,12|15|12|15|12|23|12|15|14|15|16|19|18|19
13,9|6|4|4|1|1|1,1,3|5|7|9,4,17,22,5,674957337600|314633958912|146154223488|67651331904|31199995008|14334116160|6558745648|2987910072|1354684576|610963248|273918240|121981440|53894400|23587200,20|19|18|17|18|17|18|17|18|17|22|31|28|27
13,9|6|4|3|2|2,0,0|2|4|6,4,12,16,4,1177930353600|550908965376|256846597392|119340210528|55245888720|25473352960|11695120998|5344359636|2429801584|1098504288|493516800|220140096|97385112|42656328,12|19|12|15|12|21|12|15|16|19|34|25|18|19
13,9|6|4|2|2|2|1,1,3|5,2,11,13,2,1166032067200|554313705792|262279219664|123496308376|57855328608|26961401320|12495338296|5757516072|2636617088|1199446304|541710120|242682748|107717456|47291244,14|13|12|11|14|11|16|17|22|19|18|17|20|17
13,9|6|4|2|1|1|1|1|1,1,3|5,2,13,15,2,680302022400|331778063232|160530799968|77077429200|36730060416|17373217680|8156591352|3800785968|1757488320|806160600|366634080|165189024|73646496|32432400,16|15|14|13|18|13|16|19|20|15|22|23|22|21
13,9|6|4|1|1|1|1|1|1|1,0,0|2|4|6,4,12,16,4,154677723200|77100895872|38038304304|18581347616|8990248176|4309439680|2046938530|963514860|449426880|207687480|95042520|43038072|19261704|8504496,12|15|12|15|12|17|12|15|20|15|18|19|18|21
13,9|6|3|3|3|2,1,3|5|7|9,4,19,24,5,489529497600|231208547328|108828901632|51031105920|23829223680|11076448640|5123105568|2356808112|1077880000|489819744|221019840|98940336|43886304|19253520,22|21|20|19|20|19|20|19|20|19|24|21|22|21
13,9|6|3|3|3|1|1,1,3|7,2,15,17,2,723168576000|343783215360|162737115840|76688520480|35965829952|16781469120|7787588640|3592915380|1647315840|750189936|339117120|152032200|67513920|29643120,18|17|16|15|16|17|20|15|22|17|24|19|24|21
13,9|6|3|3|2|2|1,1,3|5|7|9,4,19,24,5,1142235494400|546515751936|260250144000|123309513600|58115689728|27236457600|12689053984|5874576400|2701576640|1233499680|558815040|250974240|111603360|49043280,22|21|20|19|20|19|20|19|20|19|24|23|22|21
13,9|6|3|3|1|1|1|1|1,1,3|5|7|9,4,17,22,5,503927424000|247312074240|120422924160|58183283520|27894930048|13270204480|6263490480|2932741560|1361900960|627013296|286045920|129201600|57705120|25431120,20|19|18|17|18|17|18|17|18|17|22|25|22|21
13,9|6|3|2|2|2|2,1,3|5|7|9,4,19,24,5,424258897920|205602388992|99076513536|47458240128|22589948160|10681966464|5016356384|2338767024|1082149824|496698720|226017504|101873376|45423840|19994832,22|21|20|19|20|19|20|19|20|19|22|23|22|21
13,9|6|3|2|2|2|1|1,1,3|5,2,9,11,2,916168052800|446808111904|216494494216|104198049340|49804182736|23635736740|11134382952|5205231108|2414071520|1110235448|506039240|228396476|101944304|44904860,12|11|10|9|12|9|16|15|18|15|18|17|20|17
13,9|6|3|2|2|1|1|1|1,1,3|5,2,13,15,2,769889120000|380206780800|186253944800|90506112400|43623011520|20853690000|9886162000|4647045480|2165343040|999828760|457240800|206932000|92554880|40823640,16|15|14|13|16|13|18|17|20|15|22|23|26|19
13,9|6|3|2|1|1|1|1|1|1,1,3|5|7|9,4,17,22,5,353549081600|177862384128|88570548352|43665568960|21315206016|10303317440|4931917328|2337716232|1097117920|509673936|234267840|106456416|47761824|21106800,20|19|18|17|18|17|18|17|18|17|24|23|22|21
13,9|6|3|1|1|1|1|1|1|1|1,1,3|5|7|9,4,17,22,5,78152954880|40278830592|20498814336|10304144448|5117214336|2511253056|1218039472|583979704|276764320|129641904|59999616|27415344|12349920|5470608,20|19|18|17|18|17|18|17|18|17|26|21|22|21
13,9|6|2|2|2|2|1|1|1,1,3|5,2,11,13,2,266500080000|133250040000|66064983600|32472455400|15819994080|7637566200|3653187120|1730864520|812116480|377216280|173363400|78769020|35331120|15604380,14|13|12|11|14|11|18|17|26|15|18|17|20|17
13,9|6|2|2|1|1|1|1|1|1|1,1,3|7,2,15,17,2,83735308800|43413537024|22228130496|11240555040|5614644672|2770414400|1350474528|650377572|309438880|145430928|67492800|30905952|13942368|6177600,18|17|16|15|16|17|20|15|18|17|24|23|22|25
13,9|6|1|1|1|1|1|1|1|1|1|1|1,1,3|5,2,11,13,2,2599625600|1427794368|770802032|408982600|213284448|109334680|55105128|27313572|13317920|6389152|3015480|1399156|636944|283140,14|13|12|11|14|11|16|15|18|19|18|17|20|17
13,9|5|5|4|1|1|1,1,3|7,2,17,19,2,494968714240|232254550528|108636528000|50648942656|23532306304|10892552320|5020957344|2303551320|1051136128|476632352|214527392|95704488|42239648|18397808,20|19|18|17|18|19|20|17|22|19|22|19|22|21
13,9|5|5|3|3|1,0,0|2,2,6,7,1,621472995000|290658139200|135636307950|63133644600|29300317020|13552431100|6244054050|2863821120|1306534400|592353000|266571675|118899000|52463070|22844250,6|13|6|11|8|9|12|23|26|15|12|19|14|15
13,9|5|5|3|2|1|1,0,0|2,2,8,9,1,1276091216400|604670914848|285477396204|134263663248|62888239128|29326451440|13609439129|6281577302|2881599784|1312613904|593020110|265324224|117330972|51152244,8|11|8|13|10|13|10|13|14|17|14|25|16|17
13,9|5|5|3|1|1|1|1,0,0|2,2,4,5,1,640682160300|307527436944|146842636941|69751604520|32957531100|15487127370|7235440992|3359184318|1548798300|708545880|321255450|144139284|63869796|27876420,4|9|4|11|8|7|20|13|12|15|14|17|16|17
13,9|5|5|2|2|1|1|1,0,0|2,2,4,5,1,725051827500|350255805900|168265372275|80384291325|38181957840|18028570950|8459360975|3942592115|1823936100|836826060|380316000|170946600|75839280|33118800,4|5|4|5|12|7|10|11|12|13|22|19|20|21
13,9|5|4|4|2|2,0,0|2|4|6,4,12,16,4,654405752000|310087648640|146529983600|69024273120|32397785904|15144018560|7045547410|3260039860|1498960120|684162136|309572380|138636520|61314000|26700960,12|15|12|15|12|19|12|15|14|15|16|19|20|23
13,9|5|4|3|3|1|1,0,0|2,2,6,7,1,1218087070200|584681793696|279589684374|133146762840|63119809116|29772118740|13963840527|6507906678|3011217720|1381787736|627988095|282172968|125063862|54504450,6|11|6|11|8|9|10|13|14|15|12|19|14|15
13,9|5|3|3|3|2|1,1,3|7,2,15,17,2,856676620800|417794598144|202866181056|98026365600|47111280192|22505547840|10679091168|5029301172|2348505600|1086112272|496719840|224212032|99626208|43414800,18|17|16|15|16|17|20|15|26|17|22|25|22|21
13,9|5|3|3|3|1|1|1,0,0|2,2,4,5,1,706219312500|347677200000|170224835625|82856767500|40077852750|19254251250|9181711500|4342785000|2035447500|944271600|432947625|195804300|87113850|37980150,4|15|4|9|6|7|14|17|12|17|12|17|14|15
13,9|5|3|3|2|2|2,0,0|8,2,16,22,6,583355984640|287190638592|140668784256|68516393088|33168330624|15948641280|7611986096|3603298688|1690110064|784564032|359902272|162823320|72449256|31581264,16|27|18|19|18|25|18|25|16|21|24|19|18|21
13,9|5|3|3|1|1|1|1|1|1,0,0|8,2,16,22,6,333152019200|170163800576|86106983424|43165203200|21433145216|10538411520|5128860464|2469268256|1175082160|552135584|255769640|116564448|52105592|22742720,16|19|24|21|18|23|18|21|16|19|18|23|18|25
13,9|5|3|2|2|2|1|1|1,1,3|5,2,13,15,2,769889120000|389682339200|195729503200|97524499600|48184227520|23594907600|11444554000|5494562920|2608715200|1223404840|565831600|257543000|115010720|50164400,16|15|14|13|16|13|18|17|20|15|20|19|22|21
13,9|5|3|2|1|1|1|1|1|1|1,1,3|7,2,17,19,2,211452800000|110931392000|57527184000|29488472000|14939600000|7478848000|3698136000|1805308200|869374400|412549120|192611200|88276200|39582400|17274400,20|19|18|17|18|23|22|17|20|41|26|19|24|23
13,9|5|2|2|2|2|2|2,0,0|2,2,4,5,1,87006219300|44440099704|22531409901|11332009260|5649933510|2790586500|1364374518|659754942|315207480|148599780|69010710|31497972|14081628|6134700,4|7|4|9|6|9|12|13|14|13|14|17|16|17
13,9|5|2|2|2|1|1|1|1|1|1,0,0|2,2,6,7,1,119933385000|63472437600|33208310850|17172097800|8773624860|4427294300|2205346000|1083688210|524855300|250244580|117260625|53869200|24172170|10531950,6|11|6|11|8|9|18|13|12|13|12|21|14|15
13,9|5|2|2|1|1|1|1|1|1|1|1,0,0|2,2,6,7,1,47457937800|25700298624|13728941226|7233197400|3757658580|1924252980|970913619|482414436|235846800|113320620|53422335|24646764|11083446|4826250,6|15|6|11|8|9|10|15|16|13|12|17|14|15
13,9|4|4|4|3|2,1,3|5,2,13,15,2,305955936000|147329550720|70750178400|33863294160|16144227072|7660760880|3615109200|1694840220|788447680|363431016|165689280|74541720|32994720|14311440,16|15|14|13|20|13|18|15|20|15|24|19|22|21
13,9|4|4|4|2|2|1,1,3|5,2,13,15,2,523524601600|255318921088|124026304864|59982200784|28864518144|13811736400|6566361032|3098640776|1449680736|671416088|307276880|138630800|61464480|26666640,16|15|14|13|26|13|16|17|18|15|20|21|22|21
13,9|4|4|4|1|1|1|1|1,1,3|5,2,15,17,2,194546526720|97273263360|48305880896|23822189664|11663154048|5666446240|2730192192|1303454880|615938624|287668416|132539568|60092536|26721408|11599224,18|17|16|15|18|15|22|21|20|21|20|19|26|19
13,9|4|4|3|3|1|1|1,0,0|2,2,4,5,1,609043535100|301710797388|148689457917|72868039335|35492316678|17170768160|8244333825|3924674985|1850135140|862362396|396658080|179590488|79767072|34594560,4|5|4|5|6|15|10|11|12|13|22|19|22|29
13,9|4|4|2|2|2|1|1|1,1,3|5|7|9,4,17,22,5,503927424000|256615349760|129726199680|65076690240|32378467968|15967904960|7799384880|3769337880|1800183840|848230992|393497280|179219040|79833600|34594560,20|19|18|17|18|17|18|17|18|17|24|23|30|29
13,9|4|3|3|3|2|2,1,3|7,2,15,17,2,318194173440|159097086720|79167206976|39178080864|19267395264|9408218560|4556803680|2186595468|1038041792|486677232|224848800|102075600|45359424|19624176,18|17|16|15|16|17|20|15|20|17|22|21|24|21
13,9|4|3|3|2|2|1|1|1,1,3|5,2,13,15,2,680302022400|348523959168|177276695904|89482803408|44794912896|22222498320|10915250040|5302253880|2543677920|1202997096|559586880|255237048|113677344|49142808,16|15|14|13|18|13|16|17|18|15|24|19|22|19
13,9|4|3|3|1|1|1|1|1|1|1,1,3|7,2,17,19,2,132805370880|70489004544|37010058624|19218337344|9866282112|5004979200|2506915008|1238592600|602816256|288489600|135430272|62158968|27762912|11984544,20|19|18|17|18|25|22|17|24|23|26|19|22|23
13,9|4|3|2|2|2|2|1|1,1,3|5,2,13,15,2,389943840000|202170883200|104021975200|53081386800|26844392640|13442889200|6659259360|3259340040|1573825920|748322520|349514400|159833960|71243040|30750720,16|15|14|13|16|13|20|17|22|15|22|19|22|35
13,9|4|3|2|2|2|1|1|1|1,1,3|5,2,13,15,2,373946144000|196177900160|101997250080|52530678640|26783139328|13508595760|6733772760|3313642200|1607377760|767148696|359349840|164658120|73460640|31694520,16|15|14|13|22|13|16|17|18|15|20|19|22|19
13,9|4|3|1|1|1|1|1|1|1|1|1|1,1,3|5,2,13,15,2,14957845760|8399405696|4646187040|2530816112|1356907904|715679536|371050680|188904144|94301856|46068616|21962608|10177112|4556992|1953952,16|15|14|13|18|13|16|19|18|15|20|19|24|23
13,9|4|2|2|2|1|1|1|1|1|1|1,0,0|2,2,8,9,1,49717839600|27383056272|14891518356|7992494172|4231096272|2207600720|1134136653|572994939|284237668|138146508|65596680|30308784|13547952|5806944,8|9|8|9|12|13|10|11|12|13|18|21|20|23
13,9|3|3|3|3|2|1|1|1,1,3|5,2,13,15,2,176374598400|91443445632|47085332448|24062668560|12194743680|6122711280|3041854032|1493222388|722975680|344478456|161063280|73620624|32731776|14054040,16|15|14|13|18|13|18|15|20|15|20|21|26|19
13,9|3|3|3|2|2|2|1|1,0,0|2|4|6,4,12,16,4,180154054080|94234428288|48934821936|25208108640|12870432432|6506156800|3252325362|1605264276|780865288|373484664|175123152|80184192|35661384|15289560,12|15|12|15|12|21|12|15|14|15|20|27|18|19
13,9|3|3|3|2|2|1|1|1|1,0,0|2|4|6,4,14,18,4,166576009600|88157149696|46256876512|24049370688|12379606176|6303355520|3170922412|1573657624|769034336|369212032|173614420|79640176|35442792|15183168,14|19|14|17|14|19|14|17|18|23|16|21|18|25
13,9|3|3|2|2|2|2|2|1,1,3|5,2,13,15,2,80068468480|42497879424|22380341984|11683404304|6040017984|3088669584|1560198640|777242928|381097472|183456392|86427984|39679024|17649632|7543536,16|15|14|13|16|13|18|19|26|15|20|21|22|21
13,9|3|3|2|2|2|2|1|1|1,0,0|2|4|6,4,12,16,4,110484088000|59151480960|31390044400|16498374880|8580567216|4411072640|2238502370|1119598260|550803800|265871784|125510220|57695880|25674000|10965240,12|15|12|15|12|19|12|15|14|15|16|19|20|19
13,9|3|3|2|2|2|1|1|1|1|1,1,3|5,2,13,15,2,87671584000|47612414080|25590426400|13603670640|7146763008|3706845520|1895839120|954604420|472295040|229018664|108481520|49973000|22249920|9489480,16|15|14|13|20|13|18|15|22|15|20|19|24|19
13,9|3|3|2|1|1|1|1|1|1|1|1|1,1,3|5,2,13,15,2,15452320000|8772163200|4909341600|2707127600|1469811840|785038800|411989760|212118660|106927040|52631000|25203600|11683560|5205760|2205840,16|15|14|13|18|13|26|15|20|15|20|19|28|21
13,9|3|3|1|1|1|1|1|1|1|1|1|1|1,0,0|2|4|6,4,12,16,4,2812322240|1644126848|945749168|534919008|297246768|162116864|86670402|45345300|23167144|11524744|5560192|2587312|1151976|484848,12|15|12|15|12|21|12|15|14|15|26|21|18|21
13,9|2|2|2|2|2|2|2|1|1|1,1,3|7,2,15,17,2,5582353920|3134706432|1742385216|957541728|519579840|277932096|146283488|75583772|38231104|18863760|9038496|4180440|1851168|775632,18|17|16|15|16|17|20|15|20|17|22|19|22|21
13,9|2|2|2|2|2|1|1|1|1|1|1|1,1,3|5,2,15,17,2,3138009600|1820045568|1041682752|587756640|326550144|178381280|95630768|50199512|25727680|12826176|6190080|2873376|1271424|529320,18|17|16|15|18|15|18|17|20|21|32|23|26|19
13,9|2|2|2|1|1|1|1|1|1|1|1|1|1|1,1,3|7,2,15,17,2,483724800|295444224|177427776|104652000|60543936|34299200|18989568|10248732|5374720|2727504|1332000|621312|273888|112320,18|17|16|15|16|17|28|15|24|17|22|29|22|25
13,9|2|1|1|1|1|1|1|1|1|1|1|1|1|1|1|1,1,3|5,2,13,15,2,15997696|10460032|6708064|4211920|2584000|1545232|898144|505648|274560|143000|70928|33176|14432|5720,16|15|14|13|16|13|20|19|22|15|20|19|22|19
13,8|8|8|2,0,0|2,2,6,7,1,3866943080|1606268664|669278610|279829758|117446472|49499112|20955350|8912820|3808560|1634584|704115|304029|131340|56628,6|7|6|7|10|11|12|15|16|15|12|13|16|17
13,8|8|7|3,0,0|2,2,6,7,1,19334715400|8209817616|3495121630|1492156640|638978184|274520480|118351142|51209970|22241520|9696008|4241805|1861376|818620|360360,6|9|6|15|10|15|12|13|16|15|12|29|16|19
13,8|8|6|4,0,0|2,2,6,7,1,34802487720|14991840864|6473573106|2802278232|1216172724|529225788|230940801|101072832|44372160|19543608|8637705|3831564|1706166|762762,6|11|6|11|8|9|10|23|20|15|12|17|14|15
13,8|8|6|3|1,0,0|2,2,6,7,1,135343007800|59134483408|25860020186|11321243024|4962924512|2179053240|958516650|422526090|186703580|82721492|36758855|16385908|7327936|3287284,6|9|6|13|14|11|12|13|12|13|12|17|24|17
13,8|8|6|2|2,0,0|2,2,6,7,1,101695581000|44746055640|19691756370|8669633310|3819691512|1684626840|743998905|329142915|145912140|64839204|28890135|12909645|5785560|2599740,6|7|6|7|10|11|10|11|12|13|12|13|18|17
13,8|8|6|2|1|1,0,0|2,2,8,9,1,163601438000|72488021760|32091051300|14201198880|6284577816|2782437240|1232995005|547105020|243183920|108323572|48370410|21657240|9723120|4375800,8|17|8|15|10|11|10|15|16|13|14|19|20|19
13,8|8|6|1|1|1|1,0,0|2,2,6,7,1,63103411800|28347994224|12700177182|5678347752|2535439500|1131321840|504767835|225334560|100701600|45074988|20216475|9087804|4094442|1848132,6|9|6|11|8|13|10|21|18|13|12|17|14|17
13,8|8|5|5,0,0|2,2,6,7,1,19334715400|8388291912|3647730086|1589968146|694667532|304230160|133564743|58788849|25947264|11486888|5102715|2275801|1019898|459888,6|7|6|7|8|13|10|11|22|15|12|13|14|21
13,8|8|5|3|2,0,0|2,2,8,9,1,263655210000|117630786000|52475322900|23409005100|10444026840|4661181200|2081513525|930383195|416415160|186724860|83940450|37859550|17148000|7807800,8|9|8|9|10|13|10|11|14|13|14|15|22|19
13,8|8|5|3|1|1,0,0|2,2,6,7,1,343563019800|154339079664|69260313122|31055721312|13917633576|6235731040|2794208109|1252729632|562206372|252714504|113859375|51460948|23355024|10654644,6|9|6|15|10|15|10|21|12|15|12|17|20|17
13,8|8|5|2|2|1,0,0|2,2,6,7,1,334639305000|151359931800|68349238650|30821322150|13883207760|6248809800|2811555750|1265147100|569665740|256843440|116043975|52586325|23925000|10939500,6|7|6|7|12|11|12|15|12|17|12|13|18|17
13,8|8|5|2|1|1|1,1,3|5|7|9,4,17,21,4,299156915200|136691698176|62267660928|28291885248|12827637504|5806750400|2625747696|1186753128|536464128|242728016|110020320|50006352|22815936|10460736,20|19|18|17|20|17|18|17|24|17|22|21|24|25
13,8|8|5|1|1|1|1|1,0,0|2,2,6,7,1,91149372600|42349400808|19574251554|9007132134|4129209084|1887305420|860666521|391905943|178338088|81174204|36995085|16900719|7748202|3568422,6|7|6|7|8|9|10|11|14|13|12|13|14|15
13,8|8|4|3|3,0,0|2,2,10,11,1,147646917600|66781836576|30186140712|13635295128|6155302608|2777269040|1252766788|565146456|255101224|115300248|52230150|23741886|10846332|4989348,10|11|10|11|12|13|14|17|14|15|14|15|16|17
13,8|8|4|3|1|1|1,0,0|2,2,6,7,1,409003595000|188770890000|86848288450|39841920800|18231310680|8324560200|3794640850|1727799150|786393720|358101100|163339575|74736200|34365100|15915900,6|9|6|15|10|11|12|13|14|13|12|19|16|17
13,8|8|4|2|2|1|1,0,0|2,2,6,7,1,464670577800|215893099224|99943026282|46110560742|21209082768|9729460800|4453635069|2035481157|929573712|424612368|194238405|89123463|41096484|19088784,6|7|6|7|12|17|10|11|16|17|12|13|16|21
13,8|8|4|2|1|1|1|1,0,0|2,2,8,9,1,303831242000|143034400080|66974973780|31208059740|14478822072|6692114000|3083482545|1417424745|650635360|298567540|137157300|63185100|29251200|13642200,8|9|8|9|10|13|10|11|18|13|16|17|26|19
13,8|8|3|3|3|1,0,0|2,2,10,11,1,174904810080|80725296960|37174584216|17081004864|7831546128|3583678112|1637175652|747059292|340726792|155474256|71065890|32594100|15032556|6990984,10|13|10|17|12|15|14|15|14|17|14|17|16|19
13,8|8|3|3|2|1|1,0,0|2,2,8,9,1,401567166000|187809874560|87507618660|40626604080|18798019416|8671438680|3989721645|1832027610|840264600|385361172|176974020|81536400|37778400|17657640,8|15|8|13|10|11|10|13|14|13|16|21|22|19
13,8|8|3|3|1|1|1|1,0,0|2,2,6,7,1,212681869400|100778485808|47494208762|22269749216|10393828016|4830986160|2237472237|1033401138|476416864|219506896|101237725|46833820|21789460|10230220,6|9|6|15|12|13|10|13|18|17|12|17|16|17
13,8|8|3|2|2|1|1|1,0,0|2,2,6,7,1,313222389480|149382985752|70832956194|33403086990|15671776536|7318767456|3404178414|1578283056|730128672|337465548|156104991|72430281|33804540|15927912,6|7|6|7|10|15|12|19|18|13|12|13|16|19
13,8|8|2|2|2|2|2,0,0|2,2,10,11,1,45305013600|21746406528|10380757464|4928039424|2326983120|1093279440|511351764|238283892|110743752|51406320|23878890|11127732|5219676|2475396,10|15|10|23|12|13|14|15|14|17|14|17|16|17
13,8|8|2|2|2|2|1|1,0,0|2,2,10,11,1,99435679200|48035081952|23056440264|10997785656|5214521520|2458691040|1153559316|539001552|251101128|116807640|54365190|25382478|11929236|5669664,10|11|10|11|12|15|14|19|14|15|14|15|16|23
13,8|8|2|2|2|1|1|1|1,0,0|2,2,4,5,1,87006219300|42566119596|20657429793|9948140631|4756176360|2258808240|1066442559|501028227|234536484|109572960|51200955|23997105|11322960|5405400,4|5|4|5|10|13|10|11|12|19|12|13|20|19
13,8|8|2|2|1|1|1|1|1|1,0,0|2,2,4,5,1,43787443700|21826356552|10768196439|5261111856|2547240696|1223101880|583007425|276199770|130244940|61250644|28795725|13576332|6445824|3099096,4|7|4|13|10|11|10|13|12|13|12|17|28|19
13,8|8|2|1|1|1|1|1|1|1|1,0,0|2,2,6,7,1,12510698200|6390079696|3222237018|1605160128|790561200|385327800|186086901|89170158|42473368|20154708|9554985|4542252|2175756|1057056,6|9|6|17|12|11|10|13|14|13|12|17|16|23
13,8|8|1|1|1|1|1|1|1|1|1|1,0,0|2,2,6,7,1,1599111800|841378824|435931782|222538602|112020480|55661320|27337739|13294347|6414992|3079772|1476135|709533|344124|169884,6|7|6|7|24|11|10|11|16|13|12|13|16|17
13,8|7|6|3|1|1,1,5|9,2,19,21,2,456894197760|207359674368|94078437376|42679411200|19364698368|8789491072|3991785696|1814264928|825331584|375831456|171319872|78171104|35697024|16308864,24|23|26|23|20|19|20|21|22|19|24|23|26|27
13,8|7|6|2|1|1|1,0,0|2,2,6,7,1,382827364920|176689553040|81366819534|37403113176|17170376652|7874844120|3609608574|1654179912|758112936|347539248|159381243|73117044|33547206|15387372,6|9|6|11|8|11|12|17|14|17|12|17|14|17
13,8|7|5|3|3,0,0|2,2,8,9,1,348024877200|159556020624|73162821732|33552512604|15388988472|7059114400|3238641627|1486206561|682252032|313344108|144008460|66243144|30506652|14069484,8|9|8|9|10|15|10|11|24|13|16|19|16|17
13,8|7|5|3|1|1|1,0,0|2,2,8,9,1,911493726000|426298604160|198933251660|92651438880|43078525776|20000603480|9274883475|4297033950|1989486460|920767044|426118290|197255740|91371060|42368040,8|15|8|15|12|11|10|13|12|13|14|17|16|19
13,8|7|5|2|2|1|1,0,0|2,2,8,9,1,966735770000|455109454800|213684170700|100086944100|46777620240|21820679400|10162216935|4726354185|2195921140|1019537680|473193000|219625560|101977260|47387340,8|9|8|9|12|11|10|11|12|17|18|19|16|17
13,8|7|5|2|1|1|1|1,0,0|2,2,6,7,1,618413435640|294935638536|140056509978|66253210254|31234305564|14681394420|6883344468|3220425054|1504157592|701660232|327042387|152376609|71000622|33099066,6|7|6|7|8|9|14|13|14|15|12|13|14|15
13,8|7|4|4|2|1,1,5|7,2,17,21,4,865329920000|403376870400|187854732800|87401216000|40626061440|18866904000|8754588640|4059383160|1881264000|871595200|403838400|187211440|86887360|40404000,22|21|22|27|18|17|20|17|22|21|24|21|24|23
13,8|7|4|3|2|2,1,5|7,2,19,23,4,979058995200|462417094656|218001619968|102582402048|48181222656|22589104000|10572651840|4940918160|2306103040|1075341312|501197760|233627856|108998208|50944608,24|23|24|25|20|19|22|19|24|31|24|21|24|23
13,8|7|4|2|2|1|1|1,1,5|9,2,19,21,2,1066086461440|516641900544|249228908544|119707252224|57261931776|27287146880|12957995232|6134369472|2896348672|1364638688|642035520|301874496|141985536|66882816,24|23|26|23|20|19|20|23|26|19|24|25|28|29
13,8|7|4|1|1|1|1|1|1|1,1,5|7,2,17,22,5,124782028800|62774959104|31304013312|15483366912|7600844160|3705748800|1795581632|865292856|415038976|198316320|94492800|44947056|21371328|10172448,22|21|22|23|18|17|22|17|26|19|26|21|24|23
13,8|7|3|3|3|1|1,0,0|2,2,8,9,1,580041462000|278419901760|133254341220|63590663760|30258052344|14356551560|6793225595|3206357490|1510077520|709968588|333431190|156553980|73566900|34646040,8|13|8|13|10|11|10|13|16|13|14|17|16|19
13,8|7|2|2|1|1|1|1|1|1|1,0,0|2,2,4,5,1,63804560820|33374693352|17267064815|8839466064|4479593976|2248497680|1118594334|551986512|270453036|131734680|63888798|30910616|14955732|7258680,4|7|4|13|10|13|12|19|12|15|14|19|16|19
13,8|6|6|6,0,0|2,2,6,7,1,8286306600|3671471232|1632042126|727804272|325575432|146077620|65724997|29647806|13404672|6073008|2756295|1252944|570372|259974,6|15|6|13|10|9|10|13|26|17|12|21|16|15
13,8|6|6|4|1|1,0,0|8,2,14,20,6,366467221120|169138717440|78073451456|36046634624|16647966720|7691504128|3554807256|1643452272|759965640|351448496|162505560|75108880|34687576|15999984,14|17|16|19|28|23|16|19|14|17|18|21|18|21
13,8|6|6|3|3,0,0|2,2,6,7,1,207157665000|95611230000|44154374550|20402101200|9431758440|4362204600|2018315260|934126560|432418640|200175300|92644425|42853800|19803300|9137700,6|9|6|13|10|11|14|21|16|13|12|19|16|17
13,8|6|6|3|2|1,1,5|9,2,19,21,2,761490329600|354971645952|165388568576|77025029632|35859361536|16689439360|7765400992|3612170016|1679701632|780736096|362657280|168297184|77994752|36077184,24|23|26|23|20|19|20|21|22|19|30|23|28|27
13,8|6|6|3|1|1|1,0,0|2|8|10,4,18,27,9,530323622400|249660043776|117327450240|55055944320|25802390016|12079475200|5649773792|2640268320|1232846560|575158752|268049160|124758216|57966480|26872560,18|19|18|19|22|23|20|21|18|19|18|19|20|21
13,8|6|6|2|2|1|1,0,0|2,2,6,7,1,549156137400|260215523568|123036687774|58062394728|27353086020|12866312160|6043810383|2835496854|1328717628|621878796|290658375|135624996|63152298|29328156,6|9|6|11|8|15|10|13|12|13|12|17|14|17
13,8|6|6|2|1|1|1|1,0,0|2,2,8,9,1,348024877200|167051941056|79882766964|38072165040|18092230416|8575621080|4055681799|1914225516|901821900|424097100|199060470|93232920|43554720|20283120,8|13|8|13|12|11|10|15|12|13|14|19|22|21
13,8|6|5|4|1|1|1,1,3|7,2,15,17,2,883872704000|420179485440|199433016640|94523185120|44740597824|21150072320|9985615120|4708462140|2217152640|1042505056|489399360|229334600|107249120|50038560,18|17|16|15|16|23|18|15|22|19|24|19|22|23
13,8|6|5|3|3|1,0,0|2,2,6,7,1,1084231348200|513758854224|243281207862|115116362784|54426486816|25709376240|12132227061|5718887118|2692468296|1265879664|594232875|278448192|130207176|60741252,6|9|6|15|14|13|10|13|14|17|12|25|18|17
13,8|6|5|3|2|1|1,0,0|2,2,8,9,1,2197126750000|1054620840000|505192187500|241526480000|115250616000|54891785000|26095363125|12382445250|5864323500|2771801900|1307323500|615177500|288740200|135135000,8|13|8|19|16|11|10|13|12|13|16|17|18|19
13,8|6|5|3|1|1|1|1,0,0|2,2,10,11,1,1093792471200|531751416768|257596053000|124377739200|59871095856|28737119840|13755703104|6567170940|3127164760|1485241488|703537650|332324124|156505140|73461960,10|13|10|17|12|15|22|15|14|17|14|17|16|19
13,8|6|5|2|2|1|1|1,0,0|2,2,6,7,1,1218087070200|595925674344|290426178042|141025203774|68242693428|32914501620|15825329793|7585793019|3625446468|1727587008|820753605|388707627|183475446|86288202,6|7|6|7|8|9|10|11|12|21|12|13|14|15
13,8|6|4|4|2|2,0,0|2|4|6,4,12,16,4,916168052800|439760665344|210841216432|100957159072|48273134448|23046432640|10984321810|5225815980|2481333120|1175719664|555835560|262147424|123318272|57849792,12|17|12|15|12|19|12|15|22|17|18|23|36|25
13,8|6|4|3|3|1|1,0,0|2,2,6,7,1,1647468412200|800923105008|388541742030|188072202240|90826809840|43758847080|21029968440|10080694620|4819248900|2297538108|1092184965|517644108|244574640|115177140,6|9|6|29|12|11|16|15|12|13|12|17|20|17
13,8|6|3|3|3|2|1,1,3|7,2,17,19,2,1060647244800|523796562432|257978497920|126691556160|62025994368|30268226560|14720455360|7133795160|3444615680|1657102848|794193120|379191912|180359520|85456800,20|19|18|17|18|25|22|17|26|27|22|19|22|23
13,8|6|3|3|3|1|1|1,0,0|2,2,6,7,1,870062193000|433692539280|215362217070|106534340640|52494372216|25763643360|12593409465|6130501020|2971993500|1434798120|689804325|330264000|157472700|74774700,6|9|6|15|10|15|10|15|12|15|12|25|16|17
13,8|6|3|3|2|2|2,0,0|8,2,16,22,6,713897184000|355850288640|176779088640|87505816320|43152776064|21197349120|10370565040|5052784800|2451541680|1184442336|569840760|273002400|130245720|61878960,16|19|20|21|18|21|18|21|16|19|18|23|18|21
13,8|6|3|3|1|1|1|1|1|1,0,0|8,2,16,22,6,400342342400|206946195456|106177751680|54084384640|27357213312|13744290560|6859700848|3401724480|1676423280|821187136|399910560|193658696|93271640|44684640,16|23|18|19|18|21|18|23|16|21|22|19|18|23
13,8|6|3|2|2|2|1|1|1,1,3|5,2,9,11,2,916168052800|469359940896|239046323208|121029150396|60914555856|30477118980|15158511368|7495294884|3684711968|1801144688|875558880|423336144|203620032|97441344,12|11|10|9|12|9|16|15|18|17|22|21|24|25
13,8|6|3|2|1|1|1|1|1|1|1,1,3|7,2,15,17,2,247484357120|131357081856|69051446464|35961042208|18559120320|9494523584|4816217952|2423185716|1209628448|599304944|294801024|144030568|69916000|33729696,18|17|16|15|16|17|20|15|18|17|26|19|22|23
13,8|6|2|2|2|2|2|2,0,0|2,2,10,11,1,99435679200|51400597248|26421955560|13501968480|6857371872|3460732080|1735314204|864508140|427911960|210465696|102879630|49992492|24156000|11608740,10|17|10|15|14|13|14|15|14|19|14|17|22|17
13,8|6|2|2|2|1|1|1|1|1|1,0,0|2,2,6,7,1,135343007800|72460564176|38425645258|20185701536|10505627496|5417714120|2768858547|1402719276|704605412|351054844|173554185|85177708|41519324|20108088,6|9|6|15|10|11|10|15|12|13|12|17|16|19
13,8|6|2|2|1|1|1|1|1|1|1|1,0,0|2,2,4,5,1,52988750100|29021530824|15710544135|8407741680|4449186144|2328660360|1205831367|617982480|313586640|157632156|78538545|38809584|19031760|9266400,4|7|4|13|14|11|10|19|16|13|12|21|20|23
13,8|5|5|5|3,0,0|2,2,6,7,1,124294599000|58514072760|27573447330|13003505190|6135770628|2896016760|1366854645|644881635|304019280|143149812|67286655|31554765|14753970|6872580,6|7|6|7|8|11|10|11|16|13|12|13|14|17
13,8|5|5|5|1|1|1,0,0|2,2,6,7,1,212681869400|102087297312|48945282386|23441102256|11214358584|5358836340|2557434451|1218658518|579663448|275122876|130239165|61459552|28892556|13519506,6|11|6|13|10|9|10|13|14|13|12|23|16|15
13,8|5|5|4|4,0,0|2,2,8,9,1,116008292400|54970083168|26068886844|12370052448|5871559824|2786980560|1322403173|627015914|296957948|140413056|66249420|31170876|14614908|6822816,8|11|8|15|12|13|10|13|12|23|16|17|16|23
13,8|5|5|4|3|1,0,0|2,2,6,7,1,780825045000|374796021600|179850905850|86264837400|41349617820|19802645100|9472597330|4524488220|2157056860|1026018420|486660825|230043660|108290490|50720670,6|11|6|11|8|9|12|15|12|13|12|17|14|15
13,8|5|5|4|2|1|1,0,0|2,2,8,9,1,1242945990000|604262973600|293304768900|142139509200|68766598680|33208624800|16004972295|7696324170|3691477080|1765369440|841357350|399372600|188674200|88631400,8|11|8|13|10|15|10|13|14|19|14|19|18|19
13,8|5|5|4|1|1|1|1,0,0|2,2,6,7,1,568440632760|279847696128|137357310090|67226258736|32810830416|15969424380|7750405754|3750219410|1808764048|869270388|416087133|198255288|93964332|44258214,6|17|6|13|12|9|12|13|16|13|12|19|16|15
13,8|5|5|3|3|2,0,0|2,2,6,7,1,736206471000|357909607440|173825159970|84319511760|40843622952|19751358440|9532998255|4590794670|2205031500|1055899908|503831745|239402460|113192640|53204580,6|9|6|13|10|11|10|13|12|13|12|17|24|17
13,8|5|5|3|3|1|1,0,0|4|8|12,4,20,30,10,1060647244800|518901267456|253420197888|123536864256|60102551808|29178090240|14131779584|6826516992|3287930944|1578309312|754727040|359291328|170149584|80082288,20|21|26|25|20|21|32|29|20|21|26|25|20|21
13,8|5|5|3|2|2|1,0,0|2,2,8,9,1,1519156210000|747892288000|367391924900|180063197600|88037789840|42933376200|20879476475|10123671470|4892347060|2355527300|1129371200|538882300|255696100|120534700,8|19|8|15|12|11|10|13|12|13|24|17|16|17
13,8|5|5|3|2|1|1|1,1,5|7|9|11,4,23,27,4,1542759628800|766632861696|379704619008|187453034496|92241736704|45240798720|22113425152|10770381376|5225732352|2524957824|1214371200|581002848|276313344|130498368,28|27|28|29|24|23|26|23|24|23|26|23|28|25
13,8|5|5|3|1|1|1|1|1,0,0|2,2,4,5,1,609043535100|307332737712|154311398241|77111477352|38357252388|18994549210|9364307862|4595807076|2245007772|1091248452|527593815|253569624|121056012|57351294,4|9|4|11|8|7|12|15|12|13|12|19|16|15
13,8|5|5|2|2|2|2,0,0|2,2,6,7,1,409003595000|203872561200|101320723350|50197494600|24788536740|12199519200|5982527650|2922704400|1422075060|688870420|332061975|159182100|75825750|35855820,6|9|6|11|8|15|12|19|12|13|12|17|14|17
13,8|5|5|2|2|2|1|1,0,0|2,2,6,7,1,870062193000|436369653720|218039331510|108536885730|53822347956|26586478620|13080533115|6408936345|3126358200|1517877816|733126065|352043835|167937330|79506570,6|7|6|7|8|9|10|11|14|15|12|13|14|15
13,8|5|5|2|2|1|1|1|1,0,0|2,2,4,5,1,706219312500|358542112500|181089748125|91005451875|45510309000|22649006250|11217292125|5528363625|2710842000|1322175900|641162250|308946450|147807000|70141500,4|5|4|5|10|7|10|11|16|13|14|15|18|17
13,8|5|5|2|1|1|1|1|1|1,0,0|2,2,6,7,1,303143841000|156702047040|80429434470|41003091360|20768478192|10453891140|5230009785|2600780490|1285454940|631358448|308036295|149207520|71697780|34144110,6|13|6|15|12|9|10|13|12|17|12|23|16|15
13,8|5|5|1|1|1|1|1|1|1|1,0,0|2,2,6,7,1,58429085000|30922469600|16213582550|8426294800|4342394320|2219823100|1125989150|566843750|283227080|140444400|69093975|33706200|16292100|7794930,6|11|6|13|12|9|12|13|14|17|12|19|16|15
13,8|5|4|4|4|1,1,5|9,2,21,23,2,304596131840|147611971584|71513874432|34627419136|16752649728|8095358208|3905857984|1880811072|903486976|432733504|206529408|98153088|46411904|21813792,26|25|30|25|22|21|22|23|26|21|26|27|26|23
13,8|5|4|4|3|1|1,0,0|2,2,6,7,1,1208143502280|594778339584|292338402642|143429542776|70229990844|34310551860|16719492933|8123727006|3934094940|1897933356|911620737|435657420|206970390|97644690,6|17|6|11|8|9|10|13|12|13|12|17|14|15
13,8|5|4|3|3|2|1,0,0|2,2,6,7,1,1914136824600|954123586416|474565093002|235473000048|116526678840|57493859280|28274022348|13853618856|6760263384|3283767312|1586834235|762303696|363726132|172180008,6|9|6|13|10|13|14|17|14|17|12|21|16|19
13,8|5|4|3|3|1|1|1,1,5|7|9|11,4,23,27,4,1542759628800|776126767104|389198524416|194521866240|96885494784|48079050240|23765737216|11697994944|5731562240|2794062720|1354423680|652411680|311998080|147962880,28|27|28|31|24|23|26|23|24|23|26|23|26|33
13,8|5|4|3|2|2|2,1,5|9,2,19,21,2,1196627660800|601995761664|301998405632|151037404672|75287384832|37393769600|18500533920|9114383520|4469439360|2180481632|1057722240|509797024|243913472|115713312,24|23|26|23|20|19|20|21|22|19|26|23|28|23
13,8|5|4|3|1|1|1|1|1|1,1,5|9,2,21,23,2,627109683200|327061819392|169424482304|87190526976|44582834688|22651569920|11435453120|5735694720|2857621760|1413727168|694162560|338068192|163156224|77933856,26|25|28|25|22|21|22|25|24|21|26|23|28|23
13,8|5|4|2|1|1|1|1|1|1|1,0,0|2,2,8,9,1,303831242000|162666572640|86322622100|45416719920|23695015344|12260522560|6292186615|3202774740|1616691980|809074808|401254890|197077760|95771280|45988800,8|11|8|13|12|17|10|15|12|15|14|29|20|25
13,8|5|3|3|3|3|1,0,0|2,2,8,9,1,447460556400|225795480768|113670944244|57069247248|28563360696|14246168040|7077579093|3500831934|1723216248|843615540|410487840|198364716|95106528|45183996,8|13|8|13|10|11|10|13|14|13|22|17|22|17
13,8|5|3|3|3|2|2,0,0|2|8|10,4,18,27,9,628229521920|318947295744|161469694848|81485923200|40976660736|20525246720|10236766496|5081238624|2508983008|1231705440|600779448|290924568|139724640|66470976,18|19|18|19|20|21|20|21|18|19|18|19|22|25
13,8|5|3|3|3|2|1|1,0,0|2,2,6,7,1,1218087070200|622161395856|316661899554|160563377520|81083319408|40767406680|20400340779|10156208076|5028035040|2474046540|1209166245|586536720|282101820|134354220,6|9|6|13|12|11|10|15|18|13|12|21|16|17
13,8|5|3|3|3|1|1|1|1,0,0|2,2,4,5,1,725051827500|374796021600|192805587975|98696235300|50265630090|25464825750|12829052600|6425276760|3197871880|1580857740|775759725|377602500|182131950|86936850,4|11|4|9|6|7|16|17|14|13|12|17|14|15
13,8|5|3|3|2|2|2|1,1,5|9,2,19,21,2,1066086461440|549444560896|282031568896|144140233216|73325233408|37116033920|18687732448|9355534048|4654830208|2300572064|1128733760|549326624|264919424|126430304,24|23|26|23|20|19|20|21|22|19|24|23|26|23
13,8|5|3|3|2|1|1|1|1|1,1,5|9,2,21,23,2,806283878400|425469800448|223026929664|116133700608|60069060096|30859449600|15743302848|7973865984|4008361728|1998964800|988418880|484229856|234799488|112528416,26|25|30|25|22|21|22|29|24|21|24|23|26|23
13,8|5|3|3|1|1|1|1|1|1|1,0,0|2|8|10,4,18,27,9,247484357120|133260807680|71141406336|37659050624|19768785920|10291124480|5312446048|2719040800|1379510496|693536928|345326568|170174664|82912368|39879840,18|19|18|19|24|21|20|21|18|19|18|19|20|23
13,8|5|3|2|2|2|2|2,0,0|2,2,6,7,1,313222389480|163839403728|85289374170|44169213816|22747612212|11646267984|5925299796|2994552666|1502645256|748266876|369535509|180844884|87608466|41951052,6|9|6|11|8|13|14|13|14|13|12|17|14|17
13,8|5|3|2|2|1|1|1|1|1|1,0,0|2,2,6,7,1,395482815000|214169155200|114989824950|61213861800|32308904940|16906316700|8769557160|4508445690|2296566720|1158696000|578719575|285924660|139590990|67237170,6|15|6|11|8|9|16|13|20|21|12|17|14|15
13,8|5|3|2|1|1|1|1|1|1|1|1,0,0|2,2,6,7,1,141041660760|78115381344|42807795030|23214319128|12458690244|6617446836|3478600125|1809581004|931396116|474180336|238671783|118685028|58244802|28162134,6|11|6|11|8|9|10|15|12|17|12|17|14|15
13,8|5|2|2|2|2|2|2|1,0,0|2,2,4,5,1,136724058900|73199957688|38954925009|20597153148|10815796134|5638081020|2916342858|1496186604|760961928|383470752|191340855|94454316|46075458|22172436,4|7|4|9|6|9|12|15|14|19|12|17|14|17
13,8|5|2|2|2|2|2|1|1|1,1,5|9,2,19,21,2,189511168000|102336030720|54875842560|29211578880|15431429376|8086939520|4202719840|2165079840|1105157760|558675488|279515520|138293760|67584000|32567040,24|23|26|23|20|19|20|21|22|19|26|31|40|29
13,8|5|2|2|2|2|1|1|1|1|1,0,0|2,2,6,7,1,151915621000|83203017040|45183465470|24324974960|12979867472|6863267840|3595150845|1865062320|957854760|486787408|244656895|121507760|59562140|28765880,6|9|6|13|12|27|10|19|14|17|12|21|16|19
13,8|5|2|2|2|1|1|1|1|1|1|1,1,5|7|9|11,4,23,27,4,81197875200|45345890304|25062715392|13708591104|7419829248|3973532160|2105079808|1102999104|571443968|292616832|148020480|73910112|36385536|17626752,28|27|28|35|24|23|32|23|24|23|28|23|28|27
13,8|5|2|2|1|1|1|1|1|1|1|1|1,0,0|2,2,4,5,1,29002073100|16598109528|9382510137|5238336480|2888425800|1572876240|845772161|449034264|235335100|121715160|62094105|31223280|15455880|7516080,4|7|4|15|10|13|10|17|12|15|12|21|18|21
13,8|5|2|1|1|1|1|1|1|1|1|1|1|1,1,5|9,2,19,21,2,6399078400|3770533888|2190239744|1254046208|707639552|393496960|215605728|116392224|61897088|32418848|16715840|8478976|4225408|2063776,24|23|26|23|20|19|20|21|22|19|24|29|26|23
13,8|5|1|1|1|1|1|1|1|1|1|1|1|1|1,0,0|2,2,6,7,1,676039000|411863760|246969030|145698840|84534948|48222760|27039545|14900340|8068060|4291672|2241855|1149180|577170|283140,6|9|6|11|8|11|10|15|12|15|12|17|14|17
13,8|4|4|4|4|1|1,0,0|2,2,8,9,1,193347154000|96376119840|47974666740|23842257920|11825777184|5851719120|2887366235|1419852630|695385460|338935856|164257560|79063380|37747600|17846400,8|11|8|25|14|13|10|13|12|17|18|17|20|27
13,8|4|4|4|3|1|1|1,0,0|2,2,6,7,1,568440632760|288592936632|146102550594|73743215910|37099504260|18597393360|9285248336|4614989442|2281990760|1121748180|547665363|265265385|127284234|60396336,6|7|6|7|8|13|18|13|14|13|12|13|14|21
13,8|4|4|3|3|3|1,0,0|2,2,8,9,1,414315330000|210344706000|106571879700|53863512300|27145633320|13634831600|6821966125|3397912935|1683638680|829194060|405508050|196675050|94459860|44839080,8|9|8|9|10|13|10|11|14|13|14|15|16|19
13,8|4|4|3|3|2|2,0,0|2,2,6,7,1,567930706200|290081529936|147794943978|75084042528|38019212352|19178949240|9633528531|4815302778|2393504928|1182103308|579495465|281632032|135481896|64386036,6|9|6|15|16|11|10|13|18|13|12|23|18|17
13,8|4|4|3|3|2|1|1,0,0|2,2,10,11,1,1093792471200|562041054432|287885690664|146948640696|74723261184|37836884800|19069403496|9560383932|4764708888|2358661752|1158590610|564017586|271692432|129245688,10|11|10|11|20|17|16|15|14|15|14|15|20|19
13,8|4|4|3|3|1|1|1|1,0,0|2,2,4,5,1,640682160300|333154723356|172469923353|88876155771|45579347190|23255827920|11800645623|5952135609|2982361788|1483294680|731554875|357338061|172597878|82265976,4|5|4|5|6|13|10|11|12|15|12|13|14|19
13,8|4|4|3|1|1|1|1|1|1|1,0,0|2,2,10,11,1,196321725600|106315765248|57108392264|30431189184|16086526896|8435179280|4386597072|2261590716|1155396536|584476704|292481730|144596364|70498692|33817212,10|19|10|17|12|13|18|15|14|19|14|17|16|17
13,8|4|4|2|2|2|2|2,0,0|2,2,6,7,1,212681869400|111903383592|58619106546|30559289046|15848009892|8172189740|4188077179|2131805907|1077038732|539624092|267831585|131508531|63769398|30468438,6|7|6|7|8|9|10|11|12|13|12|13|14|15
13,8|4|4|2|2|1|1|1|1|1|1,0,0|2,2,6,7,1,260275015000|141749777400|76576565450|41034775950|21810108180|11495877400|6007424150|3111167850|1595894720|810210520|406683375|201549425|98440650|47267220,6|7|6|7|8|11|12|13|20|15|12|13|14|17
13,8|4|4|2|1|1|1|1|1|1|1|1,0,0|2,2,6,7,1,89673269400|49941113112|27534792186|15030337806|8123214924|4346428680|2302017003|1206481419|625395924|320403276|162069525|80826471|39665538|19104228,6|7|6|7|8|11|10|11|12|13|12|13|14|17
13,8|4|3|3|3|3|2,0,0|2,2,8,9,1,223092870000|115321852800|59459099700|30562647600|15652983240|7983313400|4051992835|2045211210|1025723440|510649020|252063450|123189660|59502960|28339740,8|15|8|13|10|11|10|13|16|13|14|17|20|17
13,8|4|3|3|3|3|1|1,0,0|2,2,8,9,1,348024877200|180972936144|93803762052|48445189884|24917285016|12756722160|6496846083|3289188609|1654038288|825383916|408241260|199851432|96658716|46078032,8|9|8|9|10|13|10|11|16|13|16|19|16|21
13,8|4|3|3|3|2|2|1,0,0|2,2,6,7,1,618413435640|323477797104|168598668546|87522839712|45231405912|23258373600|11892610422|6042714678|3048536736|1525582296|756406917|371038668|179730936|85765680,6|9|6|15|10|15|12|13|18|15|12|17|18|21
13,8|4|3|3|3|1|1|1|1|1,0,0|2,2,8,9,1,334376842800|179020217376|95269442268|50387596896|26479213488|13821269280|7162336909|3682762482|1877534764|948199392|473811660|233917068|113874684|54522468,8|11|8|15|12|15|10|13|12|19|16|17|16|17
13,8|4|3|3|2|2|2|2,0,0|2,2,8,9,1,303831242000|160796841920|84737415620|44444903360|23190067472|12030378360|6201383045|3174131510|1611871460|811289932|404237770|199092520|96735100|46249060,8|13|8|17|12|11|10|13|12|13|14|19|16|17
13,8|4|3|3|2|1|1|1|1|1|1,0,0|2,2,8,9,1,331259110000|181428066400|98591131100|53153396800|28425491920|15074693200|7924671755|4127386130|2128265020|1085518560|547009050|271907160|133048860|63903840,8|11|8|17|12|13|10|13|12|19|14|19|16|23
13,8|4|3|3|1|1|1|1|1|1|1|1,0,0|2,2,8,9,1,91585494000|51287876640|28442554140|15620173920|8494334784|4573179520|2436788445|1284480750|669369260|344546496|174966660|87516000|43021440|20720700,8|11|8|15|16|19|10|13|12|21|16|23|26|17
13,8|4|3|2|2|1|1|1|1|1|1|1,0,0|2,2,8,9,1,152642490000|85949463600|47931783900|26470871700|14474191680|7833898800|4195131395|2221580445|1162556780|600602100|305934300|153389940|75523140|36396360,8|9|8|9|16|13|10|11|12|13|16|17|16|19
13,8|4|2|2|2|2|2|2|2,0,0|2,2,4,5,1,37288379700|20537292204|11243464947|6114546009|3301004070|1767821250|938438163|493369029|256627428|131911560|66907665|33425007|16405686|7884162,4|5|4|5|6|7|10|11|12|15|12|13|14|15
13,8|4|2|2|2|2|2|2|1|1,0,0|2,2,8,9,1,89362130000|49492872000|27230045700|14873944800|8061459120|4332356600|2306951075|1216164510|634104580|326612740|165949200|83018100|40788660|19613880,8|13|8|15|12|11|10|13|12|13|20|17|16|19
13,8|4|2|2|2|2|2|1|1|1|1,0,0|2,2,6,7,1,94385445000|52855849200|29368920350|16184625600|8841382440|4785090200|2564022450|1359169350|712092360|368305980|187784175|94202900|46378200|22327800,6|9|6|17|10|11|12|13|14|13|12|17|18|19
13,8|4|2|2|2|2|1|1|1|1|1|1,0,0|2,2,8,9,1,65418210000|37238058000|20998734900|11726945100|6483264840|3546587200|1918576725|1025616495|541301160|281741580|144407250|72746850|35923140|17323020,8|9|8|9|10|17|10|11|14|13|14|15|16|17
13,8|4|2|2|2|1|1|1|1|1|1|1|1,0,0|2,2,8,9,1,31638625200|18399077424|10580421852|6014966724|3379470120|1875731520|1027948779|555853977|296323944|155563380|80305290|40682634|20168952|9745164,8|9|8|9|10|17|10|11|14|13|14|15|18|17
13,8|4|2|2|1|1|1|1|1|1|1|1|1|1,0,0|2,2,4,5,1,10517235300|6277980456|3698854203|2150389296|1233167760|697274600|388543584|213229302|115148484|61120620|31840245|16244448|8091864|3917628,4|7|4|13|12|11|20|13|12|13|12|23|18|17
13,8|4|2|1|1|1|1|1|1|1|1|1|1|1|1,0,0|2,2,8,9,1,2215590000|1363440000|826783100|493802400|290340960|167967800|95552925|53413230|29312140|15773340|8309400|4275400|2141160|1038180,8|15|8|15|14|11|10|13|12|13|18|19|18|17
13,8|4|1|1|1|1|1|1|1|1|1|1|1|1|1|1,0,0|2,2,6,7,1,230945000|147094200|92200350|56831850|34421940|20469700|11941150|6826950|3820960|2090660|1116225|579975|292050|141570,6|7|6|7|8|9|12|13|18|13|12|13|14|15
13,8|3|3|3|3|2|2|2,0,0|2,2,6,7,1,91149372600|48799971792|26024822538|13816792704|7297959240|3832302760|1999068643|1034888712|531095636|269826084|135493425|67110780|32702340|15624180,6|9|6|19|10|11|10|17|12|13|12|17|16|17
13,8|3|3|3|3|1|1|1|1|1|1,0,0|2,2,10,11,1,68901894880|38161049472|20981663976|11449631648|6199039392|3328350480|1771040908|933183636|486399480|250458208|127194102|63570108|31179344|14950572,10|15|10|15|14|13|14|15|14|19|14|17|20|17
13,8|3|3|3|2|2|2|1|1|1,1,5|7|9|11,4,23,28,5,179174195200|98407981056|53728288768|29147189248|15702813696|8395896320|4451767936|2338690368|1215906048|624761984|316714560|158055392|77428736|37093056,28|27|30|29|24|23|24|23|24|23|24|23|34|25
13,8|3|2|2|2|2|2|2|1|1|1,0,0|2,2,6,7,1,30383124200|17388495696|9878071918|5566328768|3108976728|1719626480|940963881|508754928|271401148|142597880|73629525|37256032|18404276|8830536,6|9|6|17|10|13|10|19|12|15|12|23|16|19
13,8|3|2|2|1|1|1|1|1|1|1|1|1|1|1,0,0|2,2,4,5,1,2346821100|1458639576|894225177|540422928|321755328|188575200|108691713|61538256|34172424|18575568|9858915|5091336|2545992|1224288,4|7|4|13|16|15|10|19|14|17|12|19|18|23
13,8|2|2|2|2|2|2|2|2|1|1,0,0|2,2,6,7,1,3866943080|2260674416|1312044734|755282528|430805024|243197864|135694650|74713968|40518492|21593012|11275439|5748116|2847152|1361360,6|9|6|15|14|11|12|19|12|13|12|17|20|21
13,8|2|2|2|2|2|2|2|1|1|1|1,0,0|2,2,8,9,1,4361214000|2576471040|1509505140|876379920|503726184|286328120|160744025|88987530|48487000|25942548|13590180|6944520|3444540|1647360,8|21|8|13|10|11|10|13|14|13|16|19|16|29
13,8|2|2|2|2|1|1|1|1|1|1|1|1|1|1,0,0|2,2,8,9,1,811246800|509213376|315518028|192854256|116185752|68920600|40203527|23025366|12921272|7086828|3786300|1962048|980364|468468,8|13|8|13|10|11|10|13|14|13|16|25|16|17
13,8|2|2|2|1|1|1|1|1|1|1|1|1|1|1|1,0,0|2,2,4,5,1,252191940|162954792|103786683|65101296|40177800|24368344|14504308|8457540|4820816|2678676|1445697|754248|377916|180180,4|7|4|13|10|11|14|15|16|13|12|19|16|17
13,8|1|1|1|1|1|1|1|1|1|1|1|1|1|1|1|1|1|1,0,0|2,2,4,5,1,480700|346104|245157|170544|116280|77520|50388|31824|19448|11440|6435|3432|1716|792,4|7|4|13|10|13|14|19|14|17|12|19|16|19
13,7|7|7|4|1,1,3|5,2,11,13,2,44193635200|19921130944|9000573296|4076691528|1851414240|843196120|385163064|176481036|81116928|37400192|17295320|8019748|3727152|1734876,14|13|12|11|14|11|16|15|24|23|18|17|20|17
13,7|7|6|6,0,0|2,2,6,7,1,6076624840|2711109544|1214308810|546046358|246522848|111739628|50846367|23226423|10649616|4900928|2263613|1049411|488488|228514,6|7|6|7|14|9|10|11|16|21|12|13|18|15
13,7|7|6|3|3,0,0|2,2,6,7,1,135343007800|62882443624|29254911686|13629240170|6358937312|2971543120|1390958933|652278977|306469800|144282824|68066075|32174989|15237376|7227220,6|7|6|7|14|13|10|11|14|15|12|13|28|17
13,7|7|6|3|1|1|1,0,0|2,2,6,7,1,343563019800|162796015536|77066126214|36460687032|17245734660|8157983680|3860738035|1828421980|866798380|411423348|195545595|93068976|44350614|21153132,6|9|6|11|8|17|10|15|12|13|12|21|14|17
13,7|7|6|2|2|1|1,0,0|2,2,10,11,1,353379106080|168534650592|80268665400|38190514824|18158008176|8630553360|4102242408|1950585252|928119864|442025640|210747222|100588950|48053412|22965228,10|11|10|11|12|13|16|15|14|15|14|15|16|17
13,7|7|6|2|1|1|1|1,0,0|2,2,8,9,1,223092870000|107771017200|51908264100|24941963100|11962449840|5729729800|2742157735|1311898735|627683140|300441960|143898300|68967360|33069960|15855840,8|9|8|9|12|11|10|11|12|15|16|25|18|23
13,7|7|5|5|2,0,0|8,2,14,20,6,132580905600|61599128448|28671175104|13369347264|6245735808|2923340160|1370916664|644161432|303285992|143092536|67661160|32069928|15240984|7265544,14|15|16|17|18|19|16|17|14|15|18|19|18|19
13,7|7|5|4|3,1,3|7,2,15,17,2,247484357120|116127275264|54566576064|25675440544|12097773376|5708127360|2697090448|1276246636|604849280|287133616|136556608|65075736|31081952|14883440,18|17|16|15|16|19|18|15|22|17|24|19|22|21
13,7|7|5|3|3|1,0,0|2,2,6,7,1,568440632760|271102455624|129309153974|61687030314|29434521480|14049427392|6708886548|3205507872|1532765864|733634076|351571857|168732487|81126276|39087048,6|7|6|7|10|17|14|21|14|13|12|13|16|19
13,7|7|5|3|2|1|1,0,0|2,2,8,9,1,1145210066000|553224554960|266922038460|128652211380|61956624576|29818776680|14345799545|6900847415|3320032660|1597991752|769731970|371182350|179256000|86726640,8|9|8|9|16|11|10|11|12|15|14|15|24|21
13,7|7|5|3|1|1|1|1,0,0|2,2,6,7,1,567930706200|277849176264|135562590306|65986905798|32057292564|15549183540|7532854065|3646226925|1764105300|853437384|413010225|200019699|96981786|47096478,6|7|6|7|8|9|10|11|12|15|12|13|14|15
13,7|7|5|2|2|2|1,1,3|7,2,17,19,2,571117747200|278529732096|135587937408|65893426368|31975730304|15497379840|7503650240|3630733400|1756173440|849467808|411052320|199061016|96511008|46860528,20|19|18|17|18|33|22|17|22|19|22|19|22|21
13,7|7|5|2|2|1|1|1,0,0|2|8|10,4,18,27,9,628229521920|309282226176|151804625280|74310796032|36291475968|17688816640|8607903392|4183803008|2031883616|986428800|478919448|232637328|113108688|55063008,18|29|18|21|22|25|20|25|18|23|18|21|20|23
13,7|7|5|2|1|1|1|1|1,1,3|7,2,15,17,2,318194173440|159097086720|79167206976|39226453344|19364140224|9528758720|4676561760|2290357428|1119956832|547087392|267118560|130427880|63717984|31155696,18|17|16|15|16|17|20|15|18|19|22|19|22|21
13,7|7|4|4|2|2,0,0|2|4|6,4,12,16,4,451980360000|218341281600|105436890000|50896918800|24560967600|11848964400|5715288150|2756645070|1329831360|641809200|310006200|149934600|72656640|35305920,12|13|12|13|12|13|12|13|20|17|18|19|28|25
13,7|7|4|3|3|1|1,0,0|2,2,6,7,1,801647046200|392190401064|191617773886|93502972178|45572143848|22187288200|10792047189|5245488171|2548402388|1237955404|601585845|292618403|142572892|69645576,6|7|6|7|10|11|10|11|12|13|12|13|16|19
13,7|7|4|3|2|1|1|1,1,5|9,2,19,21,2,1196627660800|594631899136|294634543104|145598188032|71772814080|35302016640|17329770656|8493345344|4157425152|2033450528|994390400|486522432|238368768|117072384,24|23|26|23|20|19|20|23|26|19|26|25|34|31
13,7|7|4|2|2|2|1|1,0,0|8,2,16,22,6,713897184000|358046895360|178975695360|89177767680|44300072064|21944995200|10843566640|5346454960|2631501040|1293644688|635598600|312358200|153688920|75795720,16|17|22|21|18|19|18|19|16|17|18|19|18|19
13,7|7|4|2|2|1|1|1|1,0,0|8,2,16,22,6,583355984640|296165346048|149643491712|75274028544|37708894080|18819715200|9361152944|4642934736|2297385392|1134814320|560000592|276319032|136474008|67552056,16|17|18|23|18|19|18|19|16|17|20|19|18|19
13,7|7|3|3|3|1|1|1,0,0|2,2,6,7,1,409003595000|205131033800|102579195950|51150586850|25436248640|12616241000|6242649600|3082417800|1519372260|748017760|368072725|181184575|89326600|44172700,6|7|6|7|16|11|28|17|12|19|12|13|18|17
13,7|7|3|2|2|2|1|1|1,1,3|5|7|9,4,19,24,5,424258897920|218656508928|112130633472|57223031424|29065410816|14697461376|7401244448|3713172272|1856959424|926380320|461436576|229770816|114553824|57293808,22|21|20|19|20|19|20|19|20|19|22|25|22|21
13,7|7|2|2|2|2|2|2,0,0|2,2,10,11,1,45305013600|23558607072|12192958008|6280026984|3218757696|1641797520|833569836|421414224|212254392|106591128|53427570|26767818|13430472|6765396,10|11|10|11|16|13|14|19|14|15|14|15|18|17
13,7|7|2|2|2|1|1|1|1|1|1,0,0|2,2,4,5,1,61302421180|33008996020|17621883279|9329561241|4900079184|2554191640|1322003683|679863877|347683224|177005444|89833457|45533103|23103696|11771760,4|5|4|5|12|11|10|11|14|13|12|13|20|21
13,7|7|2|2|1|1|1|1|1|1|1|1,0,0|2,2,6,7,1,23884060200|13154605464|7168146986|3865943718|2064502440|1092240240|572858559|298095021|154056868|79174368|40530105|20709843|10591812|5441436,6|7|6|7|10|13|10|11|12|19|12|13|16|17
13,7|6|6|4|1|1|1,1,3|7,2,15,17,2,367147123200|176795460864|85108959936|40970281248|19726737984|9502195200|4579838640|2208987300|1066336800|515198880|249134400|120571704|58392576|28293408,18|17|16|15|16|23|18|15|18|19|24|19|44|23
13,7|6|6|3|3|1,0,0|2,2,8,9,1,425363738800|204174594624|98061279316|47127560480|22665418776|10909269800|5255357107|2534025648|1223040280|590873948|285728100|138280604|66960916|32432400,8|13|8|15|10|11|10|19|14|13|16|17|16|21
13,7|6|6|3|2|1|1,0,0|2,2,6,7,1,843291048600|409969186704|199165227030|96705773640|46941300252|22782773160|11058259968|5368670370|2607370920|1266862464|615814605|299450844|145633950|70810740,6|9|6|11|8|11|32|13|14|23|12|17|14|17
13,7|6|6|3|1|1|1|1,0,0|2,2,8,9,1,414315330000|203970624000|100197797700|49133338800|24059368320|11768809000|5752519825|2810483740|1372774300|670471620|327456600|159918000|78077340|38095200,8|19|8|13|18|11|10|15|12|13|18|21|16|23
13,7|6|6|2|2|1|1|1,0,0|2,2,8,9,1,447460556400|221665075632|109540539108|54017699580|26590670496|13070757960|6417871785|3148683705|1543917060|756752976|370811070|181631142|88911108|43474860,8|9|8|9|14|11|10|11|12|17|14|15|16|17
13,7|6|5|5|3,1,3|7,2,15,17,2,176774540800|84035897088|40028495936|19103501664|9134209344|4375354880|2099450288|1009044276|485722144|234153200|113034720|54638056|26444352|12815088,18|17|16|15|16|23|18|15|18|17|22|19|24|21
13,7|6|5|4|2|2,1,3|5,2,11,13,2,928066339200|452610814656|220795983408|107740931688|52589478240|25677435160|12541366760|6127501100|2994820640|1464230712|716145240|350386476|171494928|83969028,14|13|12|11|14|11|16|15|18|15|18|17|20|17
13,7|6|5|3|3|1|1,1,3|5|7|9,4,17,21,4,1332608076800|658103373312|324795363200|160205416000|78981057792|38920087360|19171534480|9440594520|4647587840|2287524400|1125727680|553914592|272518400|134053920,20|19|18|17|20|17|18|17|32|17|24|23|28|23
13,7|6|5|3|2|1|1|1,0,0|2,2,6,7,1,1914136824600|960013238184|480454744770|239988344310|119667715596|59579356980|29622749442|14710923150|7298072040|3617357016|1791601365|886742439|438614550|216820890,6|7|6|7|8|9|12|13|14|15|12|13|14|15
13,7|6|5|2|2|2|1|1,1,3|7,2,17,19,2,1060647244800|536850682368|271032617856|136501495104|68591752320|34395595520|17215227328|8601735976|4291465024|2138197152|1064088480|528984456|262703232|130326768,20|19|18|17|18|21|22|17|20|19|22|19|26|21
13,7|6|5|2|2|1|1|1|1,1,3|7,2,15,17,2,856676620800|438882022656|223953605568|113865003936|57701132352|29152637760|14689442784|7384079052|3704014944|1854575520|927053280|462724680|230640960|114800400,18|17|16|15|16|17|20|15|18|19|22|19|24|21
13,7|6|4|4|3|2,1,3|5,2,15,17,2,883872704000|436497135360|215602861760|106504779680|52612370304|25988279200|12835423120|6338188440|3129182080|1544568448|762268800|376153360|185621920|91617240,18|17|16|15|18|15|18|17|22|23|26|21|22|19
13,7|6|4|4|2|2|1,1,3|5,2,11,13,2,1460244240000|730122120000|364727336400|182029944600|90765401760|45217283400|22506192000|11192428800|5561468640|2761373160|1370161800|679497300|336862800|166984740,14|13|12|11|14|11|24|27|18|15|18|17|20|17
13,7|6|4|4|1|1|1|1|1,1,3|5,2,13,15,2,523524601600|268205680512|136913064288|69664552144|35342461440|17881891280|9025347144|4545085776|2284220288|1145890088|573925680|287070696|143442464|71629272,16|15|14|13|22|13|16|19|22|15|20|19|22|19
13,7|6|4|3|3|1|1|1,0,0|2,2,8,9,1,1519156210000|771263922000|390763558900|197591923100|99723606840|50237616000|25263470375|12683108955|6357275800|3181881860|1590501750|794160950|396200860|197554500,8|9|8|9|10|19|10|11|14|13|14|15|16|17
13,7|6|4|2|2|2|1|1|1,1,3|5|7|9,4,19,24,5,1142235494400|595719742464|309454134528|160129156992|82550985984|42405029760|21708525088|11077611216|5635881664|2859491040|1447286400|730981152|368564064|185595696,22|21|20|19|20|19|20|19|20|19|26|23|22|21
13,7|6|3|3|3|2|2,1,3|7,2,17,19,2,571117747200|292588015104|149646220416|76398936768|38928468096|19795468800|10045214144|5086787496|2570624448|1296559488|652811040|328206648|164833152|82738656,20|19|18|17|18|23|22|17|20|23|22|19|26|23
13,7|6|3|3|2|2|1|1|1,1,3|5,2,11,13,2,1166032067200|611718361408|319683875280|166432300440|86322657120|44607892840|22968819384|11785872000|6027791840|3073503440|1562893640|792924132|401588880|203182980,14|13|12|11|14|11|16|25|18|17|18|17|20|17
13,7|6|3|3|1|1|1|1|1|1|1,1,3|7,2,15,17,2,218368550400|118590920448|63936704832|34232611296|18208347456|9624763200|5057657696|2643064844|1374168992|711125520|366489600|188221704|96408576|49297248,18|17|16|15|16|17|20|15|18|17|36|19|32|23
13,7|6|3|2|2|2|2|1|1,1,3|5,2,15,17,2,628229521920|333444900096|176229936960|92738075232|48590175744|25348874144|13167948464|6812112384|3510229184|1802196480|922253184|470655240|239689824|121914936,18|17|16|15|22|15|18|29|20|27|26|19|22|19
13,7|6|3|2|2|2|1|1|1|1,1,3|5,2,9,11,2,596614075200|320335864992|171045996264|90835808076|47982731472|25214691060|13183644240|6859992540|3553356480|1832891328|941928120|482544612|246614544|125853156,12|11|10|9|12|9|18|15|20|21|18|17|20|17
13,7|6|3|1|1|1|1|1|1|1|1|1|1,1,3|5,2,11,13,2,21881059200|12556361664|7125004656|3999171528|2221183008|1221299640|665131104|359000796|192167808|102094776|53884440|28283508|14783472|7706556,14|13|12|11|14|11|20|15|22|15|18|17|20|17
13,7|6|2|2|2|1|1|1|1|1|1|1,0,0|2,2,4,5,1,67671503900|38104262196|21263337095|11761461985|6449913288|3507638680|1892226518|1012956210|538362020|284243372|149203950|77943866|40574380|21081060,4|5|4|5|10|11|12|13|12|13|14|15|16|17
13,7|5|5|5|4,0,0|2,2,6,7,1,58004146200|28020464472|13565986434|6581655366|3199364844|1557988120|759895682|371144774|181483036|88823952|43502805|21314799|10444698|5117112,6|7|6|7|8|11|12|13|12|17|12|13|14|19
13,7|5|5|5|3|1,0,0|2,2,8,9,1,303831242000|148643592240|72807720700|35703173220|17526887664|8612535360|4235785125|2084735565|1026619060|505739476|249180180|122764400|60464580|29764020,8|9|8|9|12|17|10|11|12|13|16|21|16|17
13,7|5|5|5|2|1|1,0,0|2,2,6,7,1,441723882600|218823215688|108402093954|53705435454|26610666984|13187289060|6535915254|3239519052|1605587592|795625740|394126785|195136623|96546384|47724534,6|7|6|7|10|9|12|15|14|13|12|13|20|15
13,7|5|5|5|1|1|1|1,0,0|2,2,8,9,1,193347154000|96971034160|48569581060|24300536780|12147420584|6067809800|3028986935|1511100395|753371640|375331208|186837350|92918210|46159960|22902880,8|9|8|9|10|11|10|11|14|15|14|15|18|23
13,7|5|5|4|4|1,0,0|2,2,6,7,1,297754617160|146586888448|72247817642|35645714104|17603269684|8700103412|4302631333|2128867972|1053627624|521507252|258089027|127674316|63115514|31169138,6|17|6|11|8|9|10|15|14|13|12|17|14|15
13,7|5|5|4|3|1|1,1,3|5|7|9,4,19,23,4,1076964894720|538482447360|269211207936|134575588224|67263702528|33613683840|16793507808|8387162256|4186817280|2088734112|1041199488|518492832|257868864|128047920,22|21|20|19|22|19|20|19|24|19|26|23|24|21
13,7|5|5|4|2|1|1|1,0,0|2,2,6,7,1,1208143502280|613365162696|310925225754|157394148678|79572379536|40179805380|20264693319|10208397519|5136200064|2580815196|1294935417|648697599|324373896|161860842,6|7|6|7|12|9|10|11|22|13|12|13|18|15
13,7|5|5|3|3|3,0,0|2,2,6,7,1,290020731000|145456551240|72970767870|36611039010|18367927032|9213652240|4620251545|2315783365|1160005700|580597584|290304735|144974445|72287160|35975940,6|7|6|7|10|13|10|11|12|17|12|13|18|17
13,7|5|5|3|3|2|1,1,3|5|7|9,4,17,21,4,1332608076800|674504703488|341196693376|172478630464|87126156544|43975883840|22176842128|11172865816|5622914304|2826382384|1418724160|710997056|355648832|177505328,20|19|18|17|20|17|18|17|24|17|24|25|24|21
13,7|5|5|3|3|1|1|1,0,0|4|8|12,4,20,30,10,1060647244800|541745977344|276264907776|140667171840|71518457088|36308912640|18406838528|9317637632|4709444160|2376464256|1197103680|601850304|301919376|151076640,20|23|24|25|20|23|26|29|20|23|24|25|20|23
13,7|5|5|3|2|2|2,0,0|2,2,6,7,1,801647046200|409456645136|208884017958|106426192488|54152340396|27516489000|13962280255|7074288760|3578813000|1807501024|911249185|458487876|230163318|115243128,6|9|6|11|8|11|10|17|14|19|12|17|14|19
13,7|5|5|3|2|2|1|1,0,0|2,2,6,7,1,1647468412200|846545307192|434163944214|222252121026|113564445228|57923487180|29490901362|14987821554|7603084116|3849544440|1945109295|980653149|493191018|247343382,6|7|6|7|8|9|12|13|12|15|12|13|14|15
13,7|5|5|3|2|1|1|1|1,0,0|2,2,6,7,1,1218087070200|633405276504|328313167182|169663979394|87430759416|44934243900|23034581661|11778989313|6008651796|3057608820|1551998595|785676045|396590040|199549350,6|7|6|7|10|9|10|11|12|13|12|13|18|15
13,7|5|5|3|1|1|1|1|1|1,0,0|2,2,4,5,1,400823523100|212128141456|111707773177|58556481368|30564872492|15891223810|8231708793|4249214046|2186127944|1121047676|572999210|291895604|148171408|74926852,4|9|4|11|8|7|10|13|14|13|14|17|20|17
13,7|5|5|2|2|2|2|1,0,0|2,2,8,9,1,580041462000|301621560240|156455999700|80954116620|41783299584|21512437960|11048595935|5660554655|2892942500|1474782456|749857080|380202900|192187380|96816720,8|9|8|9|22|11|10|11|12|15|18|17|16|21
13,7|5|5|2|2|2|1|1|1,1,3|7,2,15,17,2,723168576000|379385360640|198339261120|103341756960|53670157632|27786133440|14341835040|7380686220|3787250400|1937697216|988448640|502649280|254749440|128631360,18|17|16|15|16|17|20|15|18|21|26|25|28|25
13,7|5|5|2|2|1|1|1|1|1,0,0|2,2,4,5,1,473275588500|251928236340|133429948245|70335170235|36910855872|19288893690|10039891950|5205953610|2689560540|1384539264|710183835|362939445|184757760|93654990,4|5|4|5|16|7|12|13|12|23|12|13|30|15
13,7|5|5|2|1|1|1|1|1|1|1,1,3|5|7|9,4,19,23,4,175974656000|95567774720|51541740800|27617560960|14708733952|7789386880|4103255200|2150750800|1122019200|582689056|301254880|155050720|79428800|40486160,22|21|20|19|26|19|20|19|22|19|22|23|24|21
13,7|5|5|1|1|1|1|1|1|1|1|1,0,0|2,2,6,7,1,30383124200|16921063016|9339508178|5111367118|2775171256|1495565500|800386158|425569584|224899624|118163528|61734725|32072579|16566352|8504782,6|7|6|7|10|9|12|19|14|15|12|13|20|15
13,7|5|4|4|4|1|1,0,0|2,2,6,7,1,441723882600|222900666912|112479545178|56755081944|28632508740|14440435020|7279474356|3667266834|1845966192|928222092|466150815|233741772|116992458|58432374,6|11|6|11|8|9|14|13|16|13|12|17|14|15
13,7|5|4|4|3|1|1|1,0,0|2,2,8,9,1,1242945990000|638683016400|327724811700|167931866700|85931270880|43908087600|22401701595|11410814595|5802241980|2944771020|1491436800|753640140|379859040|190922160,8|9|8|9|14|13|10|11|12|13|28|17|22|21
13,7|5|4|3|3|3|1,0,0|2,2,6,7,1,843291048600|433321861896|222517902222|114173395938|58523869656|29963377080|15319985814|7820853768|3985595712|2027148984|1028807955|520873353|263001816|132396264,6|7|6|7|10|11|12|17|20|15|12|13|18|19
13,7|5|4|3|3|2|2,0,0|2,2,8,9,1,1145210066000|591985511040|305682994540|157650305120|81191855976|41749908200|21431593645|10980889920|5614732760|2864491924|1457817900|739937660|374461780|188888700,8|15|8|15|10|11|10|23|14|13|16|17|16|17
13,7|5|4|3|3|2|1|1,0,0|2,2,8,9,1,2197126750000|1142505910000|593077257500|307314312500|158941211000|82040920000|42258815625|21719179125|11136489000|5695909100|2905415750|1477717750|749210200|378543100,8|9|8|9|10|17|10|11|14|13|14|15|18|17
13,7|5|4|3|3|1|1|1|1,0,0|2,2,8,9,1,1276091216400|671420301552|352226782908|184246997220|96105520368|49988715920|25927722821|13409304909|6914584740|3554670084|1821573540|930319896|473434764|239999760,8|9|8|9|12|13|10|11|12|13|16|19|16|21
13,7|5|4|3|1|1|1|1|1|1|1,0,0|2,2,8,9,1,375320946000|205560395040|111855683940|60492809520|32524199136|17389200400|9247343105|4892070260|2574893020|1348484424|702680100|364310760|187903980|96396300,8|11|8|13|14|13|10|15|12|15|16|19|16|17
13,7|5|4|2|2|2|2|2,0,0|2,2,8,9,1,401567166000|213757291440|113455035540|60033794220|31664982816|16646597400|8721497745|4553384325|2368706340|1227641184|633802050|325897110|166860540|85044960,8|9|8|9|14|11|10|11|12|19|14|15|16|23
13,7|5|4|2|2|1|1|1|1|1|1,0,0|2,2,8,9,1,482555502000|265776722640|145439108100|79094206620|42756446304|22979230560|12280560435|6526921335|3450238620|1814114556|948760380|493513020|255289320|131299740,8|9|8|9|14|15|10|11|12|13|16|17|18|17
13,7|5|4|2|1|1|1|1|1|1|1|1,0,0|2,2,8,9,1,163601438000|92120194320|51438699620|28492999260|15661800528|8545468800|4629622525|2491042785|1331479660|707089068|373112550|195630930|101913900|52741260,8|9|8|9|12|19|10|11|12|13|14|15|16|17
13,7|5|3|3|3|3|2,0,0|2,2,10,11,1,353379106080|184844455488|96578470296|50390635680|26248444992|13646846400|7079931936|3664283700|1891511832|973613088|499594662|255503556|130200048|66090024,10|13|10|15|16|17|20|15|14|19|14|17|20|19
13,7|5|3|3|3|3|1|1,0,0|2,2,6,7,1,549156137400|288940613832|151761778038|79557235290|41617676880|21720567960|11307645765|5870731365|3039075720|1568299644|806605695|413371377|211038048|107300700,6|7|6|7|12|11|10|11|14|13|12|13|22|17
13,7|5|3|3|3|2|2|1,0,0|2,2,8,9,1,966735770000|511626315200|270201031100|142372973600|74832818840|39228183800|20505163835|10685732960|5550573840|2873287900|1481974750|761431660|389627260|198509740,8|13|8|15|10|11|10|21|16|13|14|17|16|17
13,7|5|3|3|3|1|1|1|1|1,0,0|2,2,4,5,1,515344529700|279078883776|150461068989|80765587980|43167131238|22972522650|12172608063|6421812012|3372876780|1763492220|917760375|475346256|244987974|125615490,4|13|4|9|6|7|10|15|12|13|12|21|14|15
13,7|5|3|3|2|2|2|2,0,0|2,2,6,7,1,464670577800|248777478576|132827405634|70709798232|37523178396|19845690120|10459273635|5491993590|2872613700|1496471760|776296305|400934556|206118594|105451632,6|9|6|11|8|11|10|13|12|17|12|17|14|21
13,7|5|3|3|2|1|1|1|1|1|1,0,0|2,2,6,7,1,497470853880|275522319072|151653740238|82971589896|45127692324|24402664260|13120225209|7014108654|3728523204|1970742312|1035705447|541163700|281101590|145134990,6|11|6|11|8|9|10|13|12|15|12|17|14|15
13,7|5|3|3|1|1|1|1|1|1|1|1,0,0|2,2,6,7,1,135343007800|76624964416|43033644654|23980690552|13262746588|7281385020|3968993938|2148305992|1154810496|616538664|326939445|172202184|90086766|46804758,6|13|6|11|8|9|12|17|22|15|12|19|14|15
13,7|5|3|2|2|1|1|1|1|1|1|1,0,0|2,2,10,11,1,218758494240|124524065952|70322198232|39405129192|21912722832|12094203264|6625856952|3603547860|1945695384|1043041464|555172542|293400030|153952524|80198976,10|11|10|11|12|19|16|15|14|15|14|15|16|25
13,7|5|2|2|2|2|2|2|2,0,0|2,2,8,9,1,49717839600|27689012208|15352669332|8471986380|4651268544|2539899960|1379141439|744474471|399443700|212988552|112848360|59405412|31067388|16138980,8|9|8|9|16|11|10|11|12|15|18|17|16|17
13,7|5|2|2|2|2|2|2|1|1,0,0|2,2,4,5,1,118925660700|66598369992|37108253259|20567222676|11336173002|6212112060|3383765847|1831752384|985298916|526557780|279547065|147420504|77218218|40169052,4|7|4|9|6|9|10|23|12|13|12|19|14|17
13,7|5|2|2|2|2|2|1|1|1|1,0,0|2,2,8,9,1,125106982000|70829799040|39854314500|22284181920|12379831464|6832271160|3745306565|2039049320|1102404800|591823988|315469490|166962180|87731820|45765720,8|15|8|15|10|11|10|17|20|13|14|17|16|19
13,7|5|2|2|2|2|1|1|1|1|1|1,0,0|2,2,6,7,1,86127368600|49556362856|28295289022|16031706418|9013279912|5028121280|2783107782|1528410744|832771856|450179660|241449215|128486533|67840696|35539504,6|7|6|7|10|17|12|17|16|13|12|13|18|21
13,7|5|2|2|2|1|1|1|1|1|1|1|1,0,0|2,2,4,5,1,41213472300|24220840644|14100337251|8131797765|4646049408|2629921320|1474976412|819663138|451360980|246313872|133222005|71422659|37958976|19999980,4|5|4|5|18|11|14|13|12|17|12|13|24|17
13,7|5|2|2|1|1|1|1|1|1|1|1|1|1,0,0|2,2,8,9,1,13473059600|8125291328|4845344812|2857180480|1666105672|960846040|548069907|309246168|172634000|95363548|52139290|28221116|15125264|8028020,8|13|8|17|10|11|10|17|16|13|14|17|20|17
13,7|5|2|1|1|1|1|1|1|1|1|1|1|1|1,0,0|2,2,6,7,1,2762102200|1716752752|1053386334|638012856|381423900|225073680|131102062|75391264|42810216|24010756|13305745|7287984|3946998|2114112,6|9|6|11|8|13|12|21|14|13|12|21|14|25
13,7|5|1|1|1|1|1|1|1|1|1|1|1|1|1|1,0,0|2,2,8,9,1,274482000|176513040|111919500|69942420|43067664|26124360|15609105|9186645|5326620|3043656|1714680|952920|522720|283140,8|9|8|9|12|11|10|11|12|15|18|19|22|17
13,7|4|4|4|4|1|1|1,0,0|2,2,6,7,1,212681869400|110594572088|57452557162|29814722366|15454324028|8000140720|4135071369|2133509301|1098497148|564208120|288956005|147489023|74983942|37945336,6|7|6|7|8|13|10|11|12|15|12|13|14|19
13,7|4|4|4|3|3|1,1,3|7,2,15,17,2,367147123200|190351662336|98665161408|51117339168|26464652352|13688100480|7070869296|3646825548|1877212608|964034352|493688160|251979552|128104416|64823616,18|17|16|15|16|19|18|15|20|17|22|23|22|25
13,7|4|4|4|3|2|1|1,1,3|7,2,15,17,2,883872704000|463693218560|242946749760|127110112480|66400719424|34626508800|18021487120|9358424980|4847396320|2503499248|1288638400|660749760|337288160|171279680,18|17|16|15|16|27|18|15|18|17|24|25|22|25
13,7|4|4|4|3|1|1|1|1,1,3|7,2,17,19,2,494968714240|262714163712|139096141184|73465704000|38706215808|20340794240|10660715936|5571227592|2902347840|1506748544|779202912|401204584|205554624|104717184,20|19|18|17|18|19|20|17|20|23|22|19|24|27
13,7|4|4|4|2|2|1|1|1,1,3|5|7|9,4,17,22,5,674957337600|360323378688|191843643264|101866799424|53941510272|28482317760|14994272176|7868397208|4114765088|2143677648|1112125440|574265184|294965472|150591792,20|19|18|17|18|17|18|17|18|17|36|23|22|21
13,7|4|4|3|3|3|2,0,0|2,2,6,7,1,343563019800|180767004264|95037114942|49912664802|26178701472|13708023560|7163935009|3735315507|1942383352|1006902204|520080435|267507933|136928484|69693624,6|7|6|7|14|11|10|11|14|13|12|13|16|19
13,7|4|4|3|3|3|1|1,0,0|2|8|10,4,18,27,9,530323622400|280663578624|148330985088|78269897472|41226761472|21670937600|11364999776|5944539392|3100053088|1611180288|834134760|429934032|220470624|112391136,18|23|18|21|20|25|20|27|18|25|18|21|22|23
13,7|4|4|3|3|2|2|1,0,0|2,2,8,9,1,911493726000|485195121840|257829769340|136746229620|72371589576|38210858400|20121247575|10564300395|5528323520|2882292492|1496473800|773290540|397434840|202994220,8|9|8|9|10|15|10|11|20|13|18|17|18|17
13,7|4|4|3|3|2|1|1|1,1,3|7,2,15,17,2,1012436006400|543600255744|291106390848|155470360032|82797009984|43962588800|23268340368|12273050916|6449296224|3375081360|1758221280|911261832|469573344|240379776,18|17|16|15|16|19|18|15|18|17|22|19|22|27
13,7|4|4|3|3|1|1|1|1|1,0,0|2,2,4,5,1,473700527300|257984594868|139939690891|75609171729|40691072058|21811950160|11644324328|6189915396|3275682144|1725151036|903820785|470804411|243677742|125213088,4|5|4|5|6|13|16|15|18|13|12|13|14|23
13,7|4|4|3|2|2|2|2,0,0|2,2,6,7,1,409003595000|220232705000|118310103450|63393869550|33873393180|18044814700|9581105600|5068990850|2671307520|1401686860|731978125|380205375|196295550|100647690,6|7|6|7|8|9|22|13|24|13|12|13|14|15
13,7|4|4|3|2|1|1|1|1|1|1,0,0|2,2,6,7,1,424401377400|236358920952|130883113746|72073761606|39472567596|21500860920|11647928523|6275281089|3361503684|1789920804|947044245|497648151|259537278|134222088,6|7|6|7|8|11|10|11|12|13|12|13|14|19
13,7|4|4|3|1|1|1|1|1|1|1|1,0,0|2,2,6,7,1,111546435000|63495663000|35872686850|20119686150|11204788740|6196914600|3403862700|1856923950|1006009760|541139760|288917325|153033375|80363250|41801760,6|7|6|7|8|11|14|13|18|17|12|13|14|23
13,7|4|4|2|2|2|2|2|1,1,3|7,2,15,17,2,285558873600|156837719808|85844345664|46814110944|25429970880|13756781760|7409355136|3972045588|2118732448|1124076576|592878240|310689984|161644032|83418192,18|17|16|15|16|17|24|15|18|19|22|25|30|21
13,7|4|4|2|2|2|1|1|1|1|1,1,3|7,2,15,17,2,299956800000|168437280000|94044984000|52211316000|28821892800|15819360000|8632238800|4682323900|2524109600|1351858320|719035200|379599000|198765600|103131600,18|17|16|15|16|21|18|15|18|17|24|19|22|21
13,7|4|4|2|2|1|1|1|1|1|1|1,0,0|2|8|10,4,18,27,9,149578457600|85604901888|48630507904|27426203904|15357433344|8538801920|4714177952|2584175616|1406324576|759613376|407083800|216337264|113926032|59394192,18|21|18|21|22|21|20|31|18|21|18|21|20|21
13,7|4|4|2|1|1|1|1|1|1|1|1|1,1,3|7,2,15,17,2,46519616000|27267651840|15836117440|9114287520|5199320256|2940246400|1648455120|916306620|504952160|275823088|149294400|80033360|42461760|22273680,18|17|16|15|16|19|18|15|18|17|24|21|24|21
13,7|4|3|3|3|3|2|1,0,0|2,2,6,7,1,382827364920|206137811880|110815078374|59456051226|31827993912|16993702440|9046269804|4799279100|2536358328|1334603592|698793093|363836187|188224212|96657132,6|7|6|7|10|11|14|15|14|15|12|13|16|17
13,7|4|3|3|3|3|1|1|1,1,3|7,2,15,17,2,337478668800|183276877056|99285321408|53640646176|28895640384|15516017920|8302328944|4425205372|2348549504|1240480080|651718080|340346280|176532960|90854400,18|17|16|15|16|21|18|15|22|17|24|19|22|33
13,7|4|3|3|3|2|2|2,1,3|5|7|9,4,17,21,4,299156915200|162465217024|88041179776|47592918208|25656184576|13787618240|7383742960|3938958760|2092239360|1105982288|581487200|303872624|157705856|81203408,20|19|18|17|20|17|18|17|26|17|22|21|26|21
13,7|4|3|3|3|1|1|1|1|1|1,1,3|5|7|9,4,19,23,4,219488389120|123251172352|68837871872|38242083712|21131321344|11613078400|6346559968|3448282096|1862125440|999046496|532249088|281397424|147519680|76604528,22|21|20|19|30|19|20|19|22|19|30|21|24|21
13,7|4|3|3|2|1|1|1|1|1|1|1,0,0|2,2,8,9,1,193347154000|111248977840|63558835340|36059248420|20315801584|11366246320|6314305725|3482458035|1906277660|1035309268|557606230|297633050|157313200|82242160,8|9|8|9|12|13|10|11|12|13|14|15|20|21
13,7|4|3|2|2|2|2|2|2,1,3|7,2,15,17,2,106064724480|59559422208|33318158016|18560923680|10293112128|5680161344|3117974080|1701767212|923085088|497355552|266014944|141134928|74208288|38623728,18|17|16|15|16|17|22|15|18|19|22|21|22|21
13,7|4|3|2|2|2|1|1|1|1|1|1,1,3|7,2,15,17,2,176774540800|102529233664|59053929792|33775949792|19181739200|10815143040|6052833904|3361694692|1852203072|1011967312|547969120|293868168|155940224|81779984,18|17|16|15|16|19|18|15|20|17|22|19|26|21
13,7|4|3|2|2|1|1|1|1|1|1|1|1,1,3|7,2,15,17,2,81158837760|48071003904|28226899008|16432126560|9483659712|5426125056|3077444016|1729822500|963410112|531446832|290220768|156790656|83720736|44128656,18|17|16|15|16|21|18|15|20|17|22|27|22|21
13,7|4|2|2|2|2|2|2|2|1,0,0|2,2,4,5,1,45574686300|26222973348|15018307161|8557482219|4849101114|2731278550|1528447778|849359786|468431384|256236888|138920295|74583861|39611022|20781618,4|5|4|5|6|7|12|13|14|15|12|13|14|15
13,7|4|2|2|2|2|2|2|1|1|1,1,3|5|7|9,4,17,21,4,66328908800|38470767104|22191345792|12726555072|7253562624|4107069120|2309220144|1288682472|713419392|391563088|212917600|114605568|60998784|32059104,20|19|18|17|20|17|18|17|22|17|22|31|26|23
13,7|4|2|2|2|2|2|1|1|1|1|1,0,0|2,2,6,7,1,58004146200|34088590536|19899237358|11535753138|6639303216|3792550320|2149399161|1208094363|673093848|371533512|203037135|109760497|58633476|30906876,6|7|6|7|12|13|10|11|14|15|12|13|16|17
13,7|4|2|2|2|2|1|1|1|1|1|1|1,1,3|7,2,17,19,2,35524070400|21259789824|12618173568|7426491072|4333580160|2506624640|1436777888|815828216|458706304|255255168|140488320|76414632|41031264|21717696,20|19|18|17|18|19|20|17|22|23|26|19|22|25
13,7|4|2|2|2|1|1|1|1|1|1|1|1|1,0,0|2,2,4,5,1,15616500900|9562103628|5796907809|3479143143|2066930040|1215297160|707041741|406900543|231554036|130236540|72354345|39673095|21446040|11411400,4|5|4|5|10|11|10|11|12|13|12|13|18|19
13,7|4|2|2|1|1|1|1|1|1|1|1|1|1|1,1,3|5|7|9,4,17,21,4,4799308800|3019872768|1878338176|1154675904|701407488|420939200|249521328|146054376|84389504|48109776|27045120|14979536|8164992|4372368,20|19|18|17|20|17|18|17|22|17|28|21|26|21
13,7|4|2|1|1|1|1|1|1|1|1|1|1|1|1|1,0,0|2,2,6,7,1,946454600|614467448|393807414|249058194|155382108|95595780|57978501|34652163|20401108|11825660|6744815|3781869|2081982|1123122,6|7|6|7|8|9|10|11|12|13|12|13|14|15
13,7|4|1|1|1|1|1|1|1|1|1|1|1|1|1|1|1,1,3|7,2,15,17,2,93350400|62760192|41612736|27194016|17504832|11092160|6914944|4238572|2552992|1510080|876480|498696|277728|151008,18|17|16|15|16|17|24|15|18|21|24|19|22|23
13,7|3|3|3|3|3|2|2,0,0|2,2,6,7,1,63103411800|34755417576|19107600534|10481612922|5734546488|3127610640|1699578441|919665879|495211452|265149720|141040575|74454237|38955708|20169864,6|7|6|7|10|13|10|11|12|15|12|13|16|19
13,7|3|3|3|3|1|1|1|1|1|1|1,0,0|2,2,10,11,1,41644002400|24217589088|13993220472|8033550056|4582052160|2595945520|1460462892|815589768|451865624|248202360|135046170|72703554|38673096|20288268,10|11|10|11|16|13|14|17|14|15|14|15|18|17
13,7|3|3|2|2|2|1|1|1|1|1|1|1,1,3|5|7|9,4,19,24,5,35133696000|21134269440|12614250240|7469435520|4387090176|2555068800|1475025120|843628560|477729600|267633504|148176000|80969040|43593120|23072400,22|21|20|19|20|19|20|19|20|19|26|21|22|21
13,7|3|2|2|2|2|2|2|2|1|1,0,0|2,2,8,9,1,17872426000|10613471440|6270890340|3684415020|2151428136|1247760800|718253965|410036605|231936160|129852404|71863700|39252180|21118020|11162580,8|9|8|9|10|15|10|11|18|13|16|17|16|17
13,7|3|2|2|2|2|2|2|1|1|1|1,0,0|2,2,6,7,1,20021155000|12012693000|7164091550|4244914450|2497771920|1458711800|844964050|485101050|275782780|155090320|86164575|47218325|25471600|13490400,6|7|6|7|12|11|12|13|12|17|12|13|20|23
13,7|3|2|2|2|1|1|1|1|1|1|1|1|1|1,0,0|2,2,4,5,1,3505745100|2232889956|1407339747|877523493|541131624|329876800|198691724|118168908|69336872|40096716|22822065|12762783|6996396|3747744,4|5|4|5|10|17|14|15|14|13|12|13|16|23
13,7|3|2|2|1|1|1|1|1|1|1|1|1|1|1|1,0,0|2,2,8,9,1,1033942000|677629680|438854780|280745140|177328632|110536400|67957435|41177955|24570000|14420252|8312700|4697740|2595980|1397760,8|9|8|9|10|13|10|11|16|13|16|17|16|33
13,7|2|2|2|2|2|2|2|2|1|1|1,0,0|2,2,6,7,1,2762102200|1691256424|1029737566|623056018|374379304|223223000|131951469|77246391|44728948|25579804|14421685|7997803|4350412|2312596,6|7|6|7|10|11|10|11|12|13|12|13|16|17
13,7|2|2|2|2|1|1|1|1|1|1|1|1|1|1|1,0,0|2,2,4,5,1,365061060|241501932|158009985|102201399|65312640|41210976|25653285|15737631|9502584|5638248|3280563|1866789|1035288|556920,4|5|4|5|18|15|10|11|14|15|12|13|18|19
13,7|1|1|1|1|1|1|1|1|1|1|1|1|1|1|1|1|1|1|1,0,0|2,2,4,5,1,177100|134596|100947|74613|54264|38760|27132|18564|12376|8008|5005|3003|1716|924,4|5|4|5|10|11|14|15|14|15|12|13|16|17
13,6|6|6|5|2|1,1,5|7,2,17,21,4,141419632640|68534129664|33273816576|16186506752|7890569856|3854871488|1887509728|926331528|455670208|224668192|111028608|54995952|27305344|13590720,22|21|22|23|18|17|20|17|20|19|26|21|26|25
13,6|6|6|4|2|2,0,0|2|4|6,4,12,16,4,216548812480|106608646144|52543867376|25928858592|12812055984|6339744320|3141840338|1559529524|775408312|386201648|192685892|96299896|48206928|24168144,12|23|12|15|12|17|12|15|14|17|16|19|20|21
13,6|6|6|3|3|1|1,0,0|2,2,6,7,1,290020731000|144564179760|72078396390|35952341880|17942904252|8961246320|4479404995|2241358770|1122785720|563142468|282809835|142203600|71581950|36061740,6|9|6|11|8|13|10|13|14|13|12|21|14|17
13,6|6|5|5|2|2,0,0|2|4|6,4,12,16,4,198871358400|98517811392|48870918096|24277543056|12078194544|6018166960|3003372294|1501239702|751616152|376924968|189337500|95271132|48025296|24257376,12|13|12|13|12|13|12|13|14|15|16|17|20|23
13,6|6|5|4|3|2,1,3|5,2,11,13,2,556839803520|278419901760|139380665424|69861047256|35058909600|17615512200|8861979984|4463875416|2251377632|1136974104|574951608|291141708|147633552|74970324,14|13|12|11|14|11|18|17|18|15|18|17|20|17
13,6|6|5|4|2|2|1,1,3|5,2,15,17,2,883872704000|447375568640|226481295040|114685103520|58094584704|29441420320|14928527120|7574435480|3845896320|1954323616|993993760|506052800|257912160|131600040,18|17|16|15|18|15|18|17|22|19|22|25|22|19
13,6|6|5|4|1|1|1|1|1,1,3|5,2,13,15,2,305955936000|158626385280|82047012960|42354524880|21829853952|11237399280|5779374480|2970424980|1526121760|783955656|402731280|206940360|106381440|54723240,16|15|14|13|20|13|18|15|18|15|20|19|26|19
13,6|6|5|3|3|1|1|1,0,0|2,2,6,7,1,736206471000|378296863560|194212416090|99633616830|51084576972|26181672220|13415182605|6873135885|3521591360|1804732524|925200405|474523995|243509310|125032050,6|7|6|7|8|9|10|11|20|13|12|13|14|15
13,6|6|5|2|2|2|1|1|1,1,3|5|7|9,4,19,24,5,489529497600|258320950272|135941304576|71359454592|37373518080|19534387840|10192388640|5310231600|2763337920|1436664096|746421120|387620112|201221856|104422032,22|21|20|19|20|19|20|19|20|19|26|21|22|21
13,6|6|4|4|4|2,0,0|2|4|6,4,12,16,4,198871358400|100353547008|50706653712|25653135456|12993643728|6588857600|3344689062|1699620948|864553904|440230032|224404560|114519504|58515336|29940768,12|17|12|15|12|21|12|15|16|17|20|21|18|23
13,6|6|4|4|3|3,0,0|2|4|6,4,12,16,4,216548812480|109940166336|55875387568|28425617584|14474053776|7376205200|3761988594|1920135210|980787248|501369344|256511472|131360768|67344200|34570536,12|13|12|13|12|13|12|13|16|27|20|35|18|19
13,6|6|4|4|3|2|1,1,3|5,2,11,13,2,928066339200|475455524544|243640693296|124880913768|64024732512|32832739160|16841498024|8641345356|4435371808|2277499560|1170068040|601519908|309497232|159418116,14|13|12|11|14|11|16|15|18|15|18|17|20|17
13,6|6|4|4|2|2|2,0,0|2|4|6,4,12,16,4,451980360000|233639078400|120734686800|62370266400|32209866000|16629537600|8583660150|4429906380|2286039000|1179744720|608933700|314419800|162447000|84006000,12|19|12|15|12|17|12|15|14|17|16|19|18|21
13,6|6|4|4|2|2|1|1,0,0|2|4|6,4,12,16,4,916168052800|476407387456|247487938544|128452546992|66617188176|34524539280|17881868466|9257429874|4790881592|2478857192|1282550780|663708892|343618968|178041864,12|13|12|13|12|13|12|13|14|15|16|17|18|19
13,6|6|4|4|2|1|1|1|1,0,0|2|4|6,4,12,16,4,654405752000|344318103360|180760438320|94708483760|49535752464|25869524560|13492376370|7029216810|3658751600|1903093528|989445240|514335360|267402520|139098960,12|13|12|13|12|13|12|13|16|15|18|27|18|21
13,6|6|4|4|1|1|1|1|1|1,0,0|2|4|6,4,12,16,4,198871358400|106472665728|56781430992|30175962336|15987263760|8447050560|4452494046|2342126484|1229881152|644910072|337802040|176811624|92518536|48422088,12|15|12|15|12|17|12|15|20|15|18|19|18|19
13,6|6|4|3|2|2|2|1,1,5|7,2,19,23,4,979058995200|516641900544|272226425856|143230169088|75251950848|39482710400|20689053504|10828533936|5661853568|2957927616|1544379840|806077008|420723072|219675456,24|23|24|29|20|19|22|19|22|21|24|21|26|25
13,6|6|4|3|2|2|1|1|1,0,0|2|4|6,4,12,16,4,1177930353600|627021388224|332959020240|176403039120|93259123056|49205486000|25914645702|13625953110|7154325080|3751919640|1965802860|1029355404|538876800|282161880,12|13|12|13|12|13|12|13|14|15|16|17|26|19
13,6|6|4|3|2|1|1|1|1|1,1,5|7,2,17,22,5,707098163200|381833008128|205389550080|110085015040|58809988224|31323597760|16638483264|8816646600|4661998720|2460708512|1296941760|682846032|359300480|189034560,22|21|22|23|18|17|22|17|22|19|24|21|26|25
13,6|6|4|2|2|2|2|1|1,0,0|2|4|6,4,14,18,4,495648616320|266887716480|143307099936|76738381344|40982560416|21831202080|11601505908|6151648788|3255432768|1719824400|907310268|478171188|251853624|132633072,14|15|14|15|14|15|14|15|20|17|16|17|18|21
13,6|6|4|2|2|2|1|1|1|1,0,0|2|4|6,4,12,16,4,464033169600|252719603136|137083778832|74076205008|39884987376|21403153200|11449653254|6107636598|3249777832|1725371256|914378760|483915960|255870120|135237960,12|13|12|13|12|13|12|13|14|15|18|19|18|19
13,6|6|4|1|1|1|1|1|1|1|1|1|1,0,0|2|4|6,4,12,16,4,14297940800|8314802496|4790049264|2734866992|1548333072|869703120|484979066|268661514|147951832|81056024|44211240|24027432|13021448|7042464,12|13|12|13|12|13|12|13|14|15|18|19|18|23
13,6|6|3|3|3|2|1|1|1,1,3|5,2,11,13,2,560919216000|301170471360|161337750640|86236852680|45994478112|24479458520|13002229680|6892939020|3647807200|1927508928|1017249960|536410820|282767760|149111820,14|13|12|11|14|11|18|15|18|21|18|17|20|17
13,6|6|3|3|2|2|2|1|1,0,0|2|4|6,4,12,16,4,535422888000|289952087040|156609702480|84366721440|45330587856|24294024640|12987670350|6926943660|3686461240|1958143824|1038469320|550112640|291254040|154234080,12|21|12|15|12|17|12|15|14|17|18|27|18|23
13,6|6|3|3|2|2|1|1|1|1,0,0|2|4|6,4,14,18,4,486129987200|266249654528|145269947680|78972104640|42780387936|23096993920|12430307604|6669824040|3569143520|1905328528|1015097980|540010064|287035320|152569560,14|17|14|17|14|19|14|17|18|17|16|21|18|19
13,6|6|3|2|2|2|2|2|1,1,3|5,2,15,17,2,203970624000|112026942720|61337855040|33476701920|18211396608|9874874720|5337450400|2876103960|1545367040|828214464|442908720|236472720|126139200|67284360,18|17|16|15|24|15|20|17|26|21|20|21|24|19
13,6|6|3|2|2|2|2|1|1|1,0,0|2|4|6,4,12,16,4,278419901760|154201791744|85062401424|46736280864|25577617104|13944156096|7573684638|4099079628|2211269928|1189388928|638162028|341759352|182819472|97781112,12|17|12|15|12|17|12|15|14|23|16|19|20|19
13,6|6|3|2|2|2|1|1|1|1|1,1,3|5,2,9,11,2,216548812480|121600487008|67915936088|37734615828|20860218288|11476148684|6284548088|3426694208|1861019328|1007136368|543403784|292515916|157231536|84480396,12|11|10|9|12|9|16|23|20|17|18|17|20|17
13,6|6|3|2|1|1|1|1|1|1|1|1|1,1,3|5,2,11,13,2,34994960000|20512430400|11916427600|6863411800|3920692320|2222261000|1250367800|698741400|388050880|214315640|117805800|64513900|35239600|19227780,14|13|12|11|14|11|16|17|20|15|18|17|20|17
13,6|6|3|1|1|1|1|1|1|1|1|1|1|1,0,0|2|4|6,4,12,16,4,5814952000|3506863360|2092410320|1235513760|722224464|418125760|239869630|136439980|77004760|43158976|24045880|13333760|7369560|4066920,12|17|12|15|12|17|12|15|14|21|18|29|18|19
13,6|5|5|5|3|1|1,0,0|2,2,6,7,1,297754617160|151167728712|76828657906|39091690638|19914382488|10157455308|5187325143|2652393513|1357861708|695948120|357090783|183415925|94304364|48534486,6|7|6|7|10|9|10|11|12|15|12|13|16|15
13,6|5|5|5|2|1|1|1,1,5|9,2,21,23,2,304596131840|156984160256|80886063104|41674421248|21474465280|11068717312|5707490752|2944436992|1519814912|784912576|405599872|209712448|108496256|56170400,26|25|30|25|22|21|22|27|24|21|26|25|26|23
13,6|5|5|4|4|1|1,0,0|2,2,8,9,1,303831242000|155187649760|79351778220|40620454160|20817392024|10680658560|5485922585|2820754310|1451857720|747999088|385714990|199059960|102803140|53121640,8|11|8|13|10|19|10|13|14|17|14|19|16|19
13,6|5|5|4|3|1|1|1,0,0|2,2,6,7,1,780825045000|406029023400|211083907650|109724860350|57036661920|29651065500|15416749180|8017377340|4170339740|2169775440|1129169475|587750625|305982600|159309150,6|7|6|7|14|9|14|15|12|17|12|13|18|15
13,6|5|5|3|3|3|1,0,0|2,2,8,9,1,425363738800|221189144176|115075828868|59896232396|31188213056|16245778120|8465171143|4412290729|2300455388|1199695448|625773470|326456746|170317048|88850476,8|9|8|9|16|11|10|11|12|15|14|15|18|17
13,6|5|5|3|3|2|2,0,0|2,2,6,7,1,568440632760|297338177136|155544875486|81373697496|42572134332|22272771248|11652746742|6096590388|3189697336|1668829260|873101103|456759688|238917294|124936812,6|9|6|11|8|13|12|15|14|13|12|19|14|17
13,6|5|5|3|3|2|1|1,0,0|2,2,6,7,1,1084231348200|570472493976|299994847614|157682046330|82844214156|43508585700|22842356967|11988876123|6290755380|3300073812|1730782755|907505181|475681734|249227550,6|7|6|7|8|9|10|11|12|13|12|13|14|15
13,6|5|5|3|3|1|1|1|1,0,0|2,2,6,7,1,621472995000|330814855800|175793024550|93273856650|49424024520|26158086500|13830109800|7305526380|3855935040|2033744400|1071951525|564642375|297219780|156331890,6|7|6|7|10|9|16|15|20|17|12|13|16|15
13,6|5|5|3|1|1|1|1|1|1|1,0,0|2,2,4,5,1,170379211860|94363871184|51997000275|28519135128|15576629508|8475647598|4596269832|2485009098|1339923276|720743508|386834778|207195516|110758428|59088744,4|9|4|11|8|7|16|13|12|13|14|17|16|19
13,6|5|5|2|2|2|2|2,0,0|2,2,10,11,1,174904810080|94179513120|50628800376|27171666984|14558654208|7788171328|4159993180|2218874056|1181945464|628817784|334150026|177359490|94024392|49777728,10|11|10|11|20|17|14|17|14|15|14|15|18|25
13,6|5|5|2|2|1|1|1|1|1|1,0,0|2,2,4,5,1,204501797500|113891770300|63108297175|34805276825|19113060560|10454422550|5697807665|3095277185|1676526880|905647820|488023025|262369415|140731360|75305230,4|5|4|5|12|7|10|11|18|13|12|13|22|15
13,6|5|5|2|1|1|1|1|1|1|1|1,0,0|2,2,6,7,1,67557770280|38455961544|21739744026|12211192422|6818495112|3786692052|2092586067|1151228925|630789684|344365812|187371837|101631651|54957276|29624166,6|7|6|7|10|9|10|11|12|13|12|13|16|15
13,6|5|4|4|4|3,1,5|7,2,17,21,4,141419632640|72885502976|37625189888|19452186624|10070556288|5220060352|2708796896|1407017048|731458304|380535424|198092032|103171552|53756736|28018848,22|21|22|29|18|17|20|17|24|23|28|23|24|23
13,6|5|4|4|2|2|2|1,1,5|7,2,17,21,4,865329920000|461953049600|246430912000|131362291200|69972032640|37244139200|19809455840|10528559720|5591736640|2967593440|1573768000|833980640|441625920|233694240,22|21|22|23|18|17|20|17|20|19|24|23|24|23
13,6|5|4|4|2|2|1|1|1,0,0|2|4|6,4,12,16,4,1020872973120|549700831680|295506875664|158615982096|85017826608|45508889712|24329833814|12991711502|6929474496|3691977576|1964979744|1044750168|554932224|294486192,12|13|12|13|12|13|12|13|20|15|22|19|34|21
13,6|5|4|4|2|1|1|1|1|1,1,5|7,2,19,24,5,587435397120|320830101504|174691630080|94857689088|51378819840|27765222528|14972871168|8058705360|4329524736|2322091584|1243441728|664841232|354974400|189281664,24|23|24|27|20|19|28|19|26|21|24|21|24|27
13,6|5|4|3|3|3|1|1,1,5|9,2,19,21,2,761490329600|406518683648|216935606272|115716067840|61694400256|32874857600|17507577760|9317775040|4955695360|2633831200|1398780160|742299008|393612032|208551200,24|23|26|23|20|19|20|23|24|19|28|27|28|23
13,6|5|4|3|2|2|2|1|1,1,5|7,2,17,21,4,1272776693760|695131886592|378924209664|206163509760|111957595776|60686062528|32834621664|17733682152|9561092416|5146083936|2765202048|1483467216|794604096|424977696,22|21|22|23|18|17|20|17|20|19|26|21|24|23
13,6|5|4|3|2|2|1|1|1|1,1,5|7,2,17,22,5,1142235494400|630865449984|347369476608|190716068352|104420288640|57021835200|31060551616|16878683752|9151164288|4950702624|2672711040|1440030240|774396480|415683840,22|21|22|23|18|17|22|17|22|19|26|23|24|29
13,6|5|4|2|2|2|2|1|1|1,1,5|7,2,17,21,4,519197952000|289952087040|161402841600|89558545920|49537943424|27317040960|15018592480|8233128120|4500749120|2453781792|1334338560|723804720|391691520|211479840,22|21|22|23|18|17|20|17|20|19|32|21|28|23
13,6|5|4|2|2|1|1|1|1|1|1|1,1,5|9,2,21,23,2,197091614720|113706700800|65191841792|37155959808|21058515456|11872011008|6659606976|3718161216|2066745856|1144048192|630830208|346573216|189750528|103550304,26|25|28|25|22|21|22|23|26|21|26|23|28|23
13,6|5|4|1|1|1|1|1|1|1|1|1|1|1,1,5|7,2,17,21,4,9194465280|5587405824|3362591232|2004727296|1184446848|693805632|403108576|232423576|133054656|75663840|42762432|24029280|13430208|7468032,22|21|22|23|18|17|20|17|20|19|24|23|24|33
13,6|5|3|3|3|2|2|2,0,0|2,2,6,7,1,334639305000|183279373200|100268680050|54785903400|29892928860|16286040000|8858664300|4810527750|2607736740|1411128180|762251625|411028200|221266650|118927380,6|9|6|11|8|17|14|13|12|13|12|19|14|17
13,6|5|3|3|3|1|1|1|1|1|1,0,0|2,2,4,5,1,241683942500|136830293600|77136784725|43308905900|24221871830|13496473250|7493313620|4145932910|2286217360|1256649100|688608550|376238940|205009420|111431320,4|11|4|9|6|7|14|13|16|13|14|17|16|19
13,6|5|3|3|2|2|2|1|1|1,1,5|7|9|11,4,23,28,5,609192263680|342084886528|191518638080|106901692416|59491335168|33008020992|18259382656|10070764480|5538141952|3036795776|1660555712|905585824|492624000|267366528,28|27|34|31|24|23|24|23|24|23|24|23|26|27
13,6|5|2|2|2|2|2|2|1|1|1,0,0|2,2,4,5,1,63804560820|37301127864|21712756065|12582437868|7257920670|4166848972|2380758094|1353680020|765973348|431360328|241803849|134956668|75023850|41563236,4|7|4|9|6|9|12|15|12|15|12|17|14|17
13,6|5|2|2|1|1|1|1|1|1|1|1|1|1|1,0,0|2,2,6,7,1,4461857400|2828131152|1774247398|1101753000|677255724|412175320|248402793|148281252|87702720|51418416|29897565|17252884|9889506|5637060,6|9|6|11|8|11|10|15|20|17|12|17|14|17
13,6|4|4|4|3|3|1|1,0,0|8,2,14,20,6,366467221120|197328503680|106263237696|57224788544|30814488320|16590131712|8929279128|4803914808|2582973288|1387764728|744903824|399374976|213823456|114290176,14|15|16|17|20|23|16|17|14|15|20|27|22|31
13,6|4|4|4|3|2|1|1|1,1,3|5|7|9,4,17,22,5,636388346880|347565943296|189621734016|103345384896|56266614144|30602747968|16626539280|9022887528|4890468192|2647060272|1430608896|771870000|415663776|223361424,20|19|18|17|18|17|18|17|18|17|32|21|22|21
13,6|4|4|4|2|2|2|1|1,0,0|2|4|6,4,12,16,4,451980360000|248936875200|136919312400|75204090000|41248836720|22592414000|12355907070|6747137430|3678402800|2001909960|1087461900|589513740|318857760|172036800,12|13|12|13|12|13|12|13|16|15|16|17|22|25
13,6|4|4|4|2|2|1|1|1|1,0,0|2|4|6,4,14,18,4,397742716800|221512097664|123060798432|68206406112|37718759520|20813601120|11460720492|6297301116|3452731536|1888902000|1030981860|561343332|304836576|165072336,14|15|14|15|14|15|14|15|16|17|16|17|22|21
13,6|4|4|3|3|3|2|1,1,5|9,2,19,21,2,456894197760|249534523392|136253286400|74371075584|40573178112|22120088448|12049802976|6557635392|3564619520|1935066336|1048830528|567467648|306400512|165051744,24|23|26|23|20|19|20|23|24|19|24|27|28|23
13,6|4|4|3|3|3|1|1|1,0,0|8,2,14,20,6,397742716800|219064450176|120528902208|66243692736|36366939648|19940876800|10919822472|5971336776|3260279352|1777045896|966775320|524862096|284283648|153575136,14|15|16|17|22|23|16|17|14|15|18|21|28|23
13,6|4|4|3|3|2|2|2,0,0|2,2,6,7,1,343563019800|189223940136|104145173594|57270998862|31463328204|17265976420|9463137915|5179342245|2830364880|1544061792|840733215|456801961|247607514|133855722,6|7|6|7|8|9|10|11|16|19|12|13|14|15
13,6|4|4|3|3|1|1|1|1|1|1,0,0|2,2,4,5,1,240494113860|136896649428|77631070979|43865654217|24702110202|13865016088|7757513841|4326754047|2405710860|1333374672|736639638|405599194|222535236|121633512,4|5|4|5|6|11|10|11|12|17|14|15|16|19
13,6|4|4|3|2|2|2|1|1|1,1,5|7,2,17,22,5,578534860800|326649682944|183963766272|103342966272|57906186624|32363556160|18040993152|10030340856|5561483776|3074981472|1695173760|931605216|510271488|278486208,22|21|22|23|18|17|24|17|26|19|26|23|38|25
13,6|4|4|3|2|1|1|1|1|1|1|1,1,5|9,2,21,23,2,191972352000|111934648320|64915333120|37454453760|21504855552|12289532160|6991538880|3960081600|2233395200|1254215616|701319360|390447200|216395520|119364960,26|25|30|25|22|21|22|23|30|21|24|23|28|23
13,6|4|4|2|2|2|2|2|2,0,0|8,2,16,22,6,85667662080|48764669184|27696345600|15692404608|8868281472|4998203008|2809049424|1574070960|879336528|489657168|271746936|150274608|82783800|45415656,16|17|22|19|18|19|18|19|16|17|18|21|18|19
13,6|4|4|2|2|2|1|1|1|1|1|1,0,0|8,2,14,20,6,138580041600|81442424448|47611591104|27692051904|16026443136|9230151040|5290671144|3018373512|1714006392|968790312|545010480|305134368|169984584|94198104,14|15|16|17|18|19|16|17|14|15|20|23|18|19
13,6|4|4|2|2|1|1|1|1|1|1|1|1,0,0|8,2,14,20,6,61871089280|37122653568|22120466368|13093624128|7700813952|4501091712|2615092792|1510481784|867477800|495394200|281321352|158851440|89177352|49760568,14|15|16|17|18|19|16|17|14|15|18|21|18|19
13,6|4|3|3|3|3|2|2,0,0|2,2,8,9,1,163601438000|91113416240|50716445780|28209327740|15675441056|8700305240|4822138145|2668303715|1473728620|812227024|446579920|244882660|133880560|72950020,8|9|8|9|14|11|10|11|12|17|20|17|20|17
13,6|4|3|3|3|1|1|1|1|1|1|1,0,0|2,2,8,9,1,102360258000|60156336240|35177922780|20472896340|11859649776|6838994240|3926139555|2243876145|1276673020|723065364|407608020|228667560|127634760|70862220,8|9|8|9|12|17|10|11|12|13|16|19|18|17
13,6|4|3|2|2|2|1|1|1|1|1|1|1,1,3|5|7|9,4,19,24,5,76149032960|46275181568|27944657664|16770904192|10003450624|5930566272|3494632032|2046727536|1191389248|689207456|396186560|226273344|128367712|72316816,22|21|20|19|20|19|20|19|20|19|24|25|22|21
13,6|4|2|2|2|2|2|2|2|1|1,0,0|2,2,4,5,1,30580884180|18348530508|10969230195|6532037721|3873421134|2286605178|1343431683|785317995|456623496|264015612|151751421|86683311|49192110|27723762,4|5|4|5|6|7|10|11|14|13|12|13|14|15
13,6|4|2|2|2|2|2|2|1|1|1|1,0,0|2,2,8,9,1,34120086000|20682021360|12479126660|7493866380|4477885776|2661915880|1573888875|925363425|540885660|314228712|181393170|104018530|59235660|33487740,8|9|8|9|12|11|10|11|12|15|14|15|16|17
13,6|4|2|2|2|1|1|1|1|1|1|1|1|1|1,0,0|2,2,8,9,1,5774168400|3713234448|2366765324|1495196868|936223728|581021320|357373797|217847091|131598852|78775032|46721490|27452326|15977148|9208056,8|9|8|9|12|11|10|11|12|15|14|15|16|19
13,6|4|2|2|1|1|1|1|1|1|1|1|1|1|1|1,0,0|2,2,6,7,1,1657261320|1096342104|717869438|465207210|298342044|189330908|118889706|73868964|45410348|27618576|16617873|9891035|5822982|3389958,6|7|6|7|8|9|12|15|12|17|12|13|14|15
13,6|3|3|3|3|3|3|1|1,0,0|2|4|6,4,12,16,4,39774271680|22640739264|12878971248|7319360880|4154845968|2355071888|1332561282|752414826|423791888|238008528|133221276|74278644|41228352|22764456,12|13|12|13|12|13|12|13|16|17|16|17|24|19
13,6|3|3|3|3|3|2|1|1|1,1,5|7,2,17,21,4,89994311680|51919795200|29902792192|17190504448|9862469760|5645595072|3223677600|1835628984|1041990656|589413440|332092032|186273680|103951616|57673824,22|21|22|27|18|17|20|17|28|21|26|21|28|23
13,6|3|3|3|2|2|2|2|2|1,1,5|7,2,17,22,5,54392166400|32049538048|18840791552|11047282176|6459162240|3764797120|2186868416|1265544104|729366272|418451552|238871360|135598144|76492416|42845088,22|21|22|23|18|17|22|17|24|19|24|25|26|23
13,6|3|3|3|2|2|2|1|1|1|1|1,1,5|7,2,17,21,4,65445120000|39367756800|23581401600|14065228800|8352892800|4938395200|2906157600|1701921960|991571200|574536960|330926400|189378000|107602560|60652800,22|21|22|25|18|17|20|17|24|25|24|21|26|29
13,6|3|3|3|2|2|1|1|1|1|1|1|1,0,0|2|4|6,4,14,18,4,37394614400|22897010048|13941062432|8440904736|5082372768|3043087520|1811732692|1072356868|630888624|368808512|214145420|123438524|70589376|40013688,14|15|14|15|14|15|14|15|16|21|16|17|24|19
13,6|3|3|3|2|1|1|1|1|1|1|1|1|1,1,5|7,2,17,21,4,14313728000|8962595840|5571822080|3439472640|2108393856|1283487040|775892320|465739240|277550720|164167168|96341440|56066560|32334720|18464160,22|21|22|29|18|17|20|17|22|27|24|31|26|23
13,6|3|3|2|2|2|2|2|2|2,0,0|2|4|6,4,12,16,4,13258090560|7954854336|4760053584|2839666128|1688295024|1000005552|589888702|346402038|202416416|117639960|67961880|39002568|22217712|12550824,12|13|12|13|12|13|12|13|18|15|18|19|20|19
13,6|3|3|2|2|2|2|1|1|1|1|1|1,0,0|2|4|6,4,12,16,4,27041560000|16724164800|10287550000|6293719600|3828994320|2316211600|1392839170|832419210|494268320|291467680|170612400|99073240|57028720|32508840,12|13|12|13|12|13|12|13|18|19|20|19|20|19
13,6|3|3|2|2|2|1|1|1|1|1|1|1|1,0,0|2|4|6,4,12,16,4,14653679040|9243089856|5790408624|3602699568|2226184272|1366077648|832366314|503494866|302274672|180044928|106348500|62257668|36093552|20701824,12|13|12|13|12|13|12|13|16|23|16|17|20|27
13,6|3|3|1|1|1|1|1|1|1|1|1|1|1|1|1|1,0,0|2|4|6,4,12,16,4,227240000|155921600|105845200|71067600|47185200|30972400|20094550|12882670|8158800|5102360|3149300|1917100|1149840|678600,12|13|12|13|12|13|12|13|16|15|16|17|20|19
13,6|3|2|2|2|2|2|2|2|1|1|1,1,5|9,2,19,21,2,10336972800|6408923136|3958011904|2434033152|1489971456|907532160|549784416|331102464|198125312|117722976|69409920|40575392|23493888|13457664,24|23|26|23|20|19|20|27|24|19|26|23|28|29
13,6|3|2|2|2|2|2|1|1|1|1|1|1|1,1,5|7,2,19,24,5,6558289920|4187215872|2656582656|1674667008|1048723200|652252288|402773376|246850800|150086272|90478080|54044928|31961328|18694656|10801440,24|23|24|25|20|19|24|19|22|27|28|21|30|23
13,6|3|2|2|2|1|1|1|1|1|1|1|1|1|1|1,1,5|9,2,19,21,2,1279815680|856492032|567998464|373214720|242932992|156618112|99980256|63177600|39501312|24425056|14926272|9007328|5361664|3143712,24|23|26|23|20|19|20|25|26|19|24|23|36|23
13,6|3|2|1|1|1|1|1|1|1|1|1|1|1|1|1|1|1,1,5|7,2,17,22,5,65894400|46937088|33065472|23026176|15843456|10765760|7220736|4777704|3116672|2003040|1267200|788304|481536|288288,22|21|22|23|18|17|28|17|22|19|30|21|28|23
13,5|5|5|5|4|1|1,0,0|2,2,6,7,1,58004146200|29983681728|15529203690|8059056720|4190950296|2183970620|1140488180|596816220|312958380|164442852|86578335|45671868|24138180|12779910,6|13|6|13|10|9|14|15|12|13|12|17|16|15
13,5|5|5|5|3|1|1|1,0,0|2,2,8,9,1,116008292400|61038209232|32137012908|16934650980|8932630824|4717039080|2493964265|1320306645|699917400|371554008|197520030|105153642|56062908|29935620,8|9|8|9|10|11|10|11|14|15|14|15|16|17
13,5|5|5|4|4|2|1,1,3|7,2,15,17,2,176774540800|92738643712|48731242560|25648835680|13522130752|7140689920|3777025200|2001099900|1061913920|564419744|300466400|160197312|85537760|45737120,18|17|16|15|16|27|18|15|20|19|22|25|22|23
13,5|5|5|4|4|1|1|1,0,0|2,2,6,7,1,124294599000|65780526240|34839900810|18469217520|9800741808|5206492980|2769082095|1474522860|786153180|419674476|224322195|120055980|64332840|34513050,6|11|6|13|12|9|10|15|12|13|12|17|18|15
13,5|5|5|4|3|2|2,1,3|7,2,15,17,2,247484357120|131357081856|69796382656|37126818976|19770723648|10540075520|5625462544|3005888676|1608027232|861239008|461812128|247923104|133252064|71701344,18|17|16|15|16|23|18|15|18|19|22|23|22|23
13,5|5|5|4|2|2|1|1|1,1,3|5,2,13,15,2,333152019200|180927173504|98179565792|53244885904|28863802240|15643096560|8477244832|4594227316|2490300512|1350270040|732418960|397468456|215814368|117253136,16|15|14|13|18|13|20|15|18|15|20|19|22|21
13,5|5|5|4|1|1|1|1|1|1|1,1,3|7,2,17,19,2,48952949760|27488964096|15377611392|8574022080|4767039360|2644060800|1463618208|808865256|446433600|246145440|135608160|74667384|41097408|22616880,20|19|18|17|18|19|20|17|20|19|22|19|24|21
13,5|5|5|3|3|3|2,0,0|2,2,6,7,1,135343007800|72460564176|38833032238|20831171816|11184680052|6010648280|3232977839|1740475842|937821724|505782368|273023835|147512288|79769074|43171128,6|9|6|11|8|11|10|13|12|19|12|23|14|19
13,5|5|5|3|3|3|1|1,0,0|2,2,6,7,1,207157665000|111546435000|60089579550|32384997450|17462345940|9420836100|5085343510|2746707610|1484511840|802879980|434536575|235351545|127561170|69184830,6|7|6|7|8|9|12|13|18|13|12|13|14|15
13,5|5|5|3|3|2|2|1,0,0|2,2,8,9,1,348024877200|188468856576|102075657684|55292767920|29956663152|16233693320|8799609663|4771527012|2588366620|1404732924|762749910|414384696|225246384|122496660,8|17|8|13|12|11|10|15|12|13|14|19|20|17
13,5|5|5|3|3|1|1|1|1|1,0,0|2,2,6,7,1,175287255000|97082172000|53659004850|29606438400|16311232080|8975369700|4933815920|2710010820|1487651280|816297840|447792975|245603820|134694120|73860930,6|11|6|23|12|9|18|15|16|17|12|17|18|15
13,5|5|5|3|2|2|2|2,0,0|2,2,10,11,1,147646917600|80865081024|44269385160|24224534880|13250537664|7245434560|3960797932|2164849540|1183153720|646641408|353451630|193226124|105652680|57777720,10|13|10|15|16|17|14|15|14|25|14|17|18|19
13,5|5|5|3|2|1|1|1|1|1|1,0,0|2,2,6,7,1,147241294200|83361225024|47023649442|26439606864|14823190800|8289551820|4625623563|2576311584|1432664268|795655392|441408345|244664112|135508296|74996922,6|13|6|13|12|9|10|21|12|19|12|21|18|15
13,5|5|5|3|1|1|1|1|1|1|1|1,0,0|2,2,4,5,1,37288379700|21569893488|12410753355|7106219640|4051187244|2300582310|1301987349|734651730|413467560|232193052|130150485|72835752|40702860|22715550,4|9|4|11|8|7|10|13|14|13|12|19|16|15
13,5|5|5|2|2|1|1|1|1|1|1|1,0,0|2,2,4,5,1,45574686300|26503432956|15332299983|8827133601|5059650024|2888624310|1643282212|931883766|527001132|297318000|167390010|94068018|52773204|29554668,4|5|4|5|10|7|14|13|12|17|14|15|16|17
13,5|5|4|4|4|2|2,0,0|8,2,14,20,6,132580905600|70981777152|38053823808|20427698304|10979789184|5908880640|3183729016|1717394544|927452872|501404400|271361520|147015792|79731168|43284384,14|17|16|19|18|21|16|19|14|17|20|21|22|23
13,5|5|4|4|3|2|1|1|1,1,3|5,2,13,15,2,523524601600|287535819648|157854048352|86632088400|47534095488|26077964880|14305997288|7848176952|4305792960|2362637816|1296661200|711816776|390887904|214740240,16|15|14|13|18|13|16|17|20|15|20|19|22|21
13,5|5|4|4|2|2|2|1|1,0,0|2|4|6,4,14,18,4,366467221120|202966460928|112330169952|62127360064|34341332256|18972898560|10477734652|5784326856|3192449008|1761629408|971983908|536284056|295914080|163315152,14|19|14|17|14|21|14|17|16|19|16|19|22|21
13,5|5|4|4|2|2|1|1|1|1,0,0|2|4|6,4,12,16,4,321253732800|179902090368|100562804496|56123332704|31278039696|17410228800|9680800590|5378080260|2985484320|1656273528|918406620|509073048|282116736|156334464,12|15|12|15|12|17|12|15|18|15|16|19|26|27
13,5|5|4|3|3|2|2|2,0,0|2,2,8,9,1,263655210000|146024424000|80868960900|44779815600|24792009840|13723411000|7595064425|4202656080|2325137500|1286235300|711473400|393538500|217687560|120428100,8|13|8|13|12|11|10|19|12|13|18|17|18|17
13,5|5|4|3|3|1|1|1|1|1|1,0,0|2,2,8,9,1,182298745200|104330974176|59524503324|33865774800|19218863664|10881899600|6148829687|3468043128|1952850420|1098070248|616664700|345942828|193896912|108597060,8|11|8|13|12|13|10|17|12|15|16|17|20|17
13,5|5|4|3|2|2|2|1|1|1,1,5|7|9|11,4,23,28,5,435137331200|247024115712|139971600384|79171444736|44706198528|25204748800|14189270912|7977213504|4479286016|2512397440|1407821760|788218464|441008128|246609792,28|27|30|31|24|23|24|23|24|23|24|23|40|27
13,5|5|3|3|3|3|2|2,0,0|2,2,6,7,1,101695581000|56949525360|31895226090|17863049880|10003054932|5600364120|3134537055|1753798140|980889840|548393328|306482535|171232920|95649390|53426880,6|9|6|11|8|11|10|15|16|17|12|19|14|25
13,5|5|3|3|3|2|2|2|1,1,3|7,2,15,17,2,203970624000|115792554240|65683316160|37227119520|21079914048|11925178880|6739631920|3805213620|2146342880|1209520032|681006240|383141880|215429280|121080960,18|17|16|15|16|23|18|15|18|19|22|19|22|27
13,5|5|3|3|3|2|2|1|1|1,0,0|8,2,14,20,6,261762300800|149808578304|85602400576|48839253760|27822655872|15826595840|8989813096|5099256624|2888558680|1634208688|923488440|521331272|294058688|165765600,14|17|16|21|18|29|16|19|14|17|18|19|24|23
13,5|5|3|3|3|2|1|1|1|1|1,1,3|7,2,15,17,2,176774540800|102529233664|59302241856|34210764640|19687330624|11303190080|6475292928|3701819532|2112146720|1202949200|683999360|388359312|220233728|124776080,18|17|16|15|16|17|26|15|18|17|26|21|42|21
13,5|5|3|3|3|1|1|1|1|1|1|1,0,0|2,2,4,5,1,62147299500|36714712320|21597745455|12654694260|7387277274|4297464990|2491921185|1440604980|830497020|477541284|273948030|156829200|89623380|51145380,4|17|4|9|6|7|10|15|12|13|14|21|16|17
13,5|5|3|3|2|2|2|2|1|1,0,0|8,2,16,22,6,183573561600|106190244864|61313978880|35336096640|20326057344|11669767680|6687333072|3825090240|2184013200|1244896128|708483960|402642504|228559320|129626640,16|21|22|19|18|23|18|23|16|23|18|19|18|21
13,5|5|3|3|2|2|2|1|1|1|1,0,0|8,2,14,20,6,185613267840|108512371968|63257498304|36774371712|21321401088|12329940480|7112483144|4092998672|2350034456|1346422224|769906992|439479216|250494024|142613328,14|17|16|19|20|23|16|19|14|17|20|21|18|21
13,5|5|3|3|1|1|1|1|1|1|1|1|1|1,0,0|8,2,14,20,6,10998416000|6835938560|4217653440|2583975680|1572530432|950949120|571639640|341710160|203204360|120261008|70863560|41594520|24333320|14197040,14|17|16|21|20|21|16|19|14|17|18|19|18|21
13,5|5|3|2|2|2|2|2|1|1|1,1,3|7,2,15,17,2,86780229120|51400597248|30356149824|17874840672|10494154944|6142770816|3585132720|2086390668|1210810272|700818048|404634816|233107128|134034912|76952304,18|17|16|15|16|19|18|15|18|23|24|19|22|21
13,5|5|3|2|2|2|1|1|1|1|1|1|1,1,3|5,2,9,11,2,44093649600|26931044448|16357662552|9882551700|5939964912|3552656940|2114795088|1253217672|739495680|434627928|254514960|148555176|86464224|50210160,12|11|10|9|12|9|18|17|24|15|20|19|22|21
13,5|5|3|2|1|1|1|1|1|1|1|1|1|1|1,1,3|7,2,15,17,2,5009804800|3213982464|2044218176|1289331680|806616000|500682880|308460048|188686092|114648800|69229888|41566560|24830432|14767808|8751600,18|17|16|15|16|19|18|15|18|21|22|23|24|21
13,5|5|2|2|2|2|2|2|2|1|1,0,0|2,2,8,9,1,16572613200|9994560576|6009927924|3602742000|2152745088|1282030360|760881667|450023968|265255900|155828652|91256370|53289588|31043892|18052320,8|13|8|13|18|11|10|21|12|13|14|17|16|23
13,5|5|2|2|2|2|2|2|1|1|1|1,0,0|2,2,4,5,1,18455864700|11243880648|6823731915|4125013620|2483723970|1489497100|889671419|529279170|313645360|185163300|108926685|63874524|37355010|21801780,4|7|4|9|6|9|10|13|16|13|12|17|14|17
13,5|5|2|2|2|1|1|1|1|1|1|1|1|1|1,0,0|2,2,6,7,1,3075215000|1987062000|1273591550|809822200|510925140|319897600|198811910|122676510|75180140|45775940|27706425|16680620|9997570|5971680,6|9|6|11|8|33|12|13|12|13|12|17|14|23
13,5|5|2|2|1|1|1|1|1|1|1|1|1|1|1|1,0,0|2,2,8,9,1,872242800|579705984|381657276|248916720|160838496|102978200|65344669|41106036|25644260|15873396|9754650|5956104|3617196|2187900,8|15|8|13|14|11|10|15|12|13|14|19|16|17
13,5|4|4|4|4|2|1|1|1,1,3|5,2,13,15,2,142779436800|79297502592|44047535840|24473141520|13601633088|7562108560|4205846832|2340037560|1302399840|725112696|403820880|224942344|125320800|69824040,16|15|14|13|16|13|18|17|18|15|20|19|22|19
13,5|4|4|4|3|3|3,1,3|5,2,11,13,2,44193635200|24272504256|13351946608|7355270728|4057199328|2240673240|1238818360|685594620|379762880|210522368|116783160|64820756|35996048|19996548,14|13|12|11|14|11|16|15|20|25|18|17|20|17
13,5|4|4|4|3|3|1|1|1,1,3|5|7|9,4,17,22,5,190372582400|106315765248|59381601664|33173164608|18535936128|10359522240|5791105200|3237974040|1810774560|1012789456|566524320|316913168|177280224|99164208,20|19|18|17|18|17|18|17|18|17|22|21|22|21
13,5|4|4|4|3|2|2|1|1,1,3|5,2,13,15,2,330432410880|185550507648|104185670688|58496700528|32842838016|18439156080|10352230056|5811882264|3262745088|1831564872|1028063232|576975960|323753760|181621440,16|15|14|13|28|13|16|17|26|15|44|19|22|25
13,5|4|4|4|3|2|1|1|1|1,1,3|5,2,13,15,2,265161811200|150530320512|85361706144|48360991536|27376405056|15486476720|8755077760|4946814840|2793625440|1576879176|889652160|501685272|282764064|159289416,16|15|14|13|16|13|24|17|18|15|24|19|22|19
13,5|4|4|4|2|2|2|2|1,1,3|5,2,13,15,2,151432736000|85967199360|48780080160|27665776880|15683141376|8886182480|5032600160|2848831860|1611900640|911598184|515294640|291128880|164392480|92776320,16|15|14|13|20|13|20|15|18|15|20|21|22|27
13,5|4|4|4|2|2|2|1|1|1,0,0|2|4|6,4,12,16,4,198871358400|113815608192|65055543696|37141599456|21182086224|12068222400|6869334966|3906683028|2219950128|1260471816|715130640|405417672|229659936|129997296,12|15|12|15|12|17|12|15|16|15|20|19|22|21
13,5|4|4|4|2|2|1|1|1|1|1,1,3|5,2,13,15,2,142779436800|82812073344|47912290272|27658407312|15934041792|9162729040|5260114672|3015073936|1725771936|986487096|563186640|321135936|182902368|104054808,16|15|14|13|16|13|18|19|18|15|20|25|22|19
13,5|4|4|4|1|1|1|1|1|1|1|1|1,1,3|5,2,13,15,2,13198099200|7979773824|4797884256|2869944528|1708610112|1012819280|598002592|351806928|206284704|120587976|70292880|40866936|23700864|13714272,16|15|14|13|16|13|20|19|18|15|20|19|26|23
13,5|4|4|3|3|3|2|2,0,0|2,2,6,7,1,135343007800|76208524392|42934061170|24198375110|13643147700|7693931700|4339614552|2447872350|1380791860|778820168|439220985|247646399|139587910|78648570,6|7|6|7|8|9|16|13|12|15|12|13|14|15
13,5|4|4|3|3|1|1|1|1|1|1|1,0,0|2,2,4,5,1,77445096300|45990472572|27209389185|16042759155|9429065334|5525795160|3229624872|1882880910|1095159960|635587236|368097750|212753574|122726340|70656300,4|5|4|5|6|11|16|13|14|13|14|15|16|17
13,5|4|4|2|2|2|1|1|1|1|1|1|1,1,3|5|7|9,4,19,24,5,41594009600|25532322816|15594971392|9480152448|5736936192|3456785280|2074353632|1239932304|738414656|438193504|259156320|152771168|89771616|52585104,22|21|20|19|20|19|20|19|20|19|22|23|22|21
13,5|4|3|3|3|3|3|1|1,1,3|5,2,11,13,2,71389718400|40966715328|23513640304|13497542088|7747931424|4446948920|2551718688|1463684124|839182848|480853464|275340360|157537556|90056208|51430236,14|13|12|11|14|11|20|15|26|15|18|17|20|17
13,5|4|3|3|3|2|2|2|1|1,1,3|7,2,15,17,2,176774540800|103617076992|60673870400|35489948000|20735627328|12100741120|7052845072|4105335660|2386377920|1385193440|802855200|464617384|268449280|154851840,18|17|16|15|16|27|18|15|20|19|22|19|30|31
13,5|4|3|3|3|2|2|1|1|1|1,1,3|7,2,15,17,2,171335324160|101483230464|59991239616|35395911072|20845278144|12253566400|7189897152|4211032308|2461822496|1436550192|836705088|486409440|282227616|163438704,18|17|16|15|16|17|22|15|18|17|24|23|22|21
13,5|4|3|3|2|2|2|2|1|1|1,1,3|7,2,15,17,2,129799488000|77680001280|46391378880|27646887840|16440888768|9755821440|5776325200|3412546900|2011569280|1183072128|694222080|406432920|237397920|138343920,18|17|16|15|16|19|18|15|22|23|28|19|22|21
13,5|4|3|3|2|2|1|1|1|1|1|1|1,1,3|5,2,15,17,2,61591129600|37996989184|23333562560|14266072480|8685622528|5266759520|3181241008|1914330880|1147769280|685729856|408273440|242261272|143279840|84467240,18|17|16|15|20|15|18|27|20|21|22|19|22|19
13,5|4|3|3|1|1|1|1|1|1|1|1|1|1|1,1,3|7,2,15,17,2,4925606400|3190277376|2050825920|1308771360|829363392|522021760|326447472|202878420|125334080|76987584|47031840|28581168|17281440|10398960,18|17|16|15|16|19|18|15|20|21|22|21|22|21
13,5|4|3|2|2|2|2|2|2|2,1,3|5,2,13,15,2,20397062400|12332377728|7443563424|4484175408|2695737600|1616971600|967615168|577607124|343917088|204237336|120962880|71447376|42084768|24720696,16|15|14|13|20|13|22|15|18|15|24|21|22|19
13,5|4|3|2|2|2|2|1|1|1|1|1|1,1,3|5,2,11,13,2,41154072960|25642153152|15907632048|9826645416|6044861088|3703193816|2259437432|1373032920|831076064|501074784|300946968|180064500|107335536|63747684,14|13|12|11|14|11|16|17|18|19|18|17|20|17
13,5|4|3|2|2|2|1|1|1|1|1|1|1|1,1,3|5,2,9,11,2,22096817600|14039977952|8869396536|5571686692|3481075312|2163409820|1337591112|822857376|503729632|306899208|186111000|112351404|67525392|40410084,12|11|10|9|12|9|16|21|18|15|18|17|20|17
13,5|4|3|1|1|1|1|1|1|1|1|1|1|1|1|1|1,1,3|5,2,13,15,2,315744000|218106240|149228640|101127120|67876224|45126320|29720560|19394380|12542560|8040936|5111760|3223440|2016960|1252680,16|15|14|13|18|13|18|15|18|15|20|21|24|19
13,5|4|2|2|2|2|2|2|2|1|1|1,0,0|2,2,4,5,1,12429459900|7763631876|4835295465|3002305995|1858191426|1146203630|704539134|431481510|263258380|160001604|96863625|58409043|35082630|20990970,4|5|4|5|6|7|12|13|12|13|12|13|14|15
13,5|4|2|2|2|1|1|1|1|1|1|1|1|1|1|1,0,0|2,2,6,7,1,1487285800|1002201816|669974998|444351746|292406868|190929260|123713661|79554363|50776096|32170768|20236845|12641431|7844078|4836546,6|7|6|7|8|9|10|11|18|17|12|13|14|15
13,5|3|3|3|3|3|3|2|1,1,3|5,2,11,13,2,23796572800|13948452672|8179574480|4797932440|2814614112|1650990920|968162792|567470400|332382400|194507432|113693160|66362164|38669840|22488180,14|13|12|11|14|11|16|23|20|15|18|17|20|17
13,5|3|3|3|3|3|3|1|1|1,0,0|2|4|6,4,12,16,4,22096817600|13054119936|7710237392|4552522208|2686910928|1584951680|934281478|550260996|323751664|190249120|111636660|65397376|38235472|22304568,12|25|12|15|12|19|12|15|16|19|16|27|20|19
13,5|3|3|3|3|2|2|2|1|1|1,1,3|7,2,15,17,2,48211238400|29149256448|17598714432|10609294176|6385803840|3837362880|2301948896|1378329804|823655072|491136624|292174560|173368704|102583296|60510528,18|17|16|15|16|17|20|15|18|17|22|27|32|25
13,5|3|3|3|3|2|1|1|1|1|1|1|1,1,3|5,2,15,17,2,19997120000|12459744000|7733668800|4782695200|2947342080|1810100000|1107937600|675893160|410944000|249002080|150346800|90446400|54200960|32346600,18|17|16|15|20|15|22|17|26|19|20|25|26|19
13,5|3|3|3|2|2|2|2|2|2,0,0|2|4|6,4,12,16,4,11898286400|7248802176|4411120560|2680693280|1626605424|985323840|595748434|359465820|216412560|129972136|77851080|46496208|27681280|16422120,12|15|12|15|12|17|12|15|16|15|18|21|30|19
13,5|3|3|3|2|2|2|1|1|1|1|1|1,0,0|2|4|6,4,12,16,4,23096673600|14497604352|9066409968|5649440544|3507782256|2170354560|1338138098|822113292|503265616|306942384|186488820|112851816|68002704|40792752,12|17|12|15|12|19|12|15|16|17|16|19|20|21
13,5|3|3|3|2|2|1|1|1|1|1|1|1|1,0,0|2|4|6,4,12,16,4,11898286400|7614903296|4848850160|3072427680|1937563440|1216218240|759948442|472709020|292714240|180434016|110708640|67604328|41078400|24830520,12|21|12|15|12|19|12|15|24|19|22|19|26|19
13,5|3|3|2|2|2|2|2|2|2|1,1,3|5,2,13,15,2,9518629120|5930838144|3688866720|2289842608|1418273280|876323696|540043848|331865016|203313600|124148696|75540096|45787632|27638336|16607448,16|15|14|13|22|13|16|17|20|15|26|21|24|19
13,5|3|3|2|2|2|2|2|1|1|1|1|1,1,3|5,2,11,13,2,13252636800|8420521536|5331859344|3364389432|2115421920|1325310120|827229456|514365444|318562272|196481376|120660840|73760652|44871408|27154764,14|13|12|11|14|11|18|15|18|19|18|17|20|17
13,5|3|3|2|2|2|2|1|1|1|1|1|1|1,0,0|2|4|6,4,14,18,4,8838727040|5711177472|3672949280|2351171264|1498125408|950187264|599871220|376940664|235732336|146705552|90842172|55956824|34278992|20876856,14|17|14|17|14|21|14|17|16|17|16|19|20|19
13,5|3|3|2|2|2|1|1|1|1|1|1|1|1|1,1,3|5,2,9,11,2,4383579200|2893162272|1897913864|1237619516|802313232|517102180|331361856|211119132|133734048|84220696|52724280|32805388|20282416|12456444,12|11|10|9|12|9|22|15|18|15|18|17|20|17
13,5|3|3|2|1|1|1|1|1|1|1|1|1|1|1|1|1,1,3|5,2,13,15,2,399942400|278729088|192607712|131966096|89649792|60386960|40332696|26711904|17542592|11424040|7376640|4722344|2996576|1884168,16|15|14|13|18|13|16|21|20|15|28|19|22|19
13,5|3|3|1|1|1|1|1|1|1|1|1|1|1|1|1|1|1,0,0|2|4|6,4,12,16,4,56929600|40989312|29239728|20661664|14460336|10022080|6877994|4673676|3144288|2094232|1380780|901056|581824|371592,12|15|12|15|12|17|12|15|18|15|16|25|24|19
13,5|2|2|2|2|2|2|2|2|2|1|1|1,1,3|5,2,11,13,2,538384000|355333440|233962960|153639320|100592928|65643880|42679400|27634740|17811360|11421032|7281240|4611860|2899600|1807740,14|13|12|11|14|11|16|15|18|15|18|17|20|17
13,5|2|2|2|2|2|2|2|1|1|1|1|1|1|1,1,3|7,2,17,19,2,390374400|264854016|178899840|120294720|80509824|53619840|35527072|23410200|15335040|9981216|6451200|4137528|2630880|1656720,20|19|18|17|18|19|20|17|22|19|36|19|22|21
13,5|2|2|2|2|2|1|1|1|1|1|1|1|1|1|1|1,1,3|5,2,9,11,2,99985600|70912864|49951000|34942900|24272752|16739980|11459688|7784820|5245920|3504992|2320520|1521212|986480|632060,12|11|10|9|12|9|16|15|18|19|18|17|20|17
13,5|2|2|2|1|1|1|1|1|1|1|1|1|1|1|1|1|1|1,1,3|7,2,15,17,2,9152000|6885120|5135680|3796960|2781504|2018240|1449920|1030860|724960|503984|346080|234520|156640|102960,18|17|16|15|16|17|22|15|18|17|22|19|22|21
13,5|2|1|1|1|1|1|1|1|1|1|1|1|1|1|1|1|1|1|1|1,1,3|5,2,9,11,2,210496|170016|136136|107996|84816|65892|50592|38352|28672|21112|15288|10868|7568|5148,12|11|10|9|12|9|20|19|32|15|18|17|20|17
13,4|4|4|4|4|4|2,0,0|2,2,6,7,1,6076624840|3365515296|1868714562|1040176280|580376940|324576252|181923885|102186150|57515820|32436968|18328077|10374936|5883262|3341910,6|11|6|11|8|9|10|13|12|15|12|19|14|15
13,4|4|4|4|4|4|1|1,0,0|2,2,6,7,1,8286306600|4614835368|2575406262|1440215010|807032772|453128520|254916415|143680375|81132700|45895284|26006895|14761593|8392362|4779060,6|7|6|7|8|11|10|11|12|13|12|13|14|17
13,4|4|4|4|4|2|2|2,0,0|2,2,6,7,1,19334715400|10946423488|6205861662|3523061776|2002723216|1139982740|649749061|370813324|211893892|121234232|69448895|39831528|22871552|13147706,6|13|6|13|12|9|10|15|12|15|12|19|30|15
13,4|4|4|4|4|1|1|1|1|1|1,0,0|2,2,10,11,1,10708457760|6260329152|3654843192|2131458912|1242056448|723378528|421151460|245151060|142696680|83067264|48364218|28166292|16408392|9561552,10|13|10|15|20|15|14|15|14|23|14|17|18|21
13,4|4|4|4|3|3|2|2,0,0|2,2,6,7,1,34802487720|19810646856|11292379098|6445406214|3683622696|2107869972|1207651419|692715345|397805268|228705372|131631669|75842283|43744140|25256946,6|7|6|7|10|9|10|11|12|13|12|13|16|15
13,4|4|4|4|3|1|1|1|1|1|1|1,0,0|2,2,10,11,1,16827576480|10096545888|6041606472|3606749784|2148854400|1278073632|759066660|450280512|266843688|158008680|93502782|55302918|32696664|19325592,10|11|10|11|18|15|14|23|14|15|14|15|18|19
13,4|4|4|3|3|3|3|2,0,0|2,2,6,7,1,19334715400|11124897784|6410201798|3698470802|2136526340|1235647660|715402376|414618302|240528008|139663160|81167015|47210977|27482554|16010566,6|7|6|7|8|9|16|13|14|15|12|13|14|15
13,4|4|4|3|3|3|2|2|1,0,0|2,2,6,7,1,58004146200|33731641944|19630232622|11431550754|6661336032|3884018060|2265971357|1322734371|772555392|451461444|263962395|154415349|90377892|52924014,6|7|6|7|14|9|10|11|22|13|12|13|16|15
13,4|4|4|3|3|3|1|1|1|1|1,0,0|2,2,6,7,1,35057451000|20818732440|12349837170|7319428710|4334786412|2565603040|1517720435|897465965|530525740|313538808|185268945|109462815|64670430|38206740,6|7|6|7|8|15|10|11|12|15|12|13|14|17
13,4|4|4|3|3|2|2|2|2,0,0|2,2,8,9,1,31638625200|18593776656|10930316124|6426737460|3779434152|2222968280|1307695623|769391427|452749920|266467824|156860100|92356476|54389304|32036940,8|9|8|9|10|11|10|11|18|17|16|17|18|17
13,4|4|4|3|3|2|2|2|1|1,0,0|2,2,6,7,1,72877004200|43053491712|25428956014|15016151136|8865612336|5233483220|3089003512|1823081064|1075892216|634924556|374697645|221135684|130516848|77038962,6|19|6|15|12|9|16|17|14|13|12|17|20|15
13,4|4|4|3|3|2|2|1|1|1|1,0,0|2,2,8,9,1,70114902000|41853203040|24954495500|14863762320|8845479984|5259871760|3125609025|1856270460|1101877540|653802168|387804390|229964680|136337520|80815020,8|11|8|13|12|13|10|15|12|15|14|19|20|17
13,4|4|4|3|3|2|1|1|1|1|1|1,0,0|2,2,6,7,1,40156716600|24341148216|14719204962|8881797798|5349257604|3216294960|1930959252|1157771034|693385896|414852732|247991625|148134063|88428186|52756704,6|7|6|7|8|13|14|13|14|13|12|13|14|23
13,4|4|4|3|3|1|1|1|1|1|1|1|1,0,0|2,2,4,5,1,12429459900|7687142892|4736081493|2907828495|1779753222|1086248280|661308336|401700024|243517560|147362616|89035155|53719413|32371482|19485180,4|5|4|5|6|11|18|17|14|15|12|13|14|17
13,4|4|4|3|2|2|2|2|1|1|1,0,0|2,2,6,7,1,49080431400|29599275552|17828179446|10725341616|6444974448|3868723100|2319975361|1389962728|832075748|497735364|297539805|177760572|106144896|63352146,6|11|6|13|12|9|10|17|12|13|12|17|26|15
13,4|4|4|3|1|1|1|1|1|1|1|1|1|1|1,0,0|2,2,4,5,1,1706004300|1112839728|721181461|464476584|297406356|189396610|120006003|75686226|47531904|29735328|18536775|11518936|7137372|4410978,4|9|4|11|8|7|10|13|22|19|12|19|16|15
13,4|4|4|2|2|2|2|2|2|1|1,0,0|2,2,8,9,1,14872858000|9106765360|5568616900|3400369580|2073445256|1262549240|767722045|466206685|282746800|171274544|103632920|62639060|37823500|22817080,8|9|8|9|10|11|10|11|16|17|18|17|16|19
13,4|4|4|2|2|2|2|2|1|1|1|1,0,0|2,2,6,7,1,16360143800|10118119704|6243665582|3844466802|2362222896|1448535220|886543702|541599366|330301916|201117448|122277135|74241277|45018336|27264666,6|7|6|7|12|9|12|13|12|15|12|13|22|15
13,4|4|4|2|2|1|1|1|1|1|1|1|1|1|1,0,0|2,2,4,5,1,2405903500|1576792140|1026974795|664905285|428063592|274123190|174669770|110782980|69961920|44008048|27582045|17229575|10729620|6662370,4|5|4|5|10|7|12|15|20|17|12|13|16|15
13,4|4|4|2|1|1|1|1|1|1|1|1|1|1|1|1,0,0|2,2,8,9,1,598598000|403362960|269769500|179112180|118089816|77338040|50329435|32558715|20946240|13406624|8540520|5417060|3422100|2153580,8|9|8|9|10|11|10|11|20|19|18|17|16|17
13,4|4|3|3|3|3|3|3,0,0|2,2,6,7,1,3866943080|2260674416|1323684362|776143160|455667524|267821528|157572844|92791510|54686968|32253088|19034401|11239888|6640810|3925636,6|9|6|11|8|11|14|13|14|19|12|21|14|17
13,4|4|3|3|3|3|2|2|2,0,0|2,2,6,7,1,18832515000|11183616600|6645547350|3951049050|2350122840|1398403500|832356200|495558860|295099680|175756620|104691225|62367075|37157220|22139910,6|7|6|7|10|9|16|15|18|13|12|13|16|15
13,4|4|3|3|3|3|2|2|1|1,0,0|2,2,8,9,1,42068941200|25111921824|14992395132|8952025104|5345849784|3192591600|1906723071|1138772778|680112816|406172736|242560980|144847032|86492736|51646452,8|11|8|13|10|13|10|13|16|21|16|19|24|17
13,4|4|3|3|3|3|2|1|1|1|1,0,0|2,2,6,7,1,37182145000|22423693600|13513657850|8138889400|4899023620|2947309100|1772265080|1065198470|639943360|384300980|230691125|138430600|83040650|49799750,6|11|6|11|8|9|16|13|20|13|12|19|14|15
13,4|4|3|3|3|3|1|1|1|1|1|1,0,0|2,2,8,9,1,16572613200|10147538544|6201704652|3783786084|2305044144|1402265280|851983613|517043339|313441388|189825588|114856470|69437082|41946696|25323012,8|9|8|9|12|17|10|11|12|13|14|15|18|17
13,4|4|3|3|3|2|2|2|2|1,0,0|2,2,6,7,1,31233001800|18835902624|11357740086|6847031520|4126631544|2486307180|1497498037|901613188|542638040|326462388|196331415|118028064|70929936|42612570,6|11|6|15|10|9|10|15|14|13|12|23|20|15
13,4|4|3|3|3|2|2|2|1|1|1,1,3|5|11|13,4,23,30,7,43513733120|26442960896|16055694336|9740811776|5904985088|3576924672|2165097472|1309577344|791554560|478120960|288612544|174112224|104978368|63263200,26|25|24|23|24|23|30|25|26|29|24|23|24|23
13,4|4|3|3|3|2|2|1|1|1|1|1,0,0|2,2,6,7,1,34802487720|21416915520|13154719578|8065808712|4937549292|3018011828|1842127131|1122913428|683654524|415742796|252547893|153259656|92920806|56290806,6|13|6|11|8|9|10|15|12|13|12|19|14|15
13,4|4|3|3|3|1|1|1|1|1|1|1|1|1,0,0|2,2,4,5,1,5155507500|3299524800|2102033175|1333440900|842532570|530400750|332769800|208120880|129784040|80715360|50073825|30993600|19143630|11801790,4|13|4|9|6|7|16|19|14|19|12|25|14|15
13,4|4|3|3|2|2|2|2|2|1|1,0,0|2,2,6,7,1,25345667880|15597334080|9588687174|5888558736|3612311640|2213495748|1354832406|828336456|505880316|308616156|188076411|114502572|69644772|42324282,6|13|6|13|10|9|12|17|12|13|12|17|16|15
13,4|4|3|3|2|2|2|2|1|1|1|1,0,0|2,2,8,9,1,27621022000|17167527520|10650259620|6595117360|4076794072|2515779760|1549915965|953345730|585498720|359056880|219884000|134478300|82144700|50121500,8|11|8|13|10|13|10|13|18|17|22|17|16|17
13,4|4|3|3|2|1|1|1|1|1|1|1|1|1|1,0,0|2,2,8,9,1,3574485200|2353661024|1540854172|1003203344|649758824|418772640|268654243|171602134|109165808|69183728|43690880|27501892|17259836|10802792,8|11|8|13|10|15|10|13|16|17|26|17|16|19
13,4|4|3|3|1|1|1|1|1|1|1|1|1|1|1|1,0,0|2,2,4,5,1,712331620|482193712|324122799|216394360|143530660|94608878|61993022|40394186|26182128|16886800|10841593|6930924|4413640|2800798,4|9|4|11|8|7|12|13|16|17|12|17|18|15
13,4|4|3|2|2|2|2|2|2|1|1|1,0,0|2,2,6,7,1,11600829240|7317446136|4607352750|2895622002|1816402536|1137231108|710631233|443198147|275877364|171400824|106294545|65802363|40667220|25093926,6|7|6|7|10|9|10|11|12|15|12|13|16|15
13,4|4|3|2|2|1|1|1|1|1|1|1|1|1|1|1,0,0|2,2,4,5,1,1258042500|855468900|577844025|387789975|258614880|171427650|112975695|74042055|48270240|31312080|20216475|12995565|8319960|5306730,4|5|4|5|14|7|10|11|18|17|12|13|18|15
13,4|4|2|2|2|2|2|2|2|2|2,0,0|2,2,6,7,1,898909000|575301760|367771030|234782240|149649368|95221060|60475085|38331260|24245040|15302432|9637355|6056600|3798520|2377870,6|15|6|15|10|9|10|15|16|19|12|19|18|15
13,4|4|2|2|2|2|2|2|2|2|1|1,0,0|2,2,6,7,1,2259901800|1453290696|933110178|598080366|382619952|244286380|155633907|98933001|62745072|39701088|25061625|15784143|9919404|6221358,6|7|6|7|12|9|10|11|16|19|12|13|16|15
13,4|4|2|2|2|2|2|2|2|1|1|1|1,0,0|2,2,4,5,1,2636552100|1711730748|1108674567|716328405|461666790|296772450|190270054|121660126|77579040|49335300|31289805|19793139|12489786|7863570,4|5|4|5|6|7|12|13|18|13|12|13|14|15
13,4|4|2|2|2|2|2|2|1|1|1|1|1|1,0,0|2,2,4,5,1,2143441300|1411373656|926124353|605630396|394698038|256357220|165940754|107051672|68830104|44109212|28176155|17942848|11393074|7215208,4|7|4|9|6|9|12|17|14|13|12|25|14|19
13,4|4|2|2|2|2|2|1|1|1|1|1|1|1|1,0,0|2,2,6,7,1,1312311000|880257840|587672470|390534360|258357972|170160640|111584745|72860760|47376700|30680748|19790595|12718200|8144730|5199480,6|9|6|11|8|23|10|17|12|13|12|19|14|19
13,4|4|2|2|2|2|1|1|1|1|1|1|1|1|1|1,0,0|2,2,6,7,1,615043000|422014120|287836010|195170030|131578436|88209220|58810675|39000445|25728740|16887976|11031565|7173155|4644530|2995850,6|7|6|7|8|9|10|11|12|15|12|13|14|15
13,4|4|2|2|2|1|1|1|1|1|1|1|1|1|1|1|1,0,0|2,2,4,5,1,218060700|153648924|107491527|74669049|51507144|35286030|24010649|16230737|10901484|7276824|4828635|3186249|2091672|1366794,4|5|4|5|10|7|10|11|12|15|12|13|18|15
13,4|4|2|2|1|1|1|1|1|1|1|1|1|1|1|1|1|1,0,0|2,2,4,5,1,56241900|40840272|29418213|21019320|14896620|10472090|7302723|5052342|3468420|2363220|1598625|1074084|717156|476190,4|9|4|11|8|7|10|13|12|13|12|17|16|15
13,4|4|2|1|1|1|1|1|1|1|1|1|1|1|1|1|1|1|1,0,0|2,2,4,5,1,9657700|7250704|5397007|3981944|2911556|2109510|1514358|1077114|759128|530236|367165|252172|171896|116402,4|9|4|11|8|7|12|13|14|13|12|17|18|15
13,4|4|1|1|1|1|1|1|1|1|1|1|1|1|1|1|1|1|1|1,0,0|2,2,4,5,1,864500|672980|519365|397195|300904|225730|167630|123200|89600|64484|45935|32405|22660|15730,4|5|4|5|10|7|12|23|26|13|12|13|16|15
13,4|3|3|3|3|3|2|2|1|1|1,0,0|2,2,6,7,1,14915351880|9178678080|5647713786|3474655704|2137435092|1314640548|808426827|497023404|305488320|187702380|115285491|70774704|43425558|26628030,6|13|6|11|8|9|10|15|20|13|12|21|14|15
13,4|3|3|3|3|2|2|2|2|1|1,0,0|2,2,8,9,1,12555010000|7803421600|4848585300|3011522800|1869730720|1160312400|719705155|446167480|276428620|171153560|105896150|65469060|40440860|24957140,8|11|8|13|14|13|10|17|12|15|14|17|16|17
13,4|3|3|3|3|2|2|2|1|1|1|1,0,0|2,2,6,7,1,13385572200|8402020704|5267827026|3299165928|2064047724|1290003420|805424862|502371198|313031124|194852532|121162455|75258612|46692558|28934334,6|11|6|11|8|9|12|13|12|13|12|17|14|15
13,4|3|3|3|3|1|1|1|1|1|1|1|1|1|1,0,0|2,2,4,5,1,1168581700|776657376|513667869|338174540|221679150|144726450|94127187|60998718|39395560|25360912|16275375|10413348|6643142|4225650,4|11|4|9|6|7|10|13|14|17|12|17|14|15
13,4|3|3|3|2|2|2|1|1|1|1|1|1|1,1,5|7|9|11,4,23,28,5,5119262720|3347210240|2181251072|1416941568|917677056|592624128|381656192|245139392|157050112|100363648|63980608|40688032|25812864|16336320,28|27|32|29|24|23|24|23|24|23|24|23|26|25
13,4|3|2|2|2|2|2|2|1|1|1|1|1|1|1,0,0|2,2,4,5,1,743642900|507965304|345781513|234576812|158595414|106860060|71754321|48014232|32015228|21270536|14079990|9285232|6099764|3991416,4|7|4|9|6|9|10|17|12|15|14|21|16|19
13,4|3|2|2|1|1|1|1|1|1|1|1|1|1|1|1|1|1|1,0,0|2,2,8,9,1,15906800|12040224|9045596|6744240|4989696|3662880|2667789|1927716|1381940|982856|693510|485504|337236|232440,8|11|8|13|20|15|10|15|12|15|14|27|16|19
13,4|2|2|2|2|2|2|2|2|2|2|2,0,0|2,2,6,7,1,50220040|33995104|23002122|15553096|10506340|7088588|4775589|3211686|2155512|1443248|963725|641532|425546|281138,6|11|6|11|8|9|10|13|14|17|12|17|14|15
13,4|2|2|2|2|2|2|2|2|1|1|1|1|1|1,0,0|2,2,6,7,1,135207800|94021424|65220806|45129560|31147196|21439440|14715823|10070662|6869800|4670204|3163055|2133572|1432718|957320,6|9|6|11|8|13|10|13|14|13|12|17|14|19
13,4|2|2|2|2|2|2|2|1|1|1|1|1|1|1|1,0,0|2,2,4,5,1,90579060|64102104|45203697|31764636|22242222|15518772|10788120|7471206|5153724|3540348|2421315|1648152|1116126|751608,4|7|4|9|6|9|16|13|12|13|12|19|14|19
13,4|2|2|2|2|1|1|1|1|1|1|1|1|1|1|1|1|1|1,0,0|2,2,4,5,1,6727500|5133600|3891975|2931300|2193090|1629750|1202850|881610|641580|463500|332325|236400|166770|116610,4|11|4|9|6|7|12|13|12|13|12|21|14|15
13,4|2|2|2|1|1|1|1|1|1|1|1|1|1|1|1|1|1|1|1,0,0|2,2,4,5,1,1701700|1340416|1048509|814300|627742|480250|364541|274484|204960|151732|111325|80916|58234|41470,4|21|4|9|6|7|10|15|18|13|12|17|14|15
13,4|1|1|1|1|1|1|1|1|1|1|1|1|1|1|1|1|1|1|1|1|1|1,0,0|2,2,4,5,1,2300|2024|1771|1540|1330|1140|969|816|680|560|455|364|286|220,4|7|4|9|6|9|10|19|14|17|12|17|14|17
13,3|3|3|3|3|3|2|2|2|1|1,0,0|2,2,6,7,1,2082200120|1313387768|829049914|523697342|331045148|209409592|132557306|83966036|53222036|33756856|21424459|13605977|8646022|5497492,6|7|6|7|8|11|12|15|12|15|12|13|14|17
13,3|3|3|3|3|3|2|2|1|1|1|1,0,0|2,2,8,9,1,2124694000|1353266640|861886740|548951420|349675584|222776720|141960735|90485205|57691460|36794348|23474430|14981670|9564940|6108960,8|9|8|9|16|13|10|11|12|13|14|15|16|23
13,3|3|3|3|3|2|2|2|2|1|1|1,0,0|2,2,6,7,1,1912224600|1229707512|790705938|508381974|326842884|210122920|135084291|86844909|55834472|35899524|23084055|14845017|9547758|6141564,6|7|6|7|8|11|10|11|14|13|12|13|14|17
13,3|3|3|3|3|1|1|1|1|1|1|1|1|1|1|1,0,0|2,2,4,5,1,113733620|78738660|54261207|37232533|25446018|17326608|11757993|7954317|5365864|3610376|2423493|1623303|1085194|724152,4|5|4|5|6|13|10|11|14|15|12|13|14|19
13,3|3|3|2|2|2|2|2|2|2|1|1|1,1,3|5|7|9,4,17,22,5,494474240|330917376|221314432|147908160|98775168|65911488|43946096|29276376|19487136|12960208|8612160|5718128|3793536|2514720,20|19|18|17|18|17|18|17|18|17|24|21|26|23
13,3|3|3|2|2|2|1|1|1|1|1|1|1|1|1|1|1,1,3|5|7|9,4,17,22,5,84198400|60493312|43249536|30775616|21800576|15376320|10800624|7556952|5267872|3659344|2533600|1748736|1203488|825968,20|19|18|17|18|17|18|17|18|17|22|29|22|21
13,3|3|2|2|2|2|2|2|2|2|2|2,0,0|2,2,6,7,1,49031400|33341352|22675246|15420666|10484988|7126640|4841703|3287439|2230584|1512312|1024455|693341|468798|316668,6|7|6|7|8|13|10|11|14|15|12|13|14|17
13,3|3|2|2|2|2|2|2|2|1|1|1|1|1|1,0,0|2,2,4,5,1,131231100|91659876|63902377|44470203|30892098|21421910|14828724|10246698|7068012|4866792|3345195|2295293|1572186|1075074,4|5|4|5|6|7|14|13|12|15|12|13|14|15
13,3|3|2|2|2|2|2|2|1|1|1|1|1|1|1|1,0,0|2,2,6,7,1,87487400|62183352|44068486|31142786|21948468|15427780|10816439|7564347|5276992|3672396|2549655|1766061|1220538|841698,6|7|6|7|8|9|10|11|20|13|12|13|14|15
13,3|3|2|2|2|1|1|1|1|1|1|1|1|1|1|1|1|1|1,0,0|2,2,4,5,1,6249100|4787772|3646841|2761707|2079390|1556760|1158973|858099|631928|462940|337425|244739|176682|126984,4|5|4|5|6|11|10|11|14|13|12|13|14|19
13,3|3|2|2|1|1|1|1|1|1|1|1|1|1|1|1|1|1|1|1,0,0|2,2,4,5,1,1524900|1205844|947563|739857|573954|442360|338718|257676|194764|146280|109185|81007|59754|43836,4|5|4|5|6|11|12|15|12|15|12|13|14|17
13,3|2|2|2|2|2|2|2|2|1|1|1|1|1|1|1,0,0|2,2,4,5,1,21246940|15363172|11088913|7990051|5747530|4127558|2959277|2118119|1513460|1079500|768550|546106|387244|273988,4|5|4|5|6|7|10|11|12|13|14|15|16|17
13,3|2|2|2|2|1|1|1|1|1|1|1|1|1|1|1|1|1|1|1,0,0|2,2,8,9,1,837200|667184|528892|417044|327104|255200|198049|152887|117404|89684|68150|51514|38732|28964,8|9|8|9|16|15|10|11|12|13|14|15|16|17
13,3|1|1|1|1|1|1|1|1|1|1|1|1|1|1|1|1|1|1|1|1|1|1|1,0,0|2,2,4,5,1,300|276|253|231|210|190|171|153|136|120|105|91|78|66,4|5|4|5|6|7|10|11|14|15|12|13|14|15
14,26|2,0,0|2,2,2,6,4,350|25|1|0|0|0|0|0|0|0|0|0|0|0|0,2|3|2|inf|inf|inf|inf|inf|inf|inf|inf|inf|inf|inf|inf
14,25|3,0,0|2,2,2,6,4,2898|299|23|1|0|0|0|0|0|0|0|0|0|0|0,2|3|2|7|inf|inf|inf|inf|inf|inf|inf|inf|inf|inf|inf
14,24|2|2,0,0|4,2,6,8,2,34776|4876|552|45|2|0|0|0|0|0|0|0|0|0|0,6|7|8|7|6|inf|inf|inf|inf|inf|inf|inf|inf|inf|inf
14,23|4|1,1,3|5,2,11,12,1,314496|52000|7520|900|80|4|0|0|0|0|0|0|0|0|0,14|13|12|11|12|11|inf|inf|inf|inf|inf|inf|inf|inf|inf
14,23|3|1|1,0,0|4,2,6,8,2,476280|81900|12096|1449|126|6|0|0|0|0|0|0|0|0|0,6|7|14|7|6|9|inf|inf|inf|inf|inf|inf|inf|inf|inf
14,22|6,0,0|2,2,4,9,5,278460|50830|8602|1309|170|17|1|0|0|0|0|0|0|0|0,4|5|4|7|6|7|6|inf|inf|inf|inf|inf|inf|inf|inf
14,22|4|1|1,0,0|4,2,6,8,2,2863224|568100|101384|15751|2014|190|10|0|0|0|0|0|0|0|0,6|7|8|7|6|9|8|inf|inf|inf|inf|inf|inf|inf|inf
14,22|3|3,0,0|2,2,2,6,4,1433250|284375|50855|7910|1010|95|5|0|0|0|0|0|0|0|0,2|3|2|9|6|7|6|inf|inf|inf|inf|inf|inf|inf|inf
14,22|3|1|1|1,0,0|2|4|6,4,8,15,7,2898000|598000|109480|17180|2180|200|10|0|0|0|0|0|0|0|0,8|11|8|11|8|13|8|inf|inf|inf|inf|inf|inf|inf|inf
14,22|2|2|1|1,0,0|2,2,4,9,5,2619540|547470|101178|15939|2016|183|9|0|0|0|0|0|0|0|0,4|5|4|7|14|7|6|inf|inf|inf|inf|inf|inf|inf|inf
14,22|2|1|1|1|1,0,0|2,2,4,8,4,1465100|313950|58926|9338|1176|105|5|0|0|0|0|0|0|0|0,4|5|4|9|10|7|6|inf|inf|inf|inf|inf|inf|inf|inf
14,21|7,0,0|2,2,4,9,5,807300|164450|31878|5775|950|135|15|1|0|0|0|0|0|0|0,4|5|4|7|6|7|6|13|inf|inf|inf|inf|inf|inf|inf
14,21|5|2,0,0|4,2,6,8,2,11695320|2568020|525504|98175|16218|2244|234|14|0|0|0|0|0|0|0,6|7|14|7|6|11|8|15|inf|inf|inf|inf|inf|inf|inf
14,21|3|3|1,0,0|2,2,2,6,4,17895150|4118725|872689|166345|27550|3745|375|21|0|0|0|0|0|0|0,2|3|2|7|6|7|6|13|inf|inf|inf|inf|inf|inf|inf
14,21|3|2|1|1,0,0|2,2,4,8,4,30063852|7078526|1523382|292866|48564|6555|645|35|0|0|0|0|0|0|0,4|5|4|9|8|7|6|13|inf|inf|inf|inf|inf|inf|inf
14,21|3|1|1|1|1,0,0|2,2,4,9,5,12978900|3124550|682594|132297|21964|2945|285|15|0|0|0|0|0|0|0,4|5|4|7|8|7|6|13|inf|inf|inf|inf|inf|inf|inf
14,21|2|2|1|1|1,0,0|2|4|6,4,8,15,7,12171600|2962400|653016|127260|21140|2820|270|14|0|0|0|0|0|0|0,8|13|8|11|8|11|8|15|inf|inf|inf|inf|inf|inf|inf
14,20|6|2,0,0|4,2,6,8,2,40365000|9717500|2226400|479325|95150|16900|2550|295|20|0|0|0|0|0|0,6|7|12|7|6|11|8|13|12|inf|inf|inf|inf|inf|inf
14,20|5|3,0,0|4,2,10,12,2,57264480|14088880|3286240|716452|143032|25336|3776|427|28|0|0|0|0|0|0,10|11|12|11|10|13|18|13|12|inf|inf|inf|inf|inf|inf
14,20|5|2|1,1,5|7,2,19,20,1,131788800|32947200|7772160|1706496|341760|60480|8960|1000|64|0|0|0|0|0|0,24|23|24|25|20|19|22|19|20|inf|inf|inf|inf|inf|inf
14,20|4|2|2,0,0|2|4|6,4,8,12,4,116953200|30011800|7230440|1610784|324700|57290|8370|910|56|0|0|0|0|0|0,8|9|8|17|8|9|8|15|14|inf|inf|inf|inf|inf|inf
14,20|3|3|1|1,0,0|2,2,2,6,4,118107990|30933045|7571025|1704813|345306|60798|8794|938|56|0|0|0|0|0|0,2|3|2|7|6|9|8|15|14|inf|inf|inf|inf|inf|inf
14,20|2|2|2|1|1,0,0|4,2,6,8,2,60127704|16384004|4135768|950817|194370|34086|4836|497|28|0|0|0|0|0|0,6|7|8|7|6|9|10|13|12|inf|inf|inf|inf|inf|inf
14,20|2|2|1|1|1|1,0,0|4,2,6,8,2,43263000|12017500|3076480|713735|146490|25650|3610|365|20|0|0|0|0|0|0,6|7|16|7|6|9|8|13|12|inf|inf|inf|inf|inf|inf
14,19|8|1,1,3|5,2,11,12,1,31574400|7893600|1918752|450604|101232|21420|4160|708|96|8|0|0|0|0|0,14|13|12|11|12|11|18|17|18|17|inf|inf|inf|inf|inf
14,19|7|1|1,0,0|4,2,6,8,2,114277800|29929900|7551544|1822821|416442|88530|17030|2821|364|28|0|0|0|0|0,6|7|8|7|6|9|8|13|12|15|inf|inf|inf|inf|inf
14,19|5|2|2,0,0|2|4|6,4,8,12,4,511290000|142025000|37669400|9446800|2209700|472550|89550|14260|1720|120|0|0|0|0|0,8|9|8|15|8|9|8|17|14|17|inf|inf|inf|inf|inf
14,19|4|4|1,0,0|4,2,10,12,2,358656480|99626800|26450368|6642580|1555432|332656|62960|10003|1204|84|0|0|0|0|0,10|11|14|11|10|15|14|13|12|15|inf|inf|inf|inf|inf
14,19|4|3|2,1,3|5,2,15,16,1,723340800|203798400|54731904|13861296|3262272|698640|131840|20776|2464|168|0|0|0|0|0,18|17|16|15|16|15|22|19|18|17|inf|inf|inf|inf|inf
14,19|4|2|2|1,1,3|5,2,15,16,1,938995200|269526400|73434240|18789936|4449344|954480|179520|28020|3264|216|0|0|0|0|0,18|17|16|15|16|15|18|17|20|17|inf|inf|inf|inf|inf
14,19|4|1|1|1|1|1,1,3|5,2,15,16,1,247543296|73673600|20628608|5380144|1288384|277264|51840|7952|896|56|0|0|0|0|0,18|17|16|15|16|15|20|21|22|17|inf|inf|inf|inf|inf
14,19|3|3|1|1|1,0,0|2,2,2,6,4,528377850|155158575|43057311|11168388|2666586|573240|107270|16520|1880|120|0|0|0|0|0,2|3|2|11|6|13|8|19|14|17|inf|inf|inf|inf|inf
14,19|3|2|2|2,0,0|4,2,6,8,2,370351800|108754100|30206960|7843409|1874046|402900|75340|11585|1316|84|0|0|0|0|0,6|7|10|7|6|11|10|13|12|15|inf|inf|inf|inf|inf
14,19|3|1|1|1|1|1|1,0,0|4,2,6,8,2,126449400|39139100|11320232|3025099|735182|158780|29410|4403|476|28|0|0|0|0|0,6|7|8|7|6|11|8|13|12|15|inf|inf|inf|inf|inf
14,19|2|2|2|1|1|1,1,3|5,2,11,12,1,215968896|65990496|18920352|5028540|1218432|262884|48744|7328|800|48|0|0|0|0|0,14|13|12|11|18|11|12|23|18|19|inf|inf|inf|inf|inf
14,18|10,0,0|2,2,2,6,4,6216210|1562275|389367|95931|23256|5508|1260|273|54|9|1|0|0|0|0,2|3|2|7|10|11|10|13|10|11|10|inf|inf|inf|inf
14,18|8|1|1,0,0|4,2,6,8,2,247464360|68740100|18612704|4894571|1242714|301818|69080|14531|2684|396|36|0|0|0|0,6|7|12|7|6|9|12|13|12|15|14|inf|inf|inf|inf
14,18|7|3,0,0|2,2,2,6,4,528377850|149567275|41250891|11023650|2832710|692325|158295|32970|5970|855|75|0|0|0|0,2|3|2|9|6|7|6|15|10|11|10|inf|inf|inf|inf
14,18|7|1|1|1,0,0|2|4|6,4,8,15,7,601277040|174974800|49262136|13360116|3466892|851832|194910|40404|7224|1008|84|0|0|0|0,8|11|8|11|8|13|8|17|14|19|14|inf|inf|inf|inf
14,18|6|4,0,0|2,2,8,13,5,646485840|186420520|52281944|14169012|3678688|903968|206544|42679|7604|1062|90|0|0|0|0,8|9|8|11|14|17|14|13|12|13|12|inf|inf|inf|inf
14,18|6|3|1,0,0|2,2,2,6,4,2289637350|672353825|191278373|52395343|13702442|3380195|772525|158977|28042|3843|315|0|0|0|0,2|3|2|7|6|7|6|13|10|11|10|inf|inf|inf|inf
14,18|6|2|1|1,0,0|2,2,4,8,4,2571250500|768654250|221711490|61351290|16154580|3999645|914355|187460|32760|4410|350|0|0|0|0,4|5|4|9|8|7|6|17|14|13|12|inf|inf|inf|inf
14,18|6|1|1|1|1,0,0|2,2,4,9,5,934593660|284334050|83113030|23222199|6154252|1528943|349635|71435|12376|1638|126|0|0|0|0,4|5|4|7|8|7|6|13|14|13|12|inf|inf|inf|inf
14,18|5|3|1|1,0,0|2,2,2,6,4,4236629670|1288921725|377796321|105970095|28182294|7013622|1602090|325899|56070|7371|567|0|0|0|0,2|3|2|7|6|9|8|13|10|11|10|inf|inf|inf|inf
14,18|4|4|2,0,0|4,2,10,12,2,1889727840|574917200|168744928|47423772|12634088|3146896|718440|145831|25004|3276|252|0|0|0|0,10|11|12|11|10|15|12|13|12|15|14|inf|inf|inf|inf
14,18|4|4|1|1,0,0|2|4|6,4,12,23,11,2260440000|693680000|204957600|57883200|15471600|3860400|881400|178570|30480|3960|300|0|0|0|0,12|17|12|19|12|15|12|15|16|17|14|inf|inf|inf|inf
14,18|4|3|1|1|1,0,0|2,2,2,6,4,4020266250|1265639375|381802575|109563300|29609750|7430700|1696350|341250|57330|7245|525|0|0|0|0,2|3|2|11|6|11|8|15|10|11|10|inf|inf|inf|inf
14,18|4|2|2|2,0,0|4,2,6,8,2,2300805000|724327500|218674800|62812575|16988850|4265100|973500|195665|32820|4140|300|0|0|0|0,6|7|10|7|6|11|10|13|12|15|14|inf|inf|inf|inf
14,18|4|1|1|1|1|1|1,0,0|4,2,6,8,2,661404744|218718500|68643960|20299125|5599490|1420212|324150|64365|10500|1260|84|0|0|0|0,6|7|8|7|6|11|8|13|12|15|14|inf|inf|inf|inf
14,18|3|3|3|1,0,0|2,2,8,13,5,1613954160|508096680|153512856|44146620|11953176|3002472|685056|137501|23016|2898|210|0|0|0|0,8|9|8|11|10|13|26|13|14|13|12|inf|inf|inf|inf
14,18|3|3|2|2,0,0|2|4|6,4,12,25,13,1946992320|618092800|188042848|54367360|14775312|3718512|848360|169862|28280|3528|252|0|0|0|0,12|19|12|21|12|15|12|15|14|17|14|inf|inf|inf|inf
14,18|3|3|2|1|1,0,0|2,2,8,12,4,3491888400|1117773800|342253384|99427152|27108744|6834000|1559160|311570|51640|6390|450|0|0|0|0,8|9|8|15|10|15|12|15|14|13|12|inf|inf|inf|inf
14,18|3|3|1|1|1|1,0,0|2,2,4,8,4,1761259500|573108250|177760330|52143080|14310600|3619980|825860|164360|26990|3285|225|0|0|0|0,4|5|4|13|10|11|10|19|10|11|10|inf|inf|inf|inf
14,18|3|1|1|1|1|1|1|1,0,0|2|4|6,4,12,19,7,290727360|99985600|32456864|9861456|2772784|710144|161880|31696|5024|576|36|0|0|0|0,12|15|12|15|12|25|12|21|18|23|14|inf|inf|inf|inf
14,18|2|2|2|2|2,0,0|2,2,4,9,5,333316620|110223750|34715394|10316943|2858550|726597|165615|32711|5292|630|42|0|0|0|0,4|5|4|7|6|7|6|13|12|13|12|inf|inf|inf|inf
14,18|2|2|1|1|1|1|1|1,0,0|2,2,2,6,4,284511150|98600425|32244597|9860697|2786028|715275|162945|31773|4998|567|35|0|0|0|0,2|3|2|7|8|7|6|13|10|11|10|inf|inf|inf|inf
14,18|2|1|1|1|1|1|1|1|1,0,0|2,2,2,6,4,74364290|26558675|8907371|2778446|795872|205751|46835|9044|1394|153|9|0|0|0|0,2|3|2|9|14|7|6|17|10|11|10|inf|inf|inf|inf
14,17|11,0,0|2,2,2,6,4,8351070|2187185|572033|149226|38760|9996|2548|637|154|35|7|1|0|0|0,2|3|2|9|10|11|10|13|10|11|10|15|inf|inf|inf
14,17|9|2,0,0|4,2,6,8,2,422702280|121890340|34648856|9689031|2656998|711144|184392|45759|10644|2232|388|44|0|0|0,6|7|8|7|6|13|12|13|12|17|14|19|inf|inf|inf
14,17|7|4,0,0|2,2,2,6,4,1709457750|520073125|155277485|45316920|12859770|3522915|922185|227150|51370|10215|1635|165|0|0|0,2|3|2|13|6|7|6|15|10|11|10|15|inf|inf|inf
14,17|7|3|1,0,0|2,2,8,13,5,5774168400|1787242600|541037464|159596580|45645600|12569040|3298240|811965|182820|35990|5650|550|0|0|0,8|9|8|11|14|15|18|13|12|13|12|17|inf|inf|inf
14,17|7|2|1|1,0,0|2,2,4,9,5,6310341180|1986588890|609460302|181618701|52328584|14478849|3808167|937068|210144|40986|6318|594|0|0|0,4|5|4|7|10|7|6|17|18|13|12|17|inf|inf|inf
14,17|7|1|1|1|1,0,0|2,2,4,8,4,2254788900|721771050|224304234|67494042|19582464|5442855|1434675|352891|78848|15246|2310|210|0|0|0,4|5|4|9|22|7|6|13|28|13|12|17|inf|inf|inf
14,17|6|4|1,0,0|2,2,2,6,4,7440803370|2342475135|720458739|215530623|62348310|17301093|4553379|1117683|249186|48195|7371|693|0|0|0,2|3|2|7|6|7|6|13|10|11|10|15|inf|inf|inf
14,17|6|3|1|1,1,3|5|7|9,4,19,23,4,13438064640|4319377920|1351190016|409640000|119673856|33423424|8822272|2163224|479360|91504|13664|1232|0|0|0,22|21|20|19|24|19|24|19|22|19|20|23|inf|inf|inf
14,17|6|2|1|1|1,0,0|2|4|6,4,8,15,7,10221709680|3353153440|1066269512|327401844|96544700|27127852|7180266|1758918|387576|73080|10668|924|0|0|0,8|13|8|11|8|11|8|15|14|17|14|19|inf|inf|inf
14,17|5|4|1|1,0,0|2,2,2,6,4,12795032250|4163462875|1317622735|403623935|118913210|33400250|8834670|2161250|475370|89565|13125|1155|0|0|0,2|3|2|7|6|9|8|15|10|11|10|15|inf|inf|inf
14,17|5|3|3,0,0|4,2,10,12,2,7326839520|2384130320|755049152|231518716|68271320|19188104|5076344|1241331|272724|51288|7500|660|0|0|0,10|11|14|11|10|13|12|13|12|17|14|19|inf|inf|inf
14,17|5|3|1|1|1,0,0|2|4|6,4,12,21,9,17370225600|5790075200|1869367136|581829248|173465136|49102560|13031720|3182634|694512|128744|18340|1540|0|0|0,12|15|12|21|12|17|12|15|16|17|14|19|inf|inf|inf
14,17|5|2|2|1|1,0,0|4,2,6,8,2,17484503400|5874423100|1909703432|597756159|178979502|50805690|13499460|3294473|716716|132048|18620|1540|0|0|0,6|7|8|7|6|9|10|13|12|19|14|19|inf|inf|inf
14,17|5|2|1|1|1|1,0,0|4,2,6,8,2,10592061480|3614751140|1189828640|376024649|113381398|32330974|8607742|2098915|454636|82992|11508|924|0|0|0,6|7|12|7|6|9|8|13|12|19|14|19|inf|inf|inf
14,17|4|4|1|1|1,0,0|2,2,2,6,4,9394953750|3156505625|1026829825|321773550|96465850|27408500|7283850|1776005|385630|70875|9975|825|0|0|0,2|3|2|9|6|11|8|13|10|11|10|15|inf|inf|inf
14,17|4|2|2|1|1|1,1,3|5,2,11,12,1,14408634240|5012527520|1679834464|539334180|164688384|47356764|12646872|3073476|658560|117936|15904|1232|0|0|0,14|13|12|11|22|11|12|17|22|19|20|23|inf|inf|inf
14,17|3|3|3|2,0,0|2,2,8,12,4,5354228880|1827236840|603413096|191634608|58070232|16617432|4427736|1076572|231616|41874|5754|462|0|0|0,8|9|8|15|10|13|12|17|20|13|12|17|inf|inf|inf
14,17|3|3|3|1|1,0,0|2|4|6,4,12,21,9,7685496000|2643160000|878279840|280279680|85235280|24447360|6520440|1584590|340120|61200|8340|660|0|0|0,12|15|12|21|12|21|12|15|14|19|14|19|inf|inf|inf
14,17|3|3|2|2|1,0,0|2,2,8,13,5,11596057200|4018739400|1344236472|431316036|131709672|37879200|10113840|2455929|525552|94014|12690|990|0|0|0,8|9|8|11|10|17|14|13|16|13|12|17|inf|inf|inf
14,17|3|3|1|1|1|1|1,0,0|2,2,4,8,4,4593088500|1640388750|562274790|183913730|56964280|16533460|4431340|1073660|227570|39935|5215|385|0|0|0,4|5|4|9|10|11|10|17|10|11|10|15|inf|inf|inf
14,17|3|2|2|2|2,0,0|2,2,4,9,5,3911368500|1376222250|466466910|151323885|46599210|13475475|3605745|874070|185860|32850|4350|330|0|0|0,4|5|4|7|6|7|6|15|12|13|12|17|inf|inf|inf
14,17|3|2|1|1|1|1|1|1,0,0|2,2,2,6,4,2810970162|1033663631|363240955|121246125|38133380|11178061|3007623|726495|152250|26145|3297|231|0|0|0,2|3|2|7|8|7|6|13|10|11|10|15|inf|inf|inf
14,17|3|1|1|1|1|1|1|1|1,0,0|2,2,2,6,4,557502750|210907125|75926565|25844940|8249040|2441025|659205|158760|32910|5535|675|45|0|0|0,2|3|2|11|12|7|6|19|10|11|10|15|inf|inf|inf
14,17|2|2|1|1|1|1|1|1|1,0,0|2|4|6,4,12,19,7,549151680|209200640|75835232|25979536|8335984|2475472|669256|160888|33184|5536|668|44|0|0|0,12|21|12|15|12|15|12|19|18|21|14|19|inf|inf|inf
14,16|10|2,0,0|4,2,8,10,2,601277040|179746840|53300016|15668730|4562052|1313352|372792|103831|28140|7308|1764|369|54|0|0,8|9|10|9|8|13|12|13|12|15|14|15|14|inf|inf
14,16|9|3,0,0|4,2,6,8,2,1837235400|568668100|174167224|52704575|15726870|4614480|1325760|370538|99680|25340|5880|1155|154|0|0,6|7|8|7|6|15|18|15|18|15|16|15|14|inf|inf
14,16|9|2|1,1,5|7,2,21,22,1,3857817600|1209395200|374099968|114070528|34232832|10085760|2905600|813232|218752|55488|12800|2480|320|0|0,26|25|26|27|22|21|24|21|22|23|28|23|24|inf|inf
14,16|8|2|2,0,0|2|4|6,4,12,16,4,7890442560|2567524960|821800672|258260464|79489008|23876568|6962568|1955226|521976|129612|28756|5236|616|0|0,12|13|12|15|12|13|12|15|14|15|14|19|18|inf|inf
14,16|7|3|1|1,0,0|2,2,4,9,5,31889157300|10714081950|3530520378|1138334175|357971400|109301895|32197905|9064377|2403300|585900|125820|21780|2376|0|0,4|5|4|7|10|7|6|13|12|15|14|19|18|inf|inf
14,16|6|6,0,0|4,2,6,8,2,1732250520|563668820|181050848|57229007|17731978|5357572|1567522|439824|116688|28632|6252|1122|132|0|0,6|7|12|7|6|11|8|21|16|17|14|17|16|inf|inf
14,16|6|4|1|1,0,0|2,2,4,8,4,42440137740|14483539070|4845119510|1584098362|504190764|155392083|46034989|12972113|3422804|824796|173740|29260|3080|0|0,4|5|4|9|8|7|6|13|12|15|14|19|18|inf|inf
14,16|6|3|3,0,0|4,2,8,10,2,22792770000|7778485000|2603774800|852075950|271450300|83723200|24813800|6992370|1844040|443820|93300|15675|1650|0|0,8|9|10|9|8|19|12|15|14|15|14|15|14|inf|inf
14,16|6|3|1|1|1,0,0|2|4|6,4,8,15,7,51967515600|18147386400|6189147096|2055719820|662450580|206020980|61378350|17329312|4561480|1090320|225960|36960|3696|0|0,8|13|8|11|8|11|8|23|14|19|16|25|20|inf|inf
14,16|6|2|2|1|1,0,0|4,2,10,12,2,50482729440|17762441840|6098198656|2036849628|659294680|205708976|61408776|17348925|4562052|1087020|223884|36234|3564|0|0,10|11|16|11|10|15|12|13|12|15|14|17|16|inf|inf
14,16|6|2|1|1|1|1,0,0|4,2,10,12,2,30063852000|10737090000|3731001120|1258150740|410233560|128673600|38537840|10900505|2862860|679140|138600|22050|2100|0|0,10|11|12|11|10|19|14|13|12|15|16|17|16|inf|inf
14,16|5|5|2,0,0|2|4|6,4,8,12,4,18317098800|6251073400|2093830024|685969856|218828012|67575170|20041450|5646186|1486944|356988|74820|12540|1320|0|0,8|9|8|19|8|9|8|15|18|15|14|19|18|inf|inf
14,16|5|4|3,1,5|7,2,19,20,1,29705195520|10255365120|3471046656|1147474944|368768256|114508992|34076672|9609096|2525376|602784|124992|20592|2112|0|0,24|23|24|27|20|19|28|19|20|21|22|23|24|inf|inf
14,16|5|3|3|1,0,0|4,2,8,10,2,59526426960|20944483560|7205193072|2414432790|784357164|245498424|73416384|20733363|5435220|1287468|263088|42273|4158|0|0,8|9|10|9|8|13|18|13|12|15|18|15|14|inf|inf
14,16|5|3|2|1|1,0,0|4,2,6,8,2,111546435000|39838012500|13875886200|4696799525|1537851450|484094550|145279700|41075370|10750320|2533300|512400|80850|7700|0|0,6|7|8|7|6|9|10|15|16|15|18|17|16|inf|inf
14,16|5|3|1|1|1|1,0,0|4,2,6,8,2,52182257400|18912617100|6667095744|2278558755|751632210|237878370|71625330|20273148|5298120|1242540|248940|38610|3564|0|0,6|7|14|7|6|9|8|17|14|15|14|17|16|inf|inf
14,16|5|2|2|2|1,1,5|7,2,19,20,1,51529420800|18607846400|6544676864|2233611776|736188672|232870080|70092800|19833976|5182144|1215168|243520|37840|3520|0|0,24|23|24|25|20|19|28|19|20|23|22|23|24|inf|inf
14,16|5|2|2|1|1|1,0,0|2|8|10,4,16,23,7,54515784960|19902588160|7062423424|2427409600|804430208|255454784|77075904|21827400|5696880|1331232|264936|40656|3696|0|0,16|19|16|19|18|19|18|19|16|21|16|23|20|inf|inf
14,16|5|2|1|1|1|1|1,1,5|7,2,19,20,1,25813831680|9594823680|3455502336|1201913856|401995008|128507328|38930688|11039112|2875584|667872|131328|19728|1728|0|0,24|23|24|35|20|19|22|19|20|21|26|23|24|inf|inf
14,16|4|4|2|2,0,0|4,2,6,8,2,38465907480|13737824100|4790625840|1624595973|533037414|168091716|50495900|14273896|3729376|875952|176400|27720|2640|0|0,6|7|10|7|6|11|10|19|18|19|18|21|20|inf|inf
14,16|4|3|3|1|1,0,0|4,2,8,10,2,61416154800|22259294200|7861867728|2694965130|891921940|283068240|85366320|24155495|6296220|1469160|292320|45045|4158|0|0,8|9|10|9|8|15|14|13|12|17|20|15|14|inf|inf
14,16|4|3|2|1|1|1,1,3|5,2,11,12,1,84369667200|31136424800|11165846432|3875593020|1295307520|414034660|125405800|35530040|9239360|2141120|420480|63360|5632|0|0,14|13|12|11|20|11|12|19|20|23|24|29|30|inf|inf
14,16|4|2|2|2|1|1,0,0|2|4|6,4,12,16,4,46625342400|17391992800|6297552352|2204190352|741721968|238282200|72390760|20523958|5326048|1227492|238700|35420|3080|0|0,12|13|12|15|12|13|12|15|18|15|14|19|18|inf|inf
14,16|4|2|2|1|1|1|1,0,0|2|4|6,4,12,16,4,36315639360|13738456160|5032753440|1778091744|602707664|194640888|59320248|16833908|4361136|1000116|192636|28116|2376|0|0,12|13|12|17|12|13|12|17|16|15|14|19|18|inf|inf
14,16|3|3|3|1|1|1,0,0|4,2,8,10,2,25053210000|9345245000|3385701200|1186140550|399587100|128496000|39058600|11071795|2870140|660240|128100|18975|1650|0|0,8|9|10|9|8|21|12|13|12|19|14|15|14|inf|inf
14,16|3|3|2|2|2,0,0|2,2,4,9,5,20078358300|7489546350|2714868618|951859359|320915358|103263525|31400215|8900731|2306188|529956|102660|15180|1320|0|0,4|5|4|7|6|7|6|13|12|15|14|19|18|inf|inf
14,16|3|3|1|1|1|1|1|1,0,0|2,2,2,6,4,9645485850|3751022275|1407840511|507799985|175041300|57234135|17571925|4993933|1286740|291060|54740|7700|616|0|0,2|3|2|7|8|7|6|13|12|15|14|19|18|inf|inf
14,16|3|2|2|2|1|1|1,1,5|7,2,19,20,1,21956014080|8451322880|3147296768|1128630272|387410688|126307008|38709888|10993640|2834048|642432|121408|17248|1408|0|0,24|23|26|29|20|19|20|19|22|25|22|25|26|inf|inf
14,16|2|2|2|2|2|2,0,0|4,2,10,12,2,2086063200|811246800|305242752|110524140|38256120|12552120|3861160|1096985|281780|63360|11820|1650|132|0|0,10|11|16|11|10|13|12|13|12|25|14|17|16|inf|inf
14,16|2|2|2|1|1|1|1|1|1,0,0|4,2,8,10,2,2498640144|1011354344|393558704|146490190|51815660|17268872|5361392|1526532|389760|86240|15624|2079|154|0|0,8|9|10|9|8|13|14|17|22|21|16|15|14|inf|inf
14,16|2|2|1|1|1|1|1|1|1|1,0,0|4,2,8,10,2,892004400|370488600|147440304|55922130|20078820|6764760|2113560|602532|153120|33480|5940|765|54|0|0,8|9|10|9|8|13|12|17|18|17|14|15|14|inf|inf
14,15|12|1,1,3|5,2,13,14,1,105719040|30904640|9033664|2643432|775200|228072|67392|20020|5984|1800|544|164|48|12|0,16|15|14|13|14|13|18|17|18|17|20|19|20|19|inf
14,15|11|1|1,0,0|4,2,8,10,2,686439600|212469400|65375200|20017602|6104700|1855380|562120|169715|50996|15200|4460|1265|330|66|0,8|9|12|9|8|11|12|13|12|21|14|15|14|17|inf
14,15|9|2|2,0,0|2|4|6,4,12,16,4,12025540800|4040327200|1342533920|440936496|143024400|45759240|14411640|4453610|1343272|391860|108780|27840|6120|936|0,12|13|12|15|12|13|12|15|14|15|14|27|18|21|inf
14,15|8|5,1,3|5,2,11,12,1,7558911360|2529635680|840340512|276685068|90116848|28961676|9153408|2831864|851904|246672|67616|17028|3696|572|0,14|13|12|11|12|11|20|19|20|19|20|19|20|19|inf
14,15|8|4|1,0,0|4,2,6,8,2,34802487720|11877039460|4011422272|1339065299|441020970|142973298|45476704|14127386|4256912|1230900|335472|83391|17622|2574|0,6|7|14|7|6|9|16|15|16|15|18|15|14|17|inf
14,15|8|3|2,1,3|5,2,17,18,1,47033226240|16237661440|5538894592|1864353568|618168192|201455712|64324992|20031592|6041728|1745408|473984|116864|24288|3432|0,20|19|18|17|18|17|20|19|22|29|24|29|22|21|inf
14,15|8|2|2|1,1,3|5,2,17,18,1,50633856000|17748640000|6131086080|2084950560|696974720|228569760|73317120|22898960|6914880|1995840|539840|131880|26880|3640|0,20|19|18|17|18|17|22|21|20|23|22|21|28|21|inf
14,15|8|1|1|1|1|1,1,3|5,2,17,18,1,11296834560|4079412480|1443484416|500376096|169799808|56325216|18217088|5719960|1731136|498912|134016|32208|6336|792|0,20|19|18|17|18|17|20|19|20|21|24|23|24|21|inf
14,15|7|5|1,0,0|4,2,6,8,2,40156716600|13916745700|4771735848|1615872423|539175502|176737950|56681730|17686662|5326992|1530288|411340|99990|20460|2860|0,6|7|8|7|6|9|8|15|16|19|14|17|16|19|inf
14,15|7|4|2,0,0|4,2,8,10,2,85982616720|30253142920|10512485984|3600867270|1212978468|400602852|129183912|40444950|12192936|3495492|933772|224147|44814|6006|0,8|9|12|9|8|11|12|15|14|15|14|15|14|17|inf
14,15|7|4|1|1,0,0|2|4|6,4,8,15,7,98912333520|35064160560|12258366120|4219408908|1426836996|472634136|152740458|47884746|14442984|4138344|1103352|263736|52272|6864|0,8|11|8|11|8|13|8|15|14|17|16|21|20|23|inf
14,15|7|3|1|1|1,0,0|2,2,4,8,4,114994233900|41677804350|14846752494|5190826410|1777688640|594678105|193555485|60946200|18407340|5261760|1392300|327600|63000|7800|0,4|5|4|9|16|7|6|19|12|23|14|23|18|21|inf
14,15|7|2|2|2,0,0|4,2,10,12,2,59178319200|21448226800|7644769440|2674962444|916841960|306924120|99950040|31480785|9507708|2716560|718060|168630|32340|4004|0,10|11|12|11|10|13|12|13|12|19|14|17|16|19|inf
14,15|7|1|1|1|1|1|1,0,0|4,2,10,12,2,14153136480|5354228880|1976946048|711808020|249560136|85003128|28027008|8895033|2693124|766584|200088|45738|8316|924|0,10|11|16|11|10|13|20|13|12|17|16|17|16|19|inf
14,15|6|5|2,1,3|5,2,13,14,1,75589113600|26896126400|9449408320|3270818232|1112351200|370343960|120141120|37732380|11369856|3243600|857760|202620|39600|5148|0,16|15|14|13|14|13|18|17|22|19|20|19|20|19|inf
14,15|6|4|1|1|1,0,0|2,2,4,9,5,156611194740|57589830870|20811377730|7376614245|2557946820|864742281|283641813|89671036|27062732|7685280|2006508|462264|86328|10296|0,4|5|4|7|8|7|6|17|12|21|14|21|18|21|inf
14,15|6|2|2|1|1|1,1,3|5,2,15,16,1,147251520000|55901040000|20770435200|7538295600|2665411200|914929200|303410400|96536560|29171360|8242200|2122800|476400|84960|9360|0,18|17|16|15|18|15|16|21|18|17|18|23|22|23|inf
14,15|5|5|3,0,0|2|4|6,4,8,12,4,51967515600|18834787400|6732299640|2367160752|816140820|274795950|89881110|28357560|8545680|2424780|633420|146520|27720|3432|0,8|9|8|15|8|9|8|19|16|15|14|21|18|21|inf
14,15|5|5|2|1,1,3|5,2,13,14,1,131286355200|48103598400|17352561600|6147997416|2132812704|721587240|236839680|74877880|22576224|6397056|1664640|382140|71280|8580|0,16|15|14|13|14|13|22|19|18|25|24|19|20|19|inf
14,15|5|4|2|2,0,0|4,2,8,10,2,201488086800|75158254600|27553926400|9902031854|3476709236|1187640740|392529280|124589465|37579916|10606764|2733960|616935|111870|12870|0,8|9|18|9|8|11|20|13|12|15|16|15|14|17|inf
14,15|5|3|3|1|1,0,0|4,2,6,8,2,254640826440|96332376140|35755427400|12986519931|4600201606|1582453026|525653436|167320692|50487360|14211792|3638992|811272|144144|16016|0,6|7|8|7|6|9|10|17|20|19|18|21|20|23|inf
14,15|5|3|2|1|1|1,1,3|5,2,15,16,1,332592099840|128021562240|48223824000|17732573232|6344798592|2199709776|734776416|234640252|70841056|19888968|5057904|1113024|193248|20592|0,18|17|16|15|18|15|16|17|18|17|18|27|22|23|inf
14,15|5|2|2|2|1|1,0,0|2|4|6,4,12,16,4,168275764800|65440575200|24881801120|9224838656|3323618320|1158629560|388543320|124346200|37547488|10517100|2659740|579480|99000|10296|0,12|13|12|25|12|13|12|19|18|15|14|21|18|21|inf
14,15|5|2|2|1|1|1|1,0,0|2|4|6,4,12,16,4,128845080000|50788140000|19529704800|7308061200|2652711600|930065400|313163400|100456510|30346800|8484300|2135100|460800|77400|7800|0,12|13|12|15|12|13|12|15|16|15|14|37|18|21|inf
14,15|4|4|3|2,0,0|4,2,6,8,2,137378241000|51971133500|19310113680|7025602155|2493722010|859499940|285922260|91064610|27459840|7713180|1967760|436590|77220|8580|0,6|7|10|7|6|11|10|15|24|15|18|17|16|19|inf
14,15|4|4|2|2|1,0,0|4,2,8,10,2,208814926320|80100963800|30119662144|11069563362|3961790092|1374373364|459323280|146678805|44246964|12399552|3144840|690195|119790|12870|0,8|9|14|9|8|11|14|13|12|23|16|15|14|17|inf
14,15|4|4|2|1|1|1,1,3|5,2,13,14,1,196531695360|76169030080|28887839552|10692090552|3848528736|1340967576|449562048|143820404|43398880|12144384|3068576|668668|114576|12012|0,16|15|14|13|14|13|18|17|18|27|20|19|20|19|inf
14,15|4|4|1|1|1|1|1,0,0|4,2,6,8,2,66441112920|26189750860|10075685256|3773796663|1371468982|481441428|162258954|52064922|15718248|4387068|1101212|237006|39732|4004|0,6|7|8|7|6|11|8|15|14|15|14|17|16|19|inf
14,15|4|3|3|3,1,3|5,2,15,16,1,55697241600|21291670400|7987351680|2931064752|1048047040|363368400|121393920|38753120|11686080|3273480|829920|182160|31680|3432|0,18|17|16|15|16|15|22|23|20|17|20|23|24|21|inf
14,15|4|3|3|1|1|1,1,3|5,2,11,12,1,188972784000|73739380000|28147484640|10479765780|3791573120|1326660300|446103480|142940700|43128480|12042360|3028400|654720|110880|11440|0,14|13|12|11|18|11|12|17|18|17|18|29|22|23|inf
14,15|4|3|2|2|1|1,1,3|5,2,15,16,1,285558873600|112183843200|43084871808|16127265968|5861152832|2058130160|693830080|222627412|67175872|18727768|4692640|1008040|168960|17160|0,18|17|16|15|16|15|18|17|20|17|20|21|32|21|inf
14,15|4|3|2|1|1|1|1,1,3|5,2,13,14,1,202029085440|80437506240|31241738304|11803597848|4322185056|1526572152|516751872|166194280|50164128|13956264|3478944|740124|121968|12012|0,16|15|14|13|14|13|24|19|18|17|20|19|20|19|inf
14,15|4|2|2|2|2|1,1,3|5,2,15,16,1,96617664000|38468144000|14955093120|5658425520|2075256640|734020560|248730240|80031960|24149280|6710040|1668640|353760|58080|5720|0,18|17|16|15|16|15|20|19|18|17|20|25|22|21|inf
14,15|4|2|2|2|1|1|1,0,0|2|8|10,4,16,23,7,116819539200|46975052800|18414410880|7015187904|2587100800|918962880|312335040|100667000|30382512|8429040|2088120|439560|71280|6864|0,16|23|16|19|18|19|18|19|16|19|16|21|20|23|inf
14,15|4|2|2|1|1|1|1|1,1,3|5,2,13,14,1,72601401600|29674382400|11794403520|4545233352|1691915040|605325960|206781120|66834180|20177280|5582520|1373760|285660|45360|4212|0,16|15|14|13|14|13|18|17|22|17|22|19|20|19|inf
14,15|4|1|1|1|1|1|1|1|1|1,1,3|5,2,13,14,1,3953892096|1699755200|706052160|282506136|108455648|39744504|13806720|4502960|1359744|372312|89440|17820|2640|220|0,16|15|14|13|14|13|20|21|22|17|20|19|20|19|inf
14,15|3|3|3|2|2,0,0|2,2,4,9,5,57698861220|22743731010|8771072310|3297843549|1203773298|424307403|143436969|46083128|13896204|3862656|962556|205128|34056|3432|0,4|5|4|7|6|7|6|19|12|25|14|21|18|21|inf
14,15|3|3|2|2|1|1|1,0,0|4,2,8,10,2,103352842320|41833293320|16506168224|6327666254|2346854692|837601492|285659192|92221675|27817972|7693028|1894172|395087|63294|6006|0,8|9|12|9|8|11|12|13|12|15|14|15|14|17|inf
14,15|3|3|1|1|1|1|1|1|1,0,0|2,2,2,6,4,16610278230|6986863065|2849504385|1123224102|426181704|154816467|53457911|17374812|5242692|1439256|348348|70464|10728|936|0,2|3|2|9|10|7|6|17|12|17|14|27|18|21|inf
14,15|3|2|2|2|2|1|1,0,0|4,2,10,12,2,49955724000|20484490000|8180783520|3170320140|1186831880|426759840|146317080|47366865|14284140|3934980|960860|197670|31020|2860|0,10|11|12|11|10|17|12|13|12|15|14|17|16|19|inf
14,15|3|2|2|2|1|1|1|1,0,0|4,2,8,10,2,45394549200|18854349800|7611947200|2976696294|1122560660|405946060|139735440|45334380|13673088|3758040|912720|185955|28710|2574|0,8|9|14|9|8|11|14|17|22|17|18|15|14|17|inf
14,15|3|1|1|1|1|1|1|1|1|1|1,0,0|4,2,8,10,2,1235591280|552420440|237965728|98382570|38849148|14562132|5139576|1689324|509184|137592|32188|6149|858|66|0,8|9|12|9|8|11|12|17|24|17|14|15|14|17|inf
14,15|2|2|2|1|1|1|1|1|1|1,1,3|5,2,15,16,1,3848173056|1684848256|713016192|290516688|113404160|42142608|14786208|4844336|1459584|395640|93296|18096|2592|208|0,18|17|16|15|20|15|16|21|22|17|18|23|22|23|inf
14,14|14,0,0|2,2,6,11,5,2674440|742900|208012|58786|16796|4862|1430|429|132|42|14|5|2|1|1,6|7|6|9|8|9|8|13|12|13|12|15|14|15|14
14,14|12|1|1,0,0|4,2,8,10,2,552193200|173838600|54558576|17098974|5360508|1684020|531180|168597|53988|17496|5760|1935|666|234|78,8|9|10|9|8|11|10|13|12|17|24|15|14|17|16
14,14|11|3,0,0|2,2,2,6,4,2372896890|772133115|250617315|81175068|26252148|8482422|2740322|885794|286682|92931|30159|9774|3138|975|273,2|3|2|11|8|9|8|15|10|11|10|17|14|15|14
14,14|11|1|1|1,0,0|2|4|6,4,10,17,7,2549632800|849877600|281113360|92406424|30230216|9855920|3206580|1042340|338888|110272|35900|11660|3740|1144|286,10|13|10|13|10|15|10|17|14|23|14|19|16|21|16
14,14|10|4,0,0|2,2,2,6,4,6388568550|2146423825|718837469|239921493|79790044|26434490|8721510|2863952|935074|302967|97055|30520|9282|2639|637,2|3|2|7|8|9|8|21|10|11|10|21|14|15|14
14,14|10|3|1,0,0|2,2,8,13,5,20472051600|6986493800|2370158648|799439212|268131344|89434280|29664440|9781499|3203636|1040262|333610|104830|31724|8866|2002,8|9|8|11|12|13|12|13|12|13|12|17|16|17|16
14,14|10|2|1|1,0,0|2,2,6,11,5,21622847400|7493632300|2574148500|877001202|296506248|99524970|33174990|10980970|3606876|1173564|376740|118305|35640|9801|2079,6|7|6|9|10|9|8|15|12|15|14|15|18|15|14
14,14|10|1|1|1|1,0,0|2,2,6,10,4,7548255000|2655867500|923424700|317638200|108205000|36535550|12234750|4064125|1338500|436320|140200|44000|13200|3575|715,6|7|6|13|10|9|8|13|12|21|16|25|20|15|14
14,14|9|3|1|1,0,0|2,2,6,11,5,81205804680|29002073100|10262272020|3597291698|1248849784|429181558|145887170|48983389|16208584|5265218|1667638|508585|145684|37037|7007,6|7|6|9|10|9|8|13|14|13|12|15|16|15|14
14,14|8|5|1,0,0|4,2,8,10,2,72754521840|25983757800|9220902768|3248693910|1135093212|392751612|134319900|45287088|14998368|4853436|1522164|456555|127842|31746|6006,8|9|10|9|8|11|10|21|18|15|14|15|14|17|16
14,14|8|4|2,0,0|4,2,6,8,2,148816067400|53935982100|19391514912|6909738759|2437533522|850098090|292556520|99097236|32917752|10664136|3340260|996930|276012|66924|12012,6|7|12|7|6|9|12|17|14|17|14|17|16|19|18
14,14|8|4|1|1,0,0|2|4|6,4,10,17,7,170361828000|62195588000|22494417680|8054315080|2852464680|997927200|344270660|116826010|38853640|12594120|3943800|1175400|324300|78000|13650,10|13|10|13|10|17|10|15|14|17|16|21|16|23|16
14,14|8|3|1|1|1,0,0|2,2,6,10,4,192329537400|71741970300|26428285884|9610452852|3447446184|1218640410|423836010|144689636|48307448|15682926|4904130|1452990|395340|92235|15015,6|7|6|11|10|9|8|17|14|13|12|17|16|15|14
14,14|8|2|2|2,0,0|4,2,10,12,2,98208583200|36633360400|13502181280|4913739796|1764081144|624050280|217173880|74172035|24769892|8041488|2513700|744030|202020|46956|7644,10|11|12|11|10|13|12|13|12|19|14|17|16|19|18
14,14|8|1|1|1|1|1|1,0,0|4,2,10,12,2,22946695200|8923714800|3404740416|1274688492|468244056|168689640|59537520|20545015|6907180|2248680|701400|205590|54516|12012|1716,10|11|14|11|10|13|14|13|12|17|16|17|16|19|18
14,14|7|7,0,0|2,2,4,9,5,5163006420|1816613370|636917886|222272127|77099454|26533107|9037827|3037578|1003188|323730|101262|30327|8514|2145|429,4|5|4|7|6|7|6|15|12|13|12|15|14|15|14
14,14|7|5|2,0,0|4,2,6,8,2,181886304600|66884117300|24396601768|8816373027|3151671094|1112331110|386603250|131875590|43945440|14211540|4416160|1297835|350658|82082|14014,6|7|8|7|6|9|8|15|18|15|20|15|14|17|16
14,14|7|5|1|1,0,0|2|4|6,4,14,23,9,201930917760|74789228800|27441893952|9965227008|3576535072|1266316128|441220560|150781972|50304144|16274880|5054976|1483020|399168|92664|15444,14|19|14|27|14|17|14|17|16|23|28|19|24|21|18
14,14|7|4|2|1,0,0|2|4|6,4,8,15,7,562194032400|211194583600|78496656392|28832552364|10450459572|3730594920|1308323970|449220744|150288768|48649104|15074640|4393620|1167012|264264|42042,8|11|8|11|8|13|8|19|22|19|18|19|16|21|16
14,14|7|4|1|1|1,1,5|7|9|11,4,25,29,4,337283481600|128042803200|48007643136|17760964608|6475462656|2322531840|817505280|281445824|94316032|30547584|9457920|2748960|725760|162240|24960,30|29|32|31|26|25|26|25|26|25|26|25|28|27|28
14,14|7|3|3|1,0,0|2,2,4,9,5,365426121060|138243215110|51712927266|19103539455|6958448432|2494267659|877595589|302038282|101187660|32762646|10139346|2945151|776952|173745|27027,4|5|4|7|12|7|6|15|12|13|12|15|18|15|14
14,14|7|3|2|2,0,0|2|4|6,4,14,23,9,382144963200|145579033600|54788109376|20344548224|7442619808|2677236640|944570640|325738868|109260032|35387744|10942960|3170860|832216|184184|28028,14|23|14|21|14|17|14|17|24|21|18|19|18|21|18
14,14|7|3|2|1|1,0,0|2,2,4,8,4,655668877500|251513193750|95198744550|35516876850|13042933800|4706156325|1664347425|574945280|193055380|62549550|19331550|5591250|1461600|320775|47775,4|5|4|9|10|7|6|35|12|13|12|17|22|15|14
14,14|7|3|1|1|1|1,0,0|2,2,10,14,4,298307037600|116008292400|44414603376|16727808240|6190669680|2247596520|798688280|276863340|93163560|30204420|9323700|2686200|696300|150150|21450,10|11|10|15|12|13|12|17|14|15|14|21|16|17|16
14,14|7|1|1|1|1|1|1|1,0,0|2|4|6,4,14,21,7,25032758400|10198531200|4063722432|1582989408|602392416|223665600|80868720|28382840|9621520|3124800|959280|271920|68112|13728|1716,14|17|14|17|14|19|14|19|16|23|18|23|20|25|18
14,14|6|6|1|1,0,0|2,2,6,11,5,93699005400|34951216300|12916505140|4723550062|1706627348|607896710|212867430|73000410|24390996|7882644|2437960|709555|188650|43043|7007,6|7|6|9|8|9|8|15|12|15|16|15|14|15|14
14,14|6|5|1|1|1,0,0|2,2,6,11,5,292932680040|112368356100|42574790412|15914033982|5858974044|2119930362|751610970|260068809|87335556|28239624|8688624|2495955|647262|141141|21021,6|7|6|9|8|9|8|13|12|17|18|15|14|15|14
14,14|6|4|4,0,0|2,2,2,6,4,124367713470|47049161445|17630148393|6532545591|2388555702|859622517|303529707|104712426|35095734|11338137|3489777|1004652|261954|57915|9009,2|3|2|7|6|7|6|15|10|11|10|19|14|15|14
14,14|6|4|3|1,0,0|2,2,4,8,4,702742540500|269570551250|102239458090|38277215130|14118207260|5117489005|1817128035|629412420|211452360|68341140|20993000|6011500|1551000|336050|50050,4|5|4|9|8|7|6|17|14|15|16|19|18|17|16
14,14|6|4|2|2,0,0|2|4|6,4,10,17,7,595264269600|229916887200|87726980880|33014725128|12230575272|4449198720|1584273060|549863370|184942800|59784480|18345600|5239080|1344420|288288|42042,10|13|10|13|10|21|10|15|16|21|24|21|16|25|16
14,14|6|4|2|1|1,0,0|2,2,4,9,5,990482021100|385187452650|147810393918|55889294571|20784994308|7584701895|2707298235|941270706|316916712|102471156|31421520|8954550|2288088|486486|69498,4|5|4|7|8|7|6|15|14|15|18|17|18|17|16
14,14|6|4|1|1|1|1,0,0|2,2,6,11,5,413979242040|163182293820|63335285748|24176443410|9061712028|3327640758|1193590134|416439765|140499576|45448452|13914180|3947895|999810|208845|28665,6|7|6|9|8|9|8|13|14|15|14|15|14|15|14
14,14|6|3|3|2,0,0|2,2,6,11,5,501565264200|195053158300|74897963140|28349074754|10555199200|3856060390|1377691770|479307465|161419356|52178910|15984430|4546465|1158080|245245|35035,6|7|6|9|14|9|8|13|12|13|12|15|24|15|14
14,14|6|3|3|1|1,0,0|2|4|6,4,8,15,7,692386334640|271093062240|104689264680|39813041268|14881403628|5453607276|1953204786|680715672|229483632|74196864|22711584|6445824|1634688|343200|48048,8|13|8|11|8|11|8|19|16|25|20|31|26|25|22
14,14|6|3|2|2|1,0,0|2,2,6,10,4,916393678200|361223963100|140334670476|53648378784|20141969328|7408427130|2660899410|929239857|313623828|101412486|31005450|8773380|2212056|459459|63063,6|7|6|17|12|9|8|13|12|13|12|19|18|15|14
14,14|6|3|1|1|1|1|1,0,0|2,2,6,11,5,313222389480|126780490980|50367995964|19618592994|7480048212|2785558698|1010114898|355160442|120340416|38939544|11865168|3327093|823746|165165|21021,6|7|6|9|8|9|8|15|20|17|18|15|14|15|14
14,14|6|2|2|2|2,0,0|2,2,8,12,4,207124117200|82740057400|32531215640|12567530976|4760896784|1764103600|637290360|223467930|75592188|24446142|7454650|2095940|522060|106106|14014,8|9|8|17|12|15|12|15|12|13|12|19|16|17|16
14,14|6|2|1|1|1|1|1|1,0,0|2,2,6,11,5,123839944200|51436167300|20902085820|8301293154|3217176900|1214096310|444810870|157531815|53589816|17344530|5261130|1458765|353430|68145|8085,6|7|6|9|8|9|8|13|14|13|12|15|14|15|14
14,14|6|1|1|1|1|1|1|1|1,0,0|2,2,6,11,5,20203068600|8605010700|3574389060|1446447618|569411532|217616490|80506170|28705590|9801360|3172770|958230|262845|62370|11583|1287,6|7|6|9|8|9|8|15|16|13|12|15|14|15|14
14,14|5|5|2|2,0,0|4,2,8,10,2,309330450000|120295175000|46214498000|17508609250|6527174500|2387852500|854210500|297427625|100169300|32345700|9886200|2802525|711150|150150|21450,8|9|10|9|8|11|10|13|12|15|16|15|14|17|16
14,14|5|4|4|1,0,0|2,2,2,6,4,304521767550|118425131825|45518381909|17259305063|6440787314|2358684380|844527060|294232302|99109794|31990287|9766155|2762760|699006|147147|21021,2|3|2|7|6|11|10|15|10|11|10|21|14|15|14
14,14|5|3|3|1|1|1,0,0|4,2,6,8,2,730852242120|295821145620|117793035360|46058977965|17644743870|6603072918|2404627238|847846636|287437360|92780016|28099344|7801464|1906608|377520|48048,6|7|12|7|6|9|8|17|16|19|18|21|20|23|22
14,14|5|3|2|2|2,0,0|2,2,6,10,4,534248715000|216243527500|86145159100|33707273600|12922754000|4839491150|1763446750|622028225|210912800|68067160|20602400|5713400|1393700|275275|35035,6|7|6|21|12|9|8|13|18|17|20|21|16|15|14
14,14|5|3|1|1|1|1|1|1,0,0|2,2,8,13,5,221470376400|93158174200|38350340392|15427680268|6052371416|2309105240|853541520|304104801|103676664|33466818|10066490|2749670|651728|122122|14014,8|9|8|11|10|13|14|13|14|13|12|17|20|17|16
14,14|5|2|2|2|1|1|1,1,5|7,2,19,20,1,392670720000|163612800000|66854707200|26739110400|10443129600|3970718400|1464022400|520675480|177314560|57214560|17217600|4711200|1121280|212160|24960,24|23|28|25|20|19|20|19|24|21|22|25|32|27|28
14,14|4|4|4|2,0,0|2|4|6,4,12,19,7,180154054080|71489704000|28001967136|10802835472|4093975600|1519131328|549674840|192920728|65216800|21029352|6377388|1779360|439824|89232|12012,12|15|12|15|12|19|12|19|18|17|14|25|20|23|18
14,14|4|4|4|1|1,0,0|2,2,2,6,4,226674097650|90549705675|35668188699|13825952712|5260426314|1958243430|710329620|249745496|84508798|27252261|8256105|2297790|565290|113685|15015,2|3|2|13|6|9|10|19|10|11|10|17|14|15|14
14,14|4|4|3|3,0,0|4,2,6,8,2,181886304600|72658285700|28633953040|11107404693|4229616182|1575792460|571990980|201200230|68092640|21952980|6645660|1847010|453420|90948|12012,6|7|10|7|6|11|10|15|18|15|14|17|16|19|18
14,14|4|4|2|2|2,0,0|2|4|6,4,10,17,7,332123220000|135309460000|54256254800|21365236200|8240229800|3102404800|1135388100|401675230|136352480|43954920|13253100|3649800|881100|171600|21450,10|13|10|13|10|19|10|15|18|17|14|21|16|23|16
14,14|4|4|2|2|1|1,0,0|4,2,8,10,2,654790696560|268498830600|108252332496|42823955790|16579367244|6261232164|2296853460|813923649|276543036|89150544|26852868|7376985|1772694|342342|42042,8|9|10|9|8|11|10|13|12|19|14|15|14|17|16
14,14|4|4|2|1|1|1|1,0,0|4,2,6,8,2,441723882600|183467326900|74782037528|29857340601|11648247578|4426353580|1631534190|580090896|197447712|63653436|19131560|5229070|1244628|236236|28028,6|7|8|7|6|11|8|21|18|15|16|17|16|19|18
14,14|4|4|1|1|1|1|1|1,0,0|2|4|6,4,12,21,9,122660516160|51919795200|21511768992|8709372000|3437655408|1318744944|489644760|174977110|59715656|19248768|5764836|1562820|366408|67704|7644,12|23|12|17|12|15|12|15|14|25|14|19|18|21|18
14,14|4|3|3|2|2,0,0|2,2,6,11,5,423124982280|173503630300|70004194260|27726512814|10749570832|4065307818|1493087310|529517989|179950848|57980160|17438148|4778235|1144044|220077|27027,6|7|6|9|12|9|8|13|24|27|14|15|16|15|14
14,14|4|3|2|2|1|1|1,0,0|4,2,8,10,2,675577702800|284171573400|117232116144|47328993426|18648281652|7146290580|2651657580|947103157|323043028|104050716|31130820|8430345|1975974|366366|42042,8|9|10|9|8|11|10|13|12|15|14|15|14|17|16
14,14|4|3|1|1|1|1|1|1|1,0,0|2,2,8,12,4,99868008240|43593178200|18571303608|7706542272|3107226408|1213205136|456679080|164734570|56471272|18178446|5398074|1437480|326832|57486|6006,8|9|8|19|10|15|12|15|14|13|12|21|20|17|16
14,14|4|2|2|2|2|1|1,0,0|4,2,10,12,2,252413647200|107509516400|44873537280|18310072836|7282257224|2812719360|1050128640|376665685|128727588|41432292|12345840|3315510|766260|138996|15444,10|11|18|11|10|23|22|13|12|15|18|17|16|19|18
14,14|4|2|2|2|1|1|1|1,0,0|4,2,8,10,2,225478890000|97230315000|41013848400|16885420650|6765768900|2628974700|986056500|354805990|121453640|39085200|11619300|3104025|710550|126750|13650,8|9|10|9|8|11|10|15|14|19|14|15|14|17|16
14,14|4|1|1|1|1|1|1|1|1|1|1,0,0|4,2,8,10,2,5048272944|2337163400|1049925712|456567606|191620396|77327492|29856420|10955956|3785408|1214928|354904|91355|19602|3146|286,8|9|10|9|8|11|10|17|20|19|16|15|14|17|16
14,14|3|3|3|3|2,0,0|2,2,4,9,5,96164768700|39941451550|16315525226|6537437907|2561382486|977523885|361637055|128891490|43895880|14124600|4224780|1145430|269676|50622|6006,4|5|4|7|6|7|6|15|14|17|14|17|16|17|16
14,14|3|3|3|2|2|1,0,0|2,2,6,11,5,243617414040|102473991620|42328153868|17125126018|6764992104|2599268958|966651114|345772245|117971196|37949352|11318580|3049695|710160|130845|15015,6|7|6|9|10|9|8|13|12|17|14|15|20|15|14
14,14|3|3|3|1|1|1|1|1,0,0|2,2,2,6,4,116271947610|50138432435|21157992583|8717464119|3496591280|1360210579|510693729|183876420|62943426|20239443|6006511|1600676|365442|65065|7007,2|3|2|7|12|7|6|17|10|11|10|19|14|15|14
14,14|3|3|2|2|2|2,0,0|2,2,6,10,4,105977500200|45138564900|18858560292|7707621636|3071668392|1188884970|444671370|159683004|54582132|17548164|5215320|1394910|320760|57915|6435,6|7|6|11|10|9|8|17|12|15|16|17|18|15|14
14,14|3|3|2|2|2|1|1,0,0|2|4|6,4,10,17,7,232016584800|99435679200|41762985264|17144987288|6858041944|2662360480|998077340|358979530|122803240|39477760|11718980|3126200|715484|128128|14014,10|13|10|13|10|17|10|15|14|29|14|21|16|29|16
14,14|3|3|2|2|1|1|1|1,0,0|2|4|6,4,12,21,9,200998324800|87205622400|37014123744|15332013216|6178837392|2413248240|908898120|327945618|112365552|36113904|10693980|2837340|643104|113256|12012,12|17|12|17|12|15|12|15|16|19|14|19|22|21|18
14,14|3|3|2|1|1|1|1|1|1,0,0|2,2,2,6,4,97495111350|43073237025|18572878233|7798021686|3178525428|1252940715|475246395|172306134|59177118|19009809|5606685|1474830|329238|56511|5733,2|3|2|9|8|7|6|15|10|11|10|17|14|15|14
14,14|3|3|1|1|1|1|1|1|1|1,0,0|2,2,4,8,4,23728968900|10734533550|4726671534|2021012292|836591964|333959730|127903750|46677176|16080038|5160441|1513005|393090|85890|14235|1365,4|5|4|11|8|9|8|19|10|11|10|17|14|15|14
14,14|3|2|2|2|2|1|1|1,0,0|2|4|6,4,10,17,7,102217096800|44888989600|19274391920|8069653704|3283253656|1292754800|489993180|177556820|60947992|19566288|5766600|1516020|338580|58344|6006,10|13|10|13|10|15|10|17|14|19|16|19|16|21|16
14,14|3|1|1|1|1|1|1|1|1|1|1|1,0,0|2|4|6,4,10,17,7,1444197600|695354400|324142128|145838376|63093528|26124240|10290780|3826224|1328448|424224|121860|30420|6228|936|78,10|13|10|13|10|15|10|21|20|21|14|19|16|21|16
14,14|2|2|2|2|2|2|1|1,0,0|2,2,6,10,4,17484503400|7817145700|3414779732|1452855768|599753336|239102110|91519350|33381075|11487840|3679830|1075970|278740|60852|10153|1001,6|7|6|13|10|9|8|13|18|13|12|19|16|15|14
14,14|2|2|2|2|2|1|1|1|1,0,0|2,2,6,11,5,17653435800|7986078100|3524220700|1512504994|628943016|252225090|96978830|35479990|12227488|3915002|1141630|294085|63580|10439|1001,6|7|6|9|10|9|8|15|18|13|12|15|16|15|14
14,14|2|2|1|1|1|1|1|1|1|1|1|1,0,0|2,2,6,11,5,1441523160|697880260|327202876|148081934|64429456|26814814|10606674|3954132|1373736|437892|125216|31031|6292|935|77,6|7|6|9|12|9|8|17|14|15|20|15|16|15|14
14,14|2|1|1|1|1|1|1|1|1|1|1|1|1,0,0|2,2,6,10,4,251100200|125550100|60650356|28200484|12563408|5332730|2141490|806208|281112|89284|25220|6110|1196|169|13,6|7|6|11|12|9|8|25|14|15|14|17|16|15|14
14,13|13|2,0,0|4,2,8,10,2,208606320|65672360|20682336|6525246|2065908|657696|211068|68497|22572|7596|2632|951|366|156|78,8|9|12|9|8|17|10|13|12|15|16|15|14|19|16
14,13|11|4,0,0|2,2,8,13,5,5354228880|1827236840|623025656|212313068|72346832|24667544|8423272|2883881|991364|342774|119458|42064|15004|5434|2002,8|9|8|11|12|13|12|13|12|13|12|23|16|17|16
14,13|11|3|1,0,0|2,2,2,6,4,17059584150|5912183925|2041734357|703104462|241641468|82964250|28490670|9800154|3382434|1173771|410535|145125|52002|18927|6993,2|3|2|9|8|9|8|15|10|11|10|15|14|15|14
14,13|11|2|1|1,0,0|2,2,6,10,4,17946279000|6314431500|2207750220|767913120|266048640|91938210|31738590|10964655|3798300|1322460|464040|164610|59220|21645|7995,6|7|6|17|18|9|8|13|12|15|16|17|16|15|14
14,13|11|1|1|1|1,0,0|2,2,6,11,5,6246600360|2230928700|789405540|277212166|96775968|33646638|11672310|4048590|1407252|491456|172956|61545|22220|8151|3003,6|7|6|9|14|9|8|15|12|23|14|15|16|15|14
14,13|10|4|1,0,0|2,2,2,6,4,51534452970|18405161775|6550349883|2323523433|821638356|289721718|101902570|35763728|12528362|4381503|1529535|532455|184338|63063|21021,2|3|2|7|8|9|8|21|10|11|10|15|14|15|14
14,13|10|3|1|1,1,3|5|7|9,4,19,23,4,83729479680|30457152000|11008876032|3955938624|1413964800|502992192|178191360|62905752|22142592|7774704|2723040|950400|329472|112464|36960,22|21|20|19|24|19|26|19|22|19|20|29|28|23|24
14,13|10|2|1|1|1,0,0|2|4|6,4,10,17,7,59661407520|22096817600|8107832304|2949814296|1065101544|382031208|136248060|48360520|17098248|6025464|2116740|740520|257004|87516|28314,10|15|10|13|10|13|10|19|14|17|14|21|16|19|16
14,13|9|6,0,0|4,2,8,10,2,16062686640|5736673800|2047551264|730120182|259990452|92405880|32759740|11575032|4071696|1423836|493932|169455|57222|18876|6006,8|9|12|9|8|13|10|19|16|15|14|15|14|19|16
14,13|9|4|1|1,0,0|2,2,6,10,4,216531315000|80769617500|29944245100|11033590700|4040471600|1470278150|531510650|190802920|67967680|23994810|8376650|2880350|968440|313885|95095,6|7|6|11|12|9|8|19|20|13|12|17|18|15|14
14,13|9|3|3,0,0|4,2,6,8,2,110735188200|41305982900|15321747896|5650128211|2070888014|754211120|272854920|98011368|34930728|12336072|4307380|1480990|497588|160888|48412,6|7|8|7|6|15|12|19|14|17|14|17|16|21|18
14,13|9|3|1|1|1,0,0|2|4|6,4,10,17,7,240253860000|91525280000|34550793200|12927945800|4795581000|1763794200|643213100|232531950|83291880|29527120|10336200|3557400|1193500|383460|113190,10|19|10|13|10|13|10|15|14|19|16|21|16|19|16
14,13|9|2|2|1|1,0,0|4,2,10,12,2,224877612960|86262576400|32766050240|12326366052|4593470856|1695954000|620422920|224861455|80704316|28652148|10039428|3456090|1158300|370656|108108,10|11|14|11|10|15|12|13|12|15|14|17|16|25|18
14,13|9|2|1|1|1|1,0,0|4,2,10,12,2,130836420000|50880830000|19547184800|7422572300|2787296200|1035517600|380723200|138539375|49878500|17749740|6229000|2145550|718300|228800|65780,10|11|12|11|10|17|32|13|12|15|16|17|16|27|18
14,13|8|5|2,1,3|5,2,11,12,1,299836817280|113033720800|42412814752|15831585308|5875028912|2165721596|792231360|287188356|102978624|36431136|12668096|4304960|1416448|443872|128128,14|13|12|11|12|11|18|17|20|21|22|27|28|25|28
14,13|8|4|1|1|1,0,0|2,2,6,11,5,525861765000|204501797500|78834319300|30119313950|11400866400|4273277250|1584782650|580842295|210028720|74730750|26058750|8846475|2890800|890175|246675,6|7|6|9|14|9|8|13|16|13|12|15|20|15|14
14,13|8|2|2|1|1|1,1,3|5,2,15,16,1,441864783360|177096599680|70110291328|27412617232|10583361152|4033165136|1516217248|561757560|204794016|73269672|25612496|8681288|2813888|848848|224224,18|17|16|15|18|15|16|19|18|17|18|21|24|23|24
14,13|7|7|1,0,0|2,2,4,9,5,46849502700|17475608150|6499438946|2408781221|888934114|326326645|119004045|43035405|15396780|5432910|1882930|637285|208846|65351|19019,4|5|4|7|6|7|6|13|12|13|12|15|14|15|14
14,13|7|6|1|1,0,0|2,2,6,11,5,267868921320|102753951300|39193682220|14857669134|5593446252|2089086498|772997850|282836799|102080412|36217692|12572280|4240665|1375110|420849|117117,6|7|6|9|8|9|8|13|12|15|16|15|14|15|14
14,13|7|5|1|1|1,0,0|2,2,6,11,5,638856855000|251824527500|98426078100|38127582150|14627862500|5552668350|2082584550|770304150|280252140|99925560|34734000|11676825|3748050|1122615|298935,6|7|6|9|8|9|8|15|12|17|18|15|14|15|14
14,13|7|4|4,0,0|2,2,2,6,4,257672264850|100205880775|38742078991|14877334780|5668065370|2139591355|798913665|294469329|106849050|38026275|13203575|4437785|1425710|428285|115115,2|3|2|11|6|7|6|13|10|11|10|15|14|15|14
14,13|7|4|3|1,0,0|2,2,6,10,4,1418713175880|559228209540|218783240676|84880275480|32623366776|12406244994|4660809582|1726275551|628646172|224239050|77920878|26159364|8371044|2492919|657657,6|7|6|13|10|9|8|13|12|13|12|19|16|15|14
14,13|7|4|2|2,0,0|2|4|6,4,8,15,7,1188323856720|471557086000|185575850152|72367453004|27936833540|10663528568|4018368970|1491942298|544286512|194366928|67565120|22668800|7239232|2146144|560560,8|11|8|11|8|13|8|15|16|19|22|33|24|25|22
14,13|7|4|2|1|1,0,0|2,2,6,11,5,1967679113400|786030545300|311064681004|121872426522|47231982504|18086858790|6833656830|2542467851|928965268|332066826|115475850|38728305|12349260|3648645|945945,6|7|6|9|10|9|8|13|12|13|12|15|16|15|14
14,13|7|4|1|1|1|1,0,0|2,2,6,11,5,813701889000|329355526500|131801822460|52127115810|20361887700|7848395610|2981106370|1113772660|408210880|146207040|50879640|17048955|5418930|1589445|405405,6|7|6|9|8|9|8|17|20|23|16|15|14|15|14
14,13|7|3|3|2,0,0|2,2,4,9,5,967304438100|386409973950|153012837978|60007930983|23282777232|8926043295|3375970065|1257092109|459584664|164324916|57133440|19145610|6093648|1794078|462462,4|5|4|7|12|7|6|13|14|15|24|17|20|17|16
14,13|7|3|3|1|1,0,0|2|4|6,4,10,17,7,1328822258400|534341225600|212773810704|83837066040|32656294840|12560375880|4763103540|1777306986|650773200|232913520|81009600|27134640|8622540|2529540|647010,10|17|10|13|10|13|10|15|16|19|22|23|16|19|16
14,13|7|3|2|2|1,0,0|2,2,4,8,4,1739110327500|703925608750|281952465550|111669772550|43692016200|16868437425|6416673725|2400199095|880430040|315455140|109750200|36733200|11645200|3398850|859950,4|5|4|9|10|7|6|13|14|15|16|23|20|17|16
14,13|7|3|1|1|1|1|1,0,0|2,2,6,11,5,583816879800|242484788700|99279759348|40055989050|15917394780|6224662710|2392582950|902285181|332958360|119746620|41712300|13932765|4386690|1260765|308385,6|7|6|9|8|9|8|13|14|15|14|15|14|15|14
14,13|7|2|2|2|2,0,0|2,2,8,12,4,383013474480|157055789800|63648515112|25471199208|10055946992|3912107472|1497536040|562948750|207245892|74416986|25902870|8654310|2729412|787878|194922,8|9|8|13|12|15|12|15|12|13|12|17|16|17|16
14,13|7|2|1|1|1|1|1|1,0,0|2,2,6,11,5,223730278200|95292525900|39889005156|16406055666|6627180924|2627409330|1021241130|388503830|144273240|52083990|18158070|6046425|1886346|531531|124839,6|7|6|9|8|9|8|15|14|13|12|15|14|15|14
14,13|7|1|1|1|1|1|1|1|1,0,0|2,2,6,11,5,35775983880|15616500900|6679057308|2798435178|1148307636|461229006|181172390|69488125|25957120|9403590|3280746|1089165|336798|93093|21021,6|7|6|9|8|9|8|13|24|13|12|15|14|15|14
14,13|6|6|3,0,0|4,2,6,8,2,223730278200|87006219300|33655152960|12936199419|4935126690|1865880900|697839090|257561460|93523536|33273180|11533320|3863475|1235190|368940|98670,6|7|14|7|6|11|8|17|16|15|16|15|14|19|16
14,13|6|6|1|1|1,0,0|2|4|6,4,14,25,11,299836817280|118982864000|46824333248|18263670656|7054268320|2694806272|1016441840|377683236|137824848|49188048|17067680|5708780|1815968|536536|140140,14|17|14|21|14|23|14|17|16|19|20|19|22|21|18
14,13|6|4|4|1,1,3|5|7|9,4,21,25,4,886912266240|355468805120|141375331328|55732468352|21747663872|8386108544|3188956672|1192695504|437226240|156372384|54207424|18039472|5676352|1645072|416416,24|23|22|21|24|21|24|21|24|21|22|23|24|23|24
14,13|6|4|3|2,0,0|2,2,4,8,4,1970434966500|797557010250|320033283570|127163506470|49965140940|19381261185|7406299615|2780783005|1022250460|366187290|126963690|42182910|13217820|3798795|945945,4|5|4|9|8|7|6|13|12|13|12|17|16|15|14
14,13|6|4|3|1|1,0,0|2|4|6,4,14,25,11,2625101930880|1069485971840|431533850176|172275362688|67959168992|26448190912|10134071376|3813000620|1403858368|503349696|174559248|57958164|18126504|5189184|1281852,14|17|14|21|14|19|14|17|20|23|18|19|18|27|18
14,13|6|4|2|2|1,0,0|2,2,4,9,5,2782860460380|1141120030050|463130501526|185846582691|73642903092|28770047427|11058645015|4171249467|1538503428|552185802|191515590|63520875|19812276|5640921|1378377,4|5|4|7|8|7|6|13|12|13|12|15|16|15|14
14,13|6|4|1|1|1|1|1,0,0|2,2,10,14,4,824551247520|346835048560|143868587632|58813349056|23672814704|9369482408|3639797304|1384312468|513633736|184995300|64205876|21233828|6569948|1839838|434434,10|11|10|19|12|13|12|17|14|15|14|19|16|17|16
14,13|6|3|3|2|1,0,0|2|4|6,4,8,15,7,2436174140400|1005405200800|410550372232|165684931412|65992038268|25897606540|9992383050|3780380786|1397277056|502037424|174090000|57634500|17900652|5057052|1219218,8|13|8|11|8|11|8|15|22|19|18|19|16|19|16
14,13|6|3|3|1|1|1,1,3|11,2,23,29,6,1826952192000|761230080000|313392568320|127356253440|51023631360|20121254400|7794442240|2957976320|1095741440|394210560|136732800|45217200|14001600|3931200|936000,26|25|24|23|24|25|34|29|32|27|24|23|24|27|26
14,13|6|3|2|2|2,1,3|5|7|9,4,21,25,4,1316930334720|548720972800|226000681984|91902242432|36846881792|14541339008|5636646400|2140231408|793101568|285369056|98965440|32709600|10117184|2834832|672672,24|23|22|21|24|21|24|21|24|21|22|25|24|23|24
14,13|6|3|1|1|1|1|1|1,1,3|5|7|9,4,21,25,4,527185612800|228028697600|96985416704|40535352704|16632856576|6691646080|2634703360|1012604880|378497280|136862880|47494720|15621760|4770304|1302224|293216,24|23|22|21|32|21|24|21|24|21|22|29|30|23|24
14,13|6|2|1|1|1|1|1|1|1,0,0|2|4|6,4,14,21,7,180792144000|80352064000|35014957120|14950455520|6248783840|2553380960|1018181840|395182840|148729360|53974320|18725840|6126560|1847120|491920|105820,14|21|14|17|14|17|14|19|16|19|18|25|20|23|18
14,13|5|5|3|1|1,0,0|4,2,8,10,2,1461704484240|599376177400|243438939744|97821373650|38833376556|15202510440|5855459220|2212328937|816743340|293079528|101476480|33540045|10405626|2942940|714714,8|9|12|9|8|13|10|13|12|17|24|15|14|19|16
14,13|5|5|2|1|1|1,1,3|5,2,15,16,1,1325594350080|552330979200|227487528576|92524455408|37113285888|14656575024|5685784160|2160309648|800736384|287981064|99731184|32885160|10141824|2834832|672672,18|17|16|15|20|15|16|21|22|17|18|21|26|23|24
14,13|5|4|4|2,0,0|2,2,2,6,4,947107971810|388364379975|157851328635|63507569103|25249366494|9900268092|3818843820|1444572360|533706030|191541105|66274497|21866625|6762690|1903473|459459,2|3|2|7|6|11|10|19|10|11|10|15|14|15|14
14,13|5|4|4|1|1,0,0|2|4|6,4,12,19,7,1177930353600|486129987200|198680462816|80311500368|32058122096|12612102800|4878205640|1849252944|684263712|245788824|85054100|28039220|8653040|2425280|580580,12|17|12|15|12|15|12|21|18|17|14|19|20|27|18
14,13|5|4|3|1|1|1,0,0|4,2,8,10,2,2538749893680|1067886860040|443893754304|182124340398|73644276420|29292830424|11433291012|4365043683|1623256404|584634456|202293588|66451539|20335854|5609604|1303302,8|9|14|9|8|13|10|13|12|17|14|15|14|19|16
14,13|5|4|2|2|2,0,0|2,2,6,11,5,1515719205000|637564427500|265130565700|108850638050|44047962200|17533608950|6848134150|2615912145|973138320|350525280|121263100|39809275|12168200|3349775|775775,6|7|6|9|10|9|8|13|16|21|14|15|18|15|14
14,13|5|4|1|1|1|1|1|1,0,0|2,2,8,12,4,530068659120|231379176600|99347422680|41922614448|17364534264|7047932760|2796637800|1081467156|405794928|146850858|50806098|16583490|4998840|1339338|294294,8|9|8|15|10|13|12|17|16|13|12|17|18|17|16
14,13|5|3|3|3|1,0,0|4,2,6,8,2,1218087070200|512369958100|213157800856|87576237749|35470892938|14132903590|5524819820|2111932914|786001776|283135692|97906060|32105590|9794180|2688400|620620,6|7|8|7|6|9|10|15|16|15|14|17|16|23|18
14,13|5|3|3|2|2,0,0|2|4|6,4,10,17,7,1547687100960|655105651200|274073527728|113163202152|46032230088|18408249912|7217877420|2765623770|1030982400|371702520|128522772|42092820|12803868|3495492|798798,10|21|10|13|10|13|10|15|24|17|14|19|16|19|16
14,13|5|3|3|2|1|1,0,0|4,2,6,8,2,2861392505400|1218741252300|512605016352|212616030627|86820888258|34831228770|13693011930|5257282914|1962630864|708143796|244860840|80121690|24317172|6610032|1498068,6|7|12|7|6|9|8|15|16|15|16|17|16|23|18
14,13|5|3|3|1|1|1|1,0,0|4,2,8,10,2,1537637184720|663055188120|281868859584|117985240386|48554027964|19605843504|7748284284|2987041239|1118309004|404122284|139736340|45634275|13785390|3713580|827190,8|9|14|9|8|15|10|13|12|15|14|15|14|19|16
14,13|5|3|1|1|1|1|1|1|1,0,0|2|4|6,4,12,23,11,327544015680|147308155200|64988892000|28097806176|11888885808|4914237600|1979474760|774402174|292880232|106381512|36755532|11903760|3528360|917136|191268,12|15|12|17|12|17|12|15|14|17|14|23|18|23|18
14,13|5|2|2|2|2|2,0,0|4,2,10,12,2,359015136480|156712956400|67419448096|28540435924|11866616216|4835241320|1925465360|746694585|280674828|101606064|35098672|11410630|3414796|904904|196196,10|11|12|11|10|13|14|13|12|19|18|17|16|21|18
14,13|5|2|2|1|1|1|1|1|1,0,0|4,2,8,10,2,357759838800|161843736600|71814062880|31219422234|13276582956|5512394160|2228748340|874454490|331354296|120446424|41586300|13433805|3961650|1021020|210210,8|9|12|9|8|15|10|15|14|17|14|15|14|19|16
14,13|5|2|1|1|1|1|1|1|1|1,0,0|4,2,8,10,2,105055956720|48637017000|22028827392|9749851254|4210673220|1771005600|723586500|286182936|109032768|39736008|13709088|4405995|1284822|324324|64350,8|9|18|9|8|17|10|19|20|17|20|15|14|19|16
14,13|4|4|4|2|1,0,0|2,2,2,6,4,920258088750|387092688125|161106965525|66243730850|26859791750|10715277650|4193966700|1604807050|597585010|215226315|74341275|24325125|7396950|2022735|465465,2|3|2|9|6|9|10|15|10|11|10|15|14|15|14
14,13|4|4|3|2|2,0,0|2,2,6,10,4,1206388755000|513832247500|216325094700|89876186400|36778942200|14789539050|5827085550|2241275465|837563760|302172120|104319600|34021350|10272240|2773485|624195,6|7|6|17|10|9|8|13|16|17|18|17|20|15|14
14,13|4|4|2|2|1|1|1,0,0|4,2,6,8,2,1442964683160|629865536300|270974320232|114729748903|47721529702|19456405276|7753007570|3008278658|1131014192|409280928|141223600|45827320|13683824|3619616|784784,6|7|8|7|6|11|8|15|16|21|18|21|20|25|22
14,13|4|4|1|1|1|1|1|1|1,0,0|2,2,8,13,5,182530530000|82573335000|36653200200|15945960900|6788620200|2822278800|1142600800|448782565|170140960|61821870|21313050|6866700|2018040|518310|106470,8|9|8|11|10|15|16|13|18|13|12|19|18|17|16
14,13|4|3|3|3|1|1,1,3|5,2,11,12,1,1025757532800|443680837600|189458293024|79735059404|33006777856|13406235700|5326414600|2062095672|774013632|279792408|96496400|31321400|9366016|2487056|544544,14|13|12|11|22|11|12|19|20|17|18|21|30|23|24
14,13|4|2|2|1|1|1|1|1|1|1,1,3|5,2,15,16,1,156436600320|73458985600|33760890240|15162555408|6641541504|2830182576|1169494560|466617060|178729824|65198952|22393616|7118760|2038080|501072|96096,18|17|16|15|18|15|16|17|18|17|18|21|24|23|24
14,13|3|3|3|3|3,0,0|2,2,4,9,5,78817398660|34404420050|14829989174|6299910617|2631322122|1077554907|431164305|167852685|63229320|22880760|7875252|2541330|752004|196482|42042,4|5|4|7|6|7|6|13|14|17|14|17|16|17|16
14,13|3|3|3|2|2|2,0,0|2|4|6,4,10,17,7,287840124000|127928944000|56042718160|24151401560|10214575800|4227897960|1706639220|668909670|253129800|91790520|31565340|10139580|2971980|763620|158730,10|17|10|13|10|13|10|15|14|17|14|19|16|19|16
14,13|3|3|3|2|2|1|1,0,0|2,2,6,10,4,608019932520|271839599460|119698510932|51811505460|21995571312|9132818838|3695983434|1451458008|549992124|199565856|68615496|22014828|6436188|1646073|339339,6|7|6|11|12|9|8|19|12|21|16|19|16|15|14
14,13|3|3|3|2|1|1|1|1,0,0|2,2,2,6,4,478534206150|216479759925|96302817897|42055223067|17989322208|7516931565|3057761135|1205563359|458034654|166405701|57190245|18303285|5322702|1348347|273273,2|3|2|7|14|7|6|13|10|11|10|15|14|15|14
14,13|3|3|3|1|1|1|1|1|1,0,0|2|4|6,4,12,25,13,177176301120|81557344960|36841421344|16304884960|7055059024|2976633088|1220397464|484053570|184648464|67204368|23078132|7355936|2121056|529256|104468,12|15|12|17|12|23|12|15|16|19|14|25|22|21|18
14,13|3|3|2|2|2|2|1,0,0|2,2,6,11,5,343563019800|155421366100|69190823548|30250945494|12957989968|5422257610|2208531490|871630991|331365188|120394316|41351100|13214355|3833060|967395|195195,6|7|6|9|12|9|8|13|12|15|14|15|16|15|14
14,13|3|3|2|2|2|1|1|1,1,3|5|7|9,4,19,23,4,443456133120|202370854400|90775849472|39947571136|17206832896|7233709120|2957454720|1170558312|445866432|162139824|55670848|17757520|5130752|1285856|256256,22|21|20|19|20|19|20|19|20|19|22|23|30|25|30
14,13|3|3|2|2|1|1|1|1|1,0,0|2,2,2,6,4,310484431530|143742792375|65293978743|29049092856|12629926620|5351359365|2201805045|875696283|334631682|121864743|41814927|13294125|3814938|944541|184275,2|3|2|13|8|7|6|13|10|11|10|15|14|15|14
14,13|3|3|1|1|1|1|1|1|1|1|1,0,0|2,2,4,8,4,28315633500|13708362250|6481133890|2987113690|1339125700|582274990|244668930|98873390|38179130|13962795|4776035|1499795|419870|99605|18095,4|5|4|9|8|9|8|15|10|11|10|15|14|15|14
14,13|3|2|2|2|2|2|1|1,0,0|2,2,6,11,5,164068870680|75957810500|34543275052|15397842174|6710337920|2850128710|1175301270|468260650|179119688|65231694|22354182|7086915|2024352|498069|96525,6|7|6|9|18|9|8|15|14|13|12|15|22|15|14
14,13|3|2|2|2|2|1|1|1|1,0,0|2,2,6,10,4,162845865000|76253222500|35022796900|15746003000|6912542000|2954086850|1224230150|489594105|187747560|68447610|23442650|7412300|2105800|513175|97825,6|7|6|13|12|9|8|13|14|13|12|19|18|15|14
14,13|3|2|1|1|1|1|1|1|1|1|1|1,0,0|2,2,6,10,4,10937924712|5468962356|2664366276|1262068236|579764328|257457486|110070818|45065878|17545528|6433284|2191332|679536|185856|42471|7293,6|7|6|11|10|9|8|15|14|15|14|23|30|15|14
14,13|3|1|1|1|1|1|1|1|1|1|1|1|1,0,0|2,2,6,11,5,1441523160|743642900|372965516|181409074|85321096|38663746|16805690|6966498|2733192|1004388|340648|104335|27896|6149|1001,6|7|6|9|10|9|8|15|14|15|16|15|18|15|14
14,13|2|2|2|2|2|2|1|1|1,0,0|2|4|6,4,10,17,7,29529383520|14061611200|6565690768|2998791432|1335920248|578445400|242389940|97763120|37687832|13758136|4695768|1471140|411268|97812|18018,10|15|10|13|10|13|10|21|14|17|16|19|16|19|16
14,13|2|2|1|1|1|1|1|1|1|1|1|1|1,0,0|2|4|6,4,10,17,7,1444197600|748843200|377630928|184722408|87372792|39806520|17383860|7232004|2842944|1044576|353340|107640|28548|6228|1002,10|15|10|13|10|13|10|17|20|21|14|21|16|19|16
14,12|12|2|2,0,0|2|4|6,4,10,14,4,4589339040|1614767440|566149232|198001584|69165928|24171212|8467212|2980406|1057408|379656|138704|51964|20196|8294|3718,10|11|10|15|10|11|10|15|22|17|18|19|16|17|16
14,12|11|3|1|1,0,0|2,2,2,6,4,54211567410|19934941455|7296607791|2660550354|967368204|351148464|127433592|46315269|16894482|6201873|2299185|864765|332046|131274|54054,2|3|2|9|8|15|12|13|10|11|10|15|14|17|16
14,12|10|6,0,0|4,2,10,12,2,14602442400|5292419600|1920604512|697908684|253963272|92556840|33790320|12360621|4532292|1666656|615040|227940|84912|31824|12012,10|11|12|11|10|13|14|13|12|21|24|19|20|23|18
14,12|10|4|1|1,0,0|2,2,2,6,4,189199914750|71575629125|26968495785|10124611035|3789119460|1414434000|526997520|196145040|73000830|27201195|10162075|3812655|1439130|547470|210210,2|3|2|7|8|15|14|21|10|11|10|15|14|17|16
14,12|10|3|3,0,0|4,2,10,12,2,96376119840|36459749040|13744482048|5164029684|1934317800|722677752|269470872|100365265|37376988|13935384|5209284|1955844|738936|281424|108108,10|11|18|11|10|13|12|13|12|17|14|19|18|23|18
14,12|10|3|1|1|1,0,0|2|4|6,4,12,23,11,207870062400|80288436800|30797256864|11739907872|4450800464|1679589120|631518360|236854618|88729344|33251688|12488140|4709760|1787544|684112|264264,12|15|12|17|12|23|12|15|24|17|14|29|18|23|20
14,12|10|2|2|1|1,0,0|4,2,8,10,2,193819813200|75374371800|29089537776|11148420582|4246045596|1608583860|606808800|228216690|85695120|32181300|12109500|4575825|1740366|667602|258336,8|9|10|9|8|11|16|15|16|15|14|15|14|17|24
14,12|10|2|1|1|1|1,0,0|4,2,8,10,2,112438806480|44321116840|17298277920|6691443066|2568187212|979118604|371289972|140247380|52855992|19912284|7514388|2847339|1086030|417846|162162,8|9|12|9|8|11|10|17|14|15|14|15|14|17|16
14,12|9|7,0,0|4,2,8,10,2,16062686640|5906649320|2175686656|802686654|296574724|109718816|40632948|15058491|5582172|2068740|765940|283085|104346|38324|14014,8|9|24|9|8|17|10|13|12|15|14|15|14|19|16
14,12|9|6|1,1,5|7,2,19,20,1,124607508480|46975052800|17694570496|6659856896|2504536832|941012288|353196800|132409032|49567296|18522816|6906368|2567600|950848|350272|128128,24|23|24|25|20|19|22|19|20|23|28|23|24|27|28
14,12|9|5|2,0,0|2|4|6,4,10,14,4,341697152160|131074304400|50162866416|19151874144|7294267656|2771225964|1050170940|396935448|149628072|56243268|21074556|7867140|2922516|1078194|393666,10|11|10|17|10|11|10|19|14|15|14|19|16|17|16
14,12|9|4|3,1,5|7,2,19,20,1,373822525440|144880952320|55974483968|21554777088|8272355584|3163894208|1205904384|458040744|173379264|65398752|24577088|9196864|3422592|1263392|460096,24|23|24|27|20|19|26|19|20|21|22|27|26|25|26
14,12|9|3|3|1,0,0|4,2,6,8,2,618413435640|243766142620|95593578696|37293741177|14474673290|5589655896|2147954688|821494751|312752748|118539792|44726360|16791390|6263796|2314312|840840,6|7|8|7|6|13|30|13|12|19|16|17|16|21|20
14,12|9|3|2|1|1,0,0|4,2,8,10,2,1091317827600|435949714200|172923018576|68121765558|26658627996|10366416060|4006774200|1539865327|588617876|223848072|84694680|31867605|11907126|4402398|1597596,8|9|10|9|8|11|12|13|12|17|16|15|14|17|18
14,12|9|3|1|1|1|1,0,0|4,2,8,10,2,490804314000|198658889000|79679293760|31683415610|12496256300|4891093460|1900778220|733799605|281546980|107402360|40740140|15360455|5747830|2126410|770770,8|9|14|9|8|11|10|13|12|17|14|15|14|17|16
14,12|9|2|2|2|1,1,5|7,2,19,20,1,461780766720|186300441600|74557765632|29603169792|11664217344|4562331072|1772160000|683901400|262329536|100050048|37945152|14304960|5352192|1979328|716352,24|23|24|25|20|19|26|19|20|25|22|27|28|27|26
14,12|9|2|2|1|1|1,0,0|2|8|10,4,16,23,7,477291260160|194451994880|78460700032|31367134656|12430114944|4885068864|1905014592|737572680|283680048|108434016|41200200|15554880|5825952|2155296|779064,16|19|16|19|18|19|18|19|16|21|16|27|22|25|20
14,12|9|2|1|1|1|1|1,1,5|7,2,19,20,1,216423567360|89603937280|36651952128|14822320128|5930631424|2349534912|922358016|359082920|138736320|53229600|20287232|7678176|2880768|1066208|384384,24|23|24|29|20|19|22|19|20|21|26|25|28|25|28
14,12|8|6|2,0,0|2|4|6,4,14,18,4,397742716800|154677723200|60035353664|23251173088|8982903904|3460665520|1328800720|508203852|193431744|73189152|27488560|10227580|3759272|1359644|481052,14|15|14|17|14|15|14|17|20|21|18|19|18|19|18
14,12|8|5|3,0,0|2|4|6,4,10,14,4,674632838880|265926701040|104531022288|40960746288|15994135704|6220542420|2408451060|927693494|355194504|135034452|50895684|18977112|6977124|2516514|882882,10|11|10|15|10|11|10|15|14|15|14|21|16|17|16
14,12|8|5|2|1,1,3|5,2,11,12,1,1627129296000|647838516000|256863915360|101403078660|39847838160|15582024900|6060712320|2343464240|900110880|343066320|129554400|48368160|17792640|6414720|2246400,14|13|12|11|12|11|20|21|18|19|20|25|26|29|30
14,12|8|4|2|2,0,0|4,2,6,8,2,1661027823000|672320785500|270631932480|108309824805|43084133430|17028790350|6684864160|2605067465|1007063540|385804440|146248200|54726120|20137200|7238400|2511600,6|7|14|7|6|9|16|13|12|17|16|21|20|31|22
14,12|8|3|3|1|1,0,0|4,2,8,10,2,1818863046000|745830085000|303721257840|122805843930|49291483780|19634360460|7759048440|3040561755|1180802700|454006980|172564280|64678845|23804550|8538530|2942940,8|9|10|9|8|11|12|13|12|15|16|15|14|17|18
14,12|8|3|2|1|1|1,1,3|5,2,15,16,1,2243676864000|934865360000|386027480960|157967232720|64058600320|25740011440|10246739360|4039964500|1576743520|608634520|232015120|87120880|32077760|11485760|3935360,18|17|16|15|18|15|16|17|18|17|18|23|24|27|28
14,12|8|2|2|2|1|1,0,0|2|4|6,4,12,16,4,1049428860480|441426425440|183874287520|75839438752|30969875664|12520118520|5009983160|1983860060|777019376|300771492|114888564|43190532|15902040|5681676|1933932,12|13|12|17|12|13|12|17|16|15|14|19|18|19|18
14,12|8|2|2|1|1|1|1,0,0|2|4|6,4,12,16,4,785018520000|334359740000|140766568800|58586127600|24107298800|9808289400|3945762600|1569306050|616836000|239435460|91648900|34498200|12705000|4533100|1535820,12|13|12|15|12|13|12|15|18|15|14|21|18|19|18
14,12|7|7|1|1,0,0|2,2,4,9,5,196767911340|77561954470|30488214834|11949495789|4668607762|1817434521|704510793|271698336|104119512|39584790|14899430|5537070|2024484|724724|252252,4|5|4|7|6|7|6|23|14|13|12|17|16|19|18
14,12|7|6|3,1,5|7,2,19,20,1,587435397120|233886315520|92885084160|36777472512|14510007552|5700357312|2227974912|865407128|333604800|127400832|48086912|17882832|6523968|2320032|796224,24|23|24|25|20|19|22|19|20|25|24|23|24|25|26
14,12|7|5|2|2,0,0|4,2,6,8,2,2192556726360|899064266100|366764678280|148780635003|59983663974|24019128198|9544500810|3759683473|1466014284|564803064|214443096|79948440|29112336|10268544|3459456,6|7|8|7|6|9|8|13|12|17|16|21|20|29|28
14,12|7|4|4|1,0,0|2,2,2,6,4,1656464559750|679238113125|277210051965|112537935180|45415547430|18204750135|7241500365|2855156150|1114158210|429475095|163101255|60796395|22119570|7786350|2612610,2|3|2|11|6|7|6|15|10|11|10|15|14|17|16
14,12|7|3|3|1|1|1,0,0|4,2,8,10,2,3155170590000|1343868955000|567391360800|237376462950|98358764900|40340668500|16363851900|6558285855|2593272660|1009732860|386037000|144294975|52375950|18253950|5984550,8|9|12|9|8|11|10|13|12|15|16|15|14|17|16
14,12|7|3|2|2|2,0,0|2,2,4,8,4,2257043688900|961333423050|406047395754|169983415602|70485479064|28930261815|11743486755|4709411707|1863115716|725694102|277497150|103721310|37635444|13105092|4288284,4|5|4|9|10|7|6|13|12|13|12|17|16|19|18
14,12|7|3|1|1|1|1|1|1,0,0|2,2,8,13,5,883447765200|390306287800|170152686792|73193860740|31063879000|13003396560|5366128680|2181333539|872374800|342591570|131720330|49348530|17874780|6174740|1981980,8|9|8|11|10|15|12|13|16|13|12|17|16|19|18
14,12|7|2|2|2|1|1|1,1,5|7,2,19,20,1,1514964971520|663298155520|287084937216|122786797056|51873572608|21635270592|8902238592|3610333272|1441203456|565167456|217068992|81269232|29428608|10167872|3267264,24|23|32|25|20|19|20|19|24|21|22|23|26|27|26
14,12|6|6|4,0,0|4,2,10,12,2,353379106080|143034400080|57731531616|23220460956|9299679048|3704983128|1466613808|576007971|224047692|86110488|32604768|12113838|4391772|1540968|516516,10|11|12|11|10|13|14|13|12|17|20|17|16|21|18
14,12|6|6|3|1,0,0|4,2,6,8,2,1405485081000|576323247500|235311494880|95612455785|38634640470|15511367460|6180942270|2441080985|953791860|367840620|139594840|51913455|18808350|6580860|2192190,6|7|12|7|6|11|8|13|12|15|16|15|14|19|16
14,12|6|6|2|1|1,0,0|4,2,12,14,2,1719652334400|714247133600|294909526912|121001464584|49307685232|19940445200|7994934480|3173772784|1245237728|481758984|183210160|68194610|24693372|8618324|2854852,12|13|16|13|12|15|14|21|18|17|18|17|16|19|18
14,12|6|6|1|1|1|1,0,0|4,2,12,14,2,667818365760|280907725280|117255532352|48561920792|19947844336|8122256464|3275330912|1306441724|514560368|199655400|76075440|28340970|10257492|3571932|1177176,12|13|14|13|12|15|16|17|16|17|18|17|16|19|20
14,12|6|5|3|1|1,0,0|4,2,8,10,2,4821640583760|2028150404280|847760981760|351934712514|144992471148|59226720480|23958761580|9583600698|3783226608|1470113064|560395584|208550727|75244950|26038584|8486478,8|9|18|9|8|17|10|15|16|17|22|15|14|21|16
14,12|6|5|2|1|1|1,1,3|5,2,15,16,1,4252231226880|1816760167040|769884029824|323458913232|134655010048|55498937936|22622185248|9106351800|3613075200|1409307480|538503056|200562928|72275904|24910912|8048768,18|17|16|15|20|15|16|19|24|17|18|23|24|27|28
14,12|6|4|4|2,0,0|2,2,2,6,4,2525188195530|1062182336215|444297459067|184660335475|76189373722|31171380625|12629290135|5058827081|1999264190|777456981|296422805|110258225|39720758|13703690|4442438,2|3|2|7|6|7|6|13|10|11|10|15|14|17|16
14,12|6|4|4|1|1,0,0|2|4|6,4,12,19,7,3118050936000|1319809920000|555056214240|231773960880|96012911280|39416886960|16016427240|6431041540|2546466560|991676520|378448140|140814960|50707800|17468880|5645640,12|23|12|15|12|15|12|17|24|17|14|23|18|23|20
14,12|6|4|3|1|1|1,0,0|4,2,8,10,2,6388568550000|2754858925000|1177971956000|499183014750|209483426500|86974040000|35681983500|14442536150|5755430800|2251935000|861854700|320902125|115313850|39483600|12598950,8|9|12|9|8|19|10|15|16|17|14|15|14|23|16
14,12|6|4|2|2|2,0,0|2,2,4,9,5,3761739481500|1622125755250|693893189990|294231252315|123565163540|51340737175|21078011955|8536793720|3403660540|1332208710|509930750|189844270|68186580|23323300|7427420,4|5|4|7|8|7|6|19|12|13|12|17|16|19|18
14,12|6|4|1|1|1|1|1|1,0,0|2,2,8,12,4,1271423427120|568440632760|250921131384|109330130448|47000492280|19921748112|8317243536|3415385456|1376700472|543192930|208944330|77890890|27883548|9442356|2942940,8|9|8|15|10|15|14|21|14|13|12|17|16|19|18
14,12|6|3|3|3|1,0,0|4,2,8,10,2,2837426351760|1223546283960|523601590512|222176192238|93386756892|38838809724|15960282624|6469482019|2581131476|1010695896|386903916|143992431|51666714|17637906|5597592,8|9|10|9|8|11|24|13|12|17|14|15|14|17|20
14,12|6|3|3|2|2,0,0|2|4|6,4,8,15,7,3564971570160|1546707242080|665548416456|283795355844|119802945724|50012225340|20617671690|8379576436|3350268768|1313894232|503433644|187394592|67187736|22886864|7231224,8|13|8|11|8|11|8|17|18|17|14|25|18|23|20
14,12|6|3|3|2|1|1,0,0|4,2,8,10,2,6558930378000|2863025165000|1238428563680|530461372210|224798884940|94152407300|38922066260|15855021875|6350502620|2493826440|956323200|356057625|127592850|43393350|13663650,8|9|12|9|8|11|10|13|12|17|24|15|14|17|16
14,12|6|3|3|1|1|1|1,0,0|4,2,8,10,2,3487293810000|1540682715000|673443698400|291080824650|124318217100|52415015400|21789454500|8916889520|3584544480|1411399260|542117100|201922875|72274950|24495900|7657650,8|9|12|9|8|13|10|21|18|15|14|15|14|19|16
14,12|6|3|1|1|1|1|1|1|1,0,0|2|4|6,4,12,21,9,706758212160|325333145280|147478606176|65817022656|28903285488|12480948480|5294141160|2202718826|897093032|356559720|137699604|51326352|18271176|6102096|1849848,12|15|12|19|12|23|12|15|14|17|14|23|18|23|20
14,12|6|2|2|2|2|2,0,0|4,2,10,12,2,766026948960|342482948080|151459459424|66195228372|28562789528|12154138360|5093350080|2098427695|848052212|335170584|128988384|48029772|17133984|5761392|1773408,10|11|12|11|10|13|18|13|12|17|20|19|22|23|24
14,12|6|2|2|1|1|1|1|1|1,0,0|4,2,8,10,2,745767594000|345262775000|157397331520|70623442890|31170100780|13520965640|5758023180|2403647415|981451980|390780720|151040260|56278145|19993050|6646640|1997710,8|9|14|9|8|13|10|13|12|19|14|15|14|23|16
14,12|6|2|1|1|1|1|1|1|1|1,0,0|4,2,8,10,2,214655903280|101649224040|47281959648|21594643686|9678934020|4254277608|1831891404|771647639|317298828|126967680|49208544|18336087|6490638|2138136|630630,8|9|12|9|8|13|10|13|12|25|20|15|14|21|16
14,12|5|5|4|1|1,0,0|4,2,10,12,2,2182635655200|929641112400|393460718112|165349974636|68929505832|28469806200|11633091360|4693820285|1865736180|728345520|278115600|103298580|37022832|12648636|4036032,10|11|12|11|10|13|16|13|12|19|18|19|20|19|26
14,12|5|5|3|3,0,0|2|4|6,4,8,12,4,1342381669200|571755155400|242087634360|101803512096|42472700244|17557121790|7179834870|2899058370|1153000584|450277056|171956640|63855000|22870980|7803510|2483910,8|9|8|17|8|9|8|15|14|23|20|21|16|17|16
14,12|5|5|3|2|1,1,5|7,2,19,20,1,5079588433920|2183685504000|932188207104|394829664768|165757751040|68891245632|28302332160|11471573288|4576299840|1791139392|684926592|254414160|91029312|30970368|9801792,24|23|24|25|20|19|22|19|20|23|24|23|24|33|26
14,12|5|5|3|1|1|1,0,0|2|8|10,4,18,25,7,3598041807360|1561055175680|671722334976|286475718144|120984781824|50539142784|20852140032|8481870992|3393163872|1330803936|509527760|189318360|67677456|22966944|7231224,18|23|18|25|24|21|28|21|18|21|18|21|20|25|20
14,12|5|5|2|2|1|1,0,0|2|4|6,4,14,18,4,3897878624640|1701454955200|736265962432|315614979680|133904564768|56162998736|23253500400|9486255324|3803738064|1494297168|572643904|212773660|75977264|25713116|8052044,14|15|14|17|14|15|14|17|16|19|22|19|20|19|18
14,12|5|5|2|1|1|1|1,0,0|2|4|6,4,14,18,4,2517768489600|1112347454400|486399670848|210398138496|89962056288|37984012560|15815077200|6481574736|2608420752|1027431216|394348080|146570760|52270848|17628156|5480748,14|15|14|21|14|15|14|21|16|19|18|21|28|19|18
14,12|5|4|4|1|1|1,0,0|4,2,10,12,2,2944825884000|1285439870000|556460627360|238708802420|101372916920|42564812840|17642897360|7204646295|2891131980|1136274480|435419760|161669640|57635160|19450860|6066060,10|11|12|11|10|13|14|13|12|19|18|21|18|19|18
14,12|5|4|3|3|1,1,5|7,2,21,22,1,4492153036800|1954918451200|844422385664|361675911168|153427515904|64373628800|26668761600|10886409872|4367300224|1715974272|657363200|243984400|86936256|29318432|9133696,26|25|26|31|22|21|24|21|22|25|26|23|24|25|28
14,12|5|4|3|2|1|1,1,5|7,2,19,20,1,9594778152960|4226271329280|1845149644800|797769358848|341216745216|144184859712|60094694656|24653951560|9929464384|3912487488|1501218432|557273376|198232320|66567072|20564544,24|23|24|25|20|19|22|19|20|23|24|25|28|25|26
14,12|5|4|3|1|1|1|1,1,5|7,2,21,22,1,4918717440000|2192602880000|967287705600|422018227200|181920345600|77389276800|32437939200|13369784400|5404464000|2135113920|820470400|304623600|108196800|36192000|11094720,26|25|26|27|22|21|26|21|22|23|24|23|24|31|26
14,12|5|4|2|2|1|1|1,1,5|7,2,21,22,1,5968043827200|2676146636800|1187196215296|520630003712|225476066816|96314840960|40515022080|16748634448|6786121216|2685321408|1032738560|383366480|135965824|45330688|13808704,26|25|28|29|22|21|22|21|26|23|26|23|26|31|26
14,12|5|3|3|3|2,0,0|4,2,6,8,2,2364521959800|1044643299700|457660587384|198605660253|85262943194|36157694430|15119375700|6220168955|2510715900|990719100|380323160|141077475|50065554|16734718|5129124,6|7|8|7|6|9|10|13|12|15|16|15|14|17|18
14,12|5|3|3|3|1|1,0,0|2|8|10,4,18,25,7,3500135907840|1555615959040|685069335808|298636642304|128708419840|54764634496|22964637696|9469704816|3829337952|1513015392|581252784|215624904|76460736|25506624|7787208,18|25|18|29|20|21|30|21|18|21|18|21|24|27|20
14,12|5|3|3|2|2|1,0,0|4,2,6,8,2,5565720920760|2488377871980|1101817930752|482673213099|208939316850|89244594714|37546712082|15525128619|6291481812|2489578308|957164040|355043205|125745642|41830074|12702690,6|7|22|7|6|9|8|13|12|15|16|15|14|17|16
14,12|5|3|3|2|1|1|1,1,5|7,2,19,20,1,5843436318720|2635729873920|1176059934720|518638450176|225801444096|96921813312|40945588992|16988019048|6902592576|2736557568|1053222912|390698352|138207168|45837792|13837824,24|23|24|25|20|19|22|19|20|29|32|23|24|25|32
14,12|5|3|3|1|1|1|1|1,0,0|4,2,10,12,2,2473653742560|1132121950960|511644620256|228163271028|100300763640|43410687144|18467765184|7706106793|3145162020|1250845848|482235488|178885938|63139692|20828808|6222216,10|11|12|11|10|13|18|13|12|17|20|17|16|21|20
14,12|5|3|2|2|2|2,0,0|4,2,12,14,2,2101797297600|950813063200|425594705536|188286426328|82227853136|35395886240|14991307760|6233114888|2536887584|1006885208|387697520|143763950|50780356|16790488|5041036,12|13|16|13|12|17|14|19|18|17|18|17|16|21|18
14,12|5|3|2|1|1|1|1|1|1,0,0|4,2,10,12,2,1766895530400|827355843600|381683952672|173359212444|77450084712|33993839880|14634711520|6166631471|2535997772|1013881176|391902000|145296690|51044532|16660644|4876872,10|11|12|11|10|13|16|13|12|17|18|17|16|19|20
14,12|5|3|1|1|1|1|1|1|1|1,0,0|4,2,10,12,2,394265944800|188788719600|88853455008|41078037924|18638590968|8290611000|3609579600|1534998465|635746980|255408120|98960400|36667710|12824028|4143204|1189188,10|11|12|11|10|13|14|13|12|17|18|17|16|19|18
14,12|5|2|2|2|2|2|1,1,5|7,2,21,22,1,1053184204800|486192179200|221721636864|99770431488|44240095744|19300894080|8269347840|3471213200|1423309440|567786240|219148160|81191760|28530624|9327968|2743104,26|25|26|29|22|21|26|21|22|27|24|23|24|25|26
14,12|5|2|2|2|1|1|1|1|1,1,5|7,2,19,20,1,979058995200|462333414400|215058257920|98453459456|44310266624|19578478400|8478030080|3589785160|1481821504|593886336|229773440|85104800|29793280|9655360|2791360,24|23|24|25|20|19|22|19|20|25|24|25|32|27|26
14,12|5|2|2|1|1|1|1|1|1|1,0,0|2|8|10,4,18,25,7,433901145600|208915366400|98870124288|45955468416|20958183168|9366015360|4094588160|1747233904|725551008|291976704|113190160|41902080|14612928|4694976|1335048,18|21|18|21|20|21|22|21|18|29|18|41|24|27|20
14,12|5|2|1|1|1|1|1|1|1|1|1,1,5|7,2,19,20,1,113772072960|56133575680|27158046720|12874025472|5973629184|2709684672|1199590656|517143480|216431040|87554880|34022912|12580896|4362240|1384032|384384,24|23|24|25|20|19|22|19|20|23|28|25|36|25|28
14,12|4|4|4|2|2,0,0|2,2,2,6,4,1461586376250|645727314375|283001669775|122901436350|52817445450|22426470000|9390105450|3867883635|1562684310|616868325|236712525|87681825|31035510|10334610|3153150,2|3|2|9|6|15|8|13|10|11|10|15|14|17|16
14,12|4|4|3|3|1|1,0,0|2|4|6,4,10,14,4,2923408968480|1307026761040|579089599088|253976682960|110116557928|47122163660|19863661740|8228050194|3338874840|1322017704|508044040|188106380|66392172|21971950|6628622,10|11|10|15|10|11|10|15|14|17|16|19|16|17|16
14,12|4|4|3|2|1|1|1,1,5|7,2,19,20,1,4544894914560|2062035655680|925626949632|410686036992|179878661376|77656131648|32980804224|13746074776|5604955776|2226728448|857192448|317308464|111691008|36736128|10954944,24|23|28|27|20|19|20|19|22|29|32|23|28|29|26
14,12|4|4|2|2|2|1|1,0,0|4,2,6,8,2,2884943061000|1320357538500|597560123160|267136354485|117808118610|51169610700|21846463470|9145262035|3741656940|1489902120|574135800|212418360|74582640|24401520|7207200,6|7|8|7|6|11|8|13|12|17|16|21|20|23|24
14,12|4|4|2|2|1|1|1|1,0,0|4,2,10,12,2,2391880065120|1107351882000|506218003200|228290140260|101441625480|44347364568|19037322720|8004919923|3286435572|1311779448|506117304|187223760|65610144|21371376|6259344,10|11|18|11|10|13|16|13|12|17|16|23|22|23|22
14,12|4|3|3|3|2|1,1,3|5,2,11,12,1,2625101930880|1191018468640|535116932064|237787068948|104350188800|45143757516|19212126648|8022045460|3275585280|1302350760|501329776|185370768|65085504|21315008|6314880,14|13|12|11|20|11|12|17|24|17|18|23|24|27|28
14,12|4|3|3|3|1|1|1,0,0|2|4|6,4,10,14,4,2176071337440|995926829040|450890483472|201699875520|89027751384|38707189092|16542269172|6931080156|2837697192|1130346360|435529704|161019144|56450196|18423834|5423418,10|11|10|19|10|11|10|17|14|17|16|21|16|17|16
14,12|4|3|3|2|2|2,0,0|4,2,8,10,2,1818863046000|832442611000|377008779840|168745243590|74532096100|32427528540|13867783380|5813876530|2381369760|948835440|365607760|135133845|47344770|15433990|4534530,8|9|14|9|8|11|10|15|18|19|18|15|14|17|16
14,12|4|3|3|1|1|1|1|1|1,0,0|4,2,10,12,2,1060137318240|502022698320|234291641760|107661314772|48652536504|21588042960|9386527920|3988813367|1650978252|662544036|256184376|94605588|32931360|10582572|3027024,10|11|12|11|10|15|14|13|12|15|16|19|22|19|22
14,12|4|3|2|1|1|1|1|1|1|1,1,3|5,2,15,16,1,700917235200|340260086400|162426229632|76170981456|35049086592|15798865680|6962086560|2991188200|1248492960|503818920|195262320|71992080|24892992|7889856|2201472,18|17|16|15|18|15|16|19|18|17|18|23|24|27|28
14,12|4|2|2|2|2|2|2,0,0|2|4|6,4,12,16,4,307727259840|145722697120|68120820768|31389422064|14233322896|6338571720|2765713080|1178907730|489095208|196533036|75989116|28010928|9710448|3098524|876876,12|13|12|15|12|13|12|15|14|15|14|23|20|19|18
14,12|4|2|2|2|1|1|1|1|1|1,0,0|2|4|6,4,10,14,4,429311806560|210112921200|101116297296|47794754448|22156913688|10056137364|4458248340|1925086618|806577408|326252556|126516516|46569600|16030476|5039034|1387386,10|11|10|15|10|11|10|15|24|15|14|29|16|17|16
14,12|4|2|2|1|1|1|1|1|1|1|1,0,0|2|4|6,4,10,14,4,171909747360|85954873680|42169314096|20276534304|9542378664|4387535100|1966561740|856737648|361378368|146817684|57034044|20963772|7176276|2230254|601614,10|11|10|17|10|11|10|21|20|15|14|19|16|17|16
14,12|3|3|3|3|2|2,0,0|4,2,8,10,2,482555502000|223405325000|102340260880|46319769210|20677945860|9086297220|3920510880|1656042960|682245960|272805120|105202620|38782755|13494690|4345770|1252680,8|9|10|9|8|11|16|21|14|27|14|15|14|17|20
14,12|3|3|3|2|2|1|1|1,0,0|2,2,2,6,4,1082223512370|512481504535|239569136499|110405527617|50078454888|22312550337|9741459651|4154794721|1724409918|692956467|267802955|98605815|34122858|10864854|3069066,2|3|2|7|10|7|6|13|10|11|10|15|14|17|16
14,12|3|3|3|1|1|1|1|1|1|1,0,0|4,2,10,12,2,219036636000|107200470000|51605994240|24408160380|11325788280|5146234560|2284335240|987510755|414089940|167537700|64932780|23864220|8193600|2566980|704340,10|11|18|11|10|19|12|13|12|15|14|19|24|19|18
14,12|3|3|2|2|2|2|1|1,0,0|2,2,8,13,5,675577702800|323490910600|152828489528|71130223164|32557224128|14624055160|6429817680|2758372617|1149931596|463415922|179263490|65915410|22712316|7172308|1997996,8|9|8|11|16|13|14|13|12|13|12|17|16|19|18
14,12|3|3|2|2|2|1|1|1|1,0,0|2,2,2,6,4,652546644750|315915439125|150699233685|70735682160|32615900460|14743313325|6516798145|2807774970|1174377270|474299595|183645075|67489455|23198010|7288710|2012010,2|3|2|15|8|7|6|15|10|11|10|15|14|17|16
14,12|3|3|1|1|1|1|1|1|1|1|1|1,0,0|2,2,4,8,4,28315633500|14607271250|7380042890|3646834730|1759658780|827377760|378099040|167364120|71439390|29230245|11370205|4155745|1402390|424930|110110,4|5|4|9|8|17|16|19|10|11|10|15|14|17|16
14,12|3|2|2|2|1|1|1|1|1|1|1,1,5|7,2,19,20,1,113772072960|57638497280|28662968320|13971460608|6663577856|3102868288|1406730624|618767240|262872064|107216928|41644288|15228464|5155200|1573312|413504,24|23|26|25|20|19|20|19|28|21|26|23|26|27|26
14,12|2|2|2|2|2|2|2|1|1,0,0|4,2,8,10,2,36459749040|18229874520|8974707456|4342043134|2059844644|955626100|432177460|189777445|80516788|32796236|12717356|4640603|1567126|477334|125554,8|9|18|9|8|11|10|13|12|15|14|15|14|17|16
14,12|2|2|2|2|2|2|1|1|1|1,0,0|4,2,8,10,2,39083007600|19748292200|9813223056|4786843698|2287187396|1067661660|485353440|214020807|91086996|37175292|14425180|5259165|1770966|536458|139776,8|9|10|9|8|11|16|13|12|15|14|15|14|17|32
14,12|2|2|2|1|1|1|1|1|1|1|1|1|1,0,0|4,2,8,10,2,5048272944|2711109544|1423871856|729992274|364523588|176811492|83023512|37578398|16305432|6733584|2620904|948519|312906|91234|22308,8|9|10|9|8|11|12|15|14|19|16|15|14|17|18
14,12|2|2|1|1|1|1|1|1|1|1|1|1|1|1,0,0|4,2,8,10,2,1235591280|683170840|368716128|193844574|99022756|49004268|23407164|10741654|4707912|1955448|761684|274197|89298|25454|6006,8|9|12|9|8|11|10|15|14|17|14|15|14|17|16
14,11|11|5|1,0,0|4,2,10,12,2,34072365600|12709533200|4739345408|1767441788|659522072|246406160|92252160|34648341|13073676|4965324|1902880|738220|291088|117208|48412,10|11|22|11|10|15|28|13|12|15|20|19|20|21|18
14,11|11|4|2,0,0|4,2,10,12,2,66721929120|25241364720|9531704160|3594342708|1354266648|510214608|192397608|72713277|27589188|10532916|4058100|1584000|629640|256608|108108,10|11|12|11|10|15|12|13|12|15|14|29|18|25|18
14,11|11|4|1|1,0,0|2|4|6,4,12,21,9,75932700480|28926743040|10986599520|4162855008|1574725776|595246704|225090632|85271914|32421664|12401352|4786788|1872084|745848|304824|128856,12|21|12|17|12|15|12|15|18|17|14|19|18|21|20
14,11|11|3|1|1|1,0,0|2,2,2,6,4,83051391150|32297763225|12487116369|4803991920|1840925580|703535820|268521760|102537526|39259990|15114435|5871915|2313180|930150|385320|166530,2|3|2|15|8|11|16|15|10|11|10|19|14|21|16
14,11|11|2|2|2,0,0|4,2,8,10,2,42068941200|16360143800|6328319360|2436356054|934367940|357357000|136490640|52153530|19980576|7696740|2992180|1179805|475090|197340|85800,8|9|16|9|8|13|14|15|18|15|14|15|14|19|20
14,11|11|1|1|1|1|1|1,0,0|4,2,8,10,2,9553624080|3866943080|1546777232|612373762|240367556|93719912|36376132|14089712|5462072|2126852|835660|333355|136202|57772|26026,8|9|10|9|8|13|10|21|14|15|14|15|14|19|16
14,11|10|5|2,1,3|5,2,15,16,1,233639078400|90550595200|35061076352|13565643408|5246408896|2028884720|784959360|304034640|117996000|45938520|17967680|7073320|2809152|1128608|460096,18|17|16|15|16|15|20|21|18|17|22|21|24|25|26
14,11|10|4|1|1|1,0,0|2,2,2,6,4,391527986850|156404037075|62182356951|24619060323|9712639716|3821041380|1500309720|588561337|230982266|90833697|35866185|14256660|5723586|2330328|966966,2|3|2|7|8|11|12|13|10|11|10|19|14|21|16
14,11|10|2|2|1|1|1,1,3|5,2,13,14,1,317474277120|130601190720|53293555392|21587033160|8686829184|3476238744|1385012784|550193644|218298080|86693040|34552224|13867524|5629536|2325180|984984,16|15|14|13|18|13|14|17|18|19|20|19|22|19|20
14,11|9|6|2,0,0|2|4|6,4,10,14,4,394265944800|155411708400|61243606224|24130100016|9506517912|3745369620|1475812980|581690718|229376712|90508644|35745300|14133780|5596884|2220426|882882,10|11|10|15|10|11|10|15|14|15|14|19|16|17|16
14,11|9|5|3,0,0|2|4|6,4,14,18,4,642507465600|256663035200|102419403328|40825163808|16255809632|6466238320|2569855440|1020611284|405156224|160824096|63862480|25383380|10105128|4032028|1613612,14|15|14|17|14|15|14|17|22|21|18|19|18|19|18
14,11|9|5|2|1,1,3|5,2,15,16,1,1542017917440|622110403200|250381785984|100544385744|40290740928|16115029776|6434873280|2566026092|1022244352|407022984|162066624|64574400|25765344|10302864|4132128,18|17|16|15|16|15|18|17|26|17|22|27|22|23|24
14,11|9|4|2|2,0,0|4,2,8,10,2,1537637184720|630512602200|257587083936|104852565558|42532561188|17196750792|6932432520|2787498441|1118558844|448229376|179507232|71912835|28848582|11601252|4681404,8|9|12|9|8|13|12|13|12|35|20|15|14|19|18
14,11|9|3|3|1|1,0,0|4,2,6,8,2,1664959249800|691530693700|285773958008|117518086455|48100762710|19601699040|7956138960|3218112975|1297993620|522472860|210083720|84478240|34014288|13730640|5562480,6|7|8|7|6|17|14|13|12|15|16|25|20|23|22
14,11|9|3|2|1|1|1,1,3|5,2,13,14,1,2040906067200|861175972800|360809266752|150153684120|62093520000|25528190760|10440210960|4250257200|1723839840|697235040|281551680|113657940|45932832|18610020|7567560,16|15|14|13|18|13|14|21|18|21|22|19|22|19|20
14,11|9|2|2|2|1|1,0,0|2|4|6,4,12,16,4,947563531200|403591874400|170561435616|71538523056|29790796464|12323127960|5066722440|2072211570|843810000|342481500|138729780|56166660|22764456|9250956|3773484,12|13|12|15|12|13|12|15|16|15|14|19|18|19|18
14,11|9|2|2|1|1|1|1,0,0|2|4|6,4,12,16,4,706758212160|304766107360|130162023200|55086394176|23115363216|9623847288|3978624408|1634764208|668316352|272178252|110582676|44892936|18242136|7431996|3039036,12|13|12|19|12|13|12|21|20|15|14|21|18|19|18
14,11|8|8|1,0,0|4,2,8,10,2,49717839600|19334715400|7529915536|2937158510|1147586700|449129460|176057700|69112563|27160500|10680360|4199660|1649945|647086|253110|98670,8|9|10|9|8|11|10|13|12|17|14|15|14|17|16
14,11|8|7|2,1,3|5,2,13,14,1,330432410880|131561052480|52389070272|20865632040|8311787424|3311335752|1319179392|525419424|209158176|83180520|33029280|13085820|5168592|2033460|796224,16|15|14|13|14|13|20|23|18|17|20|19|20|19|26
14,11|8|6|3,0,0|2|4|6,4,10,14,4,824551247520|333746933520|135008940528|54576126528|22043408904|8894468748|3584595388|1442554036|579511240|232306116|92878380|37012800|14690148|5800938|2276274,10|11|10|19|10|11|10|17|14|15|14|27|16|17|16
14,11|8|6|2|1,1,3|5,2,13,14,1,1908052473600|779878590400|318171827008|129571344056|52670736608|21371052920|8654443840|3497374412|1410047744|566984712|227279360|90769700|36089200|14270620|5605600,16|15|14|13|14|13|18|17|24|17|28|19|20|19|24
14,11|8|5|4,1,3|5,2,15,16,1,856676620800|350149571200|142978177408|58313825680|23749750720|9656651440|3918878080|1586878720|640971040|258160680|103635200|41441840|16494368|6526520|2562560,18|17|16|15|16|15|20|29|18|17|26|23|22|21|32
14,11|8|5|3|1,1,3|5,2,15,16,1,3598041807360|1489665457280|615269542272|253484834064|104159282880|42682112976|17439317568|7103469604|2883855744|1166585112|470040256|188537448|75225216|29820648|11723712,18|17|16|15|16|15|18|17|22|17|22|21|26|21|26
14,11|8|5|2|2,1,3|5|11|13,4,25,34,9,2776967331840|1157069721600|480628961280|199017282048|82142920704|33791826432|13853864960|5659668352|2303540224|933857280|376959744|151431840|60493824|24002784|9442368,28|27|26|25|34|25|26|27|28|33|26|25|36|25|26
14,11|8|5|2|1|1,1,3|5,2,11,12,1,4497552259200|1885878394400|787611644512|327644485476|135770383312|56043387620|23043643200|9437500660|3849369440|1563375240|632037280|254223860|101660592|40367756|15887872,14|13|12|11|12|11|18|17|18|17|20|19|20|19|32
14,11|8|5|1|1|1|1,1,3|5,2,15,16,1,1763745984000|748892144000|316160620160|132750162160|55450968000|23046887760|9532357120|3923741640|1607336640|655197480|265699840|107145280|42933440|17074200|6726720,18|17|16|15|16|15|24|19|20|17|28|27|24|21|26
14,11|8|4|3|2,0,0|4,2,8,10,2,4385113452720|1844531849160|773150650272|322877460906|134318435004|55653397488|22963788744|9434726301|3859055508|1571132052|636500592|256470291|102703062|40816776|16060044,8|9|12|9|8|15|12|13|12|15|18|15|14|21|18
14,11|8|4|2|2|1,0,0|4,2,6,8,2,6040717511400|2572898199300|1090426955904|459818100027|192917537514|80526276090|33440219280|13814941257|5677417116|2320735212|943363800|381180690|152982324|60895692|23979384,6|7|16|7|6|9|14|13|12|15|16|17|16|19|20
14,11|8|4|2|1|1|1,1,3|5,2,13,14,1,5494747104000|2362159800000|1009114666560|428448386520|180813949920|75854627640|31636085760|13117711320|5407752000|2216357640|902936160|365513940|146908080|58538700|23063040,16|15|14|13|14|13|26|19|20|17|20|19|20|19|32
14,11|8|4|1|1|1|1|1,0,0|4,2,8,10,2,1740124386000|759578105000|328817643440|141216862930|60187710180|25464981360|10697964940|4463454905|1849779020|761514420|311398340|126443735|50943970|20334600|8018010,8|9|10|9|8|15|10|13|12|15|14|15|14|21|16
14,11|8|3|3|3,1,3|5,2,15,16,1,1199347269120|509246657920|215340678784|90662952688|37996645056|15848693904|6578245504|2716696136|1116182144|456172248|185405024|74908064|30060800|11963952|4708704,18|17|16|15|16|15|20|19|22|17|20|25|28|23|24
14,11|8|3|3|1|1|1,1,3|5,2,13,14,1,3731001120000|1613806040000|693492430400|296082232600|125596627200|52936521000|22169941200|9226280140|3815553280|1568025480|640267600|259675900|104524640|41687580|16419480,16|15|14|13|20|13|14|17|24|17|18|19|22|19|20
14,11|8|3|2|2|1|1,1,3|5,2,15,16,1,5248044172800|2283871075200|986961241728|423527013360|180477668160|76374258480|32098248000|13398678540|5555485440|2288104200|936027360|380207520|153223488|61158240|24092640,18|17|16|15|16|15|18|17|24|17|20|25|24|25|24
14,11|8|3|2|1|1|1|1,1,3|5,2,13,14,1,3569485920000|1572273560000|686570350400|297280220600|127661228000|54381704600|22984628800|9640554700|4013532160|1658697200|680490400|277060300|111861200|44704660|17617600,16|15|14|13|14|13|18|17|28|19|20|19|20|19|26
14,11|8|2|2|2|2|1,1,3|5,2,15,16,1,1481546626560|652586014080|285184158336|123633776112|53169399360|22683797136|9601516288|4032668640|1680889056|695393832|285541536|116342688|46998336|18786768|7399392,18|17|16|15|16|15|22|23|18|17|20|25|24|23|24
14,11|8|2|2|2|1|1|1,0,0|2|8|10,4,16,23,7,1750067953920|777807979520|342534667904|149480906432|64649819520|27715267008|11779530048|4964704888|2075471728|860758128|354171480|144549240|58469664|23392512|9214920,16|23|16|19|18|19|18|19|16|19|16|21|22|31|20
14,11|8|2|2|1|1|1|1|1,1,3|5,2,13,14,1,1041538417920|469794445120|209558207936|92468189352|40374472864|17450000744|7468205184|3166168544|1330178080|553961520|228725504|93614884|37950000|15204332|5989984,16|15|14|13|14|13|20|23|18|19|26|19|20|19|24
14,11|8|1|1|1|1|1|1|1|1|1,1,3|5,2,13,14,1,46793260800|22096817600|10266521408|4695388984|2115086688|939046680|411220160|177760180|75912160|32049120|13383520|5528380|2256848|907764|356928,16|15|14|13|14|13|18|17|18|21|20|19|20|19|26
14,11|7|7|1|1|1,0,0|2,2,4,9,5,498308346900|206969339850|85712280654|35399018655|14581153470|5990168535|2453976135|1002202747|407834000|165252150|66608850|26675160|10598004|4169880|1621620,4|5|4|7|6|7|6|13|16|13|12|21|16|21|18
14,11|7|6|2|2,0,0|4,2,8,10,2,2436174140400|1024739916200|429885087632|179827726078|74996172316|31173362740|12910259700|5324587086|2185558704|892082688|361697560|145470985|57930686|22788194|8826818,8|9|10|9|8|11|10|15|16|29|16|15|14|17|16
14,11|7|5|5,0,0|4,2,10,12,2,481880599200|200146174800|83063114112|34432194060|14250617880|5885767200|2424527520|995450827|407046980|165614220|66970320|26876190|10683684|4195620|1621620,10|11|16|11|10|17|16|13|12|15|18|17|16|19|18
14,11|7|5|3|2,0,0|4,2,12,14,2,6562754827200|2795247426400|1186905061056|502278770136|211768066224|88918589760|37165368240|15454395528|6388935168|2623507272|1068845120|431384910|172119948|67692768|26129532,12|13|14|13|12|19|14|19|26|17|22|17|16|25|18
14,11|7|5|2|2|1,0,0|4,2,6,8,2,8305139115000|3581316602500|1537447893800|656962208175|279359679950|118180092550|49718648850|20791060745|8636511940|3560714640|1455398000|588849625|235329990|92613430|35729330,6|7|8|7|6|9|8|13|12|19|18|15|14|17|16
14,11|7|5|2|1|1|1,1,3|5,2,15,16,1,7407733132800|3223735715200|1394927101568|600147997680|256710982080|109153109520|46122558720|19359699688|8067523520|3334950360|1366043840|553602280|221486496|87207120|33633600,18|17|16|15|16|15|22|19|20|17|22|21|22|23|26
14,11|7|5|1|1|1|1|1,0,0|4,2,12,14,2,2248776129600|993506914400|435587112576|189561787800|81893342480|35121284640|14950684320|6315338484|2645863920|1098636840|451637760|183529170|73558188|28983240|11171160,12|13|16|13|12|17|16|17|16|17|28|17|16|21|20
14,11|7|4|4|2,0,0|2|4|6,4,12,19,7,4176298526400|1789842225600|764583884064|325432913520|137957305200|58220204640|24446634680|10207352428|4234816960|1744155000|712279860|287966580|114999192|45216600|17417400,12|15|12|15|12|17|12|17|20|17|14|19|18|21|20
14,11|7|4|4|1|1,0,0|2,2,2,6,4,5133671156250|2213725921875|950721631875|406540316250|173035541250|73279063125|30862726875|12919683000|5371896750|2216534625|906535125|366916500|146637450|57673200|22208550,2|3|2|9|6|7|6|19|10|11|10|19|14|23|16
14,11|7|4|3|3,0,0|4,2,8,10,2,3710480613840|1600022063640|687428073024|294142800798|125294029476|53105337120|22384718400|9377889367|3901935884|1610939988|659152452|266868987|106665174|41945904|16144128,8|9|14|9|8|17|18|13|12|15|14|15|14|23|30
14,11|7|4|2|2|2,0,0|2|4|6,4,8,15,7,5979700162800|2626005891600|1146827151288|497914715844|214845916428|92099690280|39207138750|16566267354|6943101312|2883893544|1185752820|481815780|193013784|75947352|29180424,8|11|8|11|8|13|8|15|22|17|14|19|18|21|20
14,11|7|4|2|2|1|1,0,0|4,2,8,10,2,11607653257200|5128248925800|2251232775792|981790639830|425271859740|182911620060|78088549500|33075288792|13890705360|5779487700|2379566700|967902705|387995454|152702550|58648590,8|9|10|9|8|11|10|19|16|15|14|15|14|17|16
14,11|7|4|2|1|1|1|1,0,0|4,2,8,10,2,7567996590000|3383575195000|1500785778800|660410854950|288294457500|124831333200|53600885100|22815106825|9621504620|4016961900|1658435800|675965675|271321050|106823640|40990950,8|9|10|9|8|15|10|13|12|15|16|15|14|21|16
14,11|7|4|1|1|1|1|1|1,0,0|2|4|6,4,12,25,13,1978246670400|900154569600|405488232864|180864066240|79890174000|34947366480|15138335160|6492071586|2755149000|1156278240|479363100|195985020|78812712|31042440|11891880,12|17|12|19|12|15|12|15|14|21|14|19|18|21|20
14,11|7|3|3|2|2,0,0|2,2,4,9,5,5481391815900|2421673103850|1063751422734|464406607665|201427037760|86758837425|37092060135|15731869153|6614828220|2754965430|1135155630|461949840|185192172|72844200|27927900,4|5|4|7|16|7|6|13|12|13|12|23|16|21|18
14,11|7|3|2|2|1|1|1,0,0|4,2,8,10,2,7808250450000|3532303775000|1584531410000|704713567250|310676096500|135731459500|58748436500|25181351650|10682887600|4482137800|1857671900|759241175|305154850|120069950|45895850,8|9|10|9|8|11|10|15|16|17|14|15|14|17|16
14,11|7|3|1|1|1|1|1|1|1,0,0|2,2,8,12,4,1044074631600|488892089400|226075940376|103260128400|46591264200|20768156760|9145386640|3977872626|1708432800|724059150|302493570|124349280|50145876|19734000|7507500,8|9|8|15|10|13|14|15|18|13|12|25|16|23|18
14,11|7|2|2|2|2|1|1,0,0|4,2,10,12,2,2473653742560|1132121950960|513456820800|230697725412|102655919432|45226518480|19720718160|8507333835|3628851996|1529378676|636102768|260624628|104879808|41245776|15711696,10|11|14|11|10|15|14|13|12|15|18|19|24|23|22
14,11|7|2|2|2|1|1|1|1,0,0|4,2,8,10,2,2158800930000|999444875000|457838009200|207500800650|93029264900|41250909700|18086768700|7839049075|3356899700|1419307380|591817900|242928125|97863150|38488450|14638910,8|9|10|9|8|11|10|13|12|15|14|15|14|17|16
14,11|7|1|1|1|1|1|1|1|1|1|1,0,0|4,2,8,10,2,39083007600|19334715400|9399646256|4490956470|2108989740|973615500|441920700|197234219|86550100|37327500|15806840|6559135|2656698|1042470|390390,8|9|10|9|8|11|10|13|12|15|16|15|14|17|16
14,11|6|6|3|1|1,0,0|4,2,6,8,2,4328894049480|1866692407580|801999418528|343224052941|146265405902|62040604780|26177735430|10979606253|4573231740|1889315316|772925272|312479552|124499760|48704656|18610592,6|7|12|7|6|11|8|13|12|15|16|27|20|23|24
14,11|6|6|2|1|1|1,1,3|5,2,15,16,1,3636523537920|1592181601920|693337180032|300268905552|129304498176|55350686160|23541789600|9942129792|4165363776|1729161000|710116848|287880768|114881760|44953272|17153136,18|17|16|15|28|15|16|27|20|17|18|27|22|21|22
14,11|6|5|3|3,1,3|5,2,15,16,1,4038618355200|1757546876800|762274832000|329330867184|141652709440|60618533360|25789304640|10897471860|4568484096|1897427880|779334080|315810880|125864640|49117640|18647200,18|17|16|15|16|15|18|17|24|17|22|27|24|21|24
14,11|6|5|3|1|1|1,1,3|5,2,17,18,1,10582475904000|4689324640000|2066403933440|905304634080|394181259520|170495160800|73210006080|31182896360|13161037120|5496583680|2267451200|921667120|367926240|143566280|54374320,20|19|18|17|20|17|18|19|20|29|22|23|22|21|22
14,11|6|5|2|2|1|1,1,3|5,2,15,16,1,11255906188800|5017513737600|2223281983104|978983342064|428223496896|185982285840|80150728320|34247238480|14493259200|6066333000|2506734720|1020093480|407421504|158931864|60112416,18|17|16|15|16|15|20|21|20|17|24|21|24|21|24
14,11|6|5|2|1|1|1|1,1,3|5,2,17,18,1,7196083614720|3245852529920|1453128565504|645623304480|284617760128|124451645408|53947344768|23166114216|9844982784|4134906720|1713196800|698472720|279237024|108914520|41129088,20|19|18|17|18|17|20|19|28|21|26|23|22|21|28
14,11|6|4|4|2|1,0,0|2,2,2,6,4,10571255644950|4670369557425|2054102104197|898943019975|391235484510|169220092275|72682305345|30970742985|13076989650|5463271395|2254013055|916045020|365442462|142393680|53783730,2|3|2|7|6|7|6|13|10|11|10|19|14|23|16
14,11|6|4|3|2|2,0,0|2,2,4,8,4,12059061994980|5391485389290|2397579073890|1059945264378|465572371836|203044770357|87851923731|37674458822|15994138468|6711741918|2778516678|1131727344|451872828|175914024|66222156,4|5|4|9|8|7|6|15|12|13|12|23|16|21|18
14,11|6|4|2|2|1|1|1,0,0|4,2,8,10,2,13155340358160|6020830375560|2733869266128|1231210750770|549725874516|243217269672|106558371972|46190308437|19787660340|8365064400|3482563392|1423871757|569445030|221441220|82948866,8|9|10|9|8|13|10|13|12|19|22|15|14|19|16
14,11|6|4|1|1|1|1|1|1|1,0,0|2,2,8,13,5,1537637184720|728140359960|340758423720|157598900316|72026320392|32520293208|14499593784|6379745463|2767359816|1181737350|495767466|203726088|81642276|31691088|11783772,8|9|8|11|10|13|12|13|14|13|12|21|16|23|18
14,11|6|3|3|3|1|1,1,3|5,2,13,14,1,7288950240000|3307023720000|1490808369600|667407767400|296540265600|130675649400|57064359600|24669548640|10545010080|4449776040|1849834800|755439300|301847040|117297180|43912440,16|15|14|13|18|13|14|23|18|17|18|19|30|19|20
14,11|6|2|2|1|1|1|1|1|1|1,1,3|5,2,15,16,1,807723671040|396382912640|191805606784|91497367632|43015744640|19922342704|9084566304|4075512276|1796806176|777288600|329175472|135996872|54517056|21018712|7676240,18|17|16|15|18|15|16|17|18|17|18|21|24|21|22
14,11|5|5|5|2,0,0|4,2,10,12,2,1252889557920|546896235600|238033718208|103245163164|44597310264|19169440992|8191400880|3475817709|1462519068|609183180|250646832|101587860|40409952|15696252|5909904,10|11|14|11|10|17|14|13|12|15|18|19|22|19|22
14,11|5|5|4|3,1,3|5,2,15,16,1,2570029862400|1132036963200|496966580352|217303242288|94571981376|40930555920|17598954880|7508630416|3174236704|1327226808|547643520|222346080|88480128|34323432|12876864,18|17|16|15|16|15|20|21|18|17|24|25|26|21|26
14,11|5|5|4|1|1|1,1,3|5,2,17,18,1,4938488755200|2214481068800|987637452032|437919907040|192943036160|84410873120|36636882240|15758149120|6707296960|2820128640|1168605760|475801480|189562912|73473400|27467440,20|19|18|17|20|17|18|31|20|25|22|21|22|21|22
14,11|5|5|3|3|1,0,0|2|4|6,4,8,12,4,6184134356400|2764864302200|1230433830472|544723846128|239733174956|104799256210|45461191050|19546044980|8317161160|3496154760|1448386240|589548080|234795132|90960298|33979946,8|9|8|15|8|9|8|17|14|17|22|23|16|17|16
14,11|5|5|3|2|1|1,0,0|2|4|6,4,14,18,4,12610783785600|5704878379200|2565578503488|1146438541248|508726993632|224009969040|97791350800|42275249016|18071595696|7624829184|3167732400|1291744080|514800528|199284228|74246172,14|15|14|19|14|15|14|19|16|27|18|23|20|19|18
14,11|5|5|3|1|1|1|1,0,0|2|4|6,4,14,18,4,6296573162880|2881764966080|1309287435456|590330893152|264022360224|117057278352|51405300912|22335618844|9588625200|4059617184|1690963680|690713100|275448096|106558452|39603564,14|15|14|17|14|15|14|17|16|21|20|19|22|19|18
14,11|5|5|2|2|2|1,1,3|5,2,15,16,1,6420035381760|2929778051200|1328296697728|597988703312|267153793088|118352225264|51944372480|22560404776|9682029952|4098083640|1706571776|696911600|277838176|107443336|39911872,18|17|16|15|16|15|22|19|22|17|32|23|22|21|26
14,11|5|5|2|2|1|1|1,0,0|2|8|10,4,18,25,7,7087052044800|3262293798400|1490271188224|675348617216|303454541312|135107024000|59554110720|25960708592|11175596768|4742006976|1978420080|808906440|322634064|124705776|46241832,18|21|18|29|22|21|22|21|18|23|18|21|20|23|20
14,11|5|5|2|1|1|1|1|1,1,3|5,2,17,18,1,3615257318400|1688076499200|780892637952|357806500128|162334628736|72887233440|32362686720|14195303920|6142566080|2617292160|1095380160|448752360|179105472|69160728|25561536,20|19|18|17|18|17|22|21|20|25|22|21|24|21|26
14,11|5|4|4|2|2,0,0|2,2,2,6,4,6394957118550|2892956791725|1301947680033|582515852919|258913119738|114220347150|49958837110|21637155449|9264431162|3913872039|1627272675|663630660|264255222|102077976|37879842,2|3|2|7|6|9|8|13|10|11|10|19|14|21|16
14,11|5|4|3|3|1|1,0,0|2|4|6,4,10,14,4,11786232538080|5394228119280|2453666236560|1108566176256|497100853656|221043776580|97363971540|42426560484|18259757208|7746109056|3230419752|1319777712|525676932|202725666|74900826,10|11|10|25|10|11|10|17|14|25|16|23|16|17|16
14,11|5|4|3|2|1|1|1,1,5|7,2,19,20,1,17818873712640|8273048509440|3811803021312|1742015548416|789132514560|354057657408|157176243328|68950890008|29842651520|12717019200|5321223168|2178409728|868116480|334304256|123002880,24|23|30|27|20|19|20|19|22|23|30|31|34|35|40
14,11|5|4|2|2|2|1|1,0,0|4,2,8,10,2,10852048443600|5081514747400|2360154906928|1086671025986|495635229908|223751396960|99875370140|44022895462|19130004544|8178065112|3429864760|1405920775|560295050|215426120|78956150,8|9|10|9|8|17|10|15|20|17|16|15|14|21|16
14,11|5|4|2|2|1|1|1|1,0,0|4,2,10,12,2,8902110016800|4215549452400|1977377111424|918352734156|422051017752|191792984760|86098671360|38134578573|16638065532|7135635384|2999761560|1231391700|490914864|188555796|68900832,10|11|16|11|10|13|22|13|12|17|16|19|20|19|24
14,11|5|3|3|3|2|1,1,3|5,2,13,14,1,8148506446080|3783235135680|1744616123712|798474794040|362387862144|162930958344|72483582864|31861529700|13814280480|5894834232|2468662224|1010755284|402464832|154654500|56672616,16|15|14|13|18|13|14|17|18|17|18|19|24|19|20
14,11|5|3|3|3|1|1|1,0,0|2|4|6,4,10,14,4,6692786100000|3133923650000|1456069142000|670827718000|306225641000|138379311500|61831759500|27281203950|11865301800|5075788800|2129562600|872886300|347658300|133483350|48798750,10|11|10|15|10|11|10|15|14|31|16|19|16|17|16
14,11|5|3|3|2|2|2,0,0|4,2,6,8,2,5517217906200|2583459178300|1200719071552|553486468535|252826984410|114329345130|51120919850|22569862315|9821668780|4203394020|1764051800|723134720|287968912|110510400|40360320,6|7|14|7|6|9|8|13|12|15|16|31|20|27|28
14,11|5|3|3|1|1|1|1|1|1,0,0|4,2,10,12,2,3107923932960|1504629840560|720249038432|340767021980|159262542824|73472892416|33424976816|14975689729|6596918020|2850763356|1204849240|495944680|197627584|75552400|27312208,10|11|12|11|10|25|14|13|12|15|16|21|24|23|22
14,11|5|3|2|1|1|1|1|1|1|1,1,3|5,2,15,16,1,1946992320000|965770000000|472674582400|228172238800|108578646400|50897299600|23479898400|10646148240|4736300640|2062668600|876549200|361844000|144146240|54858440|19619600,18|17|16|15|18|15|16|21|18|17|18|25|24|21|22
14,11|5|2|2|2|2|2|2,0,0|2|4|6,4,12,16,4,802504422720|388514045920|186271173088|88364099824|41435554160|19184885720|8759467080|3937863930|1739723832|753486132|318887268|131288388|52246656|19903884|7147140,12|13|12|15|12|13|12|15|14|15|14|19|26|19|18
14,11|5|2|2|2|1|1|1|1|1|1,0,0|2|4|6,4,10,14,4,1093792471200|546896235600|269802142896|131255096544|62923828968|29700450780|13787353580|6285733168|2809242832|1227764604|522964140|216068160|85986516|32606574|11575278,10|11|10|17|10|11|10|21|16|15|14|27|16|17|16
14,11|5|2|2|1|1|1|1|1|1|1|1,0,0|2|4|6,4,10,14,4,429311806560|219198885360|110202261456|54527180400|26535801432|12691060116|5958779316|2742941894|1235615920|543348036|232429428|96238548|38283084|14460810|5087082,10|11|10|15|10|11|10|15|16|15|14|19|16|17|16
14,11|4|4|4|3|1|1,1,3|5,2,15,16,1,4081812134400|1884328617600|864656394624|394088610960|178248047040|79924086000|35481392640|15571252872|6742518240|2873857320|1202083200|491471640|195345216|74903400|27387360,18|17|16|15|16|15|24|19|18|17|24|21|24|21|24
14,11|4|4|4|2|1|1|1,0,0|4,2,10,12,2,4872348280800|2281496417200|1060375283968|488857909540|223379913640|101068427200|45223659520|19981803023|8701532420|3725630580|1563471280|640421320|254599576|97437340|35455420,10|11|18|11|10|19|28|13|12|15|18|21|18|19|18
14,11|4|4|3|3|3,0,0|4,2,6,8,2,1476619836120|683620294500|314675680176|143889497037|65294156070|29369231892|13076460540|5753850531|2497097460|1066225464|446512272|182640315|72560862|27776892|10122684,6|7|10|7|6|11|10|13|12|17|18|15|14|19|18
14,11|4|4|3|3|2|1,1,3|5,2,15,16,1,6984434096640|3261250312320|1512725520768|696471309072|317979448512|143800395024|64328797632|28420572796|12375957440|5298596856|2223259584|910403472|361731744|138313032|50258208,18|17|16|15|16|15|18|17|20|17|22|23|22|21|24
14,11|4|4|3|3|1|1|1,0,0|2|8|10,4,18,25,7,5654065697280|2662496545280|1244262646528|576662473728|264814356224|120368566912|54084932352|23985104528|10477315552|4496906304|1890283280|774858040|307916928|117616928|42626584,18|21|18|27|20|21|22|21|18|23|18|21|26|25|20
14,11|4|4|3|2|2|1|1,0,0|4,2,12,14,2,9187856758080|4350863385440|2043989623104|951916491240|439084458384|200382351312|90357757776|40194602448|17603346816|7570812600|3186958688|1307340474|519455508|198179124|71627556,12|13|14|13|12|15|14|21|22|17|20|17|16|19|18
14,11|4|4|3|2|1|1|1|1,0,0|4,2,10,12,2,6923863346400|3315394882800|1572903364032|738896450292|343431703368|157776868080|71557040880|31987965009|14066348604|6069108276|2560716480|1051809990|417964932|159231072|57345288,10|11|14|11|10|15|14|13|12|15|22|17|16|25|20
14,11|4|4|2|2|2|2|1,0,0|4,2,6,8,2,3654261210600|1749791743700|830678865016|390642405153|181806513226|83643730820|37989363750|17004869063|7486279444|3232906488|1364775440|560623855|222665586|84718348|30436406,6|7|8|7|6|11|8|13|12|17|18|15|14|19|16
14,11|4|4|2|2|2|1|1|1,1,3|11,2,23,29,6,4603919523840|2222791833600|1062911416320|503051897088|235434461184|108845208576|49643642880|22301051136|9846893568|4262208768|1802281344|741022320|294326784|111861984|40080768,26|25|24|23|26|27|32|29|28|27|24|23|30|25|28
14,11|4|4|2|2|1|1|1|1|1,0,0|4,2,10,12,2,3075274369440|1505094598800|728453269440|348457357404|164620316952|76733519616|35246718000|15929278911|7068529044|3071552076|1302398352|536285430|212998572|80790372|28809144,10|11|14|11|10|23|14|13|12|15|18|17|16|19|20
14,11|4|4|2|1|1|1|1|1|1|1,1,3|5,2,17,18,1,1186167628800|591514809600|291144530688|141375177504|67682898048|31918794720|14810494080|6751151960|3017066560|1318291200|561137280|231512160|91922688|34753224|12300288,20|19|18|17|18|17|20|19|20|27|24|25|28|21|38
14,11|4|4|1|1|1|1|1|1|1|1|1,0,0|4,2,10,12,2,219036636000|111836166000|56241690240|27845048340|13563868200|6495331440|3054274080|1408111705|635168300|279540180|119573760|49446870|19615860|7378800|2582580,10|11|16|11|10|15|16|13|12|15|26|17|16|23|18
14,11|4|3|3|3|3|1,1,3|5,2,17,18,1,2058903475200|972259974400|455950333696|212144142496|97825563264|44651486880|20143735040|8965953568|3928870528|1690374912|711610880|291786440|115806944|44090904|15883296,20|19|18|17|18|17|22|23|22|27|28|21|22|21|24
14,11|4|3|3|3|2|2,1,3|5,2,11,12,1,2910180873600|1381950970400|651409106656|304504343220|141007785600|64603914540|29241457080|13052468968|5733173600|2471283360|1041725440|427435580|169629504|64513020|23183160,14|13|12|11|18|11|12|19|18|21|32|19|24|19|20
14,11|4|3|3|3|2|1|1,1,3|5,2,15,16,1,5654065697280|2699891159680|1278895812480|600414307152|279094346432|128295233616|58237286976|26059127556|11469496896|4951842696|2089744896|857991816|340502976|129400128|46414368,18|17|16|15|16|15|18|17|20|17|28|21|24|27|24
14,11|4|3|3|3|1|1|1|1,1,3|5,2,15,16,1,3381618240000|1632659600000|780965257600|369836557200|173232747200|80167831600|36602841600|16459781800|7274247200|3150712440|1332678400|547830800|217404000|82482400|29469440,18|17|16|15|16|15|24|19|18|17|26|23|22|25|30
14,11|4|3|3|1|1|1|1|1|1|1,1,3|5,2,17,18,1,1186167628800|594652819200|294282540288|143681614560|69157762560|32782808160|15284377920|6996942568|3138115200|1374896160|586176000|241900560|95901696|36119160|12695760,20|19|18|17|22|17|18|19|22|21|28|23|34|21|22
14,11|4|3|2|2|2|2|2,1,3|5,2,15,16,1,1528579852800|746092547200|360756043648|172630137680|81660571200|38136012720|17555599360|7951391448|3535203840|1538358920|652704640|268638040|106489856|40234480|14254240,18|17|16|15|16|15|30|19|26|17|24|21|34|23|24
14,11|4|3|2|2|1|1|1|1|1|1,1,3|5,2,15,16,1,1946992320000|981222320000|488126902400|239533828400|115849505600|55161688400|25822076800|11862665360|5335994720|2343090120|1000384000|413018200|163612960|61472320|21505120,18|17|16|15|16|15|20|21|18|17|28|21|22|27|24
14,11|4|3|2|1|1|1|1|1|1|1|1,1,3|5,2,15,16,1,700917235200|360657148800|182823292032|91244683440|44799428160|21615852240|10235723520|4748370872|2153006560|951230520|407812800|168681480|66759264|24967800|8648640,18|17|16|15|16|15|22|19|18|17|22|21|22|21|26
14,11|4|2|2|2|2|2|2|1,1,3|5,2,15,16,1,724064140800|361074313600|178145711744|86863720944|41807187136|19833379280|9258687360|4244560320|1906175040|835916760|356478080|147006640|58163424|21822944|7623616,18|17|16|15|16|15|20|25|20|17|24|23|22|25|26
14,11|4|2|2|2|2|1|1|1|1|1,1,3|5,2,15,16,1,807723671040|411340758400|206763452544|102494385840|50051935296|24047879856|11349624000|5251475372|2376270336|1048158936|448765184|185408520|73306464|27394224|9486048,18|17|16|15|16|15|18|17|26|17|26|21|22|23|24
14,11|4|2|2|2|1|1|1|1|1|1|1,0,0|2|8|10,4,18,25,7,433901145600|224985779200|114940537088|57809950848|28596735232|13895772800|6622686720|3089767824|1407573024|624086496|268122800|110940400|43823808|16310528|5599672,18|23|18|21|20|21|24|21|18|21|18|23|24|31|20
14,11|4|2|2|1|1|1|1|1|1|1|1|1,1,3|5,2,15,16,1,156436600320|82977614720|43279519360|22179758832|11157319232|5502545584|2656453824|1252920284|575861440|257047560|110919424|45972344|18130464|6707272|2274272,18|17|16|15|16|15|18|17|20|17|26|21|22|21|24
14,11|4|1|1|1|1|1|1|1|1|1|1|1|1|1,1,3|5,2,15,16,1,3848173056|2163324800|1191492736|642160176|338214592|173805008|86985600|42301168|19929728|9061416|3954496|1643720|643296|232856|75712,18|17|16|15|16|15|20|21|22|17|22|21|22|21|26
14,11|3|3|3|3|3|1|1,0,0|4,2,8,10,2,765654729840|370674115240|177998364544|84693720826|39881245404|18558642960|8520088720|3850979132|1709366648|742798392|314724100|129332335|51174046|19294704|6822816,8|9|16|9|8|15|14|17|14|17|14|15|14|23|24
14,11|3|3|3|2|2|2|1|1,0,0|2,2,2,6,4,1586718683550|784964004825|384519348213|186317516385|89192223120|42122143635|19590707565|8954208263|4011471310|1755669195|747458355|307798260|121638726|45611280|15945930,2|3|2|7|12|7|6|13|10|11|10|19|14|23|16
14,11|3|3|3|2|2|1|1|1|1,0,0|2,2,8,13,5,1461704484240|730852242120|361410449400|176592556140|85163782080|40480865256|18933118048|8694857171|3910488428|1716627402|732332538|301856544|119247348|44622864|15531516,8|9|8|11|16|13|16|13|12|13|12|25|16|23|18
14,11|3|3|2|2|2|2|1|1|1,0,0|2,2,2,6,4,961023240450|485596399275|242590897107|119692637766|58251500892|27921651615|13157749215|6082239618|2750328774|1212320763|518532435|213894900|84371814|31432752|10848474,2|3|2|9|8|7|6|15|10|11|10|19|14|23|16
14,11|3|3|2|2|1|1|1|1|1|1|1,0,0|4,2,10,12,2,394265944800|205477225200|105541960608|53382113100|26558235720|12978861480|6219471960|2916047043|1333944300|593195400|255198060|105518160|41546736|15366780|5225220,10|11|12|11|10|13|12|13|12|17|14|23|20|19|18
14,11|3|3|1|1|1|1|1|1|1|1|1|1|1,0,0|2,2,4,8,4,23728968900|12994435350|6986573334|3684370560|1903406700|961893660|474619600|228119528|106475330|48067695|20874555|8655300|3389862|1233960|406770,4|5|4|21|8|11|14|19|10|11|10|19|14|21|16
14,11|3|2|2|2|2|2|2|2,0,0|4,2,8,10,2,120892852080|61725715480|31165458896|15539676438|7640389900|3697745480|1757981940|818983165|372735308|165094488|70815412|29223227|11496738|4255108|1451450,8|9|10|9|8|13|10|13|12|17|14|15|14|19|16
14,11|3|2|2|2|2|1|1|1|1|1|1,0,0|4,2,8,10,2,214655903280|113006679240|58639414848|29959466418|15051124284|7423335192|3587316096|1694411719|779847068|348357240|150248868|62132889|24393978|8962044|3011736,8|9|14|9|8|13|20|13|12|17|14|15|14|19|20
14,11|3|2|2|2|1|1|1|1|1|1|1|1,0,0|4,2,8,10,2,105055956720|56418939720|29810750112|15481536642|7892121276|3942993600|1926891720|918786726|426120552|191443824|82870128|34309143|13445190|4911192|1631916,8|9|12|9|8|19|12|15|14|19|18|15|14|21|18
14,11|3|1|1|1|1|1|1|1|1|1|1|1|1|1|1,0,0|4,2,8,10,2,892004400|521515800|298467504|166937382|91082124|48372480|24942060|12447162|5988216|2763072|1214460|503685|194454|68472|21294,8|9|10|9|8|23|10|15|14|23|14|15|14|21|16
14,11|2|2|2|2|2|2|2|1|1|1,1,3|5,2,13,14,1,46793260800|24696443200|12866147008|6606983240|3338649600|1656883800|805637040|382707468|176985600|79326720|34262720|14152820|5532736|2016300|669240,16|15|14|13|32|13|14|17|26|29|22|19|24|19|20
14,11|2|2|2|1|1|1|1|1|1|1|1|1|1|1,1,3|5,2,13,14,1,3953892096|2254136896|1260433856|690276840|369615360|193110072|98194992|48443472|23094720|10585080|4632848|1918708|742368|263340|83160,16|15|14|13|22|13|14|21|20|17|18|19|22|19|20
14,10|10|8,0,0|2,2,4,8,4,4745793780|1795366430|682026774|260228826|99751444|38423502|14876082|5790057|2265930|891675|352795|140295|56034|22451|9009,4|5|4|9|8|9|8|13|10|11|10|15|14|15|14
14,10|10|7|1,0,0|2,2,4,8,4,46849502700|18219251050|7098929530|2772221144|1085363980|426169090|167881830|66375855|26350422|10508505|4212005|1697630|688270|280709|115115,4|5|4|13|8|9|8|13|10|11|10|17|14|15|14
14,10|10|6|1|1,0,0|2,2,4,8,4,180705224700|72186478650|28823108490|11508138576|4596583284|1837519800|735564960|295028370|118651458|47888307|19417635|7920000|3254130|1348776|564564,4|5|4|15|8|13|16|15|10|11|10|29|14|21|18
14,10|10|5|1|1|1,0,0|2,2,4,8,4,365426121060|149844044350|61261302102|24984461502|10170297124|4134704028|1679998320|682796478|277867086|113370705|46449221|19148745|7962570|3349346|1429428,4|5|4|9|8|11|14|15|10|11|10|15|14|17|18
14,10|10|4|4,0,0|2,2,10,15,5,143103935520|57923021520|23431303728|9473788968|3829193424|1547646408|625757608|253268652|102700248|41771436|17067540|7019670|2913708|1224678|523614,10|11|10|13|12|13|12|17|14|15|14|17|16|17|16
14,10|10|4|3|1,0,0|2,2,8,13,5,766628226000|314358135000|128632540680|52535827260|21422535720|8725302360|3551686320|1445999555|589418760|240869790|98855190|40837230|17030160|7196280|3095820,8|9|8|11|10|13|14|13|14|13|12|17|20|21|18
14,10|10|4|2|2,0,0|2|4|6,4,12,21,9,634270190400|261762300800|107725254560|44219444192|18111261168|7405155120|3024470680|1234983750|504716520|206741640|85036420|35205940|14716240|6235152|2690688,12|17|12|17|12|15|12|15|14|17|14|19|20|23|28
14,10|10|4|2|1|1,0,0|2,2,8,12,4,1044074631600|433650045400|179434657688|73995886536|30426592248|12482486640|5112951480|2092998362|857246104|351832842|144977750|60128530|25180320|10690680|4624620,8|9|8|13|10|15|12|15|14|13|12|17|22|21|18
14,10|10|4|1|1|1|1,0,0|2,2,2,6,4,426330474570|179329485335|75011259323|31221685495|12940444608|5345021136|2202197088|906037587|372737232|153586356|63520492|26439721|11114180|4738734|2060058,2|3|2|7|16|15|16|13|16|15|14|15|16|17|16
14,10|10|3|3|2,0,0|2,2,8,12,4,500414468400|207844104600|86050107000|35518260888|14620930920|6005170440|2462569560|1009139040|413737200|169972830|70111710|29113920|12212640|5198688|2259180,8|9|8|13|10|13|12|23|16|13|12|27|22|25|18
14,10|10|3|3|1|1,0,0|2|4|6,4,12,23,11,683394304320|285651587520|118905602400|49307278176|20377511856|8397908064|3453792264|1418891838|583011720|239986368|99172524|41255424|17338608|7396896|3223584,12|15|12|17|12|17|12|15|14|23|14|33|20|25|24
14,10|10|3|2|2|1,0,0|2,2,8,13,5,883447765200|371608980600|155568787176|64838228004|26916021528|11135984640|4595518400|1893570679|780103456|321880962|133314390|55584540|23419440|10021440|4384380,8|9|8|11|10|27|18|13|18|13|12|19|20|27|18
14,10|10|3|1|1|1|1|1,0,0|2,2,2,6,4,290191331430|125135415405|53514730269|22714734042|9577751040|4015806912|1676246832|697520187|289837632|120511692|50270220|21108285|8961084|3868722|1711710,2|3|2|9|22|19|14|13|20|15|14|15|16|17|16
14,10|10|2|2|2|2,0,0|2,2,6,11,5,189310235400|80632137300|34140563820|14374492902|6021183828|2510918190|1043366610|432518515|179138916|74272914|30903390|12945735|5483610|2362503|1043757,6|7|6|9|8|9|8|13|12|13|12|15|14|15|14
14,10|10|2|1|1|1|1|1|1,0,0|2,2,4,8,4,107478270900|47483786350|20747636910|8974153188|3846619920|1635892830|691251210|290702685|121917390|51115365|21490245|9096120|3896640|1701843|765765,4|5|4|11|12|9|8|13|10|11|10|21|24|15|14
14,10|10|1|1|1|1|1|1|1|1,0,0|2,2,4,8,4,16790673900|7595781050|3388886930|1492736102|649971608|280172750|119761070|50865815|21516770|9090775|3849715|1641475|709060|313027|143143,4|5|4|9|10|9|8|13|10|11|10|15|16|15|14
14,10|9|7|1|1,0,0|2,2,6,10,4,290020731000|117389343500|47529404780|19257117880|7810307960|3172032890|1290435510|526006845|214891680|88008360|36140020|14882230|6145700|2544685|1056055,6|7|6|13|10|9|8|13|18|17|14|17|16|15|14
14,10|9|6|3,1,5|7,2,19,20,1,623037542400|254654233600|104143882240|42618718208|17454196480|7154758720|2936061440|1206451960|496540480|204764640|84645440|35094080|14602240|6101888|2562560,24|23|24|29|20|19|24|19|20|21|22|27|36|29|32
14,10|9|5|2|2,0,0|4,2,8,10,2,2007835830000|844565865000|354595084800|148624299450|62200013100|25998300600|10856590000|4531202865|1891168620|789821040|330345300|138515025|58299450|24667500|10510500,8|9|20|9|8|13|14|13|12|19|14|15|14|19|18
14,10|9|4|4|1,0,0|2,2,8,13,5,1461704484240|614843949720|258252306312|108322258044|45375905640|18986060496|7936914648|3316115621|1385427008|579167862|242480070|101787840|42904092|18192174|7777770,8|9|8|11|10|15|12|13|20|13|12|27|16|17|16
14,10|9|3|3|1|1|1,0,0|4,2,6,8,2,2610186579000|1139367157500|494756244840|213783246105|91950667770|39383526000|16806617880|7150585715|3035755220|1287428700|546138900|232143120|99089760|42591120|18498480,6|7|8|7|6|15|12|13|12|15|14|23|22|23|22
14,10|9|3|2|2|2,0,0|2,2,6,11,5,1855240306920|809827118100|351793430604|152101734246|65467535364|28061423082|11983733190|5102133036|2167472076|919746072|390388152|166037025|70919310|30507477|13264251,6|7|6|9|8|9|8|17|12|17|16|15|14|15|14
14,10|9|3|1|1|1|1|1|1,0,0|2,2,2,6,4,710550790950|321439643525|144036193301|63973335426|28183419264|12325428570|5355707630|2314692380|996250850|427649915|183416555|78775235|33974556|14765751|6495489,2|3|2|9|18|9|8|17|10|11|10|15|16|15|14
14,10|9|2|2|2|1|1|1,1,5|7,2,19,20,1,1209425817600|542321894400|241294479360|106560064512|46729056000|20359542720|8819553920|3801998760|1632867456|699634560|299593920|128496720|55355520|24037728|10570560,24|23|26|27|20|19|20|19|22|25|22|23|26|25|26
14,10|8|8|2,0,0|4,2,8,10,2,137425207920|55624488920|22551828992|9160039042|3728134476|1520662308|621686208|254759043|104638380|43071000|17761240|7333975|3030302|1251822|516516,8|9|20|9|8|11|18|13|12|17|16|15|14|17|18
14,10|8|8|1|1,0,0|2|4|6,4,10,17,7,146441636640|59661407520|24323496912|9926939880|4056939432|1660703616|681062148|279858150|115227120|47531880|19638180|8122500|3360852|1389960|574002,10|13|10|13|10|21|10|15|16|17|14|19|16|21|16
14,10|8|7|1|1|1,0,0|2,2,6,11,5,730852242120|307421974860|129126153156|54180528402|22718437560|9522596070|3991034190|1672830523|701300656|294070560|123326616|51716973|21679284|9080643|3798795,6|7|6|9|10|9|8|13|16|21|16|15|16|15|14
14,10|8|6|2|2,0,0|4,2,8,10,2,2788023466800|1187491476600|505180320480|214675734834|91134415116|38653408980|16380998280|6937090200|2935824408|1241716392|524891340|221756535|93635190|39513474|16664076,8|9|12|9|8|11|12|19|14|17|14|15|14|17|18
14,10|8|5|5,0,0|4,2,10,12,2,524714430240|220713212720|92898159200|39120988676|16481043992|6945125600|2927165640|1233797803|520041004|219183636|92374156|38929198|16406236|6914908|2914912,10|11|12|11|10|17|12|13|12|15|14|17|16|19|24
14,10|8|5|3|2,0,0|4,2,8,10,2,6899654034000|2975247639000|1280971177920|550632341070|236310669540|101252450160|43315064640|18501415065|7891094820|3361119300|1429909740|607702635|258063030|109526040|46470060,8|9|14|9|8|15|18|13|12|15|14|15|14|21|18
14,10|8|5|2|2|1,0,0|4,2,8,10,2,8657788098960|3779193217800|1644874027104|713910166662|309011530212|133406017668|57451612680|24684234806|10582837496|4528305852|1934283876|825029205|351487290|149615466|63651588,8|9|12|9|8|11|12|15|14|15|14|15|14|17|18
14,10|8|5|2|1|1|1,1,3|5,2,11,12,1,7695811643520|3389821795360|1487011224160|649797553636|282927322832|122774508164|53110529472|22908489604|9855179488|4229620080|1811480384|774461072|330634304|141004864|60092032,14|13|12|11|12|11|18|17|18|19|22|23|24|27|28
14,10|8|5|1|1|1|1|1,0,0|4,2,8,10,2,2321530651440|1037933016120|461282565744|203880066390|89657475804|39245038560|17105781420|7427256291|3213708372|1386258300|596367576|255974103|109667250|46918872|20054034,8|9|10|9|8|17|10|13|12|15|16|15|14|21|16
14,10|8|4|4|2,0,0|2|4|6,4,12,21,9,4258072203840|1847417569920|800143238304|345921744096|149265984816|64282656240|27629252280|11852180550|5074759944|2169109368|925732476|394590528|168039360|71522568|30437316,12|17|12|17|12|15|12|15|14|17|14|27|24|21|18
14,10|8|4|4|1|1,0,0|2,2,8,12,4,5220373158000|2278734315000|992189604120|430932284640|186699129240|80687338680|34787202320|14963079950|6421939760|2750652930|1176082350|502121400|214146900|91269750|38888850,8|9|8|17|10|13|14|15|16|13|12|21|16|17|16
14,10|8|4|3|3,0,0|4,2,12,14,2,3747960216000|1636014380000|712615830080|309702645560|134280996720|58081908960|25062298320|10788852900|4633952400|1986219480|849790480|363034210|154919380|66066000|28168140,12|13|14|13|12|17|14|17|16|17|18|17|16|23|18
14,10|8|4|2|2|2,0,0|2|4|6,4,14,28,14,5966140752000|2651618112000|1173850941120|517597629120|227332516320|99461138400|43353285040|18829787860|8151338800|3518101440|1514442000|650525700|278982000|119519400|51179700,14|21|14|19|14|17|14|17|16|23|18|19|20|21|18
14,10|8|4|2|2|1|1,0,0|4,2,6,8,2,11559574220040|5168169426420|2299682490336|1018542883743|449081982162|197139871170|86180644440|37526266701|16280940060|7040420856|3035854836|1306012653|560850642|240572970|103135032,6|7|12|7|6|9|12|13|12|17|14|15|14|17|20
14,10|8|4|2|1|1|1|1,0,0|4,2,12,14,2,7506418920000|3395760940000|1526580140800|682194684600|303131342800|133973382400|58913025600|25784759000|11236913600|4878219960|2110733600|910796150|392201700|168654200|72472400,12|13|18|13|12|23|18|19|20|17|20|17|16|21|22
14,10|8|4|1|1|1|1|1|1,0,0|2|4|6,4,12,19,7,1948939312320|897130794560|409539017888|185494284976|83401209840|37241866272|16524274936|7289019556|3198237952|1396716720|607504716|263360988|113881944|49159968|21201180,12|15|12|15|12|17|12|17|24|19|14|19|18|25|18
14,10|8|3|3|2|2,0,0|2,2,6,11,5,5381730146520|2406117446460|1071308186676|474980945166|209694247308|92184003990|40357358730|17597891493|7645032108|3310016724|1428923160|615396915|264574674|113628879|48782097,6|7|6|9|8|9|8|13|12|15|16|15|14|15|14
14,10|8|3|2|2|1|1|1,0,0|4,2,8,10,2,7576863774480|3467718076680|1576431730368|711942424974|319469529060|142470803772|63162163152|27846911862|12214545552|5333243472|2319524640|1005601905|434948778|187853094|81081000,8|9|14|9|8|11|14|15|16|19|20|15|14|17|20
14,10|8|3|1|1|1|1|1|1|1,0,0|2,2,2,6,4,1001487376890|474249313395|222185905227|103035649860|47320076232|21534365970|9716504850|4349794176|1933440462|854002845|375199641|164132298|71572248|31146687|13540527,2|3|2|11|10|9|8|27|10|11|10|17|18|15|14
14,10|8|2|2|2|2|1|1,0,0|4,2,10,12,2,2368908828000|1096717050000|504017411040|229937916780|104143370760|46836812880|20921738760|9286010955|4097309700|1798370100|785779380|342098460|148547520|64401480|27902160,10|11|12|11|10|15|12|13|12|15|14|19|24|21|22
14,10|8|2|2|2|1|1|1|1,0,0|4,2,8,10,2,2061378118800|965248484200|448016245600|206161339846|94077826260|42586373940|19130653960|8532557495|3780781004|1665531420|730072980|318750795|138765990|60304530|26186160,8|9|12|9|8|11|12|13|12|15|14|15|14|17|22
14,10|8|1|1|1|1|1|1|1|1|1|1,0,0|4,2,8,10,2,36459749040|18229874520|8974707456|4352204714|2080167804|980616780|456341600|209853501|95475732|43033540|19244976|8553633|3785122|1670526|736164,8|9|18|9|8|11|16|13|12|15|18|15|14|17|18
14,10|7|7|4,0,0|2,2,4,8,4,501958957500|211141466250|88906186050|37472247450|15807490800|6673207200|2818712800|1191011395|503276890|212602395|89743875|37833675|15918540|6679530|2792790,4|5|4|9|12|17|16|13|10|11|10|15|16|17|16
14,10|7|7|3|1,0,0|2,2,6,10,4,1864418985000|794104382500|338145050100|143957256300|61273487600|26074099350|11092089450|4716593180|2004309180|850924800|360768200|152666250|64439100|27109225|11357775,6|7|6|11|12|9|8|17|12|27|16|17|16|15|14
14,10|7|7|2|2,0,0|2|4|6,4,10,17,7,1374252079200|588965176800|252197909040|107906912344|46135420760|19710907040|8415035420|3589596010|1529686312|651040320|276624180|117278700|49580300|20884864|8758750,10|13|10|13|10|17|10|15|14|23|14|19|16|29|16
14,10|7|7|2|1|1,0,0|2,2,6,11,5,2192556726360|945467583060|407010632028|174949428654|75099282960|32197660170|13787989410|5897328619|2519042372|1074332700|457303308|194181933|82199700|34662771|14549535,6|7|6|9|12|9|8|13|12|15|14|15|16|15|14
14,10|7|7|1|1|1|1,0,0|2,2,4,9,5,830513911500|362525913750|157726659090|68426463105|29610634170|12784877625|5508774505|2368994355|1016747340|435442350|186027450|79239390|33631620|14212770|5975970,4|5|4|7|6|7|6|13|12|13|12|17|16|17|16
14,10|7|6|4|1,0,0|2,2,4,8,4,4228502257980|1823401767330|785981677338|338640842826|145818538632|62743303350|26972465130|11581622325|4965763986|2125268361|907528617|386447787|163990332|69293367|29126097,4|5|4|9|10|9|8|13|10|11|10|15|16|15|14
14,10|7|5|5|1,0,0|2|4|6,4,12,25,13,2505779115840|1087163425920|471478097376|204351960384|88504909584|38294105616|16548579528|7140433118|3075213408|1321425144|566276460|241878780|102910896|43576104|18342324,12|17|12|19|12|15|12|15|18|17|14|19|20|21|18
14,10|7|5|4|2,0,0|2|4|6,4,12,19,7,8673850785600|3809151403200|1670731226208|731766272688|319994699472|139677102720|60843698280|26442095904|11461210224|4952919096|2133043740|914989680|390680928|165899448|69981912,12|15|12|15|12|21|12|23|16|17|14|23|22|21|20
14,10|7|5|4|1|1,0,0|2,2,4,8,4,10464475284900|4623194107350|2038464452934|896955024420|393821522640|172515576870|75384011430|32851534716|14273799750|6181402815|2666985615|1145825730|489888000|208248495|87915555,4|5|4|11|12|9|8|17|10|11|10|17|28|15|14
14,10|7|5|3|3,0,0|4,2,8,10,2,6184134356400|2732144014600|1205113361760|530598859098|233146936220|102217162080|44704021560|19497757895|8478295980|3674229300|1586259920|681876855|291657630|124023328|52372320,8|9|12|9|8|17|12|13|12|15|18|15|14|25|24
14,10|7|5|2|2|2,0,0|2|4|6,4,10,17,7,8770226905440|3944281941600|1767966376176|789748759800|351538835544|155913350112|68891550780|30321712694|13291017432|5800461912|2519483064|1088673300|467674020|199560504|84486402,10|13|10|13|10|17|10|15|14|17|16|19|16|21|16
14,10|7|5|2|2|1|1,0,0|4,2,6,8,2,16834587970200|7615646938900|3431049357736|1539470654491|687923752054|306141785950|135672719490|59869416915|26302089660|11501282940|5004139700|2165413250|931338716|397793396|168532364,6|7|8|7|6|9|8|13|12|15|14|17|16|19|18
14,10|7|5|2|1|1|1|1,0,0|4,2,8,10,2,10694914710480|4894762552680|2227780768752|1008528129378|454200352452|203516292672|90733614972|40248775567|17763100740|7798194180|3404534700|1477500255|637001442|272600328|115657542,8|9|10|9|8|19|10|13|12|15|14|15|14|21|16
14,10|7|5|1|1|1|1|1|1,0,0|2|4|6,4,12,21,9,2657644516800|1237421785600|571831644384|262372734624|119568641296|54135965520|24356590440|10890973730|4840097640|2137710960|938132580|408922920|176942304|75939864|32288256,12|21|12|17|12|15|12|15|14|19|14|21|22|21|32
14,10|7|4|4|3,0,0|2|4|6,4,12,23,11,4947307485120|2198803326720|975567959520|431986587648|190856984208|84110460720|36963253800|16193317294|7069746376|3074786904|1331633268|573967548|246055656|104816712|44312268,12|19|12|29|12|15|12|15|14|17|14|19|18|21|18
14,10|7|4|4|2|1,1,5|7|9|11,4,25,29,4,14952901017600|6705070694400|2998613508096|1337223720960|594530027520|263476216320|116361671680|51200236864|22439150080|9792032640|4253064960|1837722720|789446400|336847680|142571520,30|29|34|31|26|25|26|25|26|25|26|25|28|27|36
14,10|7|4|4|1|1|1,0,0|2,2,2,6,4,9788199671250|4427995089375|1995645398175|896022720450|400760328150|178539850125|79215365775|34996964730|15392257260|6737610510|2934193950|1270719450|546904050|233708475|99023925,2|3|2|9|6|7|6|15|12|13|12|17|14|15|14
14,10|7|4|3|2|2,1,5|7|9|11,4,25,29,4,16661803991040|7559522181120|3417805946880|1539560595456|690810611712|308709093888|137366221824|60849334208|26826929664|11767948416|5134411008|2227090464|959758848|410542080|174066048,30|29|38|33|26|25|26|25|26|25|26|25|30|41|28
14,10|7|4|2|2|2|1,0,0|2|4|6,4,8,15,7,16078749326640|7401329055120|3390476201112|1545436088196|700856920764|316187081496|141886285398|63322198940|28100606072|12397191744|5435616900|2367597540|1023831732|439134696|186540354,8|11|8|11|8|13|8|17|14|23|14|19|16|21|16
14,10|7|4|2|2|1|1|1,1,5|13,2,27,33,6,17829210685440|8277847818240|3820545146880|1752928866304|799530389504|362517951488|163391664128|73198994176|32591663104|14419829760|6338024448|2766411648|1198351616|514685248|218842624,32|31|32|31|28|27|30|29|32|31|30|29|28|27|32
14,10|7|4|2|1|1|1|1|1,0,0|2|4|6,4,12,19,7,9187856758080|4326556886080|2021926800608|937930092528|431945486544|197513110080|89682776040|40437669272|18105935056|8049628800|3552781812|1556144832|676032192|291006144|123927804,12|15|12|15|12|19|12|19|16|25|14|27|24|27|18
14,10|7|4|1|1|1|1|1|1|1,1,5|7|9|11,4,25,29,4,2046186455040|982494289920|467200081920|220097839104|102756046848|47555409408|21822055424|9930543168|4482095616|2006463360|890803968|392116704|171038208|73856640|31519488,30|29|32|37|26|25|26|25|26|25|26|25|30|29|30
14,10|7|3|3|3|2,0,0|2,2,6,11,5,6577670179080|3010415187780|1372556573388|623249701074|281776498380|126807712434|56790473454|25303804617|11214103824|4941832140|2164747704|942163299|407158290|174537363|74099025,6|7|6|9|8|9|8|13|16|15|16|15|14|15|14
14,10|7|3|3|2|2|1,0,0|2,2,4,9,5,15101793778500|6991571193750|3220855505010|1476152172495|672932243880|305078538375|137522394945|61627848165|27449668440|12149391690|5341975650|2332379610|1010584080|434092230|184542930,4|5|4|7|10|7|6|13|14|13|12|17|20|17|16
14,10|7|3|3|1|1|1|1|1,0,0|2,2,4,8,4,6525466447500|3090101836250|1452175231650|677322424350|313569142900|144095889600|65729141400|29761052685|13375297470|5965978635|2640606875|1159379925|504651510|217544470|92702610,4|5|4|9|8|19|12|13|10|11|10|15|14|17|16
14,10|7|3|2|2|2|2,0,0|2,2,4,8,4,5481391815900|2566683469350|1194930030294|552969627210|254309243760|116211472065|52758592965|23791925976|10655909880|4739102550|2092366290|916748580|398349600|171484170|73002930,4|5|4|9|12|7|6|19|14|13|12|19|22|17|16
14,10|7|3|2|2|2|1|1,0,0|2|4|6,4,10,17,7,11786232538080|5550130666080|2596616879472|1206789994872|557086395096|255406979520|116283358620|52569298782|23595352704|10513214208|4649038632|2039640372|887242356|382269888|162828666,10|13|10|13|10|19|10|15|22|27|16|19|16|27|16
14,10|7|3|2|2|1|1|1|1,0,0|2|4|6,4,12,21,9,9816086280000|4674326800000|2208439631200|1035261770400|481526720400|222228481200|101762520200|46235855050|20842835200|9321510080|4135195300|1819067800|793029600|342256200|145945800,12|17|12|17|12|15|12|15|24|23|14|21|22|21|20
14,10|7|3|2|1|1|1|1|1|1,0,0|2,2,4,8,4,4442812313940|2150885326590|1031231527326|489730609368|230406436260|107407424124|49617391824|22716469776|10308311706|4636414125|2066763237|912859332|399281190|172756584|73783710,4|5|4|13|8|11|14|21|10|11|10|19|14|21|16
14,10|7|3|1|1|1|1|1|1|1|1,0,0|2,2,2,6,4,961023240450|475426841175|232421339007|112314096180|53663975820|25359690330|11855898990|5484815154|2511412200|1138325400|510766560|226837170|99658350|43262505|18513495,2|3|2|11|8|9|8|15|14|17|20|17|14|15|14
14,10|7|2|2|2|2|1|1|1,0,0|2|4|6,4,10,17,7,3281377413600|1579922458400|754436345520|357244571112|167734429720|78083525520|36037432860|16488809480|7479127920|3362901120|1498729980|661844700|289438380|125202792|53449110,10|13|10|13|10|15|10|19|16|25|14|19|16|21|16
14,10|7|1|1|1|1|1|1|1|1|1|1|1,0,0|2|4|6,4,10,17,7,29529383520|15467772320|7971851888|4042830792|2017837848|991476720|479770460|228732868|107491384|49815920|22775368|10273108|4569444|2000856|858858,10|13|10|13|10|15|10|17|14|19|16|19|16|21|16
14,10|6|6|5|1,0,0|2,2,8,13,5,1740124386000|759578105000|331494757880|144614987660|63049160720|27462821360|11946795120|5188059695|2247886100|971143350|418024930|179115310|76310740|32280820|13533520,8|9|8|11|12|15|14|13|12|13|12|17|16|19|22
14,10|6|6|4|2,0,0|2,2,4,8,4,4879041066900|2155555180350|951383221470|419405343588|184623918840|81131531850|35578285830|15562795185|6786896778|2948904225|1275614865|548826300|234582480|99463221|41756715,4|5|4|11|10|9|8|13|10|11|10|19|20|15|14
14,10|6|6|4|1|1,0,0|2|4|6,4,12,19,7,5846817936960|2598585749760|1152943952160|510607201104|225685231824|99531204240|43785062360|19205988620|8396154032|3655888152|1584327108|682693968|292161936|123991296|52084032,12|19|12|15|12|15|12|17|16|17|14|23|20|31|26
14,10|6|6|3|1|1|1,0,0|4,2,6,8,2,8305139115000|3757086742500|1693883318400|761110425075|340817503650|152073834900|67601844050|29929849495|13192018420|5785413900|2522627100|1092578400|469466400|199820400|84084000,6|7|16|7|6|11|8|13|12|15|14|25|22|23|24
14,10|6|6|2|2|2,0,0|2,2,6,11,5,4466319257400|2020477759300|911260009660|409693566282|183586125008|81978984230|36470298150|16158697555|7127089816|3127552554|1364441750|591209465|254113860|108179071|45524479,6|7|6|9|12|9|8|13|14|13|12|15|16|15|14
14,10|6|6|1|1|1|1|1|1,0,0|2,2,8,12,4,1311786075600|614249035400|285581754920|131877781112|60504269560|27583657360|12496804320|5625984000|2516229912|1117554270|492567390|215245800|93139200|39843804|16816800,8|9|8|13|10|15|16|33|14|13|12|21|28|19|24
14,10|6|5|5|2,0,0|2|4|6,4,12,21,9,3747960216000|1665760096000|739615787680|327990789280|145225683760|64178793040|28295510360|12439407190|5449753120|2377604040|1032088820|445305080|190720640|80949440|33973940,12|19|12|17|12|15|12|15|18|17|14|21|26|27|18
14,10|6|5|5|1|1,0,0|2,2,8,13,5,4385113452720|1960540141560|875059473288|389846060604|173317184976|76869068640|33998349840|14988455209|6582660812|2878009218|1251596766|540839508|231919380|98522424|41369328,8|9|8|11|12|17|14|13|12|13|12|19|16|21|22
14,10|6|5|4|2|1,0,0|2,2,4,8,4,20660630690700|9346475788650|4218401299266|1899084547206|852545285424|381525403770|170133300330|75562579638|33405960798|14690418687|6420366855|2785669425|1198240428|510062553|214351137,4|5|4|9|12|9|8|15|10|11|10|15|16|15|14
14,10|6|5|3|2|2,0,0|2,2,6,10,4,18271306053000|8362264410500|3815334262740|1734944751540|786067580480|354742519170|159396204630|71277461710|31702202280|14014723590|6152555290|2679278910|1155708180|492865945|207282075,6|7|6|11|16|9|8|15|14|13|12|17|16|15|14
14,10|6|5|2|2|1|1|1,0,0|4,2,8,10,2,17824857850800|8346560422200|3887081333520|1800337138446|829192263900|379714612200|172844266980|78180691435|35122596124|15661773960|6926207820|3034333995|1314914370|562509948|236906670,8|9|10|9|8|13|10|13|12|17|14|15|14|19|16
14,10|6|5|1|1|1|1|1|1|1,0,0|2,2,8,13,5,1923295374000|931119189000|446702376120|212424232020|100150313640|46818222360|21701829240|9973372045|4542804280|2049853890|915596430|404376720|176317680|75735660|31951920,8|9|8|11|10|13|12|13|14|13|12|23|20|19|22
14,10|6|4|4|4,0,0|2,2,8,13,5,2007835830000|908306685000|410245723800|184924056900|83155897800|37285120800|16660586600|7414776915|3284451840|1446902850|633307650|275094600|118413240|50411790|21171150,8|9|8|11|10|17|12|13|26|13|12|21|18|17|16
14,10|6|4|4|3|1,0,0|2,2,8,12,4,14311853796240|6550134144840|2989936733256|1360779700104|617256124056|278940083400|125520539760|56212837758|25037476992|11082640158|4870606842|2122739982|916059672|390648258|164161998,8|9|8|13|10|13|14|15|22|13|12|17|18|17|16
14,10|6|4|4|2|2,0,0|4|8|12,4,20,34,14,13364155284480|6151754019840|2822953436160|1290974420736|588148084992|266831086080|120494316800|54130731200|24176451008|10727046336|4723865664|2062187952|891049104|380293056|159855696,20|23|22|23|20|25|22|25|20|23|22|23|20|27|22
14,10|6|4|4|2|1|1,0,0|2,2,2,6,4,23286332364750|10780709428125|4972110575985|2283932181195|1044607746330|475557518475|215404032645|97026294015|43435738080|19310976720|8518381200|3723836085|1610755470|687958245|289274895,2|3|2|7|6|7|6|13|18|19|18|15|14|15|14
14,10|6|4|4|1|1|1|1,0,0|2,2,8,13,5,10747827090000|5032712685000|2344574832600|1086610625100|500917778400|229636617600|104654654000|47395202855|21317232020|9515746590|4211895450|1846381350|800366160|342324840|144023880,8|9|8|11|14|21|14|13|12|13|12|17|20|21|20
14,10|6|4|3|3|2,0,0|2,2,10,14,4,16406887068000|7595781050000|3504810234640|1611179478480|737630939760|336172001880|152440362360|68740523280|30804722520|13707995580|6051521260|2647031420|1145421420|489270210|205684050,10|11|10|15|12|13|12|21|14|15|14|19|16|17|16
14,10|6|4|3|2|2|1,0,0|2,2,4,8,4,34604746312500|16203809781250|7553890776250|3504858061250|1617990172500|742894400625|339108209375|153811794500|69281229500|30966264000|13721340500|6020120750|2610993700|1116931725|469771575,4|5|4|9|8|7|6|17|12|23|14|17|16|15|14
14,10|6|4|3|1|1|1|1|1,0,0|2,2,8,13,5,14054850810000|6729968245000|3200067008600|1510995324300|708421429600|329743148600|152337190200|69827253405|31740730980|14298508350|6377566650|2813061900|1224990360|525392010|221170950,8|9|8|11|14|13|12|13|12|13|12|19|18|17|16
14,10|6|4|2|2|2|2,0,0|2,2,4,9,5,9866505268620|4672233976410|2200989636846|1031110995915|480222178956|222264415035|102189882015|46649049993|21130766580|9490765788|4222657656|1858763313|808128684|346204287|145648503,4|5|4|7|8|7|6|13|12|15|16|15|16|15|14
14,10|6|4|2|2|2|1|1,0,0|2|4|6,4,14,27,13,21017972976000|10008558560000|4737897644480|2229130263360|1042098177120|483919481760|223135975920|102117955940|46358016320|20860455840|9295872880|4097137660|1783015080|764323560|321621300,14|19|14|19|14|17|14|17|20|21|18|19|18|21|18
14,10|6|4|2|2|1|1|1|1,0,0|2|4|6,4,12,19,7,17125295140800|8245512475200|3941536183200|1870466731056|881078909040|411884135520|191034173880|87873799860|40068236208|18098337600|8090541900|3574998900|1558774800|669012696|281621340,12|15|12|15|12|17|12|17|16|23|14|19|20|21|18
14,10|6|4|2|1|1|1|1|1|1,0,0|2,2,8,13,5,7418425014000|3630710655000|1761038084520|846600466140|403392113280|190496793240|89143615080|41325220755|18970471740|8618083290|3871071270|1717116390|750839760|322818210|135945810,8|9|8|11|18|13|12|13|12|13|12|17|20|17|16
14,10|6|4|1|1|1|1|1|1|1|1,0,0|2,2,8,13,5,1461704484240|730852242120|361410449400|176786549940|85551769680|40960251384|19401307432|9089933489|4211214308|1928113950|871708866|388669578|170591916|73504002|30960930,8|9|8|11|12|13|12|13|12|13|12|17|16|17|16
14,10|6|3|3|3|3,0,0|2,2,6,11,5,3092067178200|1447872726300|675422244420|313751992554|145062807780|66721093230|30511830250|13864539920|6255623528|2800296240|1242408300|545618535|236772690|101288187|42567525,6|7|6|9|8|9|8|21|14|19|14|15|14|15|14
14,10|6|3|3|2|2|2,0,0|2|4|6,4,8,15,7,9966166938000|4745793780000|2248046007480|1058883412860|495747628740|230596107300|106515025110|48831089580|22203682200|10005788520|4464156900|1969327920|857449680|367542240|154518000,8|13|8|11|8|11|8|17|14|17|14|23|20|25|22
14,10|6|3|3|2|2|1|1,0,0|2,2,6,10,4,20727952245000|9925289302500|4724488325700|2234911278600|1050299476200|490170663450|227076168150|104366492685|47560350660|21472742250|9595293750|4238254350|1847096460|792219285|333107775,6|7|6|13|10|9|8|13|12|13|12|17|16|15|14
14,10|6|3|3|2|1|1|1|1,0,0|2,2,4,8,4,15766659562500|7633065343750|3668876653750|1750545335000|828944777500|389464390000|181486900000|83842381000|38377438750|17392596375|7796674375|3452564500|1507525250|647323600|272248900,4|5|4|13|8|15|16|19|10|11|10|19|14|23|18
14,10|6|3|3|1|1|1|1|1|1,0,0|2|4|6,4,12,21,9,5495129640000|2703952680000|1318696922400|637396531200|305321312400|144916418400|68136959800|31724708470|14620023520|6664083600|3001713900|1334335200|584261040|251291040|105705600,12|15|12|29|12|17|12|15|18|19|14|25|20|25|28
14,10|6|3|2|2|2|2|1,0,0|2,2,6,11,5,9930992231160|4807861318260|2312381219148|1104471634266|523686034872|246394258110|114983578710|53193619479|24379811148|11061422946|4963244538|2199420993|960770580|412579167|173444271,6|7|6|9|10|9|8|13|12|13|12|15|16|15|14
14,10|6|3|2|2|2|1|1|1,1,3|5|7|9,4,19,23,4,12564590438400|6132716761600|2970858288640|1427996519488|680870769920|321922504640|150875387520|70058748760|32212975168|14655505360|6590906560|2926034320|1279896640|550062656|231271040,22|21|20|19|20|19|20|19|20|19|22|23|24|27|28
14,10|6|3|2|2|1|1|1|1|1,0,0|2,2,4,8,4,8474123958300|4192225344450|2055242355210|998405386506|480517672140|229074442740|108139066200|50531228055|23360678154|10677234105|4820212665|2146468005|940994010|404933958|170270100,4|5|4|9|8|11|12|13|10|11|10|15|14|17|18
14,10|6|3|1|1|1|1|1|1|1|1|1,0,0|2,2,2,6,4,652546644750|336631205625|171415000185|86162346270|42753462180|20941153350|10124297170|4830350980|2273485540|1055023950|482289150|216887385|95744550|41349165|17372355,2|3|2|9|8|9|8|17|12|13|12|15|14|15|14
14,10|6|2|2|2|2|2|1|1,0,0|2,2,6,11,5,3092067178200|1529673445300|750678905900|365294652954|176193127880|84198573250|39846313650|18664245600|8647699368|3960229140|1790706540|798355635|350220420|150696117|63288225,6|7|6|9|10|9|8|23|14|15|14|15|16|15|14
14,10|6|2|2|2|2|1|1|1|1,0,0|2,2,6,10,4,2998334625000|1499167312500|742664422500|364412977500|177061885000|85160968750|40529596250|19077451250|8876417000|4079476500|1850064000|826740750|363280500|156459875|65704925,6|7|6|11|10|9|8|15|14|15|24|17|16|15|14
14,10|6|2|1|1|1|1|1|1|1|1|1|1,0,0|2,2,6,10,4,162845865000|86592642500|45362216900|23408585200|11898286400|5956314650|2936262550|1425100495|680745520|319873050|147719950|66947650|29703740|12849265|5380375,6|7|6|15|16|9|8|13|16|13|12|17|16|15|14
14,10|6|1|1|1|1|1|1|1|1|1|1|1|1,0,0|2,2,6,11,5,17653435800|9667357700|5205500300|2755358606|1433370640|732692350|367951350|181499500|87911824|41791750|19481770|8891905|3962860|1716143|715715,6|7|6|9|12|9|8|17|16|13|12|15|16|15|14
14,10|5|5|5|3,0,0|4,2,10,12,2,1766895530400|799309882800|361145679840|162909043572|73334687448|32926840320|14736873800|6570071585|2915317460|1286256660|563617620|244924020|105362400|44765292|18726708,10|11|12|11|10|25|12|13|12|15|14|19|22|19|18
14,10|5|5|4|2|2,0,0|2,2,4,8,4,9866505268620|4567826513250|2108629188666|970238651382|444798558360|203068243872|92270470500|41698923084|18726906450|8349210891|3690792567|1615133025|698300460|297497772|124450326,4|5|4|9|10|17|10|17|10|11|10|15|16|19|16
14,10|5|5|3|3|1|1,0,0|2|4|6,4,8,12,4,14429646831600|6756739389400|3151970473960|1464367471952|677285579740|311705323930|142666641810|64894780720|29311880752|13133392440|5829767720|2559529280|1109157280|473096624|197877680,8|9|8|15|8|9|8|21|16|17|16|27|22|23|22
14,10|5|5|3|2|1|1|1,1,5|7,2,19,20,1,20780134502400|9867815193600|4661786787840|2190542635008|1023515930880|475354071360|219334953600|100483772760|45670654848|20572816320|9172880640|4041585360|1755855360|749994336|313709760,24|23|30|43|20|19|20|19|22|23|26|23|30|25|26
14,10|5|5|2|2|2|1|1,0,0|4,2,8,10,2,11607653257200|5558162009400|2646563839920|1252798152606|589367246364|275437328400|127812641580|58852430910|26868637488|12149866512|5434608060|2400442605|1044629190|446547816|186720534,8|9|10|9|8|15|10|15|16|19|14|15|14|21|16
14,10|5|5|2|2|1|1|1|1,0,0|4,2,10,12,2,9369900540000|4536221690000|2181047422400|1041346282900|493625331400|232243232200|108405570000|50173899615|23008833540|10444060200|4686330600|2075079600|904642200|387086700|161861700,10|11|14|11|10|13|14|13|12|17|16|23|18|19|18
14,10|5|4|4|3|2,0,0|2,2,8,12,4,11484820947600|5377812983400|2510393951208|1167699674856|540935637528|249416515920|114385351080|52135285202|23593689944|10589262342|4706870250|2068390830|896575020|382204680|159579420,8|9|8|13|10|15|12|15|14|13|12|17|16|21|18
14,10|5|4|4|2|2|1,0,0|2,2,2,6,4,19028260160910|9010736954505|4249412433981|1994952008907|931902251670|432919108674|199876641822|91643537349|41689059372|18794391768|8385044940|3695501205|1605159666|684987732|285945660,2|3|2|7|6|9|8|13|12|17|14|15|14|19|18
14,10|5|4|4|1|1|1|1|1,0,0|2,2,10,15,5,6821287593120|3302369390320|1588302251536|758808041992|360013929184|169566855640|79247062440|36725037440|16862028344|7662162564|3440917228|1524328498|664508152|284109826|118572454,10|11|10|13|14|13|12|27|14|15|14|17|18|17|16
14,10|5|4|3|3|1|1|1,1,5|7,2,21,22,1,20157096960000|9678606080000|4623088025600|2196023526400|1036915059200|486436572800|226575724800|104706239120|47961900800|21751008000|9751801600|4314151600|1878609920|802516000|334734400,26|25|34|27|22|21|22|21|24|27|26|23|36|25|26
14,10|5|4|2|2|2|1|1|1,0,0|2|4|6,4,12,19,7,15313094596800|7535014801600|3681499787680|1785438381584|859159002416|410016738560|193941502040|90857206440|42117503472|19295896128|8723700180|3884146200|1698537720|726801504|302678376,12|15|12|15|12|23|12|19|16|23|14|21|18|25|20
14,10|5|3|3|3|2|2,0,0|4,2,6,8,2,8039374663320|3892078210020|1874872479480|898161224961|427628570226|202215796926|94899623676|44159672557|20353424476|9279808188|4178618556|1854495456|808982592|345588672|143807664,6|7|8|7|6|9|10|13|12|15|14|25|24|27|22
14,10|5|3|3|2|2|1|1|1,0,0|2,2,4,8,4,16444175447700|8135081504550|3996262580310|1948566844224|942624692100|452144220450|214897886190|101121352605|47061359142|21634178895|9807532875|4375137690|1915056990|819179361|340435095,4|5|4|19|8|9|8|13|10|11|10|17|14|15|14
14,10|5|3|3|1|1|1|1|1|1|1,0,0|4,2,10,12,2,3075274369440|1570179770640|793538441280|396893023956|196406478216|96128560944|46509024744|22228255413|10484598636|4874603004|2230229700|1001861640|440512560|188736912|78270192,10|11|14|11|10|15|12|13|12|15|14|21|20|23|22
14,10|5|3|2|2|2|2|1|1,0,0|2,2,8,13,5,8932638514800|4466319257400|2216472282024|1091193139036|532631594352|257610639000|123365219120|58443115731|27360389364|12640991678|5753993910|2574611160|1128969160|483071160|200420220,8|9|8|11|12|13|14|13|12|13|12|21|18|21|18
14,10|5|3|2|2|2|1|1|1|1,0,0|2,2,4,8,4,8474123958300|4281898613850|2144915624610|1064769604074|523572837876|254880841050|122756981490|58444941555|27478467918|12741303807|5816620395|2608409925|1145442870|490381749|203324121,4|5|4|9|8|9|8|13|10|11|10|15|14|15|14
14,10|5|3|1|1|1|1|1|1|1|1|1|1,0,0|2,2,2,6,4,310484431530|166741639155|88292825523|46088897778|23710689684|12017602260|5998049460|2946012615|1422639036|674587116|313537392|142477137|63066762|27042444|11135124,2|3|2|9|8|11|10|13|12|15|18|15|14|19|18
14,10|5|2|2|2|1|1|1|1|1|1|1,1,5|7,2,19,20,1,979058995200|516725580800|269450424320|138780066304|70571313920|35412762560|17524347520|8545140600|4101427968|1935040800|895732480|405774160|179231360|76771552|31620160,24|23|26|25|20|19|20|19|24|21|26|23|26|25|26
14,10|4|4|4|4|2,0,0|2,2,8,13,5,1879334336880|889949328840|420153989112|197645871852|92580996456|43150718520|19994635440|9201606141|4200737976|1899698778|849554250|374895180|162796788|69314388|28792764,8|9|8|11|10|13|14|13|14|13|12|19|16|19|18
14,10|4|4|4|3|3,0,0|2|4|6,4,12,21,9,2120274636480|1009654588800|479197600992|226547579808|106614387792|49905958608|23216050440|10722114018|4910269320|2226561912|997930428|441103740|191744520|81661008|33897864,12|17|12|17|12|15|12|15|14|17|14|19|18|23|20
14,10|4|4|4|3|1|1|1,0,0|4,2,10,12,2,7129943140320|3451797869520|1662782832480|796653903276|379416515016|179511423168|84305028808|39262966127|18112239068|8264079516|3722795580|1651978020|719962320|306942636|127303176,10|11|12|11|10|19|12|13|12|15|14|19|20|19|20
14,10|4|4|4|2|2|2,0,0|2,2,2,6,4,4567826513250|2211408073875|1065603093555|510805074780|243433875750|115255893480|54167323210|25244698570|11653036780|5319927060|2397599400|1064256600|463882650|197747550|81981900,2|3|2|11|6|13|8|15|12|15|16|21|14|17|18
14,10|4|4|4|2|2|1|1,0,0|2|4|6,4,12,21,9,9286122605760|4520228993280|2188682784288|1053662946336|504054223920|239453444880|112871767320|52740987390|24400286736|11160663192|5037771564|2238860052|976635792|416462904|172612440,12|19|12|17|12|15|12|15|16|17|14|19|20|21|20
14,10|4|4|4|2|1|1|1|1,0,0|2|4|6,4,14,21,7,6678183657600|3286090371200|1606514950208|780064462688|376030780832|179850964160|85286456080|40061285936|18618537056|8548924944|3870996080|1724441600|753410168|321463688|133155932,14|17|14|17|14|19|14|21|18|19|18|35|18|21|18
14,10|4|4|4|1|1|1|1|1|1,0,0|2,2,10,14,4,2056177599840|1028088799920|509901917616|250808476464|122308097184|59104248840|28284558120|13392838368|6267608424|2894739876|1316994756|588794388|257829432|110090526|45546774,10|11|10|15|14|13|12|23|14|15|14|19|18|17|16
14,10|4|4|3|3|3|1,0,0|4,2,6,8,2,5153445297000|2494921929500|1202596416560|576800397635|275092055370|130358436780|61322179820|28605827635|13216102900|6038124120|2722904380|1209097945|527048170|224598660|93032940,6|7|10|7|6|11|10|13|12|17|14|15|14|19|18
14,10|4|4|3|3|2|1|1,0,0|4,2,12,14,2,13511554056000|6612797620000|3219016394880|1557730763160|748904533520|357446678160|169228693920|79390431120|36859785600|16910772120|7651912640|3406547430|1487352900|634167820|262462200,12|13|16|13|12|15|16|21|22|17|22|17|16|19|20
14,10|4|4|3|3|1|1|1|1,0,0|4,2,10,12,2,7870716453600|3893714224400|1913702079520|934050600252|452510842280|217455621040|103573655640|48846970305|22782749220|10492847820|4762802100|2125377870|929382300|396468072|163963800,10|11|12|11|10|15|12|13|12|15|14|17|16|21|20
14,10|4|4|3|2|2|1|1|1,0,0|2|4|6,4,12,23,11,13288222584000|6608957264000|3264781621920|1601161336320|779178869040|375984064560|179753198040|85059475410|39789494640|18371296440|8355693780|3734166420|1634238360|697204560|288075060,12|17|12|25|12|15|12|15|16|17|14|19|18|23|18
14,10|4|4|2|2|2|2|2,0,0|4,2,6,8,2,2574701689560|1287350844780|639431408616|315317921919|154263603494|74816962220|35938832930|17079891829|8020330780|3715165104|1694141484|758499357|332254230|141713572|58452394,6|7|8|7|6|11|8|13|12|19|14|15|14|19|16
14,10|4|4|2|2|2|2|1|1,0,0|2|4|6,4,12,19,7,5846817936960|2938876740800|1466582781664|726204150672|356587343632|173504143904|83581734600|39820951716|18739004592|8695839600|3971106636|1779862260|780179400|332828496|137225088,12|15|12|15|12|17|12|17|16|19|14|19|18|23|28
14,10|4|4|2|2|2|1|1|1|1,0,0|2|4|6,4,12,21,9,5495129640000|2791176960000|1405921202400|701965836000|347235642000|170060295600|82394907400|39452816130|18645947760|8683995960|3977249100|1786468200|784113000|334620000|137837700,12|25|12|17|12|15|12|15|16|17|14|21|18|25|18
14,10|4|4|2|2|1|1|1|1|1|1,0,0|4,2,10,12,2,3107923932960|1603294092400|818913290272|414014504596|207093256216|102434716384|50065791160|24156492899|11491827116|5381577684|2475613868|1115573690|490587020|209434148|86130044,10|11|12|11|10|17|12|13|12|15|14|17|16|19|18
14,10|4|4|2|1|1|1|1|1|1|1|1,0,0|4,2,10,12,2,1060137318240|558114619920|290383563360|149282833788|75803652936|38001736080|18795777000|9163647493|4398476324|2075206716|960306036|434595018|191581236|81801720|33549516,10|11|12|11|10|15|12|13|12|15|14|17|16|21|18
14,10|4|4|1|1|1|1|1|1|1|1|1|1,0,0|2|4|6,4,12,25,13,177176301120|95618956160|50903032544|26723645312|13830968528|7053602192|3542336616|1750260694|849808960|404786424|188728036|85863448|37954840|16200184|6614608,12|17|12|21|12|15|12|15|20|17|14|21|18|21|22
14,10|4|3|3|3|3|1|1,0,0|4,2,8,10,2,4209368763600|2082412589400|1024502450400|500932461942|243247045140|117206393040|55983870360|26477582670|12382093152|5715771480|2599000560|1160978445|507694770|216308664|89189100,8|9|12|9|8|15|12|15|18|17|18|15|14|21|18
14,10|4|3|3|2|2|2|1|1,0,0|2,2,4,8,4,8139036332700|4112581850650|2063280492546|1027159606746|507045357364|247985940930|120048236490|57454803588|27147047718|12641029947|5788212955|2598767115|1139731614|485717869|199644081,4|5|4|9|8|9|8|17|10|11|10|15|14|15|14
14,10|4|3|3|2|2|1|1|1|1,0,0|2,2,8,13,5,7418425014000|3787714359000|1918041788520|962806836420|478801149840|235711695960|114767583840|55205280585|26197472820|12243212910|5622365790|2529691560|1110839400|473513040|194414220,8|9|8|11|12|13|16|13|12|13|12|21|18|23|18
14,10|4|3|2|2|2|2|1|1|1,0,0|2,2,4,8,4,4442812313940|2291926987350|1172273188086|594120306780|298144170324|148019617746|72630467910|35180409264|16796653566|7890093099|3637947579|1641386670|721692510|307456149|125852727,4|5|4|11|8|9|8|21|10|11|10|17|14|15|14
14,10|4|3|2|2|1|1|1|1|1|1|1,0,0|4,2,10,12,2,1766895530400|939539686800|493867795872|256520645172|131589106968|66620298360|33258452920|16353872381|7909324676|3755371224|1746243780|792654720|349667472|148960812|60708648,10|11|12|11|10|13|12|13|12|17|14|29|20|19|20
14,10|4|3|1|1|1|1|1|1|1|1|1|1|1,0,0|2,2,2,6,4,97495111350|54421874325|29921515533|16196013288|8625871332|4517178120|2323912500|1173189654|580318284|280707336|132424740|60703560|26898858|11434878|4609332,2|3|2|13|8|13|10|15|12|17|14|21|14|17|18
14,10|4|2|2|2|2|2|2|2,0,0|4,2,8,10,2,429913083600|224055231400|115798322640|59299682442|30060942340|15069654600|7461750660|3644299295|1752682932|828369360|383759040|173681145|76444830|32516484|13243230,8|9|10|9|8|13|10|13|12|19|22|15|14|19|16
14,10|4|2|2|2|2|1|1|1|1|1|1,0,0|4,2,8,10,2,745767594000|400504819000|212639375520|111547820670|57776812340|29522143560|14865800040|7367393475|3587775180|1713305880|800188280|364221495|160787550|68368300|27713400,8|9|12|9|8|13|12|13|12|17|16|15|14|19|20
14,10|4|2|2|2|1|1|1|1|1|1|1|1,0,0|4,2,8,10,2,357759838800|195916102200|105886428480|56451395406|29668163700|15358082880|7823045440|3916134880|1923467392|925034880|434404740|198471945|87771810|37296168|15058680,8|9|14|9|8|19|18|23|22|25|14|15|14|21|20
14,10|4|1|1|1|1|1|1|1|1|1|1|1|1|1|1,0,0|4,2,8,10,2,2498640144|1487285800|869490160|498763034|280429892|154362992|83073900|43640870|22334312|11107096|5349344|2483195|1103410|464464|182182,8|9|10|9|8|15|10|15|14|17|20|15|14|23|16
14,10|3|3|3|3|3|3,0,0|2,2,4,9,5,246103306020|123051653010|61210309446|30266774109|14862973554|7240745655|3495193845|1669379283|787601232|366307992|167529600|75105855|32871234|13967811|5718141,4|5|4|7|6|7|6|13|16|17|24|15|14|15|14
14,10|3|3|3|3|3|1|1|1,0,0|2|4|6,4,12,26,14,1177930353600|598313830400|301889598560|151206811712|75116957520|36976228080|18014461960|8674258670|4121251640|1928061960|885924260|398509100|174738080|74254752|30330300,12|25|12|19|12|15|12|15|14|17|14|19|22|25|18
14,10|3|3|3|3|2|2|1|1,0,0|2,2,8,12,4,2296964189520|1172788594120|594667855496|299226013944|149287651656|73775929656|36071171136|17424096690|8301321600|3892655358|1791904186|807062366|354096996|150444294|61375314,8|9|8|13|10|13|18|15|22|13|12|17|16|17|16
14,10|3|3|3|3|2|1|1|1|1,0,0|2,2,8,13,5,1923295374000|992176185000|507759372120|257620703340|129486260280|64414215840|31678441080|15380569295|7359949520|3463872090|1599141810|721729470|317010540|134684550|54864810,8|9|8|11|10|17|12|13|16|13|12|17|16|17|16
14,10|3|3|3|2|2|2|2|1,0,0|2,2,2,6,4,1522608837750|785472813125|402199262465|204254455405|102784717620|51198666675|25213342505|12257776895|5872710620|2766763020|1278305000|577186115|253526680|107655405|43798755,2|3|2|7|8|7|6|13|12|15|16|15|18|15|14
14,10|3|3|3|2|2|2|1|1|1,1,5|7|9|11,4,25,29,4,2046186455040|1063692165120|548397957120|280205991936|141774477312|70962258432|35095463936|17125664192|8231094272|3888126336|1800148992|814011936|357831552|151939008|61746048,30|29|30|33|26|25|28|25|30|25|32|25|26|27|28
14,10|3|3|3|2|2|1|1|1|1|1,0,0|2,2,8,13,5,1537637184720|809496824760|422114888520|217892475684|111257006328|56141927712|27966014856|13732519437|6635781360|3148539822|1462833270|663101730|291858120|123902298|50248926,8|9|8|11|10|17|12|13|16|13|12|17|18|17|16
14,10|3|3|3|1|1|1|1|1|1|1|1|1,0,0|2,2,8,13,5,182530530000|99957195000|54037060200|28824164700|15161167800|7857070200|4007536000|2009032935|988149240|475764630|223563150|102123450|45105060|19116240|7687680,8|9|8|11|10|13|20|13|14|13|12|17|16|23|32
14,10|3|3|2|2|2|2|2|2,0,0|2|4|6,4,12,19,7,420359459520|220188288320|114405523232|58909907056|30031979120|15140496800|7538485240|3701165468|1788491936|848644832|394271108|178678148|78596848|33330440|13493480,12|15|12|15|12|17|12|17|18|21|14|19|20|21|20
14,10|3|3|2|2|2|2|2|1|1,0,0|2,2,2,6,4,1001487376890|527238063495|275174655327|142261502526|72783031464|36809378775|18378530235|9045170316|4379888700|2081827656|968488596|439314678|193336308|81980613|33162129,2|3|2|9|10|7|6|17|12|17|14|17|16|15|14
14,10|3|3|2|2|2|2|1|1|1|1,0,0|2,2,8,12,4,1044074631600|555182542200|292366393176|152366056128|78512666856|39960468600|20064041920|9923048590|4825049680|2301331650|1073482350|487845600|214889400|91098150|36786750,8|9|8|19|10|13|18|15|16|13|12|25|18|17|16
14,10|3|3|2|2|2|1|1|1|1|1|1,0,0|2|4|6,4,12,21,9,706758212160|381425066880|203570527776|107377572192|55932462960|28743799920|14555712600|7252475230|3548918296|1701544152|796927404|363167112|160175400|67867800|27327300,12|17|12|17|12|15|12|15|14|17|14|21|18|21|18
14,10|3|3|2|2|1|1|1|1|1|1|1|1,0,0|2|4|6,4,12,23,11,327544015680|180235860480|97916597280|52488419904|27742407984|14444289360|7399677240|3724379946|1838261304|887628456|417996612|191178792|84449304|35744760|14329224,12|21|12|19|12|15|12|15|14|17|14|21|18|21|20
14,10|3|3|2|1|1|1|1|1|1|1|1|1|1,0,0|2,2,8,12,4,99868008240|56274830040|31252955448|17095842192|9204174408|4872657504|2533492104|1291792502|644686328|314124954|148946622|68426952|30274332|12789348|5093088,8|9|8|15|10|17|12|15|14|13|12|21|16|19|24
14,10|3|3|1|1|1|1|1|1|1|1|1|1|1|1,0,0|2,2,2,6,4,16610278230|9623415165|5486056485|3074978088|1693137576|914857788|484468244|251029688|127009610|62580063|29921619|13816812|6121044|2576886|1016106,2|3|2|13|10|11|10|19|10|11|10|19|16|17|16
14,10|3|2|2|2|2|1|1|1|1|1|1|1,0,0|2|4|6,4,14,21,7,180792144000|100440080000|55102973120|29830367840|15920592480|8367378240|4324660080|2194376600|1090815440|529805760|250565920|114871840|50739520|21409440|8521500,14|17|14|17|14|19|14|19|16|23|20|25|24|25|18
14,10|3|1|1|1|1|1|1|1|1|1|1|1|1|1|1|1,0,0|2|4|6,4,12,19,7,549151680|339951040|206585632|123075920|71778352|40909888|22741784|12301744|6456736|3276416|1599884|747032|330616|136928|52052,12|15|12|15|12|19|12|21|18|25|14|21|18|25|18
14,10|2|2|2|2|2|2|2|2|2,0,0|2,2,4,8,4,16790673900|9194892850|4987998730|2677255438|1419898480|742962220|382868200|193908715|96276598|46718165|22071205|10102015|4450600|1870726|740740,4|5|4|9|12|11|12|13|10|11|10|15|18|17|18
14,10|2|2|2|2|2|2|1|1|1|1|1|1,0,0|2,2,6,11,5,35775983880|20159482980|11222039388|6165217926|3338891052|1780009854|932547434|479126557|240800560|118010046|56168574|25829979|11397330|4779411|1878513,6|7|6|9|8|9|8|13|16|13|12|15|14|15|14
14,10|2|2|2|2|2|1|1|1|1|1|1|1|1,0,0|2,2,6,11,5,20203068600|11598057900|6567436260|3664756062|2012981220|1086870690|575868150|298792260|151423272|74710350|35738010|16484985|7279470|3046329|1190475,6|7|6|9|8|9|8|17|14|13|12|15|14|15|14
14,10|2|2|1|1|1|1|1|1|1|1|1|1|1|1|1|1,0,0|2,2,2,6,4,557502750|346595625|211615065|126716130|74302920|42587550|23808330|12948390|6828900|3478410|1702350|795015|351000|144585|54495,2|3|2|9|10|9|8|15|12|13|12|15|18|15|14
14,10|2|1|1|1|1|1|1|1|1|1|1|1|1|1|1|1|1,0,0|2,2,2,6,4,74364290|47805615|30154311|18631932|11255904|6633774|3804294|2116296|1137708|588302|290862|136422|60060|24453|9009,2|3|2|11|14|9|8|19|12|13|12|17|16|15|14
14,9|9|8|1|1,0,0|2,2,6,11,5,88344776520|36226032700|14875146132|6119225310|2522971088|1042998858|432484470|179931675|75126480|31482360|13239920|5585745|2362272|1000285|423423,6|7|6|9|12|9|8|13|16|17|18|15|22|15|14
14,9|9|7|3,0,0|4,2,8,10,2,284747626800|118268194200|49207913040|20513181546|8569235220|3587970360|1506070800|633908275|267599732|113320980|48147360|20526555|8780850|3768336|1621620,8|9|10|9|8|13|14|13|12|15|20|15|14|23|18
14,9|9|7|1|1|1,0,0|2|4|6,4,10,17,7,353379106080|149578457600|63268811056|26756221800|11318465224|4791623672|2030983020|862271410|366832400|156433320|66888220|28681400|12333156|5316740|2296294,10|21|10|13|10|13|10|15|16|17|14|21|16|19|16
14,9|9|6|4,0,0|4,2,10,12,2,442940752800|186316348400|78485423744|33112155076|13992109352|5922773480|2511755480|1067389687|454640788|194154576|83162380|35744410|15425204|6687616|2914912,10|11|16|11|10|13|12|13|12|19|14|17|16|29|24
14,9|9|6|3|1,0,0|4,2,8,10,2,1686582097200|718359041400|306014773680|130402781586|55598309124|23722760160|10132370040|4333414190|1856416968|796940172|342995940|148082715|64170810|27929616|12216204,8|9|10|9|8|17|12|15|14|15|14|15|14|23|18
14,9|9|6|2|1|1,0,0|4,2,8,10,2,2007835830000|865812805000|372867453200|160423812450|68979718500|29653353300|12749628000|5485009075|2362194500|1018912320|440444300|190921225|83046150|36271950|15915900,8|9|10|9|8|11|16|13|12|23|14|15|14|17|18
14,9|9|6|1|1|1|1,0,0|4,2,8,10,2,765654729840|334214366200|145465050016|63165397438|27379545908|11853215660|5127982860|2218198983|959957724|415883904|180489632|78524435|34272854|15017002|6608602,8|9|12|9|8|11|10|13|12|25|20|15|14|17|16
14,9|9|5|3|1|1,0,0|4,2,8,10,2,3903232853520|1703792118600|742519754064|323140311846|140465693484|61005231000|26480572920|11492892684|4989920184|2168678448|944228988|412255305|180710838|79644708|35351316,8|9|10|9|8|13|12|17|14|19|14|15|14|19|18
14,9|9|5|2|1|1|1,1,3|5,2,13,14,1,3341038821120|1480486779200|653861830336|287934466248|126474686208|55437773976|24261123120|10606187956|4634811968|2026117728|886874656|389148980|171401472|75900396|33849816,16|15|14|13|20|13|14|17|20|21|20|19|28|19|20
14,9|9|4|4|2,0,0|2,2,8,12,4,1836500505840|801647046200|349585383224|152305626704|66299049768|28839739488|12539150960|5451095944|2370514552|1031861502|449973958|196797370|86443588|38204166|17027010,8|9|8|15|10|17|14|19|14|13|12|17|16|17|16
14,9|9|4|4|1|1,0,0|2|4|6,4,12,25,13,2248776129600|987557771200|432932879456|189488368608|82818011376|36153116640|15767958120|6873641502|2996464296|1307203632|571190900|250281460|110136576|48765288|21777756,12|15|12|17|12|17|12|15|14|19|14|19|28|21|18
14,9|9|4|3|1|1|1,0,0|4,2,8,10,2,4385113452720|1960540141560|873453204624|387873143658|171734649060|75840246456|33419834448|14703028886|6462544144|2840337864|1249635912|551124651|244081530|108792684|48936888,8|9|10|9|8|13|14|15|16|17|16|15|14|19|20
14,9|9|4|2|2|2,0,0|2,2,6,11,5,2548407015000|1139367157500|507793694100|225628113150|99969695100|44181190350|19483617450|8578050635|3772991860|1659349440|730513200|322384425|142875810|63732735|28693665,6|7|6|9|8|9|8|13|12|23|18|15|14|15|14
14,9|9|4|1|1|1|1|1|1,0,0|2,2,2,6,4,827582685930|383140132375|176059206323|80350691421|36444968560|16440293870|7381464090|3301544246|1472570638|655763913|291993737|130240495|58323804|26295269|11974963,2|3|2|7|12|9|8|15|10|11|10|15|16|15|14
14,9|9|3|3|3|1,0,0|4,2,12,14,2,1839907742400|822604255200|366753445632|163065327768|72310485456|31987636560|14120309520|6222865740|2739691920|1206024120|531437760|234770130|104177052|46550868|21013356,12|13|18|13|12|15|14|17|16|17|22|17|16|19|18
14,9|9|3|3|2|2,0,0|2|4|6,4,14,23,9,2283372685440|1026913641600|460298938176|205645366080|91586562144|40670866368|18014908560|7963442564|3515550192|1551361392|685155408|303326100|134885520|60409272|27340236,14|17|14|19|14|19|14|17|16|19|18|19|20|21|18
14,9|9|3|3|2|1|1,0,0|4,2,12,14,2,4176298526400|1889277904800|851169413952|381964923912|170772792528|76092191760|33804555200|14982142448|6629258528|2931413112|1297076880|575239170|256241700|114963420|52132080,12|13|14|13|12|15|18|21|18|17|18|17|16|19|22
14,9|9|3|3|1|1|1|1,0,0|4,2,6,8,2,2192556726360|1003471729260|456715723464|206786721141|93176003154|41801285448|18681945048|8323441399|3700079292|1642956084|729722196|324776331|145178946|65372736|29765736,6|7|8|7|6|13|12|13|12|15|14|15|14|27|20
14,9|9|3|1|1|1|1|1|1|1,0,0|2|4|6,4,12,19,7,420359459520|200171171200|94388406112|44101257200|20431796528|9393578480|4289628200|1947749804|880480832|396866512|178700788|80573680|36488056|16660072|7707700,12|17|12|15|12|15|12|17|20|19|14|23|18|21|18
14,9|9|2|2|2|2|2,0,0|4,2,10,12,2,454344564960|210344706000|96823286208|44315901036|20172370680|9135256680|4117865400|1848917499|827687388|369875160|165265140|73986000|33276672|15090504|6932640,10|11|14|11|10|13|12|13|12|17|14|23|28|21|24
14,9|9|2|2|1|1|1|1|1|1,0,0|4,2,8,10,2,429913083600|205857852200|97600943440|45842674878|21344306412|9858385680|4520844120|2060544395|934662820|422604000|190848140|86302315|39206970|17971668|8360352,8|9|10|9|8|15|12|13|12|21|14|15|14|19|24
14,9|9|2|1|1|1|1|1|1|1|1,0,0|4,2,8,10,2,120892852080|59167136600|28606880016|13672405890|6464427684|3026303280|1404271440|646687041|296007228|134921448|61380072|27951165|12788622|5908188|2774772,8|9|10|9|8|15|14|13|12|17|16|15|14|19|18
14,9|8|8|1|1|1,0,0|2,2,6,10,4,223730278200|95292525900|40577406012|17283184776|7366927152|3143873070|1343790630|575478605|246978720|106234560|45794100|19776240|8550432|3697551|1597167,6|7|6|13|12|9|8|13|18|23|14|23|22|15|14
14,9|8|6|3|1|1,0,0|4,2,8,10,2,7308522421200|3228897471800|1425295727856|628731965862|277216989036|122194811700|53858067120|23741179371|10468829532|4618825596|2039380420|901353915|398858922|176750574|78450372,8|9|10|9|8|11|14|13|12|15|14|15|14|17|18
14,9|8|6|2|1|1|1,1,3|5,2,15,16,1,5996736345600|2689012726400|1202788619648|536859834896|239199722368|106423741360|47297875360|21004605076|9323931232|4138417416|1837197040|816006400|362717344|161392088|71895824,18|17|16|15|18|15|16|17|18|17|18|31|22|21|22
14,9|8|5|3|3,1,3|5,2,15,16,1,4906420646400|2187121372800|974394771840|433851424272|193060335168|85863196080|38169419520|16961744800|7536103680|3348472680|1488348960|662054040|294868800|131575392|58863168,18|17|16|15|16|15|22|23|24|17|20|21|24|25|26
14,9|8|5|3|1|1|1,1,3|5,2,13,14,1,12593146325760|5713557129280|2585515939776|1167220105128|525799059072|236400519096|106107477168|47558873544|21293205024|9526493592|4260845456|1906135308|853443360|382714332|172035864,16|15|14|13|18|13|14|19|18|17|18|19|22|19|20
14,9|8|5|2|2|1|1,1,3|5,2,15,16,1,13192819960320|6020532918400|2739241800064|1242823766800|562427507136|253925017104|114404389440|51452885484|23107746816|10367209944|4648674464|2084507480|935346368|420310176|189309120,18|17|16|15|16|15|18|17|28|17|20|21|24|25|26
14,9|8|5|2|1|1|1|1,1,3|5,2,11,12,1,8352597052800|3855894671200|1772198766624|811238284428|369995791984|168198657900|76242241920|34474294400|15556625760|7009229880|3155025920|1419685080|639084864|288050048|130113984,14|13|12|11|12|11|20|27|18|17|36|21|24|29|26
14,9|8|4|4|2|1,0,0|2,2,8,13,5,11484820947600|5195514238200|2346605540136|1058192391828|476449881336|214203286440|96169576360|43124314233|19318823304|8648741778|3871032390|1733199930|776846796|348889398|157183026,8|9|8|11|10|13|12|13|14|13|12|17|16|17|16
14,9|8|4|3|2|2,0,0|2,2,6,11,5,12649365729000|5789259976500|2643238645740|1203942683790|547074783540|248024941650|112205207430|50663010300|22837962420|10282178340|4625964000|2081148795|937047870|422713005|191306115,6|7|6|9|8|9|8|17|12|15|20|15|14|15|14
14,9|8|4|2|2|1|1|1,0,0|4,2,6,8,2,13398957772200|6274115147300|2923884899936|1356394626587|626516556666|288215932290|132093521560|60337858581|27481832532|12488132496|5665681420|2568555220|1164863392|529152624|241152912,6|7|12|7|6|9|12|13|12|19|14|19|22|23|22
14,9|8|4|1|1|1|1|1|1|1,0,0|2,2,2,6,4,1522608837750|737136024625|353862473965|168533730365|79680056040|37417764150|17463894630|8106455630|3745164290|1723568175|790918275|362314920|165918720|76081005|34999965,2|3|2|7|10|9|8|15|10|11|10|21|34|15|14
14,9|8|3|3|3|1|1,1,3|5,2,17,18,1,7196083614720|3341038821120|1545971809536|712949300448|327696264960|150134888544|68574132544|31233199816|14190764224|6434896608|2914122624|1319090784|597471072|271165752|123531408,20|19|18|17|20|17|18|19|20|21|24|25|22|21|22
14,9|8|2|2|1|1|1|1|1|1|1,1,3|5,2,15,16,1,724064140800|362989827200|180061225344|88414614288|42993460224|20715037200|9895735200|4690495264|2207986368|1033397064|481534480|223775640|103929408|48367176|22630608,18|17|16|15|24|15|16|23|20|17|18|21|24|21|22
14,9|7|7|5,0,0|2,2,4,8,4,365426121060|157577930510|68102816782|29498697228|12805471952|5570851312|2428559952|1060800559|464215430|203486409|89329597|39264302|17275236|7605598|3349346,4|5|4|11|12|15|14|13|10|11|10|17|16|17|16
14,9|7|7|4|1,1,3|5|7|9,4,19,23,4,2056023889920|900190353920|394510566912|173072826432|76009455616|33418774080|14709711360|6481910680|2859340416|1262557296|557946208|246713808|109124928|48263072|21333312,22|21|20|19|32|19|24|19|22|19|20|23|24|25|26
14,9|7|7|3|2,0,0|2,2,6,11,5,3092067178200|1366072007300|603689306220|266871152394|118024548840|52222564350|23119905930|10241705705|4539590748|2013240600|893212180|396369765|175871520|77992629|34549515,6|7|6|9|10|9|8|13|12|17|14|15|22|15|14
14,9|7|7|3|1|1,0,0|2|4|6,4,10,17,7,3953924189280|1757299639680|780646570704|346684657176|153943301304|68359622760|30360369780|13487259942|5993350920|2664020664|1184363532|526534992|234008028|103922676|46092618,10|17|10|13|10|13|10|15|14|17|14|23|16|19|16
14,9|7|7|2|2|1,0,0|2,2,6,10,4,3654261210600|1633783451300|729751650628|325703950572|145284963304|64780910090|28878392010|12872273960|5737586260|2557410660|1139818120|507870440|226160088|100607507|44683639,6|7|6|11|10|9|8|19|12|15|16|21|18|15|14
14,9|7|7|1|1|1|1|1,0,0|2,2,4,9,5,927620153460|424545731610|193565670606|87968055483|39869456550|18029354607|8138168247|3668028364|1651257300|742580874|333606462|149704632|67084380|30005118|13387374,4|5|4|7|6|7|6|17|12|13|12|21|16|17|16
14,9|7|6|5|1,0,0|2,2,4,8,4,2951518670100|1303977825150|576681340158|255293751636|113128339128|50177410290|22275087870|9896094194|4399372698|1956773889|870654225|387463230|172429488|76717641|34117083,4|5|4|11|10|9|8|15|10|11|10|17|20|15|14
14,9|7|6|4|2,0,0|2,2,8,13,5,7951029886800|3554825531400|1589752927224|711129723876|318174219792|142384851840|63727408800|28525111461|12768335844|5714850078|2557321290|1143953910|511436772|228473388|101957856,8|9|8|11|12|21|16|13|12|13|12|17|16|19|24
14,9|7|6|4|1|1,0,0|2|4|6,4,12,27,15,9491587560000|4268703400000|1918946359200|862330154400|387394701200|173988172800|78122998200|35069386170|15738131520|7060361400|3165980900|1418862300|635401440|284274640|127026900,12|15|12|17|12|27|12|15|20|17|14|19|22|23|18
14,9|7|6|3|1|1|1,0,0|4,2,8,10,2,13155340358160|6020830375560|2749931952768|1253675232810|570588018156|259299684540|117673730460|53333387289|24142926780|10915984548|4929560748|2223267453|1001273130|450196890|202035834,8|9|16|9|8|11|10|13|12|15|14|15|14|17|16
14,9|7|6|2|2|2,0,0|2,2,6,10,4,7027425405000|3216255542500|1469495573700|670315730700|305295401000|138844799550|63058659750|28602048650|12957109200|5862514770|2649177650|1195505850|538692000|242317075|108783675,6|7|6|11|10|9|8|15|16|13|12|17|22|15|14
14,9|7|6|1|1|1|1|1|1,0,0|2,2,8,13,5,2026733108400|959749276200|451919414232|211710063708|98723412216|45845925840|21211287240|9780908137|4496448528|2061285606|942425310|429750090|195443424|88633116|40072032,8|9|8|11|10|15|12|13|16|13|12|17|22|19|24
14,9|7|5|5|2,0,0|2|4|6,4,12,19,7,4947307485120|2224979556800|1000938767136|450384362736|202683528432|91216427808|41049004920|18469660748|8307894672|3735480168|1678697860|753905460|338319696|151687536|67939872,12|15|12|15|12|17|12|17|16|17|14|19|20|23|24
14,9|7|5|5|1|1,0,0|2,2,4,8,4,5766139442700|2608491652650|1179559221282|533195713206|240929415792|108822506130|49130772210|22170063825|9998280270|4505998815|2029197015|913026735|410418252|184292901|82655937,4|5|4|9|12|9|8|13|10|11|10|15|16|15|14
14,9|7|5|4|2|1,0,0|2,2,8,13,5,26101865790000|11946092015000|5461950865800|2494746411300|1138276677200|518794582800|236183781600|107396611595|48774650940|22122633690|10020594550|4532500500|2047112100|923150800|415615200,8|9|8|11|12|15|16|13|12|13|12|19|16|23|24
14,9|7|5|3|2|2,0,0|2,2,6,11,5,22582990081080|10455088000500|4831859131308|2229066721926|1026457165080|471799948482|216454760190|99120413205|45304468992|20667889206|9410712030|4276733175|1939785408|878072481|396659835,6|7|6|9|10|9|8|13|26|13|12|15|24|15|14
14,9|7|5|2|2|1|1|1,0,0|4,2,6,8,2,21644470247400|10249630090700|4834195967832|2271267546933|1063189636586|495928538490|230545994910|106828308587|49347002628|22726395216|10436112820|4778821740|2182244064|993808816|451362912,6|7|8|7|6|9|8|13|12|19|14|19|22|23|24
14,9|7|5|1|1|1|1|1|1|1,0,0|2,2,8,12,4,2296964189520|1124175595400|546054856776|263375959704|126200541896|60101963064|28460546400|13405894502|6283504656|2931574626|1361805174|630011250|290326608|133290300|60972912,8|9|8|13|10|13|16|15|16|13|12|17|20|19|22
14,9|7|4|4|4,0,0|2,2,8,12,4,2361214936080|1080661862280|494442443880|226118576376|103341392616|47190573360|21528260880|9810062836|4464658968|2029141170|920889522|417299652|188806464|85291206|38468430,8|9|8|13|10|15|14|17|14|13|12|19|24|17|16
14,9|7|4|4|3|1,0,0|2,2,8,13,5,16610278230000|7689943625000|3555559516600|1641654896700|756825240600|348338741400|160050360600|73404375135|33602099160|15352082550|7000215250|3185630450|1446855360|655862610|296737350,8|9|8|11|10|13|12|13|14|13|12|17|24|17|16
14,9|7|4|4|2|2,0,0|4|8|12,4,20,34,14,15420179174400|7179765964800|3337084929024|1548165687552|716838230784|331239663360|152738760960|70277419072|32264337216|14779481472|6754973760|3080523600|1401778224|636519312|288432144,20|29|22|23|20|23|22|25|20|25|22|23|20|23|22
14,9|7|4|4|2|1|1,0,0|2,2,8,13,5,26797915544400|12548230294600|5861512320664|2731361572940|1269650622240|588730050480|272311879840|125640295781|57823059140|26545254750|12156210290|5553353960|2530968880|1150869720|522161640,8|9|8|11|14|15|16|13|12|13|12|21|20|21|20
14,9|7|4|4|1|1|1|1,0,0|2,2,2,6,4,12297994458750|5823653460625|2747603206425|1291730101200|605200174250|282602976075|131534376225|61026383600|28225552320|13015081800|5983691000|2743176975|1254156750|571896325|260134875,2|3|2|15|6|7|6|21|20|17|16|15|14|15|14
14,9|7|4|3|3|2,0,0|2,2,6,11,5,18629065891800|8723134028700|4076558228484|1901050830378|884542460004|410602934430|190136724570|87825867570|40464484200|18595808280|8524175940|3897672345|1777887954|809073603|367363269,6|7|6|9|8|9|8|15|14|17|14|15|14|15|14
14,9|7|4|3|2|2|1,0,0|2,2,6,11,5,38960046445320|18449334163260|8710115389668|4099419231138|1923335712144|899513349966|419345849538|194872174497|90271335924|41686246350|19191566142|8809400061|4032317520|1840757919|838170333,6|7|6|9|12|9|8|13|12|13|12|15|20|15|14
14,9|7|4|3|1|1|1|1|1,0,0|2,2,4,8,4,15670331897220|7586430521670|3652584077142|1749300520968|833524351452|395223374520|186514899480|87620425893|40982047470|19087892271|8854912143|4092286968|1884534498|864972108|395783388,4|5|4|13|8|13|12|13|10|11|10|21|14|19|18
14,9|7|4|2|2|2|2,0,0|2,2,6,10,4,10962783631800|5249375231100|2504083610028|1189895891184|563205621888|265530724290|124697136330|58332187459|27183081212|12620287134|5838144690|2691434130|1236732552|566549841|258795537,6|7|6|15|18|9|8|13|12|13|12|17|18|15|14
14,9|7|4|2|2|2|1|1,0,0|2|4|6,4,8,15,7,23309429497200|11223058646800|5379668331576|2567254557252|1219728456716|576975417480|271755655710|127456807170|59532830280|27695928960|12835417700|5926790100|2727319056|1250998672|572107536,8|11|8|11|8|13|8|15|14|25|14|19|20|23|22
14,9|7|4|2|2|1|1|1|1,0,0|2|4|6,4,12,25,13,18916175678400|9207873875200|4456580160032|2145018203328|1026870500656|489017363120|231700549080|109244104970|51264505600|23948074080|11139248540|5160347500|2381522352|1095222128|502037536,12|19|12|19|12|15|12|15|24|21|14|19|20|23|24
14,9|7|4|2|1|1|1|1|1|1,0,0|2,2,4,8,4,8139036332700|4026454482050|1977153123946|963972651642|466798815756|224576783340|107373433440|51033085558|24118905146|11338248033|5303406465|2469049065|1144515834|528425898|243086844,4|5|4|9|8|11|16|15|10|11|10|15|14|17|18
14,9|7|4|1|1|1|1|1|1|1|1,0,0|2,2,2,6,4,1586718683550|801754678725|401310022113|199067197329|97900911108|47755949670|23115742650|11107426330|5300669220|2513325150|1184570310|555221205|258920838|120189069|55558503,2|3|2|7|8|9|8|15|12|13|12|15|14|15|14
14,9|7|3|3|3|3,0,0|2,2,10,14,4,3373164194400|1597344949200|754616781072|355570937568|167076049776|78274353240|36558349080|17020689392|7898998968|3654038556|1685017740|774663120|355112604|162348186|74035962,10|11|10|17|12|13|12|21|14|15|14|23|16|17|16
14,9|7|3|3|2|2|2,0,0|2|4|6,4,14,23,9,10739053353600|5170655318400|2480078817216|1184847618240|563751021600|267119199360|126036546480|59218799484|27708433920|12911978880|5993279760|2771491140|1277167320|586666080|268699860,14|17|14|19|14|21|14|17|26|25|18|19|18|25|18
14,9|7|3|3|2|2|1|1,0,0|2,2,4,9,5,22293464567220|10792867766670|5201808399018|2495770538679|1191981047400|566681760315|268174084365|126333640818|59248873332|27666506448|12865246848|5958966123|2750003784|1264853799|579997341,4|5|4|7|10|7|6|15|12|19|24|15|18|15|14
14,9|7|3|3|2|1|1|1|1,0,0|2,2,8,13,5,16889442570000|8265997025000|4022533171800|1946549276100|936758565600|448356565800|213449893800|101087561575|47631635700|22334351670|10424031250|4844050200|2242013400|1033911450|475224750,8|9|8|11|14|13|12|13|12|13|12|21|18|17|16
14,9|7|3|3|1|1|1|1|1|1,0,0|2|4|6,4,12,19,7,5846817936960|2907941196160|1435647237024|703731908880|342578404688|165653117136|79583229336|37995088404|18031414800|8508565296|3993499468|1865043048|867057840|401446760|185189004,12|17|12|15|12|15|12|17|16|19|14|21|20|21|18
14,9|7|3|2|2|2|2|1,0,0|2,2,4,8,4,10541138107500|5159022618750|2512111521150|1216889531550|586368644400|281049115725|133995245025|63550215365|29985625740|14078326500|6578567100|3060426600|1417933440|654518865|301125825,4|5|4|9|12|7|6|13|12|15|14|21|26|15|14
14,9|7|3|2|2|2|1|1|1,1,3|5|7|9,4,21,25,4,13303683993600|6563854668800|3219036699648|1569185135232|760349945344|366239364480|175373510400|83495484688|39530739072|18615560544|8721848320|4067059920|1888271616|873267824|402450048,24|23|22|21|22|21|22|21|22|21|32|23|28|23|28
14,9|7|3|2|2|1|1|1|1|1,0,0|2,2,8,13,5,8932638514800|4466319257400|2216472282024|1091904449636|534054215552|259380990440|125119720440|59957570673|28549985772|13512798754|6359459470|2977238770|1387175152|643563778|297443146,8|9|8|11|18|13|12|13|12|13|12|17|20|17|16
14,9|7|3|1|1|1|1|1|1|1|1|1,0,0|2,2,8,13,5,675577702800|352086792200|181424371128|92460216420|46621329040|23267878920|11498967480|5629835211|2732073300|1314913950|628037290|297891660|140423580|65835770|30720690,8|9|8|11|12|13|12|13|12|13|12|19|16|17|16
14,9|7|2|2|2|2|2|1|1,0,0|2,2,6,10,4,3198026917800|1599013458900|794313352404|391963299156|192121939152|93534925770|45232383690|21729375252|10371549528|4919848956|2320189920|1088303040|507991176|236096289|109316493,6|7|6|11|12|9|8|17|14|15|20|27|18|15|14
14,9|7|2|2|2|2|1|1|1|1,0,0|2,2,6,11,5,3092067178200|1562393732900|783399193500|389788907046|192461348464|94309547310|45868828170|22146619110|10617781944|5056388316|2392813220|1125793515|526918920|245491675|113918805,6|7|6|9|12|9|8|15|14|15|14|15|18|15|14
14,9|7|2|1|1|1|1|1|1|1|1|1|1,0,0|2,2,6,11,5,164068870680|88111060180|46696524732|24427422162|12616248216|6435707850|3243887790|1616469712|796843080|388864674|188022322|90160587|42920856|20305857|9555975,6|7|6|9|10|9|8|21|14|13|12|15|18|15|14
14,9|7|1|1|1|1|1|1|1|1|1|1|1|1,0,0|2,2,6,10,4,17484503400|9667357700|5264991732|2824549728|1492929256|777679110|399416550|202382817|101243688|50049846|24475990|11855130|5694744|2716571|1288287,6|7|6|17|10|9|8|13|14|13|12|17|18|15|14
14,9|6|6|5|2,0,0|2,2,4,8,4,3607411707900|1631924344050|738660492570|334497092622|151528258728|68657351070|31109725570|14093804340|6382230162|2888009313|1305434025|589203615|265414380|119258139|53414361,4|5|4|9|10|9|8|17|10|11|10|15|16|15|14
14,9|6|6|5|1|1,0,0|2|4|6,4,12,19,7,4176298526400|1900326313600|864597480032|393324092304|178905146992|81357507920|36984721800|16804429096|7629690512|3460621896|1567557980|708837580|319832832|143916344|64536472,12|17|12|15|12|15|12|19|16|17|14|19|28|21|20
14,9|6|6|4|2|1,0,0|2|4|6,4,12,21,9,15313094596800|7048884814400|3242487014624|1490451778816|684560148272|314137709600|144009231080|65940596722|30152159488|13764937416|6271622140|2850770560|1292140784|583667656|262554292,12|15|12|23|12|17|12|15|24|17|14|29|20|21|18
14,9|6|6|4|1|1|1,1,3|11,2,23,29,6,9719385661440|4512571914240|2091626035200|967955898624|447258399744|206345118720|95048212480|43708595840|20063055872|9190532352|4200216192|1914376752|869767104|393680352|177393216,26|25|24|23|24|27|32|27|32|27|24|23|24|25|26
14,9|6|6|3|3|1,0,0|4,2,8,10,2,11186513910000|5178941625000|2395380015600|1106783127450|510819687300|235474991700|108402442200|49828956515|22865783380|10472287680|4785292200|2180777775|990680130|448343610|201990360,8|9|10|9|8|11|12|13|12|23|16|15|14|17|20
14,9|6|6|3|2|2,0,0|2|4|6,4,10,17,7,12368268712800|5758770617600|2677526303760|1243071084024|576221532216|266674648680|123205622100|56817155010|26148861816|12007409904|5499666760|2511556740|1143020340|518089572|233711478,10|19|10|13|10|13|10|15|14|19|16|19|16|19|16
14,9|6|6|3|2|1|1,0,0|4,2,8,10,2,21925567263600|10266733877400|4797389076480|2237095762902|1041065712180|483483216060|224065941060|103615513365|47804474676|21999811680|10096088940|4618567305|2105088810|955389006|431441010,8|9|24|9|8|11|10|13|12|21|14|15|14|17|16
14,9|6|6|3|1|1|1|1,0,0|4,2,6,8,2,10678036005000|5056530277500|2386456300800|1122735653325|526611916350|246286134900|114855267150|53410210035|24764615100|11447476200|5274182700|2421126450|1106863020|503646000|227927700,6|7|18|7|6|11|8|13|12|17|14|17|16|23|18
14,9|6|6|1|1|1|1|1|1|1,0,0|2|4|6,4,12,26,14,1177930353600|579616523200|283192291360|137450846368|66302334032|31797629600|15166571640|7196399210|3397385288|1595849112|745782060|346651140|160195200|73558056|33537504,12|15|12|17|12|17|12|15|14|17|14|19|26|21|24
14,9|6|5|5|2|1,0,0|2,2,4,8,4,12059061994980|5582899071750|2583103104582|1194318949824|551751623280|254650949982|117393237390|54042725737|24837570758|11392502247|5213195295|2378878590|1081924272|490120059|220975755,4|5|4|19|12|9|8|13|10|11|10|17|20|15|14
14,9|6|5|4|2|2,1,3|5|7|9,4,19,23,4,22616262789120|10620070489600|4980272275968|2332065726144|1090251864064|508790090688|236969356800|110125863848|51052222848|23601071376|10876224800|4994124960|2283703488|1039273664|470293824,22|21|20|19|26|19|24|19|22|19|20|25|24|27|26
14,9|6|5|3|3|1|1,1,3|5,2,13,14,1,31891734201600|15144355262400|7175964694080|3392564279832|1600097141760|752795420520|353223608400|165264533980|77083877696|35832346200|16594332720|7652900100|3512669760|1603613388|727523160,16|15|14|13|24|13|14|17|20|17|18|19|24|19|20
14,9|6|4|4|4|1,0,0|2|4|6,4,12,21,9,7517337347520|3539910179520|1665318159648|782502259968|367158611664|171983897280|80401421880|37501299654|17445655272|8091370800|3739943388|1721875848|789186024|359824608|163062900,12|15|12|23|12|19|12|15|14|19|14|21|18|25|18
14,9|6|4|4|3|2,1,3|5|7|9,4,21,25,4,20560238899200|9763393868800|4629275442176|2191137032832|1035067877376|487867762560|229378152960|107545140080|50266351360|23412826080|10862751680|5017930720|2306510976|1054193712|478654176,24|23|22|21|26|21|24|21|24|21|22|25|26|23|24
14,9|6|4|4|2|2|1,1,3|5|7|9,4,19,23,4,33581723535360|16124557729280|7722976346624|3689173926592|1757313159168|834571797696|395075975168|186377941736|87595921280|41002208016|19107217696|8860401088|4086272960|1872862992|852275424,22|21|20|19|28|19|28|19|22|19|20|27|24|23|24
14,9|6|4|4|2|1|1|1,0,0|2,2,2,6,4,32827446541890|15892652690915|7667753996903|3686705057035|1766352994406|843218028653|401017259643|189961823051|89608372700|42080898846|19666254958|9142549108|4225522994|1940213275|884220337,2|3|2|7|6|7|6|13|12|13|12|19|14|15|14
14,9|6|4|4|1|1|1|1|1,1,3|5|7|9,4,21,25,4,11852373012480|5816442311680|2840565668864|1380696535680|667983490048|321671369600|154177067520|73543586480|34907455744|16483197024|7740727232|3613796032|1676313408|772051280|352704352,24|23|22|21|24|21|24|21|24|21|22|27|24|23|24
14,9|6|4|3|3|3,0,0|2,2,6,11,5,9276201534600|4441779041700|2122917428940|1012473489258|481715896332|228577817490|108140182590|50993732405|23959577488|11212813332|5224460640|2422405425|1117051650|511916691|232921689,6|7|6|9|8|9|8|13|16|15|20|15|14|15|14
14,9|6|4|3|2|2|2,0,0|2|4|6,4,10,17,7,26310680716320|12807315480960|6214118038128|3004769968200|1447664674248|694802237688|332120890764|158076984702|74896344096|35313050304|16562634312|7724025276|3579541020|1647238164|751969218,10|17|10|13|10|13|10|15|18|23|16|19|16|19|16
14,9|6|4|3|2|2|1|1,0,0|2,2,4,8,4,54111175618500|26482982776250|12911362563330|6269795303310|3032178307620|1460198224485|700083579195|334103723415|158672606400|74969781390|35227363990|16454737530|7636111560|3518044530|1607475870,4|5|4|9|8|7|6|13|20|13|12|17|18|17|16
14,9|6|4|3|2|1|1|1|1,0,0|2,2,4,8,4,40105930164300|19840764393450|9766128619170|4783117075506|2330874744660|1130121752760|545120064720|261555263970|124813458462|59221905435|27931220835|13088941635|6090991830|2812675866|1287536250,4|5|4|9|8|13|14|15|10|11|10|15|14|17|16
14,9|6|4|3|1|1|1|1|1|1,0,0|2|4|6,4,12,23,11,13288222584000|6679265320000|3335089677920|1654534321440|815616783280|399549400640|194508448680|94096996630|45231505760|21600386640|10245328660|4824735020|2254640640|1044763720|479559080,12|15|12|17|12|19|12|15|18|19|14|19|30|21|20
14,9|6|4|2|2|2|2|1,0,0|2,2,4,9,5,20098436658300|9942877394450|4897081843654|2400854659203|1171460013724|568788521015|274763987355|132029017120|63092912960|29976024330|14154726670|6640088840|3092747064|1429168598|654547894,4|5|4|7|8|7|6|23|20|13|12|21|18|17|16
14,9|6|4|2|2|2|1|1|1,1,3|5|7|9,4,19,23,4,25072327526400|12502999308800|6201752972800|3059658837312|1501277136128|732556538560|355440328320|171465580440|82223034432|39184478928|18552573760|8723385440|4071144000|1884389584|864159296,22|21|20|19|20|19|20|19|20|19|22|25|24|23|26
14,9|6|4|2|2|1|1|1|1|1,0,0|2,2,4,8,4,16444175447700|8309093943150|4170275018910|2079151830756|1029782226564|506704525860|247691185560|120278999295|58015836858|27791110557|13217689485|6239266110|2921526630|1355998644|623188566,4|5|4|11|8|11|12|13|10|11|10|17|14|19|16
14,9|6|4|1|1|1|1|1|1|1|1|1,0,0|2,2,2,6,4,1082223512370|569742007835|296829639799|153080880645|78168657644|39531802618|19803961254|9829167348|4833697176|2355272640|1136981776|543628778|257327070|120497377|55754699,2|3|2|7|8|9|8|17|14|23|18|17|14|15|14
14,9|6|3|3|3|2|2,1,3|11,2,23,29,6,12496352993280|6132469524480|2999480739840|1461826020096|709682328576|343106509824|165144904704|79111863168|37706677248|17874798336|8424315264|3945385104|1835034048|846946464|387484032,26|25|24|23|24|27|26|27|28|27|24|23|24|25|28
14,9|6|3|3|2|2|2|1,0,0|2|4|6,4,8,15,7,20672677705680|10281649229280|5091183264024|2509375760892|1230849090900|600669129060|291576503790|140748970362|67544816328|32214835512|15264266052|7182141912|3353776668|1552992012|712305594,8|13|8|11|8|11|8|15|14|17|14|21|16|19|16
14,9|6|3|3|2|2|1|1|1,1,3|5|7|9,4,19,23,4,25072327526400|12569328217600|6268081881600|3108929681088|1533489914880|752101479360|366707658240|177714660200|85582358400|40943241360|19452235040|9173989440|4292386560|1990879968|914316480,22|21|20|19|24|19|24|19|22|19|20|27|28|25|26
14,9|6|3|3|2|1|1|1|1|1,0,0|2|4|6,4,12,19,7,15313094596800|7778079795200|3924564781280|1967111173456|979439592560|484412923280|237961077640|116090054080|56235589168|27043306320|12906677300|6110881700|2868722560|1334206016|614033420,12|25|12|15|12|15|12|25|16|19|14|19|26|27|18
14,9|6|3|3|1|1|1|1|1|1|1,1,3|11,2,23,29,6,4603919523840|2381127690240|1221247272960|621226374912|313447560192|156882645504|77891134464|38361243648|18739362816|9078476544|4360831872|2076225552|979268544|457197312|211026816,26|25|24|23|24|25|26|39|28|27|24|23|24|31|28
14,9|6|3|2|2|2|2|1|1,1,3|5|7|9,4,21,25,4,13303683993600|6739829324800|3395011355648|1700044950912|846094920704|418436656000|205590274560|100332792560|48623576320|23393507040|11169757760|5290624240|2484470208|1155758032|531955424,24|23|22|21|24|21|24|21|24|21|22|23|24|23|24
14,9|6|3|2|2|2|1|1|1|1,1,3|5|7|9,4,19,23,4,12564590438400|6431873676800|3270015203840|1651018500032|827757815808|412055666880|203635717120|99892300200|48630806400|23490630800|11255250080|5347139600|2517394880|1173512912|540988448,22|21|20|19|26|19|26|19|22|19|20|23|24|23|24
14,9|6|3|1|1|1|1|1|1|1|1|1|1,1,3|5|7|9,4,19,23,4,443456133120|241085278720|129490273792|68723547200|36044360704|18685099840|9575019520|4850886040|2429823616|1203400176|589244768|285190928|136373248|64372880|29949920,22|21|20|19|24|19|26|19|22|19|20|23|32|23|24
14,9|6|2|2|2|2|2|1|1|1,0,0|2|4|6,4,10,17,7,3281377413600|1701454955200|875968842320|447674503848|227061798392|114271488760|57049149300|28247696620|13868862128|6750151632|3255892900|1555741880|735981180|344408636|159198754,10|15|10|13|10|13|10|17|16|19|14|21|16|19|16
14,9|6|2|1|1|1|1|1|1|1|1|1|1|1,0,0|2|4|6,4,10,17,7,102217096800|57328107200|31713509520|17303650056|9312128760|4943044440|2588233140|1336942880|681335928|342591480|169963640|83182500|40143060|19083636|8918910,10|15|10|13|10|13|10|23|14|17|16|19|16|19|16
14,9|5|5|5|2|2,0,0|2,2,4,8,4,5521548532500|2614701553750|1236853838550|584345566200|275665189800|129820336800|61012469100|28605587780|13373702430|6231588345|2892204425|1336067700|613787460|280111260|126816690,4|5|4|13|10|17|10|17|10|11|10|19|16|19|16
14,9|5|5|4|4|1,0,0|4,2,10,12,2,6264447789600|2966497762800|1403725834368|663580180692|313297366824|147684125160|69481035000|32611675733|15263232492|7119444744|3307432740|1529146080|702945936|320941764|145333188,10|11|16|11|10|13|12|13|12|17|14|25|20|19|18
14,9|5|5|4|3|1|1,1,3|5,2,17,18,1,22273592140800|10694859718400|5125645800704|2451530320096|1169902403072|556896061280|264348285760|125082339928|58971309952|27687349824|12937256320|6011592400|2775335552|1271495368|577232656,20|19|18|17|22|17|18|19|22|23|24|23|26|21|22
14,9|5|5|3|3|2|1,1,3|5,2,13,14,1,26985313555200|13100013326400|6344349359040|3064629888936|1476172057344|708828602040|339194673840|161694192800|76750434432|36255404808|17032762320|7951872060|3685492800|1693662828|770521752,16|15|14|13|20|13|14|23|22|17|18|19|24|19|20
14,9|5|5|3|3|1|1|1,0,0|2|4|6,4,8,12,4,21356072010000|10452045825000|5098859976600|2479059367200|1201084899300|579752824950|278727151950|133425454890|63568468080|30127691880|14194975800|6643607400|3085624800|1420395600|647010000,8|9|8|17|8|9|8|15|16|17|16|21|22|23|22
14,9|5|5|3|2|2|2,0,0|4,2,8,10,2,16078749326640|7869229167800|3840052952736|1867979879766|905595760212|437429910060|210455928540|100817234518|48066195408|22795302096|10746528772|5032195245|2338166754|1076641566|490504014,8|9|12|9|8|11|10|15|16|19|14|15|14|17|16
14,9|5|5|3|1|1|1|1|1|1,0,0|4,2,10,12,2,7870716453600|3977002229200|1996990084320|996629418708|494380474392|243758714640|119452858560|58169601035|28140796908|13518789732|6445421080|3047490600|1427478360|661536876|302786484,10|11|12|11|10|15|18|13|12|15|16|21|18|19|18
14,9|5|5|2|1|1|1|1|1|1|1,1,3|5,2,15,16,1,3381618240000|1748958640000|897264297600|456698655600|230657904000|115603148400|57495420000|28373745400|13890741600|6743736360|3244914800|1546307400|728983200|339510600|155915760,18|17|16|15|18|15|16|19|18|17|18|21|22|21|22
14,9|5|4|4|4|2,0,0|2|4|6,4,12,23,11,6746328388800|3248232187200|1561952123424|749885719968|359318238864|171772218720|81889607640|38913118874|18421085928|8681826384|4070638740|1897093440|877867848|402824136|182990808,12|15|12|17|12|17|12|15|14|19|14|27|18|21|20
14,9|5|4|4|4|1|1,0,0|4,2,10,12,2,8770226905440|4245903501840|2051740506816|989380019628|475956482040|228343167000|109208113560|52043969523|24700480644|11667884760|5481687372|2559132312|1185948192|544828284|247711464,10|11|14|11|10|13|12|13|12|17|14|21|22|19|20
14,9|5|4|4|3|3,0,0|2,2,8,13,5,7362064710000|3564174185000|1722848989400|831228968900|400149519000|192123201600|91960748000|43860826625|20833419200|9848609190|4630135450|2162860150|1002783100|460831800|209549340,8|9|8|11|10|19|16|13|20|13|12|17|16|21|18
14,9|5|4|4|2|2|2,0,0|2|4|6,4,12,23,11,15313094596800|7535014801600|3697205525728|1808484845024|881616463728|428177280960|207100533640|99714989374|47767867312|22753058184|10768384100|5059130120|2356833424|1087158072|495639144,12|15|12|17|12|19|12|15|16|17|14|21|20|21|20
14,9|5|4|4|2|2|1|1,0,0|2,2,2,6,4,30990946036050|15331499758575|7558662727539|3713067521163|1816968436794|885454901310|429578633610|207395100234|99590918868|47538681624|22540550760|10606746150|4947802398|2284718436|1042389348,2|3|2|7|6|9|8|15|12|17|16|17|14|19|18
14,9|5|4|4|2|1|1|1|1,0,0|2,2,10,14,4,22068871624800|11034435812400|5492158015344|2721019116816|1341721372992|658344206520|321358197160|155998634792|75275614568|36086634276|17174776500|8107799700|3792203184|1754779026|801782982,10|11|10|15|16|13|12|19|14|15|14|19|20|17|16
14,9|5|4|4|1|1|1|1|1|1,0,0|2|4|6,4,14,21,7,6678183657600|3392093286400|1712517865408|859392931936|428684804128|212539616800|104718813360|51259807872|24919068384|12024484752|5755567440|2730332640|1282186584|595166208|272516244,14|27|14|17|14|17|14|27|18|19|18|25|18|35|18
14,9|5|4|3|3|2|2,0,0|4,2,8,10,2,21925567263600|10846775339400|5350302445488|2630550108186|1288715476308|628849493220|305515605720|147710044846|71029263872|33949547856|16116239160|7591310595|3543923394|1637270778|747110364,8|9|10|9|8|11|12|15|26|19|16|15|14|17|18
14,9|5|4|3|2|2|1|1|1,0,0|2,2,4,8,4,40105930164300|20265165770850|10190529996570|5098905765954|2538050748156|1256475604230|618442299090|302527214220|147007255626|70918704549|33939426885|16097520285|7557864930|3507050547|1605016413,4|5|4|9|8|9|8|17|10|11|10|15|14|15|14
14,9|5|4|3|1|1|1|1|1|1|1,0,0|4,2,10,12,2,6923863346400|3608468463600|1865976944832|957492339804|487549901592|246339718560|123486887160|61400760603|30271656996|14790650868|7156920540|3426487020|1621119456|756647892|347603256,10|11|14|11|10|17|12|13|12|15|14|19|22|19|20
14,9|5|4|2|2|2|2|1|1,0,0|2,2,8,13,5,16889442570000|8623445545000|4379981691800|2212501734300|1111214962000|554732664200|275161458000|135558948525|66295795500|32165544330|15470543450|7368893950|3471606600|1614984800|740199460,8|9|8|11|12|13|14|13|12|13|12|17|18|25|18
14,9|5|4|2|2|2|1|1|1|1,0,0|2,2,4,8,4,15766659562500|8133594218750|4169405528750|2123548157500|1074421547500|539905528750|269382828750|133406101500|65544533250|31929925125|15411073125|7362374250|3476954250|1620470775|743617875,4|5|4|11|8|9|8|17|10|11|10|17|14|15|14
14,9|5|4|1|1|1|1|1|1|1|1|1|1,0,0|2,2,2,6,4,478534206150|262054446225|141877504197|75948156999|40200503772|21041034300|10889458580|5571734168|2817762596|1407855108|694481460|337900530|161934366|76288212|35231196,2|3|2|7|8|11|10|19|12|15|14|17|14|19|18
14,9|5|3|3|3|3|2,0,0|4,2,12,14,2,6562754827200|3281377413600|1635640433856|812467096584|401997277968|198033538560|97080823840|47333026312|22938069088|11040654456|5273570160|2497091850|1170635268|542431032|247883064,12|13|14|13|12|25|16|19|18|17|18|17|16|21|20
14,9|5|3|3|3|2|2|1,0,0|4,2,6,8,2,17796726675000|8992525912500|4525887951000|2268059932125|1131276734250|561390774750|277039327500|135884000525|66203722500|32016545100|15355849500|7296684075|3430489050|1593019350|728991900,6|7|8|7|6|9|10|13|12|15|14|15|14|17|18
14,9|5|3|3|3|1|1|1|1|1,0,0|4,2,10,12,2,9369900540000|4833678850000|2478504582400|1263031454300|639538514200|321686909800|160682225800|79668492085|39188796220|19112207520|9233763700|4414836250|2086090820|972425740|446085640,10|11|18|11|10|13|12|13|12|21|14|17|16|19|20
14,9|5|3|3|2|2|2|2,0,0|4,2,6,8,2,8457004515960|4317994369260|2194621928928|1109907951867|558333228258|279251721450|138800756250|68525648919|33582771396|16325679924|7865783748|3752005653|1769469570|823574466|377387010,6|7|12|7|6|9|8|13|12|15|14|15|14|17|16
14,9|5|3|3|2|2|2|1|1,0,0|2|4|6,4,12,25,13,18916175678400|9708301803200|4957008088032|2517276329568|1270958825136|637761009600|317924641320|157367432222|77299522608|37653632856|18173330140|8681529780|4099183704|1909643736|875566692,12|15|12|17|12|19|12|15|16|17|14|19|18|21|18
14,9|5|3|3|2|2|1|1|1|1,0,0|2|4|6,4,12,19,7,17125295140800|8879782665600|4575806373600|2342899533744|1191674324016|601937695920|301841412840|150192462420|74118279312|36251113248|17557980300|8412485400|3981720600|1858283064|852985056,12|17|12|15|12|15|12|17|16|21|14|21|18|21|24
14,9|5|3|3|2|1|1|1|1|1|1,0,0|4,2,10,12,2,8902110016800|4686560564400|2448388223424|1269240259716|652814956872|333068631480|168521319720|84526556751|42008735844|20673964368|10066890060|4845023370|2301523092|1077018228|495170676,10|11|14|11|10|13|12|13|12|19|14|17|16|19|18
14,9|5|3|3|1|1|1|1|1|1|1|1,0,0|4,2,10,12,2,2391880065120|1284528183120|683394304320|360188288460|188061620760|97260047352|49813533432|25258624209|12674724300|6290467344|3085341588|1493962578|713120796|334885200|154270116,10|11|14|11|10|13|12|13|12|19|14|17|16|23|18
14,9|5|3|2|2|2|2|1|1|1,0,0|2|4|6,4,12,21,9,9816086280000|5141759480000|2675872311200|1383163003200|709896506000|361636008800|182776979000|91607866350|45504452400|22386150520|10897572100|5243497600|2490116200|1164849400|535274740,12|15|12|19|12|17|12|15|16|17|14|29|18|21|18
14,9|5|3|1|1|1|1|1|1|1|1|1|1|1,0,0|2|4|6,4,12,21,9,200998324800|113792702400|63601203744|35091815616|19111362192|10272256800|5448151800|2850540966|1470734304|747876888|374515020|184481460|89239032|42286608|19555536,12|15|12|19|12|17|12|15|18|17|14|19|18|23|22
14,9|5|2|2|2|2|2|2|1|1,0,0|4,2,8,10,2,2061378118800|1096129634600|578897396000|303520063154|157914122476|81487512700|41683904900|21125078975|10599620108|5261408292|2581165160|1249977245|596570810|279984562|128806678,8|9|12|9|8|11|10|13|12|15|16|15|14|17|16
14,9|5|2|2|2|2|2|1|1|1|1,0,0|4,2,8,10,2,2158800930000|1159356055000|617749189200|326479531950|171075547500|88844055300|45706089000|23280475075|11732981700|5846480820|2877669200|1397397375|668383650|314178150|144658800,8|9|10|9|8|11|12|13|12|15|18|15|14|17|22
14,9|5|2|2|1|1|1|1|1|1|1|1|1|1,0,0|4,2,8,10,2,225478890000|128248575000|72032108400|39944069550|21864806700|11811462300|6295054800|3308810960|1714396320|875059920|439611900|217104525|105210270|49896990|23063040,8|9|10|9|8|11|14|21|18|19|14|15|14|17|32
14,9|5|2|1|1|1|1|1|1|1|1|1|1|1|1,0,0|4,2,8,10,2,45394549200|26540199400|15297796800|8690645106|4864608684|2682166500|1456201500|778191050|409137144|211490136|107389480|53496135|26093430|12424698|5747742,8|9|14|9|8|11|10|15|14|17|16|15|14|17|16
14,9|4|4|4|4|3,0,0|2,2,8,12,4,1590205977360|778275412200|380367949896|185562019368|90321722568|43842325032|21210294600|10220520156|4901786208|2337883938|1107763602|520848900|242655732|111816276|50846796,8|9|8|13|10|13|12|17|18|13|12|19|16|19|18
14,9|4|4|4|2|2|2|1,0,0|2,2,2,6,4,10049218329150|5077779631925|2556354269469|1281831492942|639942405674|317952921000|157136346510|77200910787|37678224276|18251911692|8766453220|4169465025|1960562934|909567802|415218804,2|3|2|9|6|13|8|13|12|15|14|15|14|17|18
14,9|4|4|4|2|2|1|1|1,1,3|5|7|9,4,21,25,4,11852373012480|6035930700800|3060054057984|1544046548352|775195126272|387098866560|192174662400|94796404304|46431509376|22562928864|10866550912|5180165760|2440320960|1133692560|517957440,24|23|22|21|22|21|22|21|22|21|24|29|24|23|26
14,9|4|4|4|2|1|1|1|1|1,0,0|2,2,10,15,5,6821287593120|3518918202800|1804851064016|920278134776|466405302272|234885527240|117499050760|58355626056|28755766200|14047864404|6796664028|3252519270|1536963120|715632918|327381054,10|11|10|13|30|13|12|19|14|15|14|17|20|17|16
14,9|4|4|3|3|3|1|1,0,0|4,2,6,8,2,9276201534600|4687181198700|2360391208560|1184201650863|591632890002|294206812020|145540482780|71575343455|34967187948|16954410312|8149974420|3878845740|1824736320|846701856|386450064,6|7|10|7|6|11|10|13|12|17|14|19|24|25|22
14,9|4|4|3|2|2|2|1|1,0,0|2,2,4,8,4,15670331897220|8083901375550|4150054931022|2119492042668|1076436540972|543413233350|272539429110|135710937999|67044163914|32830070553|15916970853|7629912180|3609767106|1681677855|769107339,4|5|4|11|8|9|8|13|10|11|10|19|14|15|14
14,9|4|4|3|2|2|1|1|1|1,0,0|2,2,8,13,5,14054850810000|7324882565000|3794981328600|1954151776500|999820014000|508090427400|256339725600|128320918495|63690709740|31316004090|15236510450|7325265750|3473745000|1621019400|742041300,8|9|8|11|12|13|16|13|12|13|12|17|18|21|18
14,9|4|4|2|2|2|2|1|1|1,0,0|2,2,4,8,4,6525466447500|3435364611250|1797438006650|934364209350|482389937900|247235164150|125726365050|63397863165|31675500690|15666210585|7660995525|3698627625|1759537890|822751215|376861485,4|5|4|9|8|9|8|13|10|11|10|15|14|15|14
14,9|4|4|2|2|1|1|1|1|1|1|1,0,0|4,2,10,12,2,2473653742560|1341531791600|721054460896|384058479420|202681339784|105950611096|54841017000|28093172107|14233032044|7125428520|3520766620|1714406540|821039472|385665280|177024848,10|11|12|11|10|13|12|13|12|17|14|19|20|31|22
14,9|4|4|1|1|1|1|1|1|1|1|1|1|1,0,0|2,2,2,6,4,116271947610|66133515175|37153075323|20613163935|11292908172|6107815896|3260258820|1716772967|891243444|455744520|229277048|113289225|54854142|25944282|11932284,2|3|2|7|8|13|10|13|12|17|16|15|14|17|18
14,9|4|3|3|3|2|2|2,1,3|5,2,11,12,1,5011558231680|2591956704480|1334885748768|684248834412|348907473408|176880345876|89091382536|44550221716|22097271936|10860441696|5282356896|2538657396|1203168384|560914068|256360104,14|13|12|11|22|11|12|17|22|21|20|19|26|19|20
14,9|4|3|3|3|1|1|1|1|1|1,1,3|5,2,17,18,1,3615257318400|1927180819200|1019996957952|535899234528|279415777536|144522110880|74116607040|37663323152|18949482048|9430134336|4635899520|2247761880|1072671264|502448856|230145552,20|19|18|17|20|17|18|21|20|23|24|21|22|21|22
14,9|4|3|3|2|2|2|1|1|1,0,0|2|4|6,4,12,19,7,9187856758080|4861299872000|2556669786528|1336036409136|693415133840|357253731120|182602013880|92526610176|46439108496|23062147632|11317482452|5479306140|2611673064|1222182104|559446888,12|19|12|15|12|15|12|29|16|19|14|19|18|21|20
14,9|4|2|2|2|2|2|2|1|1|1,1,3|5,2,13,14,1,1041538417920|571743972800|311507735616|168361517016|90211600512|47888741736|25166372880|13080843776|6717709152|3404288160|1699702816|834457140|401794272|189091188|86558472,16|15|14|13|18|13|14|31|18|21|20|19|22|19|20
14,9|4|2|2|1|1|1|1|1|1|1|1|1|1|1,1,3|5,2,13,14,1,72601401600|42927019200|25047040320|14416231608|8181274752|4575440520|2520043920|1365846300|727747488|380705832|195210000|97891740|47861280|22715316|10398024,16|15|14|13|18|13|14|17|18|17|18|19|22|19|20
14,9|3|3|3|3|3|3|1,0,0|2,2,4,9,5,662585823900|345315892350|179294591322|92691314199|47681309742|24388007985|12392621835|6250229216|3125323872|1547372736|757386360|365791635|173903598|81136341|36999963,4|5|4|7|6|7|6|23|18|23|16|15|14|15|14
14,9|3|3|3|3|3|2|1|1,0,0|2,2,8,13,5,2026733108400|1066983832200|559153970232|291533458788|151135646376|77851367880|39814305960|20196731555|10151163880|5048653230|2480692530|1201881120|572765292|267636798|122107986,8|9|8|11|10|13|12|13|14|13|12|25|16|17|16
14,9|3|3|3|3|3|1|1|1|1,0,0|2,2,8,12,4,1311786075600|697537040200|368869759720|193906453048|101273608632|52518327120|27021468320|13781618480|6960123800|3476111730|1714110370|832899760|397802020|186143958|84966882,8|9|8|13|10|15|16|21|14|13|12|23|16|17|16
14,9|3|3|3|3|2|2|1|1|1,0,0|2|4|6,4,12,21,9,2657644516800|1420222731200|754632589984|398501358528|209024943504|108831927360|56204193240|28763166614|14570797528|7296794064|3606425900|1755656440|839661888|393206736|179490948,12|15|12|19|12|19|12|15|14|19|14|21|24|23|18
14,9|3|3|3|2|2|2|2|2,0,0|2,2,2,6,4,827582685930|444442553555|237361627503|125989216353|66419597244|34751722005|18030387375|9267325067|4713238068|2368616292|1174201252|572989032|274500072|128651523|58711653,2|3|2|7|8|7|6|13|12|15|14|21|18|15|14
14,9|3|3|3|2|2|2|2|1|1,0,0|2|4|6,4,12,19,7,1948939312320|1051808517760|564216741088|300669697328|159074311344|83496851568|43445338664|22387209572|11411455328|5745972288|2853175612|1394164816|668568560|313537224|143110968,12|17|12|15|12|15|12|17|18|23|14|23|20|21|20
14,9|3|3|3|2|2|2|1|1|1|1,0,0|2|4|6,4,12,25,13,1978246670400|1078092100800|583425764064|313383593952|166991698224|88218992160|46168167240|23912923398|12244542264|6189749568|3083770500|1510900380|726000264|340886832|155639484,12|15|12|17|12|17|12|15|14|23|14|19|18|23|18
14,9|3|3|3|2|2|1|1|1|1|1|1,0,0|2,2,8,12,4,1271423427120|702982794360|385463292984|209534792544|112867654872|60210985968|31788131424|16594029928|8555739864|4350961566|2178636726|1071770238|516534480|242961642|110961774,8|9|8|17|10|15|16|19|14|13|12|17|20|17|16
14,9|3|3|3|2|1|1|1|1|1|1|1|1,0,0|2,2,8,12,4,530068659120|298689482520|166657728600|92050782912|50310565272|27195597000|14529705960|7665902244|3989752272|2045523150|1031268438|510103638|246812676|116348232|53141088,8|9|8|19|10|13|12|17|16|13|12|17|16|21|24
14,9|3|3|3|1|1|1|1|1|1|1|1|1|1,0,0|2|4|6,4,12,21,9,122660516160|70740720960|40332694752|22727065536|12652116720|6955042176|3772846056|2017910258|1062968088|550689552|280066668|139488228|67818168|32048016|14630616,12|15|12|19|12|21|12|15|14|19|14|19|18|23|20
14,9|3|3|2|2|2|2|2|2|1,0,0|2,2,2,6,4,710550790950|389111147425|211707697201|114367104852|61299454216|32572819825|17143545965|8927540986|4594145332|2332732696|1166571280|573247675|275980012|129668539|59146087,2|3|2|11|10|7|6|15|12|17|18|15|16|15|14
14,9|3|3|2|2|2|2|1|1|1|1|1,0,0|2,2,8,13,5,883447765200|493141477400|272987876392|149793101436|81427170792|43820585160|23327059800|12271051793|6371123704|3259968138|1640829670|810473180|391658784|184417662|84138054,8|9|8|11|10|13|12|13|14|13|12|19|22|17|16
14,9|3|3|2|2|2|1|1|1|1|1|1|1,1,3|5|7|9,4,21,25,4,527185612800|299156915200|168113634304|93520417408|51474768384|28015401600|15065299200|7996866864|4185080448|2156150304|1091496320|541597760|262579328|123856656|56504448,24|23|22|21|22|21|22|21|22|21|24|27|26|23|28
14,9|3|3|2|2|1|1|1|1|1|1|1|1|1,0,0|2,2,8,13,5,221470376400|128312202200|73504368392|41619194708|23281372296|12858858480|7007313040|3763971211|1990525264|1034796378|527788030|263438140|128248588|60618012|27640704,8|9|8|11|10|15|14|13|16|13|12|19|16|19|28
14,9|3|3|1|1|1|1|1|1|1|1|1|1|1|1|1,0,0|2,2,2,6,4,9645485850|5894463575|3551281811|2108140573|1232281176|708752100|400746780|222519388|121171414|64597533|33638605|17059735|8392076|3981978|1807806,2|3|2|7|10|11|10|17|10|11|10|15|16|17|16
14,9|3|2|2|2|2|2|2|2|2,0,0|2,2,4,8,4,107478270900|59994484550|33258335110|18295669392|9978954128|5391383140|2882235720|1522783535|793960762|407814183|205926875|101955040|49327080|23217194|10566556,4|5|4|15|12|11|12|13|10|11|10|25|18|17|18
14,9|3|2|2|2|2|2|1|1|1|1|1|1,0,0|2,2,6,11,5,223730278200|128437752300|73034231556|41113660302|22897163796|12605638890|6853585830|3675677356|1941834512|1008767826|514205850|256482105|124737822|58867809|26779467,6|7|6|9|8|9|8|17|16|13|12|15|14|15|14
14,9|3|2|2|2|2|1|1|1|1|1|1|1|1,0,0|2,2,6,11,5,123839944200|72403776900|41869695420|23936406606|13519794204|7538822550|4146251130|2246628195|1197621432|626988978|321655950|161242515|78686370|37192323|16906617,6|7|6|9|8|9|8|13|14|13|12|15|14|15|14
14,9|3|2|1|1|1|1|1|1|1|1|1|1|1|1|1|1,0,0|2,2,2,6,4,2810970162|1777306531|1106883855|678456009|408910248|242089146|140620158|80026310|44543772|24198174|12794782|6561126|3247200|1540539|693693,2|3|2|7|10|9|8|15|12|13|12|17|22|15|14
14,9|3|1|1|1|1|1|1|1|1|1|1|1|1|1|1|1|1,0,0|2,2,2,6,4,284511150|185910725|119554897|75582969|46920272|28562890|17025330|9919364|5637268|3117114|1671670|865865|430716|204127|91091,2|3|2|7|12|9|8|17|12|13|12|15|16|15|14
14,9|2|2|2|2|2|2|1|1|1|1|1|1|1,0,0|2|4|6,4,14,21,7,25032758400|14834227200|8699418432|5045342688|2891402976|1635729120|912380880|501036952|270408528|143112816|74073120|37365120|18287424|8632416|3897972,14|25|14|17|14|17|14|19|16|19|20|29|24|25|18
14,9|2|2|1|1|1|1|1|1|1|1|1|1|1|1|1|1|1,0,0|2|4|6,4,12,19,7,290727360|190741760|123213024|78279696|48853104|29907216|17930376|10507224|6004128|3335904|1795508|931788|463320|218856|97020,12|19|12|15|12|15|12|19|18|21|14|19|18|21|18
14,8|8|8|2|2,0,0|4,2,10,12,2,265764451680|116008292400|50686700064|22173491340|9714907176|4264219752|1875706040|827045765|365615180|162067920|72032940|32093370|14325564|6400680|2858856,10|11|12|11|10|13|12|13|12|19|14|17|16|21|20
14,8|8|7|3|1|1,0,0|4,2,10,12,2,2473653742560|1105945720880|494529392896|221223068220|99029756056|44372556800|19906298280|8943379137|4024798932|1814660316|819789964|371081942|168282708|76431212|34746712,10|11|18|11|10|27|12|13|12|15|14|17|16|19|20
14,8|8|7|2|1|1|1,1,3|5,2,15,16,1,1982594465280|899510451840|407533306752|184456126800|83441411712|37740710736|17074696608|7729905528|3502838688|1589316984|722145456|328611888|149735520|68293368|31155696,18|17|16|15|18|15|16|19|18|17|18|23|22|21|22
14,8|8|6|6,0,0|2|4|6,4,10,14,4,139209950880|60766248400|26601168880|11678796272|5142364136|2270903180|1005784780|446765046|199029840|88924944|39848072|17910200|8075452|3653650|1659658,10|11|10|15|10|11|10|15|16|19|16|21|16|17|16
14,8|8|6|4|1|1,0,0|4,2,8,10,2,4809882277200|2175899125400|984528284432|445632260766|201816525372|91462107660|41486223240|18837392420|8563884560|3898849080|1777885480|812198695|371794962|170576406|78450372,8|9|10|9|8|11|12|17|16|17|16|15|14|17|18
14,8|8|6|3|3,0,0|2|4|6,4,12,16,4,2657644516800|1202267757600|544184353440|246465243024|111702738576|50665690920|23001667000|10453513070|4756567928|2167363212|989144100|452233440|207168240|95106804|43759716,12|13|12|15|12|13|12|15|14|15|14|25|20|19|18
14,8|8|6|3|2|1,1,5|7,2,19,20,1,9594778152960|4378569395200|1997447710720|911025127936|415499013888|189528412992|86482880000|39484863432|18041583168|8252116992|3779273792|1733436320|796454912|366647424|169128960,24|23|24|25|20|19|24|19|20|35|22|25|36|29|34
14,8|8|6|3|1|1|1,0,0|2|8|10,4,16,23,7,6596409980160|3036442689280|1395797130112|640923680320|294064698752|134852108864|61826894272|28348483240|13003014640|5968287360|2742048680|1261373960|581123312|268187920|123995872,16|19|16|19|18|19|18|19|16|25|16|21|20|23|24
14,8|8|6|2|2|1|1,0,0|2|4|6,4,12,16,4,6691256320320|3097803852000|1431661964832|660671424864|304518482640|140234726520|64542727800|29698145748|13666115232|6291278748|2898363708|1336660380|617249160|285466896|132231528,12|13|12|17|12|13|12|17|18|15|14|19|18|23|20
14,8|8|6|2|1|1|1|1,0,0|2|4|6,4,12,16,4,4176298526400|1955568357600|912870527712|425006051184|197434494192|91555234680|42399833320|19617910858|9072632176|4195520988|1940810940|898430940|416318760|193152960|89729640,12|13|12|15|12|13|12|15|16|15|14|19|18|27|20
14,8|8|5|5|2,0,0|4,2,8,10,2,2372896890000|1073453355000|486052725600|220288147950|99935780100|45382880400|20631465400|9390109820|4279204880|1952876160|892681200|408835575|187667790|86382660|39896220,8|9|12|9|8|15|12|17|16|25|18|15|14|19|18
14,8|8|5|4|3,1,3|5,2,15,16,1,4252231226880|1940502345600|886011305088|404750075184|184994906304|84600019920|38711903360|17726512440|8123954496|3727014648|1712048352|787729200|363183840|167876592|77846496,18|17|16|15|16|15|20|19|20|17|20|23|22|23|24
14,8|8|5|4|1|1|1,1,3|5,2,13,14,1,7852869024000|3645974904000|1690524221760|782962245560|362292304000|167519140360|77419371920|35769797140|16526482720|7637939640|3532350480|1635441060|758438560|352532180|164364200,16|15|14|13|18|13|14|17|18|17|18|19|22|19|20
14,8|8|5|3|3|1,0,0|2|4|6,4,12,16,4,9444859744320|4372620252000|2023129704288|935535995856|432395629680|199768846200|92269149000|42612990238|19682484584|9094757364|4205583228|1947020460|902918016|419687268|195663468,12|13|12|15|12|13|12|15|14|15|14|19|26|19|18
14,8|8|5|3|2|1|1,0,0|2|4|6,4,12,16,4,18739801080000|8774986220000|4101705423200|1914201489200|892054810800|415203413400|193060073800|89701151050|41658954400|19345407060|8986480300|4177927600|1945127800|907506600|424624200,12|13|12|15|12|13|12|15|18|15|14|23|18|21|20
14,8|8|5|3|1|1|1|1,0,0|2|4|6,4,12,16,4,9187856758080|4350863385440|2054086168992|967122279552|454255143056|212917968120|99623735640|46548477976|21727478256|10135935108|4728082204|2206590672|1031006328|482650168|226570344,12|13|12|21|12|13|12|19|16|15|14|23|18|21|20
14,8|8|5|2|2|2|1,1,3|5,2,15,16,1,9178678080000|4334375760000|2042059747200|959987912400|450395851200|210933898800|98635020800|46065656240|21494900960|10024953720|4675471200|2181762000|1019319840|477150960|223972320,18|17|16|15|16|15|24|21|18|17|20|23|22|23|24
14,8|8|5|2|2|1|1|1,0,0|2|8|10,4,16,23,7,10023116463360|4772912601600|2265297750144|1071883365696|505797162624|238093292736|111842477760|52446547608|24561663792|11492988048|5376190968|2515645440|1178315952|552908928|260131872,16|21|16|19|18|19|18|19|16|19|16|35|20|29|24
14,8|8|5|2|1|1|1|1|1,1,3|5,2,11,12,1,5011558231680|2419601527200|1162530571488|556096530132|264958042128|125800874004|59548956480|28116581948|13248812992|6233982408|2930910624|1377826560|648163296|305386224|144240096,14|13|12|11|12|11|18|17|20|17|20|31|22|23|24
14,8|8|4|4|2|2,0,0|2,2,6,11,5,7027425405000|3290619832500|1539169193100|719161131150|335670999300|156524010750|72925311050|33953157665|15801227540|7352783550|3422557950|1594529475|744065190|348084165|163438275,6|7|6|9|8|9|8|13|12|13|12|15|14|15|14
14,8|8|4|3|3|1|1,0,0|2|4|6,4,12,16,4,12143391099840|5750441817120|2717806579488|1282081744944|603708224976|283793316840|133201963800|62437901778|29237761896|13682598300|6402413556|2997471708|1405287576|660431772|311531220,12|13|12|15|12|13|12|15|14|15|14|19|18|19|18
14,8|8|4|3|2|1|1|1,1,5|7,2,19,20,1,17818873712640|8555887774720|4094642286592|1953482831872|929245015296|440833303872|208620171136|98517742232|46442924672|21866742336|10289012672|4841955536|2281076864|1077071424|510461952,24|23|26|29|20|19|20|19|22|23|22|23|26|27|36
14,8|8|4|2|2|2|1|1,0,0|4,2,10,12,2,10440746316000|5054647026000|2437958883360|1171636640460|561129333960|267873481200|127500376120|60528101725|28671684220|13559194740|6406076700|3026175570|1430854260|678043080|322522200,10|11|12|11|10|15|12|13|12|15|14|17|16|21|20
14,8|8|4|2|2|1|1|1|1,0,0|4,2,6,8,2,8457004515960|4139010146700|2015637706368|976979243097|471460033278|226586860110|108497048400|51782606694|24646599216|11705961564|5552169408|2632246650|1248800652|593698248|283315032,6|7|16|7|6|9|14|15|16|15|22|17|16|21|20
14,8|8|3|3|3|2|1,1,3|5,2,17,18,1,7196083614720|3455262370560|1654923502848|790632774624|376771758336|179109628704|84948708672|40205833472|18995853632|8963255616|4226491584|1993235112|941165280|445552536|211843632,20|19|18|17|20|17|18|29|20|23|22|21|22|21|22
14,8|8|3|3|3|1|1|1,0,0|2|4|6,4,12,16,4,5846817936960|2830602334560|1365685312992|656707811760|314769200304|150410285688|71667171368|34060146666|16152002328|7646909844|3616781196|1710491376|809801256|384351396|183219036,12|13|12|15|12|13|12|15|14|15|14|23|18|19|18
14,8|8|3|3|2|2|2,0,0|4,2,10,12,2,4757026428000|2303004858000|1111483000320|534746894220|256474726200|122640277320|58477439240|27811508725|13197900100|6252482880|2959139820|1400342790|663383820|315068820|150307080,10|11|20|11|10|13|12|13|12|23|14|17|16|19|20
14,8|8|3|3|1|1|1|1|1|1,0,0|4,2,6,8,2,2574701689560|1287350844780|639431408616|315625459149|154878677954|75583387880|36700423760|17739944222|8541623552|4099828236|1963524864|939426642|449661828|215731516|103983880,6|7|8|7|6|13|14|15|24|15|26|17|16|19|20
14,8|8|3|2|1|1|1|1|1|1|1,1,3|5,2,15,16,1,1528579852800|782487305600|397150802048|199940204464|99885946368|49543019760|24410561760|11955649160|5825113280|2826032440|1366750000|659868880|318607168|154189464|75002928,18|17|16|15|22|15|16|19|20|17|18|23|24|21|22
14,8|8|2|2|2|2|2|2,0,0|2|4|6,4,14,18,4,605792753280|302896376640|150671530944|74559108096|36703456416|17976190320|8761333680|4250898432|2054261088|989480448|475503600|228268920|109649496|52816764|25583844,14|15|14|27|14|15|14|37|18|29|18|21|18|19|18
14,8|8|2|2|2|1|1|1|1|1|1,0,0|2|4|6,4,12,16,4,802504422720|413990376800|211747503968|107411704400|54054432432|26997810840|13389212200|6597443398|3232393192|1576240428|765959348|371497280|180196016|87639552|42882840,12|13|12|15|12|13|12|15|14|15|14|27|20|33|20
14,8|8|2|2|1|1|1|1|1|1|1|1,0,0|2|4|6,4,12,16,4,307727259840|162004562720|84402686368|43532208720|22237030608|11255804040|5649073560|2813222958|1391414808|684272484|335072556|163667988|79927056|39138528|19291272,12|13|12|15|12|13|12|15|14|15|14|19|20|25|20
14,8|7|7|5|1,0,0|2,2,6,10,4,1148482094760|513474798980|230023621828|103257911328|46452092544|20943293514|9463704822|4286110829|1945586368|885135510|403567450|184387940|84413208|38715963|17786769,6|7|6|17|18|9|8|13|20|13|12|19|18|15|14
14,8|7|7|4|2,0,0|2,2,6,11,5,2842203163800|1285758574100|582391373564|264154244354|119984342296|54582414250|24870046110|11350774344|5189434824|2376663366|1090327630|501016285|230559868|106229123|48985937,6|7|6|9|10|9|8|19|14|13|12|15|16|15|14
14,8|7|7|4|1|1,0,0|2|4|6,4,10,17,7,3373164194400|1534878945600|698822970384|318415454280|145220502840|66303453720|30309560340|13874273168|6360152680|2919944160|1342556040|618179100|285008724|131539980|60750690,10|15|10|13|10|13|10|21|14|21|16|19|16|19|16
14,8|7|7|3|1|1|1,0,0|4,2,10,12,2,4474605564000|2071576650000|958152006240|442879531380|204635241720|94545126000|43689247680|20197086845|9342603340|4324895460|2003749800|929094870|431079660|200077020|92844180,10|11|12|11|10|15|18|13|12|15|16|17|16|19|18
14,8|7|7|2|2|2,0,0|2,2,8,12,4,2361214936080|1093155063000|505782426072|233915336424|108156834240|50008394352|23127057240|10699835510|4953277420|2294702550|1063913130|493644690|229177872|106420314|49399350,8|9|8|13|16|15|12|15|12|13|12|17|20|17|16
14,8|7|7|1|1|1|1|1|1,0,0|2,2,4,9,5,662585823900|317269931550|151248630522|71830606617|34005855378|16057674105|7567275705|3560795161|1673783276|786233484|369152280|173256930|81272268|38087478|17819802,4|5|4|7|6|7|6|13|12|15|16|17|16|17|16
14,8|7|6|4|1|1|1,0,0|4,2,8,10,2,11484820947600|5377812983400|2516283602976|1176726206370|550091590620|257106400980|120164624580|56167713602|26260096280|12281469720|5746253460|2689832805|1259753946|590291130|276726450,8|9|12|9|8|11|10|15|14|17|14|15|14|17|16
14,8|7|6|3|3|1,1,5|7,2,19,20,1,13083788390400|6109229235200|2852446922752|1331831305728|621881316096|290417125440|135651924480|63380077320|29623487040|13851815040|6480201280|3033162320|1420454592|665522208|311927616,24|23|24|25|20|19|24|19|20|25|22|23|24|25|26
14,8|7|6|3|2|1|1,1,5|7,2,21,22,1,25455533875200|12020668774400|5669839425536|2671648618496|1257841421824|591809994880|278304266240|130830172720|61491022720|28899461760|13582829440|6384793360|3001742656|1411426016|663675584,26|25|26|29|22|21|28|21|22|25|24|23|24|25|26
14,8|7|6|3|1|1|1|1,1,5|7,2,19,20,1,12336143339520|5890671621120|2806133704704|1333976067072|633015916800|299938468032|141944255232|67109050568|31704600000|14970282912|7066069632|3334419792|1573209792|742121952|349981632,24|23|24|27|20|19|22|19|20|21|24|23|24|25|26
14,8|7|6|2|2|1|1|1,1,5|7,2,19,20,1,13083788390400|6282295219200|3008472563712|1437268428288|685197171456|326062322880|154921965440|73513802936|34847988224|16505858208|7813270080|3696769440|1748385408|826549152|390534144,24|23|30|25|20|19|20|19|26|21|22|25|26|25|34
14,8|7|5|5|3,0,0|4,2,8,10,2,4385113452720|2030145117000|940916488512|436550067954|202747959180|94253777280|43857328320|20425383160|9520728896|4441556448|2073796788|969113805|453300210|212246892|99495396,8|9|14|9|8|21|18|19|20|21|14|15|14|19|18
14,8|7|5|4|2|2,0,0|2,2,6,11,5,21082276215000|9983405932500|4725621816300|2235938962950|1057517181000|499978196550|236300494650|111646909150|52737758220|24906978180|11762108400|5554758825|2623767300|1239782115|586170585,6|7|6|9|10|9|8|15|12|15|18|15|16|15|14
14,8|7|5|3|3|1|1,0,0|2|4|6,4,12,16,4,29234089684800|13998333949600|6694689825824|3197964513744|1525912501776|727319990280|346332269400|164766619654|78324635984|37207657116|17665746980|8384335960|3978551808|1887974088|896167272,12|13|12|15|12|13|12|15|16|15|14|21|30|21|20
14,8|7|5|3|2|1|1|1,1,5|7,2,21,22,1,41120477798400|19961925068800|9666073731072|4669543836672|2250855505408|1082784117120|519913278720|249224637424|119289487104|57022966656|27228632960|12990634800|6194027136|2952394016|1407229824,26|25|28|27|22|21|22|21|24|25|24|23|26|25|28
14,8|7|5|2|2|2|1|1,0,0|4,2,10,12,2,22262883683040|10895855770800|5316996396096|2587320082116|1255666952232|607867367184|293582638800|141489303417|68058202212|32681387844|15670800432|7505307810|3591344988|1717472328|821116296,10|11|14|11|10|15|14|13|12|15|18|17|16|21|20
14,8|7|5|2|2|1|1|1|1,0,0|4,2,6,8,2,17796726675000|8804200762500|4337562801000|2128752858375|1040987736750|507370197750|246537515250|119465355100|57746703800|27852745500|13409068500|6445534050|3094532100|1484425800|711711000,6|7|8|7|6|9|8|17|14|15|14|17|16|21|20
14,8|7|4|4|3|2,0,0|2,2,6,11,5,17709112020600|8479759988700|4058031847716|1940706961578|927448896276|442879352370|211317362550|100748693073|47996811744|22849968078|10872053430|5170924605|2459028726|1169611443|556657101,6|7|6|9|8|9|8|13|18|13|12|15|14|15|14
14,8|7|4|4|2|2|1,0,0|2,2,6,11,5,28712052369000|13900279321500|6719111058660|3242859944610|1562703199200|751910998410|361256108070|173320447300|83044342480|39742226160|18999983580|9076448535|4333858320|2069197845|988362375,6|7|6|9|14|9|8|17|16|19|14|15|20|15|14
14,8|7|4|4|1|1|1|1|1,0,0|2,2,2,6,4,10049218329150|4971438697225|2450013334769|1203110748840|588841852170|287307042165|139779626415|67824683927|32830675570|15857429805|7644983885|3680144545|1769631864|850464615|408753345,2|3|2|13|6|7|6|13|10|11|10|15|18|15|14
14,8|7|4|3|3|1|1|1,1,5|7,2,19,20,1,28784334458880|14125645614080|6914332192768|3376050822144|1644417496320|799081013568|387421100928|187429519480|90493579904|43611801408|20984651968|10084287488|4841768448|2323752288|1115482368,24|23|26|27|20|19|20|19|22|23|22|35|30|25|30
14,8|7|4|2|2|2|1|1|1,0,0|2|4|6,4,8,15,7,20672677705680|10391028476400|5200562511144|2591904049020|1286526420036|636082916040|313314165450|153783041412|75232949352|36695320704|17851550952|8665586160|4199641776|2033308992|984263280,8|11|8|11|8|13|8|17|14|25|16|23|20|27|22
14,8|7|3|3|3|2|2,0,0|4,2,10,12,2,10119492583200|5006204002800|2470853068992|1216533627540|597452570280|292660058520|142988440680|69684209175|33877280220|16432355520|7954682820|3844486470|1855932012|895520340|432251820,10|11|14|11|10|13|12|13|12|23|14|17|16|19|18
14,8|7|3|3|2|2|1|1|1,0,0|2,2,4,9,5,20098436658300|10155559263850|5109763713054|2560195346709|1277459519336|634833078165|314239829475|154960975169|76144415424|37293701886|18213016850|8873485005|4315691688|2097017923|1019035017,4|5|4|7|10|7|6|13|20|13|12|15|18|15|14
14,8|7|3|3|1|1|1|1|1|1|1,0,0|4,2,6,8,2,3654261210600|1904469466900|985356588216|506280169395|258404318510|131055926040|66070297800|33121282558|16517304720|8198085420|4052077260|1995900390|980543916|480969060|235855620,6|7|8|7|6|13|12|15|16|15|14|17|16|19|18
14,8|7|3|2|2|2|2|1|1,0,0|2,2,4,8,4,10541138107500|5382115488750|2735204391150|1383515283150|696527277600|349039016025|174114797925|86475739735|42771373820|21074397120|10348818900|5067678000|2476449360|1208806170|590059470,4|5|4|9|14|7|6|13|12|23|14|23|20|17|16
14,8|7|3|2|2|2|1|1|1|1,0,0|2,2,6,11,5,9930992231160|5123130912900|2627650813788|1340080299558|679633770816|342817404930|172018476630|85884637839|42679348404|21118037598|10409786058|5115172755|2507604792|1227653427|600969369,6|7|6|9|16|9|8|13|12|13|12|15|18|15|14
14,8|7|3|1|1|1|1|1|1|1|1|1|1,0,0|2,2,6,11,5,343563019800|188141653700|101911111148|54620446650|28976704680|15222662070|7923101890|4087987827|2092273260|1063050100|536670120|269492685|134782956|67243605|33528495,6|7|6|9|10|9|8|13|12|15|16|15|16|15|14
14,8|7|2|2|2|1|1|1|1|1|1|1,1,5|7,2,21,22,1,1053184204800|566992025600|302521483264|160002146304|83903678976|43634947200|22512472320|11527019504|5860417024|2960225856|1486764160|743194640|370199808|184037568|91483392,26|25|32|39|22|21|22|21|26|23|24|23|28|27|30
14,8|6|6|6|1|1,0,0|4,2,8,10,2,1236826871280|572605033000|265386701888|123145921206|57214172180|26615911960|12397366740|5781609449|2699389924|1261636488|590201612|276316315|129448638|60677188|28454426,8|9|14|9|8|13|10|13|12|17|14|15|14|19|16
14,8|6|6|5|1|1|1,0,0|4,2,8,10,2,5638003010640|2669847986520|1263903971616|598237803306|283150881468|134024436936|63444645108|30037143591|14222228172|6734418840|3188751840|1509670305|714539826|338053716|159837678,8|9|12|9|8|13|10|13|12|17|20|15|14|19|16
14,8|6|6|4|4,0,0|4,2,8,10,2,2436174140400|1140748208600|534827973680|251042850058|117965278340|55487221400|26122850520|12308053485|5802925380|2737378140|1291772860|609711025|287778590|135795088|64043980,8|9|10|9|8|13|12|13|12|15|14|15|14|23|18
14,8|6|6|4|3|1,0,0|4,2,8,10,2,15179238874800|7188052271400|3405042449424|1613533134906|764835641892|362643877260|171987624000|81582238458|38703072912|18361477764|8710280460|4131004185|1958388894|927821466|439170732,8|9|10|9|8|11|18|15|16|15|14|15|14|17|18
14,8|6|6|4|2|2,0,0|2|4|6,4,10,17,7,13467670376160|6413176369600|3053658594448|1453903545864|692180423704|329511229432|156849420420|74652804380|35525537432|16901967096|8038857092|3821690180|1815712668|861937076|408718310,10|15|10|13|10|13|10|17|14|17|14|19|16|19|16
14,8|6|6|4|2|1|1,0,0|4,2,8,10,2,23064557770800|11044140096600|5284665625824|2527201851174|1207899977076|577052697780|275556235500|131529368880|62755170120|29927774700|14264831700|6794828775|3234023334|1537700814|730215486,8|9|12|9|8|11|10|21|14|15|14|15|14|17|16
14,8|6|6|4|1|1|1|1,0,0|4,2,8,10,2,10231931389680|4953554085480|2393697257952|1154819872206|556337183220|267678251568|128646320348|61763802191|29624429492|14195630988|6795766488|3249905043|1552379598|740527788|352690338,8|9|12|9|8|15|10|13|12|15|16|15|14|19|16
14,8|6|6|3|3|2,0,0|4,2,10,12,2,12368268712800|5922372055600|2835087073280|1356776819244|649100099736|310432716000|148411218120|70924713475|33879944252|16176169548|7718935700|3680710000|1753559280|834489084|396552156,10|11|28|11|10|17|12|13|12|15|14|23|20|19|18
14,8|6|6|3|3|1|1,0,0|2|8|10,4,16,23,7,17572996396800|8461072339200|4070326515840|1956495093696|939707982720|451011637440|216309337920|103672047960|49652933328|23763559680|11364041880|5429513880|2591339040|1235160576|587798640,16|19|16|19|18|19|18|19|16|27|16|21|22|33|22
14,8|6|6|3|2|2|1,0,0|4,2,10,12,2,24361741404000|11794176394000|5702848671520|2754239908420|1328679324440|640280086160|308227910640|148231977075|71217616260|34182525300|16389708440|7849586360|3754593920|1793171380|854854000,10|11|12|11|10|15|14|13|12|15|16|21|26|19|22
14,8|6|6|3|2|1|1|1,1,5|7,2,19,20,1,24298464153600|11859964646400|5776448071680|2807912819712|1362443147520|659972264640|319196750080|154155889160|74346712256|35807889120|17222903040|8272094880|3966867840|1898939328|907146240,24|23|24|27|20|19|22|19|20|21|26|25|26|27|34
14,8|6|6|3|1|1|1|1|1,0,0|4,2,6,8,2,9276201534600|4589020335900|2262230345760|1111629913317|544650277710|266148756060|129742414230|63106876910|30632121520|14839878060|7175598780|3462996075|1667893590|801538452|384233850,6|7|12|7|6|11|8|15|16|15|14|15|14|19|16
14,8|6|6|2|2|2|2,0,0|4,2,10,12,2,6071695549920|2971597028400|1451572635744|707738626980|344443709016|167342691240|81165666240|39304915965|19004437788|9175060944|4422847968|2128639590|1022693364|490377888|234594360,10|11|12|11|10|13|18|13|12|19|20|17|16|25|20
14,8|6|6|2|1|1|1|1|1|1,0,0|4,2,8,10,2,4209368763600|2126956174200|1069046035200|534705884658|266250305772|132034533840|65231933580|32117764140|15763742280|7714235880|3764470680|1831935105|888959610|430069068|207369162,8|9|18|9|8|15|10|17|14|17|16|15|14|19|16
14,8|6|6|1|1|1|1|1|1|1|1,0,0|4,2,8,10,2,765654729840|394980614600|202304863904|102933756926|52054818244|26178174880|13098002060|6523078562|3234839168|1597879992|786366420|385604835|188401686|91701324|44450406,8|9|12|9|8|17|10|15|22|17|14|15|14|19|16
14,8|6|5|5|2|2,0,0|2,2,6,10,4,11043097065000|5287832192500|2532136762100|1212565708200|580649735600|278029627150|133108768650|63712540045|30486145580|14581056060|6969907700|3329301250|1588903800|757503175|360685325,6|7|6|13|12|9|8|13|12|15|14|17|18|15|14
14,8|6|5|4|4|1,0,0|4,2,8,10,2,11806074680400|5653173325800|2707949306832|1297518130062|621826071468|298030111680|142835437080|68444941313|32788188748|15700055112|7513197300|3592647135|1716285186|818954136|390233844,8|9|10|9|8|19|12|13|12|17|14|15|14|21|18
14,8|6|5|4|3|1|1,1,3|5,2,13,14,1,41003658259200|19905215054400|9656136225216|4680880028136|2267401953024|1097462653560|530748419760|256446610056|123788384256|59689269144|28747329840|13826964420|6640762752|3184149852|1523923128,16|15|14|13|20|13|14|19|30|17|18|19|26|19|20
14,8|6|5|3|3|2|1,1,3|5,2,17,18,1,47729126016000|23422626656000|11480826522880|5620477056480|2747976092160|1341743651040|654212919360|318519343480|154842608000|75153463200|36414166720|17611832480|8501391360|4094976600|1967874480,20|19|18|17|22|17|18|19|22|21|22|25|36|21|22
14,8|6|5|3|3|1|1|1,0,0|2|4|6,4,12,16,4,37586686737600|18594472010400|9180207859680|4523372279712|2224484074800|1091851605000|534896523720|261544892700|127639382496|62168273820|30218484180|14657464140|7093753920|3424974696|1649367720,12|13|12|17|12|13|12|17|18|15|14|19|24|21|20
14,8|6|5|3|2|2|2,0,0|4,2,10,12,2,28109701620000|13906122230000|6867599384800|3385572336300|1665986648200|818295353600|401176537200|196306377925|95871622700|46728346140|22728743800|11031505100|5342013600|2580578000|1243322080,10|11|12|11|10|23|14|13|12|15|16|19|22|23|24
14,8|6|5|3|1|1|1|1|1|1,0,0|4,2,12,14,2,13511554056000|6898756436000|3504975210880|1772479617480|892443426160|447498262640|223515623760|111227156040|55152551520|27253428840|13421721520|6587755130|3222531180|1570909340|763022260,12|13|16|13|12|15|14|19|18|17|18|17|16|19|18
14,8|6|5|2|1|1|1|1|1|1|1,1,3|5,2,15,16,1,5654065697280|2954174537600|1533179190400|790665348528|405313051264|206601450704|104750865120|52842991740|26529648288|13258066824|6596319824|3267670120|1611767520|791543896|386994608,18|17|16|15|18|15|16|17|18|17|18|21|22|21|22
14,8|6|4|4|4|2,0,0|2|4|6,4,14,21,7,9894614970240|4816426334720|2344182081472|1140609527904|554750639520|269654388960|130977968880|63562571072|30814001680|14920006752|7214309536|3483013688|1678720560|807587352|387711324,14|21|14|17|14|17|14|25|16|21|20|21|20|21|18
14,8|6|4|4|4|1|1,0,0|4,2,8,10,2,12813643206000|6271227495000|3067138722960|1498937311170|731920215780|357050163600|173992356720|84686299425|41164433580|19980164160|9682421400|4683979305|2261659590|1089812880|523979820,8|9|10|9|8|15|14|13|12|23|16|15|14|23|18
14,8|6|4|4|3|3,0,0|2,2,6,11,5,10625467212360|5200294799700|2544144225084|1244000015874|607847665068|296753581782|144729092970|70502899320|34299105792|16661626506|8080630362|3912016185|1890239274|911431521|438477039,6|7|6|9|8|9|8|19|26|13|12|15|14|15|14
14,8|6|4|4|2|2|2,0,0|2|4|6,4,10,17,7,21684626964000|10784946744000|5355229120560|2654560422360|1313482019400|648687765960|319735000620|157271323860|77192410560|37802871720|18469620540|9001814580|4376170260|2121773940|1025854830,10|15|10|13|10|13|10|17|20|17|14|19|16|19|16
14,8|6|4|4|2|2|1|1,0,0|2,2,6,10,4,43769928722520|21884964361260|10918432769244|5435166973236|2699563402536|1337790944490|661422751990|326245401482|160530904688|78793990968|38575869360|18836109600|9172343796|4453878429|2156313159,6|7|6|11|10|9|8|15|16|17|18|25|16|15|14
14,8|6|4|4|2|1|1|1|1,0,0|2,2,2,6,4,30990946036050|15659446277475|7886609246439|3959367421779|1981621719126|988786589595|491913752085|243999458955|120671113710|59501296575|29251360215|14336537985|7004821824|3411717309|1656265611,2|3|2|7|6|7|6|13|10|11|10|15|24|15|14
14,8|6|4|4|1|1|1|1|1|1,0,0|2|4|6,4,12,21,9,9286122605760|4765893612480|2434347403488|1237821032448|626705776944|315993693600|158695940520|79391879658|39568258464|19647393696|9720012204|4791155292|2353012200|1151350200|561260700,12|15|12|29|12|17|12|15|18|21|14|19|18|21|18
14,8|6|4|3|3|2|2,0,0|4,2,10,12,2,30110653441440|15055326720720|7514795559744|3744063754596|1861717009896|923797023120|457385593320|225935342253|111336148836|54726102900|26829707436|13117683348|6395483952|3108969864|1506716640,10|11|14|11|10|15|12|13|12|15|14|19|20|21|24
14,8|6|4|3|2|2|1|1|1,0,0|2,2,4,8,4,54111175618500|27628192842250|14056572629330|7126519676430|3600416987860|1812627651065|909380191335|454633782295|226492195160|112438194750|55620497870|27416026330|13465013100|6588997415|3212254045,4|5|4|9|8|7|6|13|14|13|12|17|16|15|14
14,8|6|4|3|1|1|1|1|1|1|1,0,0|4,2,12,14,2,9187856758080|4836993372640|2530119610304|1315318979832|679759448368|349311090128|178521492864|90754319656|45899770400|23098221576|11567003184|5764716342|2859437196|1411717164|693717024,12|13|14|13|12|15|20|19|18|17|18|17|16|19|24
14,8|6|4|2|2|2|2|1|1,0,0|2,2,4,9,5,22293464567220|11500596800550|5909537432898|3024515925585|1541742787332|782727813945|395772412365|199302368265|99956289708|49927326264|24836870268|12305075310|6071494968|2983458258|1459944486,4|5|4|7|8|7|6|13|12|17|14|17|18|17|16
14,8|6|4|2|2|2|1|1|1|1,0,0|2,2,6,10,4,20727952245000|10802662942500|5601861965700|2890638036000|1484379351000|758602921050|385860073950|195351635115|98446641180|49386053430|24663097350|12261605400|6068963340|2990556855|1467070605,6|7|6|17|10|9|8|13|12|13|12|21|16|15|14
14,8|6|4|1|1|1|1|1|1|1|1|1|1,0,0|2,2,6,10,4,608019932520|336180333060|184039244532|99785161476|53602149744|28537027662|15062530626|7885001124|4095138300|2110767444|1080065700|548806500|276983784|138881457|69192123,6|7|6|11|12|9|8|17|12|15|14|19|18|15|14
14,8|6|3|3|3|3|2,0,0|4,2,10,12,2,8279584840800|4183599747600|2110030461504|1062020740284|533329406136|267173783640|133490748600|66511560969|33042156084|16364735856|8079247260|3975699870|1949859108|953038008|464199372,10|11|14|11|10|13|12|13|12|19|14|17|16|21|18
14,8|6|3|3|3|2|2|1,0,0|4,2,10,12,2,22262883683040|11367027912240|5788168537536|2938985476812|1487825600184|750835362816|377676076536|189332516835|94583764044|47081991852|23351143284|11538566424|5680249344|2785735524|1360983624,10|11|14|11|10|27|12|13|12|15|14|21|30|19|20
14,8|6|3|3|3|1|1|1|1|1,0,0|4,2,8,10,2,11607653257200|6049491247800|3137893078320|1620060596154|832562895060|425898986760|216873114120|109930275000|55468163352|27860505120|13930279020|6933731805|3435776190|1694917224|832431600,8|9|10|9|8|13|12|19|14|21|14|15|14|21|22
14,8|6|3|3|2|2|2|2,0,0|4,2,10,12,2,10440746316000|5386099290000|2769411147360|1419045247620|724494284280|368506803600|186714099520|94229382975|47362808100|23708427300|11818518600|5866883220|2900228760|1427703420|699879180,10|11|12|11|10|15|18|13|12|15|16|19|18|19|18
14,8|6|3|3|2|2|2|1|1,0,0|2|4|6,4,8,15,7,23309429497200|12086370850400|6242980535176|3212003994276|1645915127164|839940872540|426841446570|215989429656|108823724856|54591312384|27266114680|13558792940|6713075292|3309274892|1624277578,8|13|8|11|8|11|8|19|14|29|16|19|16|19|16
14,8|6|3|3|2|2|1|1|1|1,0,0|2|4|6,4,14,27,13,21017972976000|11009414416000|5738753500480|2976859966080|1536701726560|789425391040|403572758160|205315330220|103946907680|52371884880|26259845360|13104184940|6508385400|3217402760|1583161580,14|17|14|21|14|19|14|17|18|19|18|19|18|21|18
14,8|6|3|3|2|1|1|1|1|1|1,0,0|4,2,8,10,2,10852048443600|5770533696200|3049173855728|1601297896198|835870021532|433738268600|223758480400|114770753916|58535471736|29687965944|14974601880|7512552075|3749075274|1861283424|919374456,8|9|10|9|8|13|14|17|14|17|16|15|14|25|20
14,8|6|3|3|1|1|1|1|1|1|1|1,0,0|4,2,6,8,2,2884943061000|1564585522500|841788107160|449414460495|238136346630|125264037600|65423166120|33932779790|17480991640|8946376740|4549253100|2298924705|1154736990|576627480|286306020,6|7|8|7|6|17|12|15|14|15|14|15|14|21|18
14,8|6|3|2|2|2|2|1|1|1,0,0|2|4|6,4,10,17,7,11786232538080|6236101872000|3282588085392|1718901183384|895337566200|463873049640|239039244180|122513993910|62451929232|31663325736|15967424592|8009555400|3996810972|1984229676|980125146,10|17|10|13|10|13|10|15|16|17|18|21|16|19|16
14,8|6|3|1|1|1|1|1|1|1|1|1|1|1,0,0|2|4|6,4,10,17,7,232016584800|132580905600|74908211664|41853515704|23129872376|12646017800|6842086420|3664425674|1943332184|1020858656|531407380|274226920|140345348|71264908|35917882,10|17|10|13|10|13|10|15|14|21|14|21|16|19|16
14,8|6|2|2|2|2|2|2|1|1,0,0|4,2,10,12,2,2368908828000|1272191778000|679492139040|360871994340|190536797880|99998561520|52160780880|27039089025|13928936700|7130537460|3627664920|1834328430|922012740|460771740|228983040,10|11|12|11|10|15|14|13|12|15|16|17|16|19|30
14,8|6|2|2|2|2|2|1|1|1|1,0,0|4,2,10,12,2,2473653742560|1341531791600|722866661440|386960626668|205771881304|108688020320|57020239320|29710918545|15376109364|7903914732|4035952508|2047490170|1032174660|517174372|257613356,10|11|14|11|10|17|12|13|12|15|14|17|16|19|18
14,8|6|2|2|1|1|1|1|1|1|1|1|1|1,0,0|4,2,10,12,2,252413647200|144904130800|82268151680|46195637004|25658771160|14099276400|7665822120|4124897095|2197206572|1158951420|605555380|313559180|160977960|81980184|41432820,10|11|16|11|10|15|12|13|12|15|14|19|18|21|18
14,8|6|2|1|1|1|1|1|1|1|1|1|1|1|1,0,0|4,2,10,12,2,49955724000|29471234000|17167527520|9874284420|5608016440|3145307360|1742370240|953554875|515722740|275755860|145841080|76335320|39567120|20323160|10350340,10|11|12|11|10|17|18|13|12|15|16|21|20|21|18
14,8|5|5|5|4|1,1,5|7,2,19,20,1,4112047779840|1985314073600|959143094272|463628639232|224196356864|108439120192|52451627520|25366025272|12261945152|5923250784|2858385472|1377498320|662675904|318096064|152280128,24|23|24|27|20|19|24|19|20|21|22|23|24|27|26
14,8|5|5|5|3|1|1,0,0|2|4|6,4,10,14,4,11276006021280|5518680195600|2699908157232|1320312934512|645338162664|315236315628|153874251180|75042029790|36556534704|17784596412|8638149636|4187500020|2025272700|976825278|469603134,10|11|10|15|10|11|10|15|16|15|14|19|16|17|16
14,8|5|5|5|2|1|1|1,1,5|7,2,19,20,1,11339283271680|5624644480000|2785670078464|1377575134208|680240687360|335402230592|165120924800|81157600888|39818563456|19497952320|9526547072|4642992800|2256437632|1093016704|527450560,24|23|28|27|20|19|20|19|22|23|24|25|26|29|26
14,8|5|5|4|4|2,0,0|4,2,8,10,2,8657788098960|4237277244200|2074063522608|1015188507102|496806880108|243032071128|118818693840|58043240178|28323943032|13802812128|6715129288|3260291265|1579038846|762525764|366942576,8|9|10|9|8|13|14|15|14|21|16|15|14|19|22
14,8|5|5|4|4|1|1,0,0|2|8|10,4,18,25,7,11136796070400|5480010764800|2695403805952|1325105505152|651047358208|319631628160|156779567360|76815110736|37585708896|18361324224|8952806960|4355484320|2113288672|1022161712|492580088,18|21|18|21|20|21|22|21|18|23|18|25|22|23|20
14,8|5|5|4|3|2|1,1,3|5,2,13,14,1,36751427032320|18229874520000|9035286731328|4474074575256|2213169953280|1093492174632|539554775760|265823137580|130735254848|64168987944|31424010384|15347982540|7473375360|3626167116|1752238488,16|15|14|13|22|13|14|17|20|17|18|19|26|19|20
14,8|5|5|4|3|1|1|1,0,0|2|4|6,4,10,14,4,27905267426400|13952633713200|6965072975952|3471292607328|1727174770776|857888200260|425333874420|210462282576|103917081744|51188512788|25148616780|12318843180|6014073156|2924850474|1416200058,10|11|10|17|10|11|10|21|16|15|14|19|16|17|16
14,8|5|5|4|2|2|2,0,0|4,2,8,10,2,17178150990000|8589075495000|4288874620800|2138568997950|1064729286500|529222697300|262579018900|130026498525|64249282020|31671372180|15570599100|7631981775|3728100750|1814033650|878727850,8|9|16|9|8|11|10|13|12|15|14|15|14|17|16
14,8|5|5|4|1|1|1|1|1|1,0,0|4,2,10,12,2,7129943140320|3678145270800|1889130233760|966244125924|492249559032|249814236672|126304559920|63621295661|31926580532|15959692980|7945901544|3939106710|1943738412|954257304|465825360,10|11|12|11|10|25|14|13|12|15|16|17|16|21|22
14,8|5|5|3|3|3|1,0,0|2|4|6,4,12,16,4,14915351880000|7457675940000|3725013520800|1858405177200|925914771600|460622034600|228760103000|113393507890|56087726320|27676054740|13619577900|6681734400|3266589480|1590586140|770921580,12|13|12|15|12|13|12|15|16|15|14|31|18|19|18
14,8|5|5|3|3|2|2,0,0|2|8|10,4,16,23,7,19789229940480|9946967430400|4992813854336|2502254994624|1251947131776|625232507328|311619844800|154972584536|76884242512|38042020800|18767434616|9228003400|4520511072|2205066864|1070389320,16|19|16|19|18|19|18|19|16|23|16|21|22|23|20
14,8|5|5|3|3|2|1|1,0,0|2|4|6,4,12,16,4,37586686737600|18992214727200|9577950576480|4820522005728|2421040810032|1213251254280|606574991880|302507614500|150461322624|74619315396|36888817260|18172208340|8916815160|4355927004|2117151036,12|13|12|17|12|13|12|17|22|15|14|19|18|19|18
14,8|5|5|3|3|1|1|1|1,0,0|2|4|6,4,8,12,4,21356072010000|10904026185000|5550840336600|2817455097600|1425896000100|719520650550|361993056750|181559651910|90770028960|45226174500|22452051900|11102095500|5465928420|2678037570|1304953650,8|9|8|23|8|9|8|15|18|15|14|19|16|17|16
14,8|5|5|3|2|2|2|1,1,5|7,2,19,20,1,28784334458880|14658688844800|7447375423488|3774343372800|1907959366912|961926562752|483624687360|242441706696|121161136320|60350832864|29953734272|14808860880|7289793984|3571156160|1739914176,24|23|24|33|20|19|22|19|20|21|24|23|24|27|26
14,8|5|5|3|2|1|1|1|1|1,1,5|7,2,21,22,1,20157096960000|10478490880000|5422972825600|2794519270400|1434021747200|732850275200|372992512000|189062391280|95433907840|47966604480|24001001600|11952340400|5921692480|2917383040|1428306880,26|25|26|27|22|21|30|21|22|23|24|23|24|29|26
14,8|5|5|3|1|1|1|1|1|1|1,0,0|2|8|10,4,18,25,7,5654065697280|2991569152000|1573335253248|822701527296|427819856640|221287913088|113865523200|58290861552|29688682848|15043213152|7582106736|3800463480|1893776544|937684176|461044584,18|25|18|23|20|21|40|21|18|21|18|21|22|23|20
14,8|5|5|2|2|2|2|2,0,0|2|4|6,4,12,16,4,5846817936960|3016215602400|1551298580832|795359060496|406458429936|207016992312|105070851080|53135820374|26770215752|13433473452|6712510140|3338860140|1652513016|813380568|397885488,12|13|12|15|12|13|12|15|14|15|14|19|18|21|22
14,8|5|5|2|2|1|1|1|1|1|1,0,0|2|4|6,4,10,14,4,6692786100000|3558862450000|1881007942000|988394858000|516421121000|268330983500|138667475500|71275408050|36439030200|18527950200|9368218600|4709207800|2352557900|1167387650|575024450,10|11|10|15|10|11|10|15|14|17|16|21|16|17|16
14,8|5|5|2|1|1|1|1|1|1|1|1,0,0|2|4|6,4,10,14,4,2176071337440|1180144508400|635108162832|339262425216|179935171416|94774839588|49585510260|25773175428|13309813704|6829239384|3481227480|1762644840|886181076|442171158|218816598,10|11|10|21|10|11|10|17|14|17|16|21|16|17|16
14,8|5|4|4|4|2|1,0,0|4,2,8,10,2,16078749326640|8039374663320|4016742505776|2005106337234|999845708004|497933309016|247600675608|122903216436|60880874208|30086051352|14827185660|7284201375|3565558986|1738014564|843086244,8|9|10|9|8|13|12|17|18|17|14|15|14|19|18
14,8|5|4|4|4|1|1|1,1,5|7,2,19,20,1,11339283271680|5714638791680|2875664390144|1444784932864|724665972992|362811520448|181282736128|90379950024|44948965824|22293225696|11022614848|5431040368|2665421888|1302247648|632963968,24|23|24|29|20|19|28|19|20|21|22|23|24|25|28
14,8|5|4|4|3|2|2,0,0|4,2,8,10,2,23853089660400|12052751653800|6082392240144|3065012909442|1541976091524|774321540300|388030404960|194000449797|96741176796|48101118732|23838480900|11770695585|5787835614|2832514542|1378701324,8|9|10|9|8|11|16|13|12|15|14|15|14|17|18
14,8|5|4|4|2|2|1|1|1,0,0|2,2,2,6,4,32827446541890|16934793850975|8709895156963|4466045402819|2282892525914|1163219429372|590743213060|298969841170|150750796042|75715741731|37868050787|18851939645|9337591648|4598985391|2250753505,2|3|2|7|6|11|10|15|10|11|10|15|22|15|14
14,8|5|4|4|1|1|1|1|1|1|1,0,0|4,2,10,12,2,4872348280800|2590851863600|1369730730368|720126971564|376562591288|195871080080|101352647240|52171309645|26713566460|13604290980|6889213380|3468001350|1734697668|861713424|424792368,10|11|16|11|10|15|12|13|12|15|14|17|16|23|22
14,8|5|4|3|3|3|2,1,5|7,2,19,20,1,15860755722240|8077236710400|4107529046016|2085346543104|1056702779136|534314786112|269524293120|135591835752|68009842752|33998992704|16933672512|8399191680|4146709248|2036507616|994181760,24|23|24|25|20|19|24|19|20|23|22|29|28|25|28
14,8|5|4|3|3|3|1|1,1,5|7,2,19,20,1,24298464153600|12438499507200|6354982932480|3240001609728|1648085866752|836236914240|423151331200|213486411320|107357193344|53794821696|26849720640|13342724400|6598368000|3245291712|1586265408,24|23|26|33|20|19|20|19|22|23|22|23|28|27|26
14,8|5|4|3|3|2|2|1,1,5|7,2,21,22,1,41120477798400|21158552729600|10862701391872|5563379948544|2841900068352|1447644808320|735197775360|372160929168|187725876096|94330024128|47201155840|23509827440|11649908160|5739951360|2809847040,26|25|26|27|22|21|24|21|22|23|26|23|24|31|30
14,8|5|4|3|3|1|1|1|1|1,1,5|7,2,19,20,1,20780134502400|10912319308800|5706290903040|2971506650112|1540939845888|795725645760|409141946880|209441451240|106721791680|54118441440|27303030720|13698956160|6832356480|3385336032|1665151488,24|23|24|27|20|19|24|19|20|21|22|29|26|25|32
14,8|5|4|3|2|2|2|2,1,5|7,2,19,20,1,17818873712640|9262985937920|4801740449792|2481654416384|1278490021120|656421158848|335820303104|171147802280|86868787136|43899054432|22079744128|11048407744|5497351552|2718235520|1334645312,24|23|24|27|20|19|22|19|20|21|24|27|26|29|26
14,8|5|4|3|2|1|1|1|1|1|1,1,5|7,2,19,20,1,17818873712640|9545825203200|5084579715072|2693121699840|1418568123648|743110809792|387135024640|200563416872|103317071552|52911072864|26931805632|13620079440|6840550464|3409884192|1685716032,24|23|24|31|20|19|24|19|20|21|22|23|24|25|26
14,8|5|4|3|1|1|1|1|1|1|1|1,1,5|7,2,19,20,1,4544894914560|2482859258880|1346450552832|724982759424|387648503040|205862937792|108588420096|56893910696|29607987136|15302575008|7853197632|4000583136|2022121728|1013538240|503350848,24|23|24|39|20|19|26|19|20|21|22|25|28|27|26
14,8|5|4|2|2|1|1|1|1|1|1|1,1,5|7,2,19,20,1,5843436318720|3207706444800|1748036505600|945788050944|508124074752|271087201728|143623463040|75563641944|39476762880|20476332576|10542642048|5386328640|2729510784|1371056544|682089408,24|23|26|25|20|19|20|19|24|21|24|27|26|25|26
14,8|5|3|3|3|3|3,0,0|4,2,10,12,2,2473653742560|1276091216400|657224730624|337834233660|173266990776|88636299048|45211342440|22986506543|11644715852|5875475928|2951385108|1475243880|733347912|362302512|177741564,10|11|24|11|10|13|12|13|12|17|14|21|18|23|18
14,8|5|3|3|3|3|2|1,1,5|7,2,19,20,1,13083788390400|6801493171200|3527670515712|1825051995648|941566354176|484277183040|248242565120|126782879496|64490954304|32660882688|16461359040|8252847120|4113375168|2036834592|1001180544,24|23|24|25|20|19|30|19|20|27|22|23|24|25|28
14,8|5|3|3|3|2|2|2,0,0|2|8|10,4,16,23,7,10023116463360|5250203861760|2742589010304|1428388543296|741516257664|383589820224|197679952704|101455546920|51839826288|26361345600|13335499656|6707838456|3353078256|1664547456|819915096,16|19|16|19|18|19|18|19|16|23|16|21|20|29|20
14,8|5|3|3|3|2|2|1|1,0,0|4,2,6,8,2,21644470247400|11394840156700|5979406033832|3126900331863|1629245140446|845623647330|437097594780|224942422320|115218789840|58719782520|29763424040|14997458245|7508415222|3732326598|1840514676,6|7|8|7|6|9|10|21|16|17|16|15|14|17|18
14,8|5|3|3|3|2|1|1|1|1,0,0|4,2,8,10,2,17824857850800|9478297428600|5018818339920|2646083446314|1388947873236|725744397840|377413103760|195294611435|100528788668|51461668272|26188555680|13242873105|6650612430|3314795484|1638292656,8|9|10|9|8|15|14|13|12|19|20|15|14|19|22
14,8|5|3|3|3|1|1|1|1|1|1,0,0|2|8|10,4,18,25,7,7087052044800|3824758246400|2052735636224|1095635597056|581564052992|306974445440|161114819840|84068314512|43601939808|22472125536|11505517520|5849433800|2951488624|1477055216|732483752,18|23|18|23|22|21|22|21|18|21|18|21|20|23|20
14,8|5|3|3|2|2|2|2|1,0,0|4,2,6,8,2,13398957772200|7124842624900|3774612377536|1991872403521|1046744632934|547651620230|285194133510|147784406770|76179029080|39049144680|19896886940|10072893215|5063781206|2526063826|1249322074,6|7|14|7|6|9|8|15|14|17|14|15|14|17|16
14,8|5|3|3|2|2|2|1|1|1,1,5|13,2,27,33,6,17829210685440|9551362867200|5094060195840|2704373805056|1428905218048|751268396032|392963450880|204443027712|105764026368|54389164032|27792909312|14106153600|7107181312|3552215744|1759640960,32|31|36|31|28|27|28|29|30|33|30|29|28|27|28
14,8|5|3|3|2|2|1|1|1|1|1,0,0|4,2,8,10,2,13155340358160|7134509982600|3847548873168|2063246279094|1100117324124|583185736848|307324953000|160967281293|83778484692|43317724968|22242913308|11337795315|5733839826|2875039596|1427998572,8|9|10|9|8|15|12|13|12|17|14|15|14|19|18
14,8|5|3|3|2|1|1|1|1|1|1|1,1,5|7,2,21,22,1,5968043827200|3291897190400|1802946768896|980562558976|529590623744|284038252160|151274140160|79994959408|41995800448|21882776832|11314293760|5802490960|2950136384|1485980704|740836096,26|25|26|35|22|21|24|21|22|27|30|23|24|25|30
14,8|5|3|3|1|1|1|1|1|1|1|1|1,0,0|4,2,6,8,2,1442964683160|813099146860|454207930792|251561286053|138150993442|75233958184|40628812224|21757245433|11552801260|6081605628|3173173808|1640454893|839880118|425553128|213180968,6|7|8|7|6|13|18|13|12|15|18|15|14|21|20
14,8|5|3|2|2|2|2|2|1|1,0,0|4,2,8,10,2,7576863774480|4109145697800|2217859351488|1191062310570|636281679132|338043286548|178563046860|93753569448|48913654680|25349610312|13044907656|6662483685|3375255906|1694863170|842755914,8|9|14|9|8|11|10|19|14|17|16|15|14|17|16
14,8|5|3|2|2|2|2|1|1|1|1,0,0|4,2,8,10,2,7808250450000|4275946675000|2328174310000|1260219787750|678045637500|362559025500|192628732000|101669213100|53293283400|27735705200|14326253900|7341077975|3729729850|1877454150|935434500,8|9|10|9|8|11|16|17|14|19|14|15|14|17|18
14,8|5|3|2|1|1|1|1|1|1|1|1|1|1,0,0|4,2,8,10,2,675577702800|391406129400|224466672144|127430337606|71616414012|39846180660|21948274920|11968613657|6460808948|3452010276|1825177800|954644295|493703034|252266586|127219092,8|9|10|9|8|11|12|13|12|15|16|15|14|17|18
14,8|5|3|1|1|1|1|1|1|1|1|1|1|1|1,0,0|4,2,8,10,2,103352842320|61519549000|36192423904|21043800778|12092868060|6868067388|3855151300|2138678451|1172542644|635256916|340040008|179778865|93834650|48313902|24510486,8|9|12|9|8|11|10|13|12|15|16|15|14|17|16
14,8|5|2|2|2|2|2|2|2|1,1,5|7,2,19,20,1,1209425817600|667103923200|366076508160|199783507968|108393914112|58446231360|31308488960|16655807000|8796386624|4610025696|2396453760|1235028960|630600960|318750432|159327168,24|23|24|29|20|19|22|19|20|21|24|25|28|25|26
14,8|5|2|2|2|2|2|2|1|1|1,0,0|2|8|10,4,16,23,7,1750067953920|972259974400|536986662784|294767112640|160770237056|87099501632|46857187520|25023479624|13261146800|6971294496|3633797224|1877180800|960465088|486337280|243440912,16|19|16|19|18|19|18|19|16|21|16|29|24|31|22
14,8|5|2|2|2|2|2|1|1|1|1|1,1,5|7,2,19,20,1,1514964971520|851666816000|475453597696|263538519552|145008357120|79188187968|42908359680|23063363176|12293481536|6496120512|3401664448|1764340160|905870592|460039008|230822592,24|23|24|25|20|19|26|19|20|23|22|27|28|25|26
14,8|5|2|2|2|1|1|1|1|1|1|1|1|1,1,5|7,2,19,20,1,392670720000|229057920000|132299827200|75657331200|42834451200|24007617600|13318976000|7313038120|3973318720|2135697600|1135348800|596691600|309856320|158857920|80308800,24|23|24|25|20|19|24|19|20|23|22|23|24|27|26
14,8|5|2|2|1|1|1|1|1|1|1|1|1|1|1,0,0|2|8|10,4,16,23,7,116819539200|69844486400|41283844480|24122425536|13932142464|7953046080|4486697280|2501207240|1377661168|749594592|402803720|213691600|111859920|57728736|29333304,16|19|16|19|18|19|18|19|16|21|16|23|20|25|20
14,8|5|2|1|1|1|1|1|1|1|1|1|1|1|1|1,1,5|7,2,19,20,1,21956014080|13504691200|8200665088|4915305472|2907392768|1696811072|976951040|554829016|310762816|171636192|93454592|50148560|26506304|13787488|7047040,24|23|24|27|20|19|22|19|20|21|26|23|24|25|28
14,8|4|4|4|4|2|2,0,0|4,2,8,10,2,4417238826000|2255362681000|1150387781840|586046849190|298103450700|151363544640|76692473880|38761531270|19533683840|9810594180|4907905220|2444048365|1210627110|595949640|291230940,8|9|10|9|8|19|12|15|22|15|14|15|14|21|18
14,8|4|4|4|3|3|1|1,0,0|4,2,8,10,2,10231931389680|5278377304200|2718520476672|1397541034890|716956289868|366942484272|187302861200|95318251119|48340804260|24420294276|12281352972|6144926865|3056510226|1509968460|740023284,8|9|22|9|8|15|14|13|12|15|14|15|14|19|18
14,8|4|4|4|2|2|2|1|1,0,0|2,2,2,6,4,12297994458750|6474340998125|3398290743925|1778113594950|927279624250|481856103050|249438900900|128591878450|65993441570|33699896055|17114321875|8637888875|4329355800|2152665515|1060544485,2|3|2|9|6|9|10|15|10|11|10|15|18|15|14
14,8|4|4|4|2|2|1|1|1|1,0,0|2,2,8,13,5,10747827090000|5715114405000|3026976552600|1596802907700|838900623600|438858014400|228562591400|118478550645|61105740780|31343625810|15981391650|8094642600|4069593000|2028805350|1001650650,8|9|8|11|12|19|12|13|12|13|12|21|18|17|16
14,8|4|4|3|3|3|2|1,1,5|7,2,19,20,1,12336143339520|6445471718400|3360933801984|1748553523200|907370731776|469502726208|242150040960|124437438328|63685654400|32443765632|16442146368|8283528000|4145087232|2058101760|1012659648,24|23|26|33|20|19|20|19|22|25|22|27|28|35|26
14,8|4|4|3|3|3|1|1|1,0,0|4,2,6,8,2,10678036005000|5621505727500|2951431750800|1545078421575|806322002850|419364539100|217302988500|112143412290|57614626320|29452858740|14972803200|7564065075|3794161950|1887705300|930356700,6|7|10|7|6|11|10|15|16|15|24|15|14|19|18
14,8|4|4|3|3|2|2|2,0,0|2|4|6,4,12,16,4,9187856758080|4836993372640|2540216156192|1330402829184|694686255120|361536472440|187466462040|96813172456|49772802992|25460888220|12951417524|6546552232|3285377568|1635226164|806161356,12|13|12|21|12|13|12|19|16|15|14|21|22|19|18
14,8|4|4|3|3|1|1|1|1|1|1,0,0|2|4|6,4,14,18,4,6296573162880|3414808196800|1842330666176|988809677856|527936698912|280368278288|148074069360|77754534564|40581338448|21042443520|10834277776|5535294380|2803778208|1406481076|697757060,14|15|14|17|14|15|14|17|16|27|18|19|22|19|18
14,8|4|4|3|2|1|1|1|1|1|1|1,1,5|7,2,21,22,1,4918717440000|2726114560000|1500799385600|820753689600|445879590400|240610275200|128958662400|68634218800|36262611200|19012222080|9886265600|5095150000|2600265600|1312532000|654297280,26|25|30|27|22|21|22|21|24|25|26|23|26|25|26
14,8|4|4|2|2|2|2|2|2,0,0|4,2,6,8,2,2192556726360|1189084997100|642328991304|345501987831|184993268694|98566833612|52242059610|27532864268|14422010512|7504314048|3876403860|1986287490|1008634572|506971608|251843592,6|7|8|7|6|11|8|17|16|23|14|17|16|21|20
14,8|4|4|2|2|2|1|1|1|1|1|1,0,0|4,2,8,10,2,3487293810000|1946611095000|1079372078400|594495935550|325220058900|176685042600|95309121600|51035175730|27117953720|14292317340|7467168900|3864500475|1979236710|1001912340|500479980,8|9|14|9|8|13|18|15|14|15|14|15|14|19|18
14,8|4|4|2|2|1|1|1|1|1|1|1|1,0,0|4,2,8,10,2,1537637184720|874581996600|493395668064|276092958726|153242656164|84361732416|46057784760|24932719539|13378946796|7113540204|3745617552|1951713945|1005406074|511377516|256376484,8|9|12|9|8|19|12|13|12|15|18|15|14|19|18
14,8|4|3|3|3|3|2|2,0,0|2|4|6,4,12,16,4,4176298526400|2220730168800|1178032338912|623198985552|328658551728|172718739960|90411110920|47117604534|24433704864|12600081276|6456939540|3285387600|1658129616|829069956|410053644,12|13|12|15|12|13|12|15|18|15|14|23|20|19|18
14,8|4|3|3|3|2|2|2|1,1,3|5,2,11,12,1,8352597052800|4496702381600|2413006477024|1290271054644|687253622016|364508820780|192432010680|101070801104|52786861504|27397737936|14121594880|7222130300|3661118208|1837292028|911302392,14|13|12|11|20|11|12|21|20|19|34|19|28|19|20
14,8|4|3|3|3|2|2|1|1|1,0,0|4,2,8,10,2,10694914710480|5800152157800|3133170373872|1685441229318|902636947212|481113810408|255129483840|134545176227|70526966356|36725525676|18984716016|9734163285|4945440654|2486375892|1235025792,8|9|10|9|8|13|18|13|12|15|18|15|14|19|28
14,8|4|3|3|3|2|1|1|1|1|1,1,3|5,2,17,18,1,7196083614720|3950231084800|2157507120384|1172288416992|633569430272|340510730592|181934702400|96602474136|50950947264|26678869056|13859259904|7136886240|3639352992|1835350088|913824912,20|19|18|17|20|17|18|19|20|23|28|25|22|21|22
14,8|4|3|3|3|1|1|1|1|1|1|1,0,0|2|4|6,4,14,18,4,2517768489600|1405421035200|779473251648|429527000448|235146199392|127872810000|69057902160|37026221232|19701103632|10397576448|5439383040|2818277160|1444700304|731720964|365528436,14|15|14|21|14|15|14|21|16|27|28|21|20|19|18
14,8|4|3|3|2|2|2|2|1|1,0,0|4,2,12,14,2,7506418920000|4110657980000|2241477180800|1216681837800|657208609200|353152113600|188704573200|100223723600|52881144800|27701861640|14397269200|7417097050|3783578700|1908535200|950329380,12|13|16|13|12|19|14|21|18|17|18|17|16|25|18
14,8|4|3|3|2|2|2|1|1|1|1,0,0|4,2,8,10,2,7567996590000|4184421395000|2301631978800|1259217486450|685061520500|370510807800|199144751400|106330760725|56371757820|29656800180|15471777300|7997098725|4091021550|2068443300|1031807700,8|9|10|9|8|13|12|13|12|15|14|15|14|19|18
14,8|4|3|3|1|1|1|1|1|1|1|1|1|1,0,0|4,2,6,8,2,441723882600|258256555700|149571266328|85810673883|48765685342|27449101680|15300798480|8444349837|4612452372|2492300448|1331336080|702450045|365662374|187502744|94510416,6|7|8|7|6|15|14|13|12|21|18|15|14|21|22
14,8|4|3|2|2|2|2|2|1|1|1,1,3|5,2,13,14,1,3569485920000|1997212360000|1111509150400|615096070600|338354128000|184943853400|100408225200|54119667700|28944100960|15349854640|8065886400|4195596900|2157839200|1095668860|548187640,16|15|14|13|18|13|14|17|18|19|22|19|22|19|20
14,8|4|3|2|1|1|1|1|1|1|1|1|1|1|1,1,3|5,2,13,14,1,202029085440|121591579200|72395811264|42638183784|24837283968|14307311928|8148260400|4586652056|2550804256|1400798952|759066000|405480180|213246432|110216652|55847064,16|15|14|13|18|13|14|19|18|17|18|19|22|19|20
14,8|4|2|2|2|2|2|2|2|1|1,0,0|2|4|6,4,12,16,4,706758212160|401992104800|227388020640|127859565504|71435708432|39636934392|21830021400|11926677840|6459592128|3465584964|1840096940|965880960|500538720|255641672|128384256,12|13|12|19|12|13|12|21|20|15|14|29|22|21|30
14,8|4|2|2|2|2|2|2|1|1|1|1,0,0|2|4|6,4,12,16,4,785018520000|450658780000|257065608800|145652878800|81941761200|45752436600|25341568200|13916231550|7571830800|4078931940|2173557500|1144465300|594633600|304332600|153067200,12|13|12|15|12|13|12|15|16|15|14|19|26|21|26
14,8|4|2|2|2|1|1|1|1|1|1|1|1|1|1,0,0|2|4|6,4,12,16,4,128845080000|78056940000|46798504800|27761713200|16291215600|9454308600|5424033000|3074978690|1721686720|951401340|518438100|278272500|146908080|76130340|38618580,12|13|12|15|12|13|12|15|20|15|14|19|20|19|18
14,8|4|2|2|1|1|1|1|1|1|1|1|1|1|1|1,0,0|2|4|6,4,12,16,4,36315639360|22577183200|13871480480|8420439456|5048676048|2988872952|1746459000|1006774860|572252304|320495292|176704660|95798780|50988960|26585988|13537524,12|13|12|17|12|13|12|17|16|15|14|19|22|19|18
14,8|3|3|3|3|3|3|1|1,0,0|2,2,4,9,5,927620153460|503074421850|272094360846|146711914965|78828485274|42185574783|22473602085|11910854879|6275812312|3284741502|1706175618|878510325|447793830|225573777|112062951,4|5|4|7|6|7|6|13|14|13|12|15|14|15|14
14,8|3|3|3|3|2|2|2|1|1,0,0|4,2,8,10,2,2321530651440|1283597635320|706947184944|387699233922|211631191668|114932904840|62067400200|33310152603|17753330196|9388918980|4922188236|2555020413|1311280542|664169220|331242912,8|9|10|9|8|13|12|13|12|15|14|15|14|19|24
14,8|3|3|3|3|2|2|1|1|1|1,0,0|4,2,12,14,2,2248776129600|1255269215200|697349413376|385454936328|211917338736|115840233120|62928689520|33953981012|18184200496|9658501272|5082941920|2647253510|1362431796|691630368|345501156,12|13|20|13|12|17|14|17|16|17|20|17|16|25|18
14,8|3|3|3|2|2|2|2|1|1|1,0,0|4,2,8,10,2,1740124386000|980546281000|549785819440|306626138390|170038085100|93715235640|51306878480|27885508105|15035152780|8035125180|4251933120|2225074665|1149722310|585439140|293032740,8|9|10|9|8|13|14|13|12|15|22|15|14|19|18
14,8|3|3|3|2|2|1|1|1|1|1|1|1,0,0|2,2,10,14,4,824551247520|477716198960|274749738032|156838515680|88841997552|49922981592|27817912936|15362683644|8403238536|4548946836|2434548340|1286514460|670186924|343444530|172666494,10|11|10|17|12|13|12|17|14|15|14|19|16|17|16
14,8|3|3|3|1|1|1|1|1|1|1|1|1|1|1,0,0|4,2,6,8,2,66441112920|40251362060|24137296456|14325119445|8412503346|4887148032|2807598456|1594256209|894238436|495068616|270229036|145228463|76707474|39723528|20103720,6|7|8|7|6|25|12|13|12|17|14|15|14|21|20
14,8|3|3|2|2|2|2|2|2|2,0,0|2,2,2,6,4,290191331430|165055916025|93435230889|52614541980|29456866296|16387164963|9052783155|4962616659|2697322530|1452217221|773590041|407164725|211382028|108011475|54171117,2|3|2|11|10|7|6|13|10|11|10|15|16|15|14
14,8|3|3|2|2|2|2|1|1|1|1|1|1,0,0|2,2,6,11,5,583816879800|341332091100|198127061748|114145802694|65249719668|36992950470|20790285210|11575384317|6379967496|3477858552|1872948420|995061375|520610706|267623433|134765631,6|7|6|9|8|9|8|13|14|17|14|15|14|15|14
14,8|3|3|2|2|2|1|1|1|1|1|1|1|1,0,0|2,2,6,11,5,313222389480|186441898500|110029403484|64366311438|37314077580|21428646642|12185009070|6856711680|3815502744|2097692352|1138135392|608534685|320050434|165179157|83390307,6|7|6|9|8|9|8|31|14|23|20|15|14|15|14
14,8|3|3|1|1|1|1|1|1|1|1|1|1|1|1|1|1,0,0|2,2,4,8,4,4593088500|2952699750|1874585790|1174832890|726491600|443043290|266298030|157650150|91845390|52601185|29574545|16295015|8777780|4608175|2347345,4|5|4|9|12|9|8|15|10|11|10|15|16|15|14
14,8|3|2|2|2|2|2|2|2|1|1|1,1,5|7,2,19,20,1,216423567360|126819630080|73867644928|42745291776|24560881920|14003823168|7917442944|4435086488|2459143552|1348163712|729784768|389429744|204437376|105307488|53044992,24|23|26|27|20|19|20|19|22|25|22|23|26|25|30
14,8|3|2|2|2|1|1|1|1|1|1|1|1|1|1|1,1,5|7,2,19,20,1,25813831680|16219008000|10079686656|6193953792|3761890560|2257065792|1336959360|781277112|449993856|255168576|142247232|77814720|41672448|21778848|11059776,24|23|26|27|20|19|20|19|22|23|22|27|28|25|26
14,8|2|2|2|2|2|2|2|2|2|2,0,0|4,2,8,10,2,9553624080|5686681000|3366515152|1980752774|1157387660|671061248|385718840|219552242|123601184|68721100|37668876|20313315|10748474|5562128|2802800,8|9|10|9|8|23|12|15|18|15|14|15|14|23|22
14,8|2|2|2|2|2|2|2|1|1|1|1|1|1,0,0|4,2,10,12,2,22946695200|14022980400|8504006016|5115083556|3049768584|1801171080|1052803320|608420261|347214596|195387144|108224460|58875300|31370592|16314012|8241948,10|11|16|11|10|13|12|13|12|17|14|19|22|19|18
14,8|2|2|2|2|2|2|1|1|1|1|1|1|1|1,0,0|4,2,10,12,2,14153136480|8798907600|5421624768|3309479964|2000225304|1196169912|707203800|412953723|237869100|134962632|75290292|41203260|22057056|11507484|5822376,10|11|14|11|10|13|12|13|12|17|14|19|22|19|20
14,8|2|2|2|1|1|1|1|1|1|1|1|1|1|1|1|1|1,0,0|4,2,6,8,2,661404744|442686244|292611704|190881999|122797494|77837832|48565872|29791412|17940832|10588032|6110104|3438149|1879614|993564|504504,6|7|8|7|6|13|14|17|18|25|16|15|14|19|20
14,8|2|2|1|1|1|1|1|1|1|1|1|1|1|1|1|1|1|1,0,0|4,2,6,8,2,126449400|87310300|59491432|39967697|26449178|17222360|11020760|6920564|4257344|2560376|1501500|855855|472186|250756|127204,6|7|8|7|6|13|12|17|20|17|14|15|14|19|18
14,7|7|7|5|2,0,0|2|4|6,4,10,17,7,974469656160|448565397280|206911200496|95649289736|44315540568|20579785200|9579997180|4470464180|2091305384|980765688|461095544|217309532|102660580|48610848|23069046,10|13|10|13|10|15|10|17|14|17|16|19|16|25|16
14,7|7|7|5|1|1,0,0|2,2,6,11,5,1118651391000|517894162500|240111668940|111503479230|51872430480|24177998910|11292590790|5285672600|2479550560|1165820850|549393990|259492035|122839200|58277505|27706965,6|7|6|9|12|9|8|19|18|13|12|15|22|15|14
14,7|7|7|4|2|1,0,0|2,2,6,10,4,3654261210600|1711122312900|801974249076|376270374480|176751530280|83140577910|39166146630|18480490847|8735146280|4136355930|1962347730|932694180|444089316|211782285|101126025,6|7|6|15|10|9|8|13|14|13|12|19|16|15|14
14,7|7|7|3|2|2,0,0|2,2,8,12,4,2790526742640|1321439912520|625909356072|296577721440|140603884512|66705649920|31674693960|15056500186|7165866708|3415109922|1629925206|779038848|372847608|178636458|85639554,8|9|8|17|14|23|12|15|12|13|12|29|18|17|16
14,7|7|7|2|2|1|1|1,0,0|4,2,10,12,2,2473653742560|1197562526160|578696040384|279220051572|134567316840|64801285032|31191140112|15011680453|7226243332|3480123864|1677086712|808768422|390263412|188372184|90894804,10|11|14|11|10|13|14|13|12|17|16|17|16|21|18
14,7|7|7|1|1|1|1|1|1|1,0,0|2,2,4,9,5,246103306020|123051653010|61210309446|30312501219|14954427774|7354516455|3607870695|1766532768|863783052|421990992|206047800|100571130|49066644|23918466|11640486,4|5|4|7|6|7|6|23|12|19|16|17|16|17|16
14,7|7|6|6|2,0,0|4,2,8,10,2,805429001520|372883797000|173018081808|80465579766|37510590780|17528364828|8210781540|3855563829|1814887932|856375092|405064260|192056535|91284138|43498026|20785050,8|9|10|9|8|11|10|13|12|15|14|15|14|17|16
14,7|7|6|5|3,0,0|4,2,8,10,2,2436174140400|1140748208600|535184922272|251570513194|118485652012|55915117180|26439676120|12527111051|5947256252|2829144276|1348550980|644102305|308262482|147833114|71042972,8|9|12|9|8|11|12|13|12|15|14|15|14|17|18
14,7|7|6|4|2|2,0,0|2,2,6,10,4,8969550244200|4294943370900|2057557146372|986248959696|473040226152|227052485010|109071926730|52444626507|25242509796|12163194792|5867894340|2834430300|1370939364|663968097|321990669,6|7|6|15|10|9|8|13|12|17|14|19|16|15|14
14,7|7|6|3|3|1|1,0,0|2|4|6,4,12,16,4,11543717465280|5588625122080|2704809989728|1308864031552|633336234608|306489102920|148353586920|71836704016|34803508432|16872841524|8186456852|3975474272|1932377216|940163224|457809352,12|13|12|19|12|13|12|21|16|15|14|25|26|21|20
14,7|7|6|3|2|1|1|1,1,5|7,2,19,20,1,15860755722240|7783519011840|3813811347456|1866286185984|912299763456|445596308928|217517551488|106144684632|51790795008|25272612576|12335969088|6024042288|2943312768|1438886592|703752192,24|23|28|25|20|19|20|19|24|21|22|23|26|27|36
14,7|7|6|2|2|2|1|1,0,0|4,2,10,12,2,8279584840800|4095985093200|2022415807104|996856242228|490615064424|241156562040|118417610880|58103826795|28495501020|13971333600|6849911880|3358871460|1647432864|808215408|396540144,10|11|16|11|10|13|20|13|12|21|16|19|22|23|22
14,7|7|6|2|2|1|1|1|1,0,0|4,2,12,14,2,6562754827200|3281377413600|1635640433856|813076791384|403216667568|199553983200|98593683760|48646822224|23978482176|11810998632|5815264320|2862633510|1409075580|693555720|341303820,12|13|14|13|12|17|14|21|26|17|22|17|16|21|18
14,7|7|5|5|4,0,0|4,2,8,10,2,1461704484240|692182811320|328392704640|156085471542|74320939524|35450530440|16938745200|8107246238|3886780800|1866500748|897826076|432609243|208815486|100978020|48924876,8|9|16|9|8|13|14|15|22|15|14|15|14|19|18
14,7|7|5|5|3|1,0,0|4,2,8,10,2,7308522421200|3499583487400|1677420416672|804855057006|386592977732|185891970940|89484503160|43124794167|20807141796|10051308792|4861639580|2354654335|1142095614|554844862|270033764,8|9|12|9|8|11|12|13|12|17|14|15|14|17|18
14,7|7|5|5|2|2,0,0|2|4|6,4,10,17,7,6101734860000|2937872340000|1415393881200|682346737800|329182284600|158925078000|76788305100|37133659680|17973641880|8708223600|4223610300|2050896600|997166700|485550000|236837250,10|13|10|13|10|15|10|23|14|19|14|21|16|23|16
14,7|7|5|5|2|1|1,0,0|4,2,8,10,2,10306890594000|4989843859000|2415764002960|1169725659410|566533311300|274489255260|133053846420|64531773845|31318821380|15211292880|7394409680|3598101485|1752849670|855078510|417807390,8|9|10|9|8|11|10|13|12|19|18|15|14|17|16
14,7|7|5|5|1|1|1|1,0,0|4,2,8,10,2,4417238826000|2161876145000|1056901245840|516267279330|252030846980|122988456360|60005450340|29275878940|14285466360|6972915420|3405192340|1664003385|813846990|398492380|195405210,8|9|10|9|8|13|10|17|14|15|14|15|14|19|16
14,7|7|5|4|3|1|1,1,3|5,2,15,16,1,21988033267200|10732254332800|5237662283392|2555968793840|1247309926720|608729236720|297123668160|145060609540|70843769920|34613128200|16920844640|8277699320|4053023392|1986636080|975054080,18|17|16|15|16|15|18|17|20|17|20|21|22|23|30
14,7|7|5|4|2|1|1|1,0,0|4,2,8,10,2,23853089660400|11800338006600|5829978592944|2876998509990|1418360939820|698683615740|343947686940|169236538317|83245292460|40941778860|20137175640|9907096815|4876538634|2402198370|1184593410,8|9|10|9|8|11|10|13|12|15|16|15|14|17|16
14,7|7|5|3|3|3,0,0|4,2,10,12,2,5581053485280|2731467975600|1336999626144|654493107996|320412152424|156871332072|76810264440|37614617495|18424134372|9027198936|4424949060|2170293300|1065272544|523387956|257457564,10|11|12|11|10|13|12|13|12|17|14|19|22|19|18
14,7|7|5|3|3|2|1,1,3|5,2,15,16,1,25186292651520|12426570316160|6127434445440|3019669288944|1487348312128|732259304784|360371179392|177300728584|87216300192|42901491528|21105990304|10386737592|5114280864|2520133616|1243097856,18|17|16|15|16|15|20|19|18|17|20|21|22|23|30
14,7|7|5|3|3|1|1|1,0,0|2|8|10,4,16,23,7,19789229940480|9842262510080|4888108934016|2424514217664|1201170498176|594484537152|293965058112|145257344232|71736754320|35415036720|17480956360|8629230720|4261034976|2105275744|1041056016,16|21|16|19|18|19|18|19|16|19|16|29|22|25|22
14,7|7|5|3|2|2|1|1,0,0|4,2,10,12,2,30110653441440|15055326720720|7514795559744|3744996203916|1863581908536|926125915680|459710024400|227963411991|112952512908|55932807852|27687026016|13703542578|6783485940|3359394324|1664894088,10|11|14|11|10|17|14|13|12|15|20|17|16|19|20
14,7|7|5|3|2|1|1|1|1,0,0|4,2,8,10,2,21925567263600|11078791924200|5582319030288|2805598473678|1406795622492|703941827940|351600536820|175338964892|87324550152|43445121048|21598122000|10732265775|5332170690|2649697050|1317386070,8|9|10|9|8|11|10|17|14|17|18|15|14|17|16
14,7|7|5|2|2|2|2|1,0,0|4,2,10,12,2,10119492583200|5113288580400|2577937646592|1296906154236|651113046072|326269776600|163208694240|81515654997|40659938676|20259463392|10086546120|5019232680|2497161744|1242533292|618521904,10|11|22|11|10|13|16|13|12|21|16|21|20|19|22
14,7|7|5|2|2|2|1|1|1,1,3|11,2,23,29,6,12496352993280|6363883468800|3230894684160|1635560619264|825737582592|415857701376|208967316480|104798418816|52467941376|26231599872|13100370816|6537538800|3261113856|1626630720|811571904,26|25|24|23|26|25|26|27|36|27|24|23|30|27|26
14,7|7|5|2|2|1|1|1|1|1,0,0|4,2,6,8,2,8039374663320|4147296453300|2130090722760|1089596246739|555280370502|282023212614|142801491690|72112304264|36330605696|18267762324|9170969724|4598692065|2304181374|1154074350|578023446,6|7|8|7|6|9|8|19|22|15|14|15|14|17|16
14,7|7|5|2|1|1|1|1|1|1|1,1,3|5,2,11,12,1,2910180873600|1528229903200|797688039456|414050939148|213822044656|109908669420|56259540480|28691329128|14584874304|7393693608|3739709120|1888179480|952109664|479699792|241585344,14|13|12|11|12|11|24|19|20|17|22|21|22|23|26
14,7|7|5|1|1|1|1|1|1|1|1|1,0,0|4,2,8,10,2,482555502000|259150177000|138085112880|73040540430|38374636300|20037225780|10403996460|5375179810|2764903680|1416859560|723766780|368771535|187523490|95219410|48301110,8|9|10|9|8|11|10|15|24|17|14|15|14|17|16
14,7|7|4|4|4|2,0,0|2,2,6,11,5,4983083469000|2438810692500|1194114727260|584893952370|286582505820|140458227390|68858961210|33766814900|16563384600|8127665910|3990133770|1960123005|963716130|474363045|233844975,6|7|6|9|8|9|8|17|14|13|12|15|14|15|14
14,7|7|4|4|3|3,0,0|2|4|6,4,14,21,7,5315289033600|2615459683200|1287221522496|633593626848|311885192736|153527886720|75575365840|37202960704|18314583952|9017248464|4440828000|2187996600|1078775088|532427064|263159988,14|17|14|17|14|21|14|25|16|19|20|21|20|21|18
14,7|7|4|4|3|1|1|1,0,0|4,2,8,10,2,17178150990000|8589075495000|4288874620800|2138979369450|1065550029500|530253478700|263619505600|130949651525|65001356420|32248101900|15993381600|7931309925|3934241850|1952840890|970469500,8|9|16|9|8|11|18|13|12|15|20|15|14|17|18
14,7|7|4|4|2|2|2,0,0|2,2,6,10,4,10756263375000|5378131687500|2686307827500|1340395897500|668144880000|332724318750|165539103750|82291680000|40879098000|20295711000|10072866000|4998749250|2481270000|1232463375|612901575,6|7|6|11|18|9|8|29|16|17|18|17|20|15|14
14,7|7|4|4|2|2|1|1,0,0|2|4|6,4,10,17,7,21684626964000|10899680220000|5469962596560|2740913671320|1371455041320|685302557040|342013557060|170497779480|84913036800|42256279800|21016963620|10450471680|5196911940|2585788920|1288016730,10|13|10|13|10|15|10|19|26|17|14|31|16|21|16
14,7|7|4|4|2|1|1|1|1,0,0|2|4|6,4,12,23,11,15313094596800|7778079795200|3940270519328|1991181924160|1003945628400|505132433520|253675576440|127179526474|63667204480|31833311280|15901587460|7938541600|3962436104|1978445040|988767780,12|25|12|19|12|15|12|15|22|19|14|25|18|23|18
14,7|7|4|4|1|1|1|1|1|1,0,0|2,2,2,6,4,4567826513250|2356418439375|1210613459055|619606497510|316026355710|160679816895|81463076305|41195795550|20786119830|10468105935|5263791015|2643929310|1327205220|666226275|334669335,2|3|2|9|6|7|6|15|10|11|10|17|16|15|14
14,7|7|4|3|3|3|1,0,0|4,2,10,12,2,11019003035040|5509501517520|2752732626336|1374275060004|685528019064|341674575480|170154026840|84671006721|42104479116|20925782808|10396285116|5164519668|2566158672|1275926652|635170536,10|11|12|11|10|13|12|13|12|17|14|19|20|19|20
14,7|7|4|3|3|2|1|1,0,0|4,2,10,12,2,28109701620000|14203579390000|7165056544800|3608560748100|1814506311800|910998842400|456716424600|228660964175|114344934900|57122050860|28514059700|14227162950|7098263700|3543010900|1770268500,10|11|12|11|10|17|12|13|12|15|14|17|16|19|18
14,7|7|4|3|3|1|1|1|1,0,0|4,2,8,10,2,16078749326640|8209520158840|4180343943776|2123240801682|1075826613004|543883108340|274383886920|138159129108|69447963816|34858345032|17476411652|8754984997|4384403826|2196109058|1100955856,8|9|12|9|8|11|12|17|14|17|14|15|14|17|22
14,7|7|4|3|2|2|1|1|1,0,0|2|4|6,4,10,17,7,26310680716320|13503365235360|6910167792528|3526318419624|1794711822696|911105144352|461436616836|233188121166|117611011728|59217859512|29775644976|14957002368|7509506004|3770638872|1894790898,10|13|10|13|10|17|10|15|16|17|18|29|16|21|16
14,7|7|4|2|2|2|2|2,0,0|4,2,10,12,2,4757026428000|2454021570000|1262499712320|647713960740|331392147240|169096552680|86061068720|43694290255|22134929740|11191362000|5649182280|2848188420|1435018200|722979180|364504140,10|11|14|11|10|13|14|13|12|19|16|19|18|19|18
14,7|7|4|2|2|2|2|1|1,0,0|2|4|6,4,14,23,9,10739053353600|5568398035200|2877821534016|1482476231808|761265531936|389724660000|198938010960|101274243252|51428754336|26059627152|13180892880|6657800820|3360185928|1695620784|856186188,14|19|14|21|14|17|14|17|18|19|18|19|18|23|18
14,7|7|4|2|2|2|1|1|1|1,0,0|2|4|6,4,8,15,7,9966166938000|5220373158000|2722625385480|1414040207580|731481840180|376966020600|193578925410|99080023770|50561458920|25734444120|13069421400|6626190900|3355826100|1698925800|860509650,8|11|8|11|8|13|8|15|14|17|16|19|16|21|16
14,7|7|4|2|2|1|1|1|1|1|1,0,0|4,2,6,8,2,5517217906200|2933758727900|1551018621152|815511117421|426576732582|222053621790|115069154200|59382545222|30530352776|15644918772|7994769580|4076496655|2075472014|1055956902|537380844,6|7|12|7|6|9|12|15|14|15|14|15|14|17|18
14,7|7|4|2|1|1|1|1|1|1|1|1,0,0|4,2,8,10,2,1818863046000|986420435000|530986603840|283816308930|150696402780|79518305460|41718259440|21771491280|11307773400|5848413480|3014005680|1548830745|794276010|406867890|208408200,8|9|14|9|8|11|14|21|14|17|18|15|14|17|20
14,7|7|4|1|1|1|1|1|1|1|1|1|1,0,0|2|4|6,4,10,17,7,287840124000|159911180000|88024954160|48030044920|25989626520|13953551040|7437089660|3937403470|2071963960|1084482600|565023020|293283980|151814740|78455520|40527630,10|13|10|13|10|19|10|15|14|17|14|19|16|25|16
14,7|7|3|3|3|3|1|1,0,0|4,2,10,12,2,6071695549920|3100098521520|1580074128864|803883744972|408232451880|206926349400|104695530120|52877804679|26662699140|13424623128|6751271268|3392479728|1704176496|856369800|430846416,10|11|12|11|10|13|12|13|12|17|14|23|20|21|22
14,7|7|3|3|2|2|2|1|1,0,0|2,2,6,10,4,10962783631800|5713408400700|2968116779628|1537012877400|793406424720|408282049890|209465690850|107155956089|54671328180|27826897770|14134967490|7169085000|3632861232|1840793955|933647715,6|7|6|13|12|9|8|13|12|13|12|21|20|15|14
14,7|7|3|3|2|2|1|1|1|1,0,0|2,2,4,9,5,9866505268620|5194271292210|2723026952646|1421661254013|739285379352|382968275625|197662120695|101668622328|52127865804|26651427516|13593364596|6920369478|3519103104|1789040682|910287378,4|5|4|7|10|7|6|19|12|15|14|17|26|17|16
14,7|7|3|2|2|2|2|1|1|1,0,0|2,2,4,8,4,5481391815900|2914708346550|1542954907494|813161871522|426668855184|222913246725|115977326985|60102057288|31031518224|15968790558|8194140570|4195324650|2144880672|1096111731|560627067,4|5|4|9|12|7|6|19|16|13|12|17|22|15|14
14,7|7|3|2|2|1|1|1|1|1|1|1,0,0|4,2,12,14,2,2101797297600|1150984234400|625765876736|337855798280|181195425840|96558153120|51144762240|26937038128|14113348480|7359964360|3822711200|1979100530|1022349196|527601360|272432160,12|13|22|13|12|17|20|21|22|17|20|17|16|23|24
14,7|7|3|1|1|1|1|1|1|1|1|1|1|1,0,0|2,2,6,10,4,105977500200|60838935300|34558930692|19429864740|10815784200|5963519250|3258469890|1765380708|949003140|506578320|268774740|141903630|74657484|39208455|20598435,6|7|6|11|10|9|8|17|12|19|14|17|16|15|14
14,7|7|2|2|2|2|2|2|2,0,0|4,2,10,12,2,454344564960|243999858960|130478439168|69464404548|36814224744|19421483400|10199486880|5332820889|2776624884|1440166392|744499560|383863590|197586972|101659272|52365456,10|11|18|11|10|13|16|13|12|17|16|17|16|21|22
14,7|7|2|2|2|2|1|1|1|1|1|1,0,0|4,2,10,12,2,766026948960|423544000880|232520512224|126761254620|68633789224|36914328360|19726947240|10477718069|5533391052|2907128448|1520497244|792401862|411953388|213965752|111243132,10|11|12|11|10|13|12|13|12|25|14|17|16|21|18
14,7|7|2|2|2|1|1|1|1|1|1|1|1,0,0|4,2,10,12,2,359015136480|202302180080|113008671776|62594175644|34384871976|18738315960|10133661720|5440657131|2901389652|1537832184|810799332|425666472|222818904|116492376|60960900,10|11|12|11|10|13|12|13|12|17|14|21|18|21|18
14,7|7|1|1|1|1|1|1|1|1|1|1|1|1|1|1,0,0|4,2,10,12,2,2086063200|1274816400|768812352|457526916|268692072|155743800|89131120|50389307|28162076|15575952|8536920|4644960|2514864|1359072|736164,10|11|14|11|10|13|14|13|12|19|16|25|20|25|18
14,7|6|6|6|3,1,3|5,2,13,14,1,795485433600|375645899200|177794393920|84344439608|40104682592|19113025880|9129531840|4370532140|2096826080|1008098880|485650880|234419900|113367760|54928588|26664352,16|15|14|13|14|13|18|17|18|23|22|19|20|19|24
14,7|6|6|6|1|1|1,1,3|5,2,15,16,1,1199347269120|575877061760|276699226496|133066216976|64059716608|30876041104|14901339552|7201602520|3485395648|1689278136|819928144|398542672|194002336|94581344|46190144,18|17|16|15|24|15|16|19|20|17|18|23|22|25|26
14,7|6|6|5|2|2,0,0|2,2,6,11,5,6090435351000|2948544098500|1428835468060|693097815410|336562614960|163611924450|79626290770|38797173870|18925595220|9242778720|4519092200|2211990605|1083888520|531670425|261065805,6|7|6|9|12|9|8|15|12|21|16|15|18|15|14
14,7|6|6|4|4|1,0,0|4,2,8,10,2,5359583108880|2594718806680|1257767855344|610468096238|296672131756|144357301660|70330546000|34307216944|16755367552|8192887920|4010679092|1965502847|964211842|473445830|232652420,8|9|10|9|8|11|14|21|22|19|14|15|14|17|18
14,7|6|6|4|3|1|1,1,3|5,2,15,16,1,17843350187520|8756458888320|4298163129216|2110443627600|1036650897792|509433928560|250475582880|123221691756|60655582944|29876394456|14725298448|7262298648|3583787328|1769449968|874006848,18|17|16|15|18|15|16|17|18|17|18|21|24|23|26
14,7|6|6|3|3|2|1,1,3|5,2,15,16,1,19080524736000|9464546000000|4693715895680|2327342623760|1153859566720|572032076560|283589679520|140602015120|69718946080|34577303880|17152510480|8510667760|4223618560|2096297840|1040399360,18|17|16|15|18|15|16|21|18|17|18|23|30|23|34
14,7|6|6|3|3|1|1|1,0,0|2|4|6,4,12,16,4,14915351880000|7457675940000|3725013520800|1858959445200|927023307600|462007439400|230144977400|114604527310|57055640800|28400996100|14136366900|7036025700|3501854400|1742683800|867009000,12|13|12|15|12|13|12|15|18|15|14|19|24|21|20
14,7|6|6|3|2|2|2,0,0|4,2,10,12,2,11019003035040|5509501517520|2752732626336|1374421301484|685820502024|342036630600|170508984800|84972228635|42335356532|21089318544|10504674096|5232107958|2605780716|1297572276|645933288,10|11|12|11|10|13|16|13|12|19|18|17|16|19|20
14,7|6|6|3|1|1|1|1|1|1,0,0|4,2,6,8,2,5153445297000|2658523367500|1366197854560|699668360545|357226543190|181897678820|92404405390|46846817710|23709190120|11981580660|6047329820|3048812690|1535492420|772511740|388187800,6|7|12|7|6|11|8|15|14|15|14|17|16|19|20
14,7|6|6|2|1|1|1|1|1|1|1,1,3|5,2,17,18,1,2058903475200|1086643500800|570333860096|297830410592|154814573056|80141844640|41334047040|21249356128|10893030016|5570248128|2842205440|1447398040|735733504|373283768|188995664,20|19|18|17|22|17|18|23|22|23|26|21|28|21|22
14,7|6|5|5|3|1|1,1,3|5,2,13,14,1,16191188133120|7988509488960|3943018892736|1947110995368|961985649312|475526271336|235188137088|116384067576|57624483168|28546372512|14148753696|7016190588|3480923952|1727807796|858041184,16|15|14|13|14|13|20|19|18|21|20|19|20|19|24
14,7|6|5|5|2|1|1|1,0,0|4,2,8,10,2,16078749326640|8039374663320|4016742505776|2005746516774|1001126067084|499532926464|249198630252|124299305130|61995611832|30920285424|15421710948|7692047979|3836953890|1914196284|955152198,8|9|10|9|8|25|10|15|14|19|14|15|14|19|16
14,7|6|5|4|4|1|1,1,3|5,2,13,14,1,14991840864000|7436429000000|3690116239040|1831845649480|909731515520|451971992600|224635871280|111688709020|55551270880|27639146640|13756002400|6848378020|3410369600|1698722740|846325480,16|15|14|13|18|13|14|17|18|19|20|19|24|19|20
14,7|6|5|4|3|1|1|1,1,3|5,2,13,14,1,36751427032320|18521552512320|9326964723648|4693589091048|2360520992544|1186533584808|596140404288|299389606516|150301960864|75430984920|37844892000|18982364940|9518979888|4772407068|2392213824,16|15|14|13|14|13|18|17|18|17|20|19|20|19|26
14,7|6|5|3|3|3|1,1,3|5,2,15,16,1,19080524736000|9615978736000|4845148631680|2440691799280|1229125181760|618793212240|311425416960|156681682640|78802119200|39620091000|19913838560|10006010840|5026169120|2523972360|1267069440,18|17|16|15|16|15|22|21|18|17|20|21|22|21|32
14,7|6|5|3|3|2|2,1,3|5,2,15,16,1,25186292651520|12759722335360|6460586464640|3269215750416|1653289215872|835574891536|422041689888|213041730776|107478689248|54192546072|27310428656|13756289008|6925771776|3485265784|1753095344,18|17|16|15|18|15|16|19|18|17|18|23|32|21|22
14,7|6|5|3|3|2|1|1,1,3|5,2,17,18,1,47729126016000|24306499360000|12364699226880|6283248560160|3189646395520|1617624209760|819615189120|414917073480|209871840960|106074642240|53574242240|27040112880|13639137600|6875502920|3463917600,20|19|18|17|18|17|20|19|20|23|22|23|24|21|24
14,7|6|5|3|3|1|1|1|1,1,3|5,2,13,14,1,26985313555200|13885300228800|7129636261440|3653691764184|1869008905440|954473308920|486680125440|247800585760|126005276096|63995407560|32465737920|16453438980|8330596560|4214144220|2129967840,16|15|14|13|14|13|32|23|20|17|22|19|20|19|24
14,7|6|5|3|1|1|1|1|1|1|1,1,3|5,2,15,16,1,6984434096640|3723183784320|1974658992768|1042388412912|547880184192|286821499536|149607007968|77775442052|40309854816|20834211384|10741103856|5524900128|2835882720|1452813648|742918176,18|17|16|15|18|15|16|17|18|17|18|25|22|23|24
14,7|6|5|2|2|2|2|2,1,3|5,2,17,18,1,7196083614720|3740821244160|1940482376448|1004434236960|518815809408|267428207136|137573753088|70637934976|36204255808|18524597952|9463552896|4827495288|2459185344|1251097848|635675040,20|19|18|17|18|17|22|27|20|23|24|21|24|21|24
14,7|6|5|2|2|1|1|1|1|1|1,1,3|5,2,13,14,1,8148506446080|4365271310400|2326652298432|1234174616136|651751331616|342752416776|179557371840|93729903036|48767404224|25297439496|13086698016|6752901540|3476505648|1785884100|915506592,16|15|14|13|14|13|18|17|20|17|20|19|20|19|24
14,7|6|5|2|1|1|1|1|1|1|1|1,1,3|5,2,11,12,1,2625101930880|1434083462240|778181925664|419610252204|224931561712|119915405324|63606134592|33581351804|17653981312|9244736208|4823968224|2509040292|1301124528|672862476|347043840,14|13|12|11|12|11|18|17|22|19|20|19|20|19|36
14,7|6|4|4|4|3,0,0|2,2,6,11,5,5115965694840|2557982847420|1279928413764|640833299106|321017765796|160876338714|80647585382|40437778563|20278944168|10170370434|5100817638|2558236989|1283026206|643473831|322735413,6|7|6|9|8|9|8|13|14|13|12|15|14|15|14
14,7|6|4|4|2|2|2|1,0,0|2,2,6,11,5,28712052369000|14811773047500|7630604784660|3925687635870|2016864855720|1034771899590|530181533310|271284603590|138630364400|70752370800|36065825460|18363429315|9340191300|4746307995|2410042635,6|7|6|9|10|9|8|15|16|19|14|15|16|15|14
14,7|6|4|4|2|2|1|1|1,1,3|5|7|9,4,19,23,4,33581723535360|17457165806080|9055584423424|4687805460800|2421968150784|1248953087424|642886403712|330341982488|169459680320|86791257168|44384427584|22665998432|11560122112|5889243360|2997426432,22|21|20|19|20|19|20|19|20|19|22|25|28|25|30
14,7|6|4|4|2|1|1|1|1|1,0,0|2,2,2,6,4,19028260160910|10017523206405|5256198685881|2749334590431|1433881162818|745771788801|386880530283|200212762932|103374440298|53260174053|27385640757|14055343236|7201671444|3684556161|1882781901,2|3|2|7|6|7|6|17|10|11|10|19|16|15|14
14,7|6|4|3|3|3|1|1,0,0|4,2,10,12,2,24361741404000|12567565010000|6476237287520|3333518328140|1713847547880|880063601040|451352204680|231189896665|118269366460|60427088820|30836264620|15717652390|8002888300|4070901120|2069127060,10|11|12|11|10|15|12|13|12|15|14|17|16|29|18
14,7|6|4|3|2|2|2|1|1,0,0|2,2,6,11,5,38960046445320|20510712282060|10771493508468|5642970893406|2949060917880|1537502425074|799689119922|414975743721|214857085212|111004079130|57231652590|29450874915|15128431164|7759034283|3974125155,6|7|6|9|10|9|8|13|12|13|12|15|16|15|14
14,7|6|4|3|2|2|1|1|1|1,0,0|2,2,4,8,4,34604746312500|18400936531250|9751017526250|5150131236250|2711409772500|1423081018125|744682436875|388571296750|202200743500|104946124500|54336005500|28068661000|14469546200|7445402250|3825071250,4|5|4|9|8|7|6|15|12|15|14|21|18|17|16
14,7|6|4|2|2|2|2|1|1|1,0,0|2,2,4,9,5,15101793778500|8110222584750|4339506896010|2313494539785|1228965587460|650553815925|343190564145|180443136510|94569573240|49411884870|25742708550|13375384605|6932473020|3585228075|1850660955,4|5|4|7|8|7|6|15|14|13|12|15|16|15|14
14,7|6|4|2|2|1|1|1|1|1|1|1,0,0|4,2,6,8,2,5565720920760|3077343048780|1690783107552|923367883977|501363481806|270730726926|145427284728|77731360938|41353339104|21903611436|11554348932|6072152526|3180252636|1660621248|864876012,6|7|12|7|6|9|12|15|18|15|14|17|16|27|18
14,7|6|4|1|1|1|1|1|1|1|1|1|1|1,0,0|2,2,6,11,5,243617414040|141143422420|80997584668|46054774766|25954858800|14503426002|8039170906|4422154373|2415142436|1310243760|706457584|378773197|202058648|107309631|56771715,6|7|6|9|12|9|8|13|12|19|18|15|18|15|14
14,7|6|3|3|3|2|2|2,1,3|5,2,15,16,1,9178678080000|4844302320000|2551986307200|1341742129200|703977724800|368562985200|192530876000|100347923760|52183311840|27075777480|14017966800|7242595800|3734950560|1922932440|988724880,18|17|16|15|18|15|16|21|18|17|18|21|22|21|22
14,7|6|3|3|3|1|1|1|1|1|1,1,3|5,2,15,16,1,6420035381760|3490257330560|1888775977088|1017602618032|545902343168|291641810096|155181391456|82251289848|43433245632|22853409096|11984382928|6265023688|3265908800|1698336640|881424544,18|17|16|15|24|15|16|19|20|17|18|21|24|29|24
14,7|6|3|3|2|2|2|1|1|1,0,0|2|4|6,4,8,15,7,16078749326640|8677420271520|4666567417512|2500754676420|1335402880812|710602702524|376813856562|199128391462|104876473240|55056484392|28813098888|15035278104|7825114704|4063316400|2106087984,8|13|8|11|8|11|8|15|14|17|16|21|20|23|22
14,7|6|2|2|2|2|2|2|1|1|1,1,3|5,2,15,16,1,1481546626560|828960612480|461558756736|255707283216|140941815168|77283578064|42157118752|22876872256|12350796640|6634791576|3547259184|1888155192|1001068992|528984456|278822544,18|17|16|15|18|15|16|25|18|17|18|21|24|21|22
14,7|6|2|2|1|1|1|1|1|1|1|1|1|1|1,1,3|5,2,15,16,1,96617664000|58149520000|34636469120|20420085840|11917201280|6885882640|3940142880|2233348680|1254444000|698545800|385866320|211587640|115278240|62473840|33725120,18|17|16|15|18|15|16|19|18|17|18|21|22|23|26
14,7|5|5|5|4|1|1,0,0|2|4|6,4,10,14,4,5771858732640|2885929366320|1444021800144|723068017056|362320131096|181675193700|91151178580|45757072592|22979574464|11544238860|5800608156|2914778328|1464513204|735632898|369338970,10|11|10|17|10|11|10|21|20|15|14|21|16|17|16
14,7|5|5|5|3|3,0,0|4,2,8,10,2,3728837970000|1864418985000|933165604800|467504272950|234416313300|117632178300|59068739600|29678079730|14917957480|7501061520|3772380000|1897240125|954055410|479617710|240995040,8|9|14|9|8|11|14|15|14|19|20|15|14|17|24
14,7|5|5|5|3|2|1,1,3|5,2,13,14,1,14991840864000|7555411864000|3809099103040|1921056931640|969171215840|489087344600|246874108480|124634740580|62927681600|31771755120|16039419200|8095220540|4084133680|2059374460|1037676640,16|15|14|13|14|13|18|17|20|19|22|19|20|19|24
14,7|5|5|5|3|1|1|1,0,0|2|8|10,4,18,25,7,11136796070400|5656785305600|2872178346752|1457869688704|739801184512|375330417280|190378639360|96543168176|48944836832|24805482336|12566321680|6362738800|3219610592|1627895984|822333512,18|31|18|21|20|21|36|21|18|21|18|23|22|23|20
14,7|5|5|5|2|2|1|1,0,0|4,2,8,10,2,12813643206000|6542415711000|3338326938960|1702439578710|867736534860|442070764200|225107468820|114572346525|58284032700|29633137200|15056806500|7644967335|3878455770|1965754440|995240610,8|9|10|9|8|13|10|13|12|19|14|15|14|21|16
14,7|5|5|5|2|1|1|1|1,0,0|4,2,10,12,2,8770226905440|4524323403600|2330160408576|1198357900740|615492342504|315753511320|161809446240|82835538513|42364277340|21644757792|11047456392|5632536030|2868426660|1458948348|741044304,10|11|24|11|10|13|16|13|12|21|16|17|16|19|22
14,7|5|5|4|4|2|1,1,3|5,2,13,14,1,16191188133120|8202678644160|4157188047936|2107605349080|1068805201536|542121637224|275009931792|139512539880|70769515488|35891943696|18197401824|9221904252|4670462016|2363451948|1194785592,16|15|14|13|18|13|14|19|18|19|20|19|24|19|20
14,7|5|5|4|4|1|1|1,0,0|2|4|6,4,10,14,4,11276006021280|5757325825680|2938553787312|1499376971664|764820606888|390011768172|198817313292|101314039554|51605567040|26272391364|13367040660|6795965880|3452112972|1751712534|887764878,10|11|10|15|10|11|10|15|20|15|14|21|16|17|16
14,7|5|5|4|3|3|1,1,3|5,2,15,16,1,17843350187520|9086891299200|4628595540096|2358019282608|1201369796928|612071322480|311806722240|158813028180|80864769024|41158159992|20937326688|10643731560|5406359904|2743317720|1390330656,18|17|16|15|16|15|18|17|28|17|20|21|22|21|24
14,7|5|5|4|3|2|2,1,3|5,2,15,16,1,21988033267200|11255778934400|5761186884992|2948288325136|1508424387712|771516895600|394462793120|201591636092|102969300896|52561714632|26810766640|13663781560|6956485184|3537457352|1796338544,18|17|16|15|18|15|16|17|18|17|18|21|24|21|22
14,7|5|5|4|3|2|1|1,1,3|5,2,13,14,1,41003658259200|21098443204800|10849364375616|5575541743512|2863497233376|1469692069560|753812542080|386357582520|197869923840|101251733400|51762784320|26434832220|13484056176|6868779372|3493578816,16|15|14|13|14|13|20|19|26|17|22|19|20|19|26
14,7|5|5|4|3|1|1|1|1,1,3|5,2,17,18,1,22273592140800|11578732422400|6009518504704|3114420067616|1611809194112|833064308960|430022403200|221697204456|114152263104|58701884448|30146703680|15460137440|7916360320|4046837080|2064942880,20|19|18|17|18|17|20|19|20|21|22|25|26|21|24
14,7|5|5|4|1|1|1|1|1|1|1,1,3|5,2,15,16,1,4081812134400|2197483516800|1177811293824|628706854512|334329634944|177163032240|93571711200|49269050712|25865995296|13541238072|7069548240|3680780400|1911149856|989527968|510846336,18|17|16|15|18|15|16|19|18|17|18|23|22|25|28
14,7|5|5|3|3|3|2,0,0|2|4|6,4,12,16,4,11543717465280|5955092343200|3071277210848|1583408036672|815957023728|420243506760|216298436200|111245745072|57167403216|29349630156|15052020172|7710213280|3944109400|2014472460|1027086060,12|13|12|19|12|13|12|21|16|15|14|25|18|19|18
14,7|5|5|3|3|3|1|1,0,0|2|8|10,4,16,23,7,17572996396800|9111924057600|4721178234240|2444263833024|1264393742976|653477198400|337417479360|174046902120|89679984912|46155048048|23724363240|12177833040|6241410720|3193420464|1630784376,16|21|16|19|18|19|18|19|16|19|16|23|22|23|20
14,7|5|5|3|3|2|2|1,0,0|2|4|6,4,12,16,4,29234089684800|15235755735200|7932111611424|4125192799728|2142947288144|1111915576200|576242954040|298257431290|154171332000|79581550860|41018534620|21108622260|10844074824|5560371388|2845126284,12|13|12|15|12|13|12|15|18|15|14|19|18|19|18
14,7|5|5|3|3|2|1|1|1,1,3|5,2,13,14,1,31891734201600|16747378939200|8778988370880|4593998216808|2399941338912|1251652320360|651695653440|338753001860|175788881184|91065632616|47092083360|24307223940|12521791440|6436855932|3301185888,16|15|14|13|14|13|18|17|18|17|20|19|20|19|24
14,7|5|5|3|3|1|1|1|1|1,0,0|2|4|6,4,8,12,4,14429646831600|7672907442200|4068138526760|2150972613328|1134327809692|596702479450|313136559890|163944740960|85638605360|44633318100|23209317460|12040936600|6231842540|3217171958|1656356702,8|9|8|15|8|9|8|23|16|15|14|21|16|17|16
14,7|5|5|3|2|2|2|2,0,0|2|4|6,4,12,16,4,12143391099840|6392949282720|3360314045088|1763403642000|923844553488|483178167720|252269427960|131479541550|68402611032|35521211124|18410914116|9523502208|4915856088|2531704032|1300611312,12|13|12|15|12|13|12|15|14|15|14|29|18|25|22
14,7|5|5|3|2|1|1|1|1|1|1,0,0|2|4|6,4,10,14,4,11786232538080|6392004418800|3451442536080|1855980713664|994153628952|530553036420|282147962580|149542311996|79003081080|41606024544|21843578232|11432753640|5965125012|3102321222|1607980374,10|11|10|19|10|11|10|17|14|21|16|21|16|17|16
14,7|5|5|3|1|1|1|1|1|1|1|1,0,0|2|4|6,4,10,14,4,2923408968480|1616382207440|888445045488|485620799664|264049344936|142864950540|76937778060|41250991054|22024300872|11711630448|6203461320|3273276600|1720547532|900863106|469783314,10|11|10|15|10|11|10|15|14|19|16|21|16|17|16
14,7|5|5|2|2|2|2|2|1,1,3|5,2,17,18,1,7196083614720|3855044793600|2059977782016|1097933279520|583658250624|309461036256|163650597760|86316693624|45408553344|23825480448|12467910336|6506800080|3386248800|1757036424|908779872,20|19|18|17|18|17|20|19|22|27|22|23|22|21|24
14,7|5|5|2|2|2|1|1|1|1|1,1,3|5,2,13,14,1,7288950240000|3981926520000|2165711169600|1172896421400|632614773600|339863340600|181892563200|96989729760|51532769760|27285015240|14396918400|7570460700|3966993360|2071272060|1077373440,16|15|14|13|14|13|22|23|18|17|24|19|20|19|32
14,7|5|5|2|2|1|1|1|1|1|1|1,0,0|2|8|10,4,18,25,7,3500135907840|1944519948800|1073973325568|589859395840|322249937152|175160512384|94750472960|51017894928|27349081056|14598584640|7760270672|4108355240|2166118240|1137321328|594560824,18|21|18|23|20|21|22|21|18|23|18|21|22|23|20
14,7|5|5|2|1|1|1|1|1|1|1|1|1,1,3|5,2,11,12,1,1025757532800|582076695200|327854150624|183354839668|101850480784|56213334580|30836382720|16817825752|9121817824|4921577472|2641938880|1411212220|750124496|396756932|208784576,14|13|12|11|12|11|26|19|18|35|22|19|20|19|26
14,7|5|4|4|4|2|2,0,0|4,2,8,10,2,10306890594000|5317046735000|2742966878960|1414925366470|729729849420|376232035740|193892280560|99866249945|51400704740|26432980560|13579385260|6967805515|3570365810|1826591910|932791860,8|9|10|9|8|11|14|13|12|19|14|15|14|17|18
14,7|5|4|4|3|3|1|1,0,0|4,2,8,10,2,23064557770800|12020417674200|6260943203424|3258932507298|1695083711724|880942221900|457404260040|237247269714|122912988048|63596382444|32858100900|16949597355|8727863238|4485438126|2300154948,8|9|12|9|8|11|12|15|16|15|14|15|14|17|18
14,7|5|4|4|2|2|2|1|1,0,0|2,2,8,13,5,26797915544400|14249685249800|7562967275864|4006400049652|2118272620464|1117794609360|588678038520|309390744663|162264139884|84915887658|44336821690|23094007090|11998698272|6217271346|3212291082,8|9|8|11|12|15|12|13|12|13|12|17|22|17|16
14,7|5|4|4|2|2|1|1|1|1,0,0|2,2,2,6,4,23286332364750|12505622936625|6697024084485|3576603627135|1905037129710|1012050385200|536265928620|283427289810|149410428930|78556560075|41192734275|21540668580|11231837460|5838967485|3025807785,2|3|2|7|6|15|10|15|10|11|10|19|16|15|14
14,7|5|4|3|3|3|2|1,1,5|7,2,21,22,1,25455533875200|13434865100800|7084035751936|3731397210112|1963142278656|1031495187840|541205866240|283518305616|148273869312|77401955136|40325352320|20963964560|10873292672|5625432384|2902428672,26|25|30|31|22|21|22|21|26|23|24|23|26|27|34
14,7|5|4|3|3|3|1|1|1,0,0|4,2,8,10,2,21925567263600|11658833386200|6189488585280|3280437097938|1735648873452|916676357220|483237215760|254247489405|133494134004|69940575936|36559845000|19064588895|9915854190|5143206354|2659793136,8|9|14|9|8|11|14|13|12|23|16|15|14|17|22
14,7|5|4|3|3|2|2|2,0,0|2|4|6,4,12,16,4,18739801080000|9964814860000|5291534063200|2805757200400|1485337593200|784979960600|414097079400|218025367350|114557192400|60061258740|31417040900|16393483700|8531811200|4427866300|2291068780,12|13|12|15|12|13|12|15|16|15|14|19|26|19|18
14,7|5|4|3|3|1|1|1|1|1|1,0,0|2|4|6,4,14,18,4,12610783785600|6905905406400|3766605530688|2046445617216|1107714118368|597416511120|321056678800|171934394632|91755253744|48796166832|25859198400|13655093760|7184336544|3765629868|1965968004,14|15|14|19|14|15|14|19|16|19|22|33|22|19|18
14,7|5|4|3|2|1|1|1|1|1|1|1,1,5|7,2,19,20,1,9594778152960|5368506823680|2987385139200|1653643740672|910730014464|499123232448|272244386944|147806768760|79882801152|42979619424|23021593728|12276376464|6517019520|3443778624|1811217408,24|23|26|25|20|19|20|19|32|21|24|23|26|27|34
14,7|5|4|2|2|2|2|2|2,0,0|4,2,12,14,2,4176298526400|2287020621600|1248912130752|680008129944|369116487792|199725673680|107717121200|57900004344|31015542528|16555795944|8805421920|4665873630|2462874876|1294819812|677873196,12|13|14|13|12|15|14|19|24|17|20|17|16|19|18
14,7|5|4|2|2|2|1|1|1|1|1|1,0,0|4,2,8,10,2,6558930378000|3695905213000|2071308611680|1154679201830|640354496180|353318485100|193971295560|105965894475|57607317180|31166577960|16780592500|8991377395|4794290270|2543671130|1342681340,8|9|12|9|8|11|12|13|12|17|14|15|14|17|18
14,7|5|4|2|2|1|1|1|1|1|1|1|1,0,0|4,2,6,8,2,2861392505400|1642651253100|936515017152|530367766929|298414360062|166849313670|92718587520|51217096203|28127298276|15358697388|8339294520|4502690775|2417591286|1290740022|685157616,6|7|14|7|6|9|20|13|12|15|16|15|14|17|22
14,7|5|3|3|3|3|2|2,0,0|2|4|6,4,12,16,4,6691256320320|3593452468320|1927310581152|1032159233952|551845484496|294500146680|156845791800|83349331884|44187154560|23365615428|12321615348|6478699788|3395907504|1774129500|923597532,12|13|12|17|12|13|12|17|22|15|14|19|20|19|18
14,7|5|3|3|3|2|2|2|1,1,3|5,2,15,16,1,13192819960320|7172287041920|3890995923584|2106122838512|1137271527040|612548219536|329041008736|176250726036|94128183072|50113176792|26592657616|14063093176|7410330400|3890047304|2033983952,18|17|16|15|18|15|16|17|18|17|18|21|22|21|22
14,7|5|3|3|3|2|2|1|1|1,0,0|4,2,6,8,2,16834587970200|9218941031300|5034343450136|2741324572217|1488337495106|805617282470|434711897620|233816439626|125343354752|66962102676|35645420440|18904573765|9987467182|5255324074|2753722972,6|7|8|7|6|9|10|15|22|15|16|15|14|17|18
14,7|5|3|3|3|2|1|1|1|1|1,1,3|5,2,15,16,1,11255906188800|6238392451200|3444160696704|1894227583248|1037833265664|566459109840|307996135200|166816947024|89997179328|48359395224|25879719600|13791849840|7318473408|3866303376|2033199168,18|17|16|15|22|15|16|21|20|17|18|23|24|23|26
14,7|5|3|3|3|1|1|1|1|1|1|1,0,0|2|4|6,4,14,18,4,3897878624640|2196423669440|1231234676672|686696666656|381099224480|210473501264|115682715824|63279901412|34450380272|18665889648|10065070512|5401034892|2884023120|1532290188|809933124,14|15|14|17|14|15|14|17|16|19|18|19|20|19|18
14,7|5|3|3|2|2|2|2|1|1,0,0|4,2,6,8,2,11559574220040|6391404793620|3522917857536|1935570528045|1059901903566|578393193510|314508491550|170389926630|91961865072|49439356344|26471968236|14115386538|7494339996|3961349172|2084239080,6|7|18|7|6|9|8|15|16|17|14|17|16|19|20
14,7|5|3|3|2|2|2|1|1|1|1,0,0|4,2,8,10,2,11607653257200|6479404331400|3602388181392|1994814167346|1100163509172|604277666460|330535267920|180042301530|97650981960|52733929500|28351591380|15173876025|8083510182|4285810386|2261150892,8|9|10|9|8|11|14|15|14|15|14|15|14|17|18
14,7|5|3|3|1|1|1|1|1|1|1|1|1|1,0,0|4,2,8,10,2,654790696560|386291865960|226045367856|131227246458|75592913220|43215914676|24523553736|13815440793|7727594028|4292100792|2367446760|1296892575|705600522|381284046|204624420,8|9|10|9|8|11|12|13|12|17|16|15|14|17|18
14,7|5|3|2|2|2|2|2|1|1|1,1,3|5,2,15,16,1,5248044172800|2964173097600|1667263264128|933787659024|520696937088|289045162800|159713799840|87835270068|48072888864|26181364968|14187357360|7648629120|4101964416|2188136808|1160832816,18|17|16|15|18|15|16|17|18|17|18|29|26|21|22
14,7|5|3|2|1|1|1|1|1|1|1|1|1|1|1,1,3|5,2,15,16,1,285558873600|173375030400|104276059008|62134693456|36684820608|21463350000|12445913760|7153769196|4076452512|2303180216|1290407760|717017400|395164704|216023808|117141024,18|17|16|15|18|15|16|17|18|17|18|21|22|31|24
14,7|5|2|2|2|2|2|2|2|1|1,0,0|2|4|6,4,12,16,4,947563531200|543971656800|310941218016|176933691792|100201351536|56464139160|31653259560|17649285966|9786374592|5395515516|2957323500|1611260640|872543232|469590264|251140032,12|13|12|15|12|13|12|15|20|15|14|25|32|21|26
14,7|5|2|2|2|2|2|2|1|1|1|1,0,0|2|4|6,4,12,16,4,1049428860480|608002435040|350450297120|200933007968|114581004496|64974480760|36633252600|20532745380|11439264144|6333953388|3485218604|1905561812|1035188000|558710152|299563264,12|13|12|17|12|13|12|17|16|15|14|19|22|21|30
14,7|5|2|2|2|1|1|1|1|1|1|1|1|1|1,0,0|2|4|6,4,12,16,4,168275764800|102835189600|62276415520|37374603904|22228534416|13101975480|7653598040|4431086440|2542647712|1446150948|815301460|455650360|252458800|138685404|75540036,12|13|12|21|12|13|12|19|18|15|14|21|20|19|18
14,7|5|2|2|1|1|1|1|1|1|1|1|1|1|1|1,0,0|2|4|6,4,12,16,4,46625342400|29233349600|18138909152|11137830704|6767645872|4069326040|2421390920|1425883914|831016368|479381364|273747460|154767040|86643616|48039212|26382356,12|13|12|15|12|13|12|15|16|15|14|27|22|19|18
14,7|4|4|4|4|4|1,1,3|5,2,15,16,1,1199347269120|623470207360|324292372096|168747546352|87829229760|45714597456|23789798528|12374991496|6432909952|3340869000|1732890656|897429368|463862432|239200104|123002880,18|17|16|15|16|15|20|19|22|17|20|21|22|21|40
14,7|4|4|4|4|3|1|1,0,0|4,2,8,10,2,5638003010640|2968155024120|1562211009216|821933162622|432234562500|227154731544|119279845152|62570441115|32781715404|17149297968|8955544788|4666939299|2426118750|1257635808|649765116,8|9|14|9|8|13|16|13|12|19|14|15|14|25|18
14,7|4|4|4|3|3|2|1,0,0|4,2,8,10,2,11484820947600|6107007964200|3245478583776|1723506599958|914457396996|484681548780|256573042440|135624412924|71571171232|37696535544|19810884780|10384968825|5428070538|2827747494|1467494028,8|9|12|9|8|11|12|17|18|17|14|15|14|17|18
14,7|4|4|4|3|3|1|1|1,1,3|11,2,23,29,6,9719385661440|5206813747200|2785867868160|1488592125696|794289020928|423174336000|225080227840|119497938560|63314582528|33470993664|17649823872|9280814160|4864643712|2540705856|1321547136,26|25|24|23|30|25|28|27|28|27|24|23|26|27|28
14,7|4|4|4|3|2|2|2,1,3|5,2,13,14,1,7852869024000|4206894120000|2251443437760|1203554731720|642558060320|342556645640|182327104960|96869257100|51362189120|27171812040|14338088160|7544386740|3956926160|2067800020|1076115040,16|15|14|13|14|13|18|17|20|17|20|19|20|19|24
14,7|4|4|4|3|1|1|1|1|1|1,1,3|5,2,17,18,1,4938488755200|2724007686400|1497164069632|820037997856|447652600192|243563168800|132083168000|71388976512|38452510656|20638044672|11035189760|5876920280|3116309504|1644675032|863486624,20|19|18|17|18|17|22|27|20|29|28|21|32|21|24
14,7|4|4|4|2|2|2|1|1|1,0,0|2,2,2,6,4,9788199671250|5360204581875|2927854890675|1595127877200|866761149150|469712792250|253836885900|136777419870|73475904570|39342614175|20992632075|11159156250|5907527340|3113203665|1632355725,2|3|2|15|6|9|10|15|10|11|10|17|16|15|14
14,7|4|4|4|2|1|1|1|1|1|1|1,0,0|4,2,10,12,2,2944825884000|1659386014000|930406771360|519179353660|288367875400|159444555160|87767800120|48098541645|26241307620|14251374720|7703346580|4143402010|2216966620|1179546940|623743120,10|11|12|11|10|13|12|13|12|25|14|17|16|19|22
14,7|4|4|3|3|3|3|1,0,0|4,2,10,12,2,4474605564000|2403028914000|1289604270240|691452101340|370328117640|198078145200|105782247480|56391007855|29999489460|15922096740|8428125300|4447858140|2339286840|1225532880|639201420,10|11|12|11|10|15|12|13|12|15|14|19|18|23|18
14,7|4|4|3|3|3|2|2,0,0|2|8|10,4,16,23,7,6596409980160|3559967290880|1919321731712|1033549622336|555791981184|298402416576|159921912128|85532023192|45641015728|24292206288|12892250392|6820051216|3594745264|1886975376|985920936,16|21|16|19|18|19|18|19|16|19|16|23|20|23|20
14,7|4|4|3|3|3|2|1|1,0,0|4,2,8,10,2,13155340358160|7134509982600|3863611559808|2088969856974|1127497659444|607396086180|326528635680|175135575069|93698211852|49989530052|26588190888|14093286075|7441788222|3912748554|2047325280,8|9|16|9|8|11|16|13|12|15|16|15|14|17|24
14,7|4|4|3|3|3|1|1|1|1,0,0|4,2,6,8,2,8305139115000|4548052372500|2484848948400|1354418417625|736467858750|399448019100|216081323900|116561879980|62689642960|33607521360|17954008800|9555015075|5063845110|2671222320|1401784020,6|7|10|7|6|11|10|17|16|19|20|15|14|23|18
14,7|4|4|3|3|2|2|2|1,1,3|5,2,13,14,1,12593146325760|6879589196480|3751548006976|2041802652120|1108932085856|600913802104|324830792832|175127109752|94146361120|50454186552|26946816064|14337944852|7597360848|4007103100|2102548448,16|15|14|13|14|13|20|19|18|17|22|19|20|19|24
14,7|4|4|3|3|2|1|1|1|1|1,1,3|5,2,17,18,1,10582475904000|5893151264000|3270230557440|1808409150240|996563667840|547256834400|299452318080|163256686040|88666609920|47963916000|25836395200|13854260640|7392807840|3923857080|2070388320,20|19|18|17|18|17|20|19|24|21|22|25|22|21|24
14,7|4|4|3|3|1|1|1|1|1|1|1,0,0|2|8|10,4,18,25,7,3598041807360|2036986631680|1147653790976|643567567104|359237023744|199616863616|110420425728|60802951664|33326413792|18179558208|9867898992|5328417336|2861237808|1527212544|809825016,18|21|18|23|26|21|26|21|18|23|18|21|20|33|20
14,7|4|4|3|2|2|2|2|2,0,0|4,2,8,10,2,4385113452720|2424573311160|1337486374224|735979498254|403914188652|221046353424|120605891172|65593084648|35551315128|19197819144|10325713440|5529827655|2947475322|1562876172|823909086,8|9|10|9|8|15|10|19|14|17|20|15|14|19|16
14,7|4|4|3|2|2|1|1|1|1|1|1,0,0|4,2,8,10,2,6388568550000|3633709625000|2056822656000|1158724628250|649715953500|362606430000|201423186000|111358070600|61267386600|33540355800|18266122700|9893390325|5327306250|2850584100|1514849700,8|9|22|9|8|15|14|19|14|17|14|15|14|19|18
14,7|4|4|3|2|1|1|1|1|1|1|1|1,0,0|4,2,8,10,2,2538749893680|1470863033640|846869927904|484646236074|275711894172|155938284216|87688694808|49027029051|27252972516|15060455928|8272528320|4515538665|2448533802|1318354752|704419716,8|9|12|9|8|13|12|13|12|17|22|15|14|27|18
14,7|4|4|2|2|2|2|2|2|1,0,0|4,2,6,8,2,2610186579000|1470819421500|826208508840|462570594915|258073101390|143450591700|79427862930|43799069860|24048050680|13143350400|7148474700|3867649665|2080753950|1112517120|590780190,6|7|8|7|6|11|8|17|14|25|14|15|14|33|16
14,7|4|4|2|2|2|2|2|1|1|1,1,3|5,2,13,14,1,3731001120000|2117195080000|1196881470400|673978058600|377999239200|211119513000|117406907200|65000056660|35818219360|19641027000|10714541600|5812792700|3134847760|1679746860|893692800,16|15|14|13|14|13|18|17|18|17|20|19|20|19|28
14,7|4|4|2|2|2|2|1|1|1|1|1,0,0|4,2,8,10,2,3155170590000|1811301635000|1034824040800|588361344450|332895847900|187427949500|104999327400|58521688995|32446073220|17891232300|9809463500|5346151525|2895041490|1556916790|830987300,8|9|12|9|8|11|12|13|12|15|14|15|14|17|18
14,7|4|4|2|2|2|1|1|1|1|1|1|1,1,3|11,2,23,29,6,1826952192000|1065722112000|617884600320|356083403520|203985899520|116161843200|65756554240|37000570880|20693534720|11501602560|6351734400|3484297680|1897856640|1025937120|550056000,26|25|24|23|28|31|26|35|30|27|24|23|26|25|26
14,7|4|4|2|2|1|1|1|1|1|1|1|1|1,0,0|4,2,6,8,2,730852242120|435031096500|257002986240|150708933375|87734703810|50707734402|29098687280|16579784767|9379515628|5267960712|2936962728|1624958775|891908358|485421222|261789528,6|7|18|7|6|9|14|13|12|17|16|15|14|17|20
14,7|4|4|2|1|1|1|1|1|1|1|1|1|1|1,1,3|5,2,11,12,1,188972784000|115233404000|69641508640|41717332140|24772681840|14584277900|8513196480|4927475700|2828072160|1609441920|908092000|507880340|281463600|154488620|83923840,14|13|12|11|12|11|18|17|18|25|20|19|20|19|28
14,7|4|4|1|1|1|1|1|1|1|1|1|1|1|1|1,0,0|4,2,8,10,2,25053210000|15707965000|9748421200|5988438050|3641462100|2192031000|1306336100|770771855|450270380|260429400|149119600|84512125|47390510|26279760|14400750,8|9|10|9|8|13|10|13|12|17|18|15|14|23|16
14,7|4|3|3|3|3|3|2,1,3|5,2,15,16,1,1982594465280|1083084013440|591106868352|322206903216|175369402944|95280353424|51660427392|27943761384|15074456928|8107260840|4345229664|2319895512|1233182016|652292784|343103904,18|17|16|15|16|15|20|19|18|17|20|21|24|23|24
14,7|4|3|3|3|3|2|2|1,1,3|5,2,15,16,1,5996736345600|3307723619200|1821499512448|1001204190448|549177540672|300535431600|164043846720|89286288812|48443780672|26192302248|14106797600|7565148800|4037649440|2143455600|1131049920,18|17|16|15|16|15|18|17|20|17|20|29|22|23|26
14,7|4|3|3|3|3|1|1|1|1|1,1,3|5,2,15,16,1,3636523537920|2044341936000|1145497514112|639721366704|356049086400|197470077840|109118661120|60064835040|32927934144|17972616312|9763776288|5277331080|2836602720|1515398976|804087648,18|17|16|15|16|15|24|23|20|17|20|21|22|27|24
14,7|4|3|3|3|2|2|2|2,1,3|5,2,13,14,1,3341038821120|1860552041920|1033927093056|573229508280|316999507552|174814223064|96111048384|52665922764|28755174624|15638242464|8468042624|4563687084|2446649040|1304061044|690545856,16|15|14|13|14|13|18|17|18|21|24|19|20|19|26
14,7|4|3|3|3|2|2|2|1|1,1,3|5,2,11,12,1,7695811643520|4305989848160|2403179276960|1337582376284|742328915328|410701477956|226471484008|124437250476|68110782432|37125543000|20144871376|10877017228|5841131296|3117990876|1653259608,14|13|12|11|18|11|12|17|18|17|18|19|22|19|20
14,7|4|3|3|3|2|2|1|1|1|1,1,3|5,2,15,16,1,7407733132800|4183997417600|2355188803968|1321159294224|738471872768|411247396560|228134044320|126039624760|69334567680|37965994920|20686934800|11211945360|6041474208|3234695464|1719685968,18|17|16|15|20|15|16|19|24|17|18|23|22|21|22
14,7|4|3|3|3|2|1|1|1|1|1|1,1,3|5,2,15,16,1,4252231226880|2435471059840|1388594922624|788143902000|445314094784|250457669904|140206115712|78109320744|43297211328|23874437160|13091559264|7136293752|3865252608|2079030408|1109725344,18|17|16|15|16|15|20|19|20|17|20|21|28|21|24
14,7|4|3|3|3|1|1|1|1|1|1|1|1,1,3|5,2,15,16,1,1325594350080|773263370880|448419920256|258539542800|148211068992|84480040176|47877917696|26976766544|15109840256|8411249112|4652399136|2555990976|1394168160|754569816|404948544,18|17|16|15|16|15|26|21|22|17|20|27|22|21|26
14,7|4|3|3|2|2|2|2|1|1|1,1,3|5,2,13,14,1,5494747104000|3132587304000|1779542170560|1007163317160|567816307200|318826026360|178258140720|99218929320|54963531840|30294046440|16606885680|9050772060|4901545440|2636142300|1406928600,16|15|14|13|22|13|14|19|20|17|18|19|22|19|20
14,7|4|3|3|1|1|1|1|1|1|1|1|1|1|1,1,3|5,2,13,14,1,196531695360|120362665280|73081474752|43996033224|26262778880|15545711064|9124984752|5311246668|3065291520|1753871328|994669504|558954132|311097600|171386644|93381288,16|15|14|13|24|13|14|17|24|21|22|19|28|19|20
14,7|4|3|2|2|2|2|2|2|1|1,1,3|5,2,13,14,1,2040906067200|1179730094400|679363388352|389652264936|222536560032|126521438760|71589415680|40302328752|22566849696|12563718192|6951808800|3821271300|2085495984|1129311612|606269664,16|15|14|13|14|13|22|21|18|19|20|19|20|19|24
14,7|4|3|2|2|2|2|2|1|1|1|1,1,3|5,2,15,16,1,2243676864000|1308811504000|759973624960|439195994160|252569979200|144505536560|82237939520|46541280940|26185529920|14642030360|8133819040|4486905280|2456544640|1333955480|717860000,18|17|16|15|16|15|18|17|20|17|20|27|26|21|24
14,7|4|3|2|2|1|1|1|1|1|1|1|1|1|1,1,3|5,2,15,16,1,332592099840|204570537600|124772799360|75466311888|45263300544|26921079504|15877118400|9284245124|5382185600|3092593416|1760843232|993096720|554523552|306350616|167303136,18|17|16|15|16|15|18|17|22|17|20|23|22|21|24
14,7|4|3|2|1|1|1|1|1|1|1|1|1|1|1|1,1,3|5,2,11,12,1,84369667200|53233242400|33262664032|20582339076|12611982032|7652580260|4597765120|2735058872|1610706656|938901112|541584800|309029660|174342704|97180252|53470144,14|13|12|11|12|11|26|19|18|17|20|19|20|19|26
14,7|4|2|2|2|2|2|2|2|2|1,1,3|5,2,13,14,1,317474277120|186873086400|109565451072|63964337976|37169543136|21491453016|12359818560|7067348372|4016225472|2267257104|1270831296|706861980|389903184|213115188|115315200,16|15|14|13|14|13|18|17|20|19|22|19|20|19|32
14,7|4|2|2|2|2|2|2|2|1|1|1,0,0|2|8|10,4,16,23,7,477291260160|282839265280|166847970432|97950240960|57209057152|33232445376|19193423808|11017390072|6283058160|3558298032|2000243512|1115457816|616697664|337754560|183069744,16|27|16|19|18|19|18|19|16|19|16|21|24|27|22
14,7|4|2|2|2|2|2|2|1|1|1|1|1,1,3|5,2,15,16,1,441864783360|264768183680|157781875328|93493241072|55073024832|32242166544|18754854272|10836036008|6216427616|3539577720|1999417504|1119864592|621529216|341549208|185657472,18|17|16|15|16|15|20|19|18|17|20|23|26|21|28
14,7|4|2|2|2|2|1|1|1|1|1|1|1|1|1,1,3|5,2,15,16,1,147251520000|91350480000|56219875200|34321410000|20782200000|12479842800|7430899200|4386248240|2565950880|1487186280|853634400|485015400|272615040|151465080|83098080,18|17|16|15|16|15|24|21|18|17|20|21|26|21|24
14,7|4|2|2|2|1|1|1|1|1|1|1|1|1|1|1,0,0|2|8|10,4,16,23,7,54515784960|34613196800|21773032064|13567881152|8374764672|5119678656|3099215680|1857434488|1101847600|646762032|375507608|215544680|122245712|68447184|37794120,16|25|16|19|18|19|18|19|16|19|16|21|20|23|20
14,7|4|2|2|1|1|1|1|1|1|1|1|1|1|1|1|1,1,3|5,2,11,12,1,14408634240|9396106720|6063413664|3871220892|2444882608|1527084636|943134528|575825068|347456256|207141480|121962176|70886508|40644912|22970948|12780768,14|13|12|11|12|11|18|17|24|17|22|19|20|19|24
14,7|4|1|1|1|1|1|1|1|1|1|1|1|1|1|1|1|1|1,1,3|5,2,11,12,1,215968896|149978400|102908256|69729924|46633296|30763812|20008320|12822352|8092288|5026632|3071328|1844700|1088208|629772|356928,14|13|12|11|12|11|20|21|22|17|20|19|20|19|26
14,7|3|3|3|3|3|3|1|1|1,0,0|2,2,4,9,5,830513911500|467987997750|263188743090|147689684415|82674992790|46154595825|25688074555|14248340470|7872845680|4331384190|2371432350|1291239795|698698890|375382215|200028465,4|5|4|7|6|7|6|15|16|13|12|15|14|15|14
14,7|3|3|3|3|3|2|2|2,0,0|4,2,8,10,2,765654729840|431440363640|242691047456|136241383850|76305521292|42623938500|23738211640|13175565403|7284966700|4010593536|2197191172|1197078157|648099826|348364302|185705520,8|9|12|9|8|11|12|13|12|27|14|15|14|17|22
14,7|3|3|3|3|3|1|1|1|1|1|1,0,0|4,2,12,14,2,667818365760|386910640480|223258447552|128299866184|73420819920|41832820176|23726040688|13391281148|7518938672|4198010712|2329478032|1283895886|702306556|380930004|204637524,12|13|14|13|12|15|14|17|16|17|18|17|16|19|18
14,7|3|3|3|3|2|2|2|1|1|1,1,3|5,2,15,16,1,1763745984000|1014853840000|582122316160|332801250320|189591448320|107597796240|60814729760|34220319000|19162563840|10673633880|5910428720|3251532680|1775736160|961783680|516035520,18|17|16|15|20|15|16|19|24|17|18|21|22|29|26
14,7|3|3|3|2|2|2|2|2|2,0,0|2,2,2,6,4,426330474570|247000989235|142682763223|82154111039|47133791796|26935988079|15327481897|8680990136|4891359158|2740469067|1525783175|843578120|462760144|251618367|135438303,2|3|2|7|8|7|6|19|10|11|10|21|20|15|14
14,7|3|3|3|2|2|2|1|1|1|1|1|1,0,0|2,2,6,11,5,813701889000|484346362500|286792658460|168913661070|98944142220|57632365890|33372798910|19206155430|10981213320|6234844560|3513378120|1963593555|1087527210|596260665|323197875,6|7|6|9|8|9|8|15|14|19|16|15|14|15|14
14,7|3|3|3|2|2|1|1|1|1|1|1|1|1,0,0|2,2,6,11,5,413979242040|250796948220|150949940148|90261774414|53617719636|31637115702|18539323146|10786822893|6229526184|3569405616|2028075084|1141895277|636580458|350992629|191145591,6|7|6|9|8|9|8|13|14|19|14|15|14|15|14
14,7|3|3|2|2|2|2|2|2|1|1|1,0,0|4,2,8,10,2,490804314000|292145425000|173165829760|102182112670|60007114420|35058838540|20370136160|11765369385|6751800660|3847600120|2175845320|1220087605|677743770|372516430|202302100,8|9|16|9|8|11|16|13|12|17|16|15|14|17|18
14,7|3|3|2|2|2|2|1|1|1|1|1|1|1,0,0|2,2,10,14,4,298307037600|182298745200|110705056176|66798162288|40040924976|23839278840|14093323400|8270239796|4815332648|2780456436|1591164180|901751400|505607916|280137858|153141846,10|11|10|15|12|13|12|17|14|15|14|21|16|17|16
14,7|3|3|2|2|1|1|1|1|1|1|1|1|1|1|1,0,0|4,2,6,8,2,52182257400|33269640300|21024118944|13167134577|8171760654|5024824470|3060654120|1846177641|1102399308|651333636|380539620|219676455|125172702|70307406|38859912,6|7|12|7|6|9|12|13|12|15|14|15|14|17|20
14,7|3|3|1|1|1|1|1|1|1|1|1|1|1|1|1|1|1,0,0|2,2,4,8,4,1761259500|1188151250|792803330|523072660|341126760|219823770|139918330|87928960|54529570|33351435|20102615|11929610|6961240|3987555|2237235,4|5|4|11|10|9|8|27|10|11|10|17|18|15|14
14,7|3|2|2|2|2|2|2|2|2|1|1,0,0|4,2,8,10,2,112438806480|68117689640|41094850720|24678846654|14746421588|8763388276|5176799448|3038161770|1770301008|1023430716|586522580|332891515|186898470|103651262|56680624,8|9|12|9|8|11|12|15|16|15|14|15|14|17|22
14,7|3|2|2|2|2|2|2|2|1|1|1|1,0,0|4,2,10,12,2,130836420000|79955590000|48621944800|29412912100|17693215800|10579358400|6284826600|3707480725|2170467100|1260121260|724937900|412854200|232482800|129257700|70827900,10|11|12|11|10|19|12|13|12|15|14|21|20|19|18
14,7|3|2|2|2|2|1|1|1|1|1|1|1|1|1|1,0,0|4,2,10,12,2,30063852000|19326762000|12320673120|7787434620|4879129320|3029400000|1863313640|1134862995|684067860|407822100|240275700|139760280|80158320|45259500|25105080,10|11|12|11|10|19|12|13|12|15|14|21|20|19|20
14,7|3|2|2|2|1|1|1|1|1|1|1|1|1|1|1|1,0,0|4,2,6,8,2,10592061480|6977310340|4552387840|2941269331|1881311562|1190921706|745834128|461895980|282717344|170913288|101965360|59969305|34723810|19760598|11027016,6|7|18|7|6|9|14|17|18|17|18|15|14|17|20
14,7|3|1|1|1|1|1|1|1|1|1|1|1|1|1|1|1|1|1|1,0,0|4,2,6,8,2,43263000|31245500|22304480|15726205|10943430|7509750|5077560|3379260|2211360|1421160|895700|552695|333190|195690|111540,6|7|12|7|6|9|12|17|18|17|14|15|14|17|18
14,7|2|2|2|2|2|2|2|1|1|1|1|1|1|1,1,3|5,2,17,18,1,11296834560|7217422080|4581494016|2888674272|1808386560|1123529184|692366912|422919976|255861376|153165888|90621504|52918272|30446592|17222568|9552048,20|19|18|17|22|17|18|19|22|23|22|37|32|21|22
14,7|2|2|2|1|1|1|1|1|1|1|1|1|1|1|1|1|1|1,1,3|5,2,15,16,1,247543296|173869696|120824704|83028176|56388352|37824592|25041952|16349648|10516352|6656104|4139408|2524808|1506912|877448|496496,18|17|16|15|20|15|16|21|22|17|18|21|22|21|22
14,6|6|6|6|2|2,0,0|2,2,6,11,5,730852242120|357692234900|175350995820|86111907882|42365239436|20882316078|10313246190|5103613879|2530674132|1257401502|626022670|312308865|156122670|78210847|39270231,6|7|6|9|8|9|8|13|12|13|12|15|14|15|14
14,6|6|6|5|5,0,0|2,2,4,8,4,191413682460|92668528810|44990395450|21904301848|10694231548|5235566908|2570104108|1264986723|624226878|308810313|153145553|76128668|37930178|18939206|9475466,4|5|4|13|8|11|10|13|10|11|10|19|14|17|16
14,6|6|6|5|3|2,0,0|2,2,6,11,5,3654261210600|1807795889900|895732745908|444530972886|220970829768|110024856630|54875842710|27416687116|13721377712|6879098016|3454737160|1737978275|875819208|442101231|223546323,6|7|6|9|10|9|8|17|16|21|16|15|18|15|14
14,6|6|6|5|2|2|1,0,0|2,2,6,11,5,5115965694840|2557982847420|1279928413764|640969094766|321289357116|161215094586|80984874698|40730992211|20511495032|10342921890|5222512050|2640696135|1337123634|678038361|344345001,6|7|6|9|8|9|8|13|14|13|12|15|14|15|14
14,6|6|6|5|1|1|1|1|1,0,0|2,2,8,12,4,1590205977360|811930565160|414023102856|210921571080|107385673032|54654509448|27814548168|14157368148|7208443968|3672139158|1871858598|954886548|487529064|249155478|127477350,8|9|8|13|10|13|12|17|20|13|12|19|18|17|16
14,6|6|6|4|4|2,0,0|2|4|6,4,10,17,7,2923408968480|1453970598080|724248693168|361317332376|180535198792|90346251528|45283157868|22732360924|11429729136|5755880088|2903154436|1466577156|741998268|375959012|190756566,10|15|10|13|10|13|10|17|16|17|14|19|16|19|16
14,6|6|6|4|4|1|1,0,0|4,2,8,10,2,3728837970000|1864418985000|933165604800|467573556450|234554880300|117805751700|59243042300|29831541220|15041713840|7594771920|3840043200|1944301425|985804050|500492850|254418450,8|9|14|9|8|11|10|17|16|19|22|15|14|17|16
14,6|6|6|4|3|3,0,0|2,2,6,10,4,2842203163800|1421101581900|711487781004|356680880556|179045225632|89995193470|45295483870|22828446732|11521021008|5822440176|2946607020|1493281020|757801044|385075691|195922727,6|7|6|11|14|9|8|17|16|19|14|19|16|15|14
14,6|6|6|4|2|2|2,0,0|2|4|6,4,14,21,7,5315289033600|2699829350400|1371591189696|696980924640|354290121120|180167651040|91667171440|46667008752|23774071440|12120749760|6184676400|3158547720|1614552096|826055880|423002580,14|27|14|17|14|17|14|21|16|23|18|21|22|21|18
14,6|6|6|4|2|2|1|1,0,0|2,2,6,11,5,10625467212360|5425172412660|2769021838044|1413015472638|721000965636|367920049518|187784051238|95875597062|48972717528|25029038286|12800225718|6550957413|3355244046|1719809091|882188307,6|7|6|9|8|9|8|15|14|13|12|15|14|15|14
14,6|6|6|4|2|1|1|1|1,0,0|2,2,8,13,5,7362064710000|3797890525000|1956565329400|1006860154300|517695549800|266018383400|136639386400|70170621675|36035465400|18508505310|9509094350|4887436400|2513218400|1293013150|665574910,8|9|8|11|10|13|16|13|14|13|12|23|22|17|16
14,6|6|6|4|1|1|1|1|1|1,0,0|2|4|6,4,12,21,9,2120274636480|1110620047680|580163059872|302356093248|157265955792|81667884672|42355638072|21945523446|11362517496|5880340584|3042424212|1573981332|814323048|421353504|218053836,12|15|12|19|12|21|12|15|14|17|14|19|18|25|18
14,6|6|6|3|3|2|2,0,0|4,2,10,12,2,5581053485280|2849585509680|1455117160224|743155328916|379619060184|193968218808|99142422288|50695620157|25935837116|13276532304|6800712576|3486029106|1788218964|917925372|471458988,10|11|12|11|10|13|14|13|12|19|24|17|16|19|18
14,6|6|6|3|2|2|1|1|1,0,0|2,2,6,11,5,9276201534600|4834422492900|2515560880140|1307143207062|678411880740|351747387090|182230655970|94351876465|48831607440|25266792600|13072700760|6763926015|3500100450|1811376567|937431495,6|7|6|9|8|9|8|13|16|17|16|15|14|15|14
14,6|6|6|3|1|1|1|1|1|1|1,0,0|4,2,6,8,2,1476619836120|792999541620|424054927296|225896496111|119928907098|63481743468|33516741258|17657627988|9285818256|4876085196|2557485528|1340133498|701687844|367133052|191932884,6|7|14|7|6|11|8|17|16|15|16|17|16|19|18
14,6|6|6|2|2|2|2|1|1,0,0|2,2,10,14,4,3373164194400|1775819245200|933091077072|489408752448|256277383536|134003779080|69980440200|36507215920|19028927960|9912234780|5160944460|2686259400|1397847132|727198758|378143766,10|11|10|19|12|13|12|21|14|15|14|21|16|17|16
14,6|6|6|2|2|2|1|1|1|1,0,0|2,2,6,11,5,3092067178200|1644194451900|871743970020|460963740006|243164577084|127999011030|67252023190|35279073830|18482503424|9672718776|5058014220|2643219315|1380551370|720666375|375930555,6|7|6|9|8|9|8|15|24|17|14|15|14|15|14
14,6|6|6|1|1|1|1|1|1|1|1|1|1,0,0|2,2,4,9,5,78817398660|44412978610|24838547734|13794195415|7611333158|4175139683|2278170323|1237278042|669222708|360693816|193814908|103869403|55532026|29618303|15754739,4|5|4|7|6|7|6|15|12|17|14|15|14|15|14
14,6|6|5|5|5|1,0,0|2,2,4,8,4,783055973700|387384833550|192057464742|95424164550|47513616540|23708217000|11854542180|5939590475|2981899330|1499935995|755918055|381661335|193045842|97812000|49639590,4|5|4|9|8|13|10|13|10|11|10|15|14|25|16
14,6|6|5|5|4|2,0,0|2,2,6,10,4,3624430506840|1812215253420|907656528636|455377166244|228851109864|115201706490|58087035630|29336137038|14839469280|7518200328|3814859916|1938665718|986686272|502922277|256721751,6|7|6|11|10|9|8|15|18|17|14|17|24|15|14
14,6|6|5|5|3|3,0,0|2|4|6,4,10,17,7,2923408968480|1469438370400|739716465488|372925921368|188284604456|95199328432|48202760580|24441125072|12410071408|6309925272|3212662460|1637921560|836196108|427480768|218844626,10|13|10|13|10|15|10|21|16|17|14|21|16|27|16
14,6|6|5|5|3|1|1|1,0,0|4,2,8,10,2,8657788098960|4420510854760|2257297133168|1152958427082|589113109508|301154362432|154036799532|78838542552|40379454192|20697361272|10617549992|5451418357|2801514870|1441123684|742111370,8|9|10|9|8|19|10|19|16|17|16|15|14|19|16
14,6|6|5|5|2|2|2,0,0|2,2,6,11,5,4983083469000|2544272776500|1299576811260|664101620910|339535758900|173692057110|88908359670|45540403090|23343412400|11974701690|6147753990|3158920605|1624627710|836358315|431021955,6|7|6|9|8|9|8|15|16|13|12|15|14|15|14
14,6|6|5|5|2|2|1|1,0,0|2|4|6,4,14,21,7,9894614970240|5078188635520|2605944382272|1337272682592|686314648096|352307640960|180908853840|92934287600|47764557456|24562953072|12639475856|6508473048|3353985888|1729871000|893080188,14|17|14|17|14|21|14|21|16|19|18|21|22|21|18
14,6|6|5|5|2|1|1|1|1,0,0|2|4|6,4,12,23,11,6746328388800|3498096201600|1811816137824|937602477504|484887739536|250650462960|129532595880|66933373150|34587649880|17875917360|9241299900|4779260640|2472851304|1280262984|663338676,12|17|12|19|12|15|12|15|14|19|14|25|18|21|18
14,6|6|5|5|1|1|1|1|1|1,0,0|2,2,8,13,5,1879334336880|989385008040|519589668312|272302445844|142458465240|74423129040|38836034640|20247920511|10549773552|5494268610|2860605870|1489221030|775327608|403755066|210360150,8|9|8|11|10|15|14|13|16|13|12|17|18|17|16
14,6|6|5|4|4|3,0,0|2,2,6,11,5,3654261210600|1846465320700|934402176708|473540805738|240321064672|122128783530|62146751550|31664858862|16154084352|8251300008|4219780880|2160626655|1107615564|568482629|292122831,6|7|6|9|14|9|8|15|28|17|18|15|16|15|14
14,6|6|5|4|2|2|2|1,0,0|2,2,6,11,5,17709112020600|9229352031900|4807623890916|2503220636070|1302884202060|677926067490|352665265050|183435061173|95406423840|49623240870|25813180050|13430225655|6989516226|3638900265|1895358465,6|7|6|9|8|9|8|13|18|13|12|15|14|15|14
14,6|6|5|4|2|2|1|1|1,1,3|5|7|9,4,21,25,4,20560238899200|10796845030400|5662726603776|2966746586496|1552835823104|812125272960|424456400640|221724579216|115776717696|60437849184|31544867200|16463795040|8593318272|4486102192|2342628288,24|23|22|21|22|21|22|21|22|21|24|25|26|23|26
14,6|6|5|4|2|1|1|1|1|1,0,0|2,2,8,12,4,11484820947600|6107007964200|3239588932008|1714864176168|906069659352|477960465840|251779636680|132477070726|69636896296|36576145794|19199601150|10073800770|5284072464|2771299674|1453458006,8|9|8|13|10|15|12|15|14|13|12|17|20|17|16
14,6|6|5|3|3|3|1|1,0,0|4,2,10,12,2,12368268712800|6445896657200|3358611674880|1749636946596|911295752840|474578757840|247122511680|128674457065|66999671508|34888350420|18169577440|9464461050|4931316060|2570229376|1340118780,10|11|18|11|10|15|18|13|12|15|20|17|16|29|18
14,6|6|5|3|2|2|2|1|1,0,0|2,2,6,11,5,18629065891800|9905931863100|5259356062884|2788287660774|1476218286396|780579094950|412274557350|217527107364|114671262384|60404510376|31799299140|16732378845|8801254098|4628346723|2433538107,6|7|6|9|8|9|8|17|16|17|14|15|14|15|14
14,6|6|5|3|2|2|1|1|1|1,0,0|2,2,10,14,4,16406887068000|8811106018000|4720135202640|2522795143440|1345537301680|716272076520|380637165480|201965764000|107018803320|56642152860|29949965900|15823615500|8354831100|4409126150|2325930750,10|11|10|15|12|13|12|23|14|15|14|19|16|17|16
14,6|6|5|2|2|2|2|1|1|1,0,0|2,2,6,11,5,6577670179080|3567254991300|1929396376908|1040844634830|560126562372|300737742786|161125306290|86157359925|45989385456|24510176208|13045070976|6934930365|3683067498|1954386291|1036290255,6|7|6|9|8|9|8|13|16|19|24|15|14|15|14
14,6|6|5|2|2|1|1|1|1|1|1|1,0,0|4,2,6,8,2,2364521959800|1319878660100|732895947784|404968162599|222752587486|122011754150|66575124330|36199977814|19622054144|10606491756|5719209160|3077323370|1652734908|886179008|474445972,6|7|8|7|6|9|8|15|24|15|16|17|16|27|18
14,6|6|5|1|1|1|1|1|1|1|1|1|1|1,0,0|2,2,4,9,5,96164768700|56223317150|32597390826|18749551821|10703744714|6067772685|3417410685|1913264171|1065377796|590369724|325738700|179041995|98076462|53559077|29162133,4|5|4|7|6|7|6|13|12|15|14|15|14|15|14
14,6|6|4|4|4|4,0,0|2,2,6,11,5,730852242120|373160007220|190818768140|97716616998|50106885348|25725828102|13223553642|6804586243|3505121060|1807304562|932767094|481863019|249165246|128968125|66825759,6|7|6|9|8|9|8|13|12|13|12|15|14|15|14
14,6|6|4|4|4|3|1,0,0|2,2,6,11,5,6090435351000|3141891252500|1622182622060|838211644270|433443118680|224292535350|116140441170|60175923080|31197629540|16183568100|8400046900|4362672985|2267279960|1179147255|613738125,6|7|6|9|10|9|8|19|12|15|14|15|18|15|14
14,6|6|4|4|4|2|2,0,0|2|4|6,4,10,17,7,6101734860000|3163862520000|1641384061200|851952745800|442404120600|229830939000|119446388100|62101961220|32299958040|16806012840|8747856300|4555421700|2373395940|1237260180|645425430,10|15|10|13|10|13|10|17|14|17|14|19|16|19|16
14,6|6|4|4|4|2|1|1,0,0|2,2,6,10,4,11043097065000|5755264872500|2999569442100|1563445065600|814975770400|424865692350|221518217250|115511350955|60242923620|31424323140|16395394000|8556537000|4467111660|2333188715|1219323105,6|7|6|21|14|9|8|13|12|15|18|21|16|15|14
14,6|6|4|4|4|1|1|1|1,0,0|2,2,4,8,4,5521548532500|2906846978750|1528999263550|803659820700|422148273800|221629099450|116303759550|61009714920|31994434890|16774631595|8793677875|4609650650|2416533900|1267069375|664588925,4|5|4|11|10|9|8|19|10|11|10|17|16|15|14
14,6|6|4|4|3|3|2,0,0|2,2,6,10,4,8969550244200|4674606873300|2437220648772|1271142610920|663164026200|346063902210|180628429410|94297723065|49237748700|25714629360|13432547520|7018632630|3668540112|1918332585|1003696785,6|7|6|13|10|9|8|13|12|19|22|17|20|15|14
14,6|6|4|4|3|3|1|1,0,0|2|4|6,4,10,17,7,13467670376160|7054494006560|3694976231408|1935213504840|1013482704696|530729903088|277908557388|145514317256|76189180760|39891302976|20887220788|10937774848|5728773204|3001438440|1573253682,10|13|10|13|10|15|10|19|14|23|14|31|16|21|16
14,6|6|4|4|3|2|2|1,0,0|2,2,6,11,5,21082276215000|11098870282500|5841086166300|3072984903450|1616144712000|849682794450|446577635850|234644887400|123257684620|64733029200|33991773900|17848139925|9371924100|4921970625|2585808225,6|7|6|9|16|9|8|19|12|19|14|15|16|15|14
14,6|6|4|4|3|2|1|1|1,1,3|5|7|9,4,19,23,4,22616262789120|11996192299520|6356394085888|3364802422080|1779603446016|940445068992|496616241792|262069713752|138214643776|72856573776|38388579904|20220975104|10649426304|5608457712|2954183232,22|21|20|19|20|19|20|19|20|19|22|37|26|23|26
14,6|6|4|4|3|1|1|1|1|1,0,0|2,2,4,8,4,9866505268620|5298678755370|2839481430786|1518674643486|810818300448|432202623138|230050374138|122290631190|64932092022|34441588881|18252768933|9666415143|5116468896|2707267563|1432349919,4|5|4|9|14|9|8|15|10|11|10|15|22|15|14
14,6|6|4|4|2|2|2|2,0,0|2,2,6,11,5,7027425405000|3736805572500|1985354933100|1053912355650|558987708300|296237847750|156867919550|83004811785|43890832020|23194121370|12250537950|6467763225|3413773110|1801651995|950944995,6|7|6|9|8|9|8|13|12|13|12|15|14|15|14
14,6|6|4|4|2|2|2|1|1,0,0|4|8|12,4,20,34,14,15420179174400|8240413209600|4397732173824|2343970379520|1247800369920|663493255680|352417812480|187000920512|99136264000|52513064640|27796970880|14705515440|7776491184|4111398720|2173691520,20|23|24|23|20|25|30|25|20|23|24|23|20|27|28
14,6|6|4|4|2|2|1|1|1|1,0,0|4|8|12,4,20,34,14,13364155284480|7212401264640|3883600680960|2086779112704|1119110224128|599084678400|320173368320|170854232640|91048377792|48460629504|25765862784|13687179792|7265762064|3855172464|2045115072,20|25|24|23|20|23|26|25|20|29|24|23|20|23|26
14,6|6|4|4|2|1|1|1|1|1|1,0,0|2,2,2,6,4,6394957118550|3502000326825|1910991215133|1039413930555|563665739910|304836682605|164448060595|88512610004|47543630120|25490904600|13645209480|7294204995|3894819852|2077925850|1108016910,2|3|2|7|6|7|6|17|14|17|16|15|16|17|16
14,6|6|4|4|1|1|1|1|1|1|1|1,0,0|2,2,2,6,4,1461586376250|815859061875|453133417275|250508006100|137898837450|75612895875|41311776825|22497543915|12215608680|6615249480|3574046400|1927044075|1037248740|557558430|299429130,2|3|2|11|6|7|6|13|14|17|22|15|16|17|16
14,6|6|4|3|3|3|3,0,0|2,2,8,12,4,2790526742640|1469086830120|773556273672|407357351856|214516227744|112957299000|59472241920|31307249246|16477828276|8671282578|4562572686|2400524868|1263027528|664637064|349858236,8|9|8|15|14|13|22|15|12|13|12|19|18|21|18
14,6|6|4|3|3|3|1|1|1,0,0|2|4|6,4,10,17,7,12368268712800|6609498095200|3528253781360|1881464687256|1002281261080|533400834560|283598596380|150647032690|79955541512|42403379760|22472810360|11903392600|6302374980|3336074456|1765874110,10|13|10|13|10|25|10|15|14|19|16|21|16|21|16
14,6|6|4|3|3|2|2|1|1,0,0|2,2,6,11,5,22582990081080|12127902080580|6504673211388|3484236751578|1863983144304|995960049318|531527154678|283345335441|150884215128|80268765534|42664983066|22660884081|12029098752|6383009061|3386533293,6|7|6|9|12|9|8|13|14|13|12|15|28|15|14
14,6|6|4|3|3|2|1|1|1|1,0,0|2,2,6,10,4,18271306053000|9909041642500|5362111494740|2895570858180|1560542561760|839474495730|450793297110|241676778070|129369837800|69156077130|36922645550|19692268750|10493637000|5588357775|2974997025,6|7|6|11|14|9|8|15|14|13|12|17|18|15|14
14,6|6|4|3|2|2|2|2|1,0,0|2,2,6,11,5,12649365729000|6860105752500|3714084421740|2007359052930|1083061745820|583374442050|313709190930|168430612350|90295508940|48340363680|25847028900|13805083215|7366818690|3928569645|2094217125,6|7|6|9|8|9|8|15|12|21|14|15|14|15|14
14,6|6|4|3|2|2|2|1|1|1,1,5|7|9|11,4,25,29,4,16661803991040|9102281809920|4960565575680|2697094692864|1463119177728|791990564352|427819032576|230647423552|124119738368|66680696448|35768374272|19161171936|10253354112|5482057152|2929445376,30|29|30|39|26|25|32|25|30|25|30|25|26|27|32
14,6|6|4|3|2|2|1|1|1|1|1,0,0|2,2,4,8,4,12059061994980|6667576605690|3673670290290|2017397784402|1104386195484|602790232473|328099359159|178122412468|96469365300|52132310118|28116910794|15138305622|8138678724|4370489409|2345069727,4|5|4|9|8|7|6|17|12|13|12|17|16|15|14
14,6|6|4|3|1|1|1|1|1|1|1|1|1,0,0|2,2,6,10,4,1206388755000|692556507500|395049354700|223991110200|126284529800|70821772450|39521946750|21954467535|12144510840|6692247180|3675072200|2012038600|1098672960|598634465|325637455,6|7|6|13|10|9|8|13|14|15|16|21|24|15|14
14,6|6|4|2|2|2|2|2|2,0,0|2|4|6,4,14,23,9,2283372685440|1256459043840|689844340416|377883209088|206516845920|112602142752|61255729392|33249481804|18009603920|9735579504|5253273312|2830066932|1522532880|818205168|439362924,14|23|14|21|14|17|14|17|16|19|20|19|20|23|18
14,6|6|4|2|2|2|2|2|1|1,0,0|2,2,6,11,5,5381730146520|2975612700060|1640803440276|902321422002|494879947380|270702561870|147696408990|80385052293|43647905196|23648424660|12787146540|6901994925|3719788974|2002326183|1076890815,6|7|6|9|8|9|8|13|12|15|14|15|14|15|14
14,6|6|4|2|2|2|2|1|1|1|1,0,0|2,2,4,9,5,5481391815900|3059718712050|1701797030934|943220164887|521008544004|286850798715|157436982495|86151985556|47012098588|25587548406|13893880350|7528511265|4072069980|2199317835|1186560375,4|5|4|7|8|7|6|17|12|13|12|15|16|15|14
14,6|6|4|2|2|2|1|1|1|1|1|1,0,0|2|4|6,4,8,15,7,3564971570160|2018264328080|1137105502456|637699737444|356054622924|197968469160|109635753150|60490660230|33259413264|18228456288|9961473424|5429716292|2953016220|1603097496|869050182,8|11|8|11|8|13|8|15|16|21|18|19|16|21|16
14,6|6|4|2|2|1|1|1|1|1|1|1|1,0,0|2|4|6,4,10,17,7,1547687100960|892581449760|511549326288|291427528392|165085084008|93015001248|52143895908|29093872626|16162018320|8942146416|4929530508|2708716428|1484243244|811396872|442756314,10|13|10|13|10|17|10|15|16|19|14|19|16|21|16
14,6|6|4|2|1|1|1|1|1|1|1|1|1|1,0,0|2,2,6,11,5,423124982280|249621351980|146121915940|84900161346|48979146216|28066191582|15980660982|9045309273|5091633624|2851630236|1589789012|882704977|488375448|269401275|148255107,6|7|6|9|10|9|8|13|14|15|14|15|18|15|14
14,6|6|4|1|1|1|1|1|1|1|1|1|1|1|1,0,0|2,2,4,9,5,57698861220|34955130210|20982471510|12483041571|7362770142|4307052867|2499880851|1440324067|824181680|468645912|264959520|149037735|83459970|46560657|25894869,4|5|4|7|6|7|6|13|16|17|20|15|14|15|14
14,6|6|3|3|3|3|3|1,0,0|2,2,8,12,4,2361214936080|1268059873080|680687236152|365181688872|195784729056|104886294408|56143425408|30026149930|16044031500|8565397974|4569052866|2435536026|1297545480|691050360|368035668,8|9|8|13|14|13|20|15|12|13|12|17|18|21|18
14,6|6|3|3|3|3|2|1|1,0,0|2,2,6,10,4,7027425405000|3811169862500|2064409893700|1116829767900|603409155400|325578327950|175432018950|94399894750|50728697600|27225715230|14594489350|7815267350|4181486100|2235973025|1195379185,6|7|6|11|10|9|8|15|24|13|12|17|16|15|14
14,6|6|3|3|3|3|1|1|1|1,0,0|2,2,6,11,5,4466319257400|2445841498100|1336623748460|728972442198|396780138040|215546535490|116869788750|63249421235|34169232944|18428130210|9923233810|5336169355|2866249980|1538301479|825249425,6|7|6|9|10|9|8|13|16|13|12|15|16|15|14
14,6|6|3|3|3|2|2|1|1|1,0,0|2|4|6,4,10,17,7,8770226905440|4825944963840|2649629398416|1451531449368|793441192440|432774188808|235549685748|127938655390|69350976296|37521618120|20265266280|10928231160|5885535348|3166687524|1702911210,10|19|10|13|10|13|10|15|14|17|16|21|16|19|16
14,6|6|3|3|2|2|2|2|2,0,0|2,2,6,11,5,2548407015000|1409039857500|777466394100|428058511650|235157792100|128894322150|70489120350|38462131015|20940726180|11377299240|6169340100|3339480375|1805008590|974534055|525817215,6|7|6|9|8|9|8|13|12|17|14|15|14|15|14
14,6|6|3|3|2|2|2|2|1|1,0,0|2|4|6,4,14,28,14,5966140752000|3314522640000|1836755469120|1015241610240|559715950560|307784755200|168817813840|92364084540|50412385680|27451924320|14917027200|8090275380|4380707760|2369143920|1280316180,14|17|14|27|14|29|14|17|16|21|24|19|20|23|18
14,6|6|3|3|2|2|2|1|1|1|1,0,0|2|4|6,4,8,15,7,5979700162800|3353694271200|1874515530888|1044249226020|579826557180|320924951100|177075509130|97411327104|53433520560|29230997040|15951084240|8684986140|4719833964|2561224380|1388557170,8|13|8|11|8|11|8|27|16|19|18|19|16|19|16
14,6|6|3|3|2|2|1|1|1|1|1|1,0,0|2,2,4,9,5,3761739481500|2139613726250|1211381160990|682810533405|383235754720|214215162525|119268795555|66156886705|36566441100|20144217870|11063608150|6059884215|3311514360|1806329525|984098115,4|5|4|7|14|7|6|13|12|13|12|15|18|15|14
14,6|6|3|3|2|1|1|1|1|1|1|1|1,0,0|2,2,6,11,5,1515719205000|878154777500|505720915700|289566981550|164890299200|93402546050|52644277950|29531676405|16492743960|9172786980|5082375900|2806515525|1545304860|848907345|465600135,6|7|6|9|16|9|8|13|14|15|14|15|16|15|14
14,6|6|3|3|1|1|1|1|1|1|1|1|1|1,0,0|2|4|6,4,10,17,7,332123220000|196813760000|115760554800|67598368200|39202193800|22584850200|12929964300|7358667470|4164681840|2344871520|1314029300|733266600|407707740|226034380|125057790,10|21|10|13|10|13|10|15|16|21|14|21|16|19|16
14,6|6|3|2|2|2|2|2|2|1,0,0|2,2,6,11,5,1855240306920|1045413188820|587379501324|329037510186|183753016524|102297933738|56772597618|31409676606|17325021252|9528517908|5226379788|2859669813|1561437570|851194773|463540077,6|7|6|9|8|9|8|15|12|15|14|15|14|15|14
14,6|6|3|2|2|2|2|1|1|1|1|1,0,0|2,2,4,8,4,2257043688900|1295710265850|740424238554|421202191410|238546187880|134513508675|75529876695|42236757017|23526435940|13056004710|7220598210|3981042450|2189137104|1201275075|658272615,4|5|4|9|10|7|6|13|12|13|12|17|20|15|14
14,6|6|3|2|2|2|1|1|1|1|1|1|1,1,3|5|7|9,4,21,25,4,1316930334720|768209361920|445489071104|256867219840|147288447488|84002936192|47661718272|26908398608|15120162176|8458669408|4712770944|2616154464|1447733056|799150352|440375936,24|23|22|21|22|21|22|21|22|21|24|25|24|23|28
14,6|6|3|2|2|1|1|1|1|1|1|1|1|1,0,0|2,2,6,10,4,534248715000|318005187500|187906819100|110246336200|64239219200|37184211350|21387274350|12226962475|6950099800|3929490740|2210775000|1238343150|691027700|384444775|213428215,6|7|6|13|22|9|8|13|14|15|16|17|16|15|14
14,6|6|3|1|1|1|1|1|1|1|1|1|1|1|1|1,0,0|2,2,4,9,5,20078358300|12588811950|7814134218|4802465745|2922862530|1762032405|1052471725|623101542|365808720|213073680|123215400|70793415|40449486|23009415|13048035,4|5|4|7|6|7|6|15|16|19|16|15|14|15|14
14,6|6|2|2|2|2|2|2|2|2,0,0|2,2,6,11,5,189310235400|108678098100|62186524620|35461022058|20148281340|11405259030|6431625750|3613062695|2022026644|1127469870|626497830|347032125|191714490|105694017|58200285,6|7|6|9|8|9|8|13|12|13|12|15|14|15|14
14,6|6|2|2|2|2|2|1|1|1|1|1|1,0,0|2,2,8,12,4,383013474480|225957684680|132550409992|77320451208|44852556112|25875312008|14846574288|8473482290|4811359588|2718624762|1529153486|856582006|478149420|266181916|147931784,8|9|8|13|12|13|14|15|12|13|12|17|16|19|20
14,6|6|2|2|2|2|1|1|1|1|1|1|1|1,0,0|2,2,8,12,4,207124117200|124384059800|74175218040|43930060944|25841954320|15101057160|8767508400|5058436110|2900913372|1654131150|938213010|529618320|297754380|166870704|93333240,8|9|8|15|12|13|14|15|12|13|12|23|16|23|20
14,6|6|2|1|1|1|1|1|1|1|1|1|1|1|1|1|1,0,0|2,2,4,9,5,3911368500|2535146250|1625390910|1030778595|646584630|401208075|246301995|149635405|89998680|53617230|31662750|18551385|10797390|6252675|3610035,4|5|4|7|6|7|6|13|14|13|12|15|14|15|14
14,6|6|1|1|1|1|1|1|1|1|1|1|1|1|1|1|1|1,0,0|2,2,4,9,5,333316620|223092870|147584514|96474609|62304762|39748533|25050453|15597946|9598736|5840982|3517458|2098623|1242450|731445|429429,4|5|4|7|6|7|6|15|16|13|12|15|14|15|14
14,6|5|5|5|5|2,0,0|2,2,4,8,4,783055973700|395671140150|200343771342|101649702726|51678386292|26324673570|13435140810|6869365867|3518465646|1805166297|927623745|477396315|246035394|126963837|65594529,4|5|4|9|8|9|8|13|10|11|10|15|14|15|14
14,6|5|5|5|4|1|1|1,1,5|7,2,19,20,1,4112047779840|2126733706240|1100562726912|569906202624|295331851008|153164626368|79499227008|41298204808|21471596928|11172693888|5818387328|3032391648|1581571200|825450912|431086656,24|23|32|29|20|19|20|19|22|25|24|25|26|25|26
14,6|5|5|5|3|3|1,0,0|4,2,8,10,2,5359583108880|2764864302200|1427913350864|738262158634|382114761028|197990023660|102694886580|53320937670|27712465704|14416623312|7506600892|3911950735|2040291506|1064927006|556237682,8|9|10|9|8|11|10|15|14|19|14|15|14|17|16
14,6|5|5|5|3|2|1|1,0,0|4,2,8,10,2,11806074680400|6152901354600|3207677335632|1672884493434|872830769412|455620064760|237957565860|124345565449|65013026988|34010273304|17801456400|9322433505|4884523182|2560501944|1342863522,8|9|10|9|8|13|10|13|12|17|18|15|14|21|16
14,6|5|5|5|3|1|1|1|1,0,0|4,2,10,12,2,6264447789600|3297950026800|1735178098368|912551823612|479788388664|252218221320|132581900880|69696427255|36642406100|19267494480|10133227320|5330395290|2804556348|1475926452|776900124,10|11|14|11|10|13|14|13|12|19|16|17|16|19|18
14,6|5|5|5|2|2|1|1|1,0,0|2|4|6,4,12,21,9,7517337347520|3977427168000|2102835148128|1111059027936|586755159120|309754607760|163480678920|86266563474|45517462776|24015831264|12671234148|6685814520|3527879256|1861695264|982557576,12|19|12|17|12|15|12|15|14|21|14|21|18|25|20
14,6|5|5|4|4|2|2,0,0|4,2,8,10,2,7308522421200|3808938933800|1986775863072|1037178152010|541883721340|283331498580|148253950260|77629323135|40675942020|21326744880|11188399600|5872826685|3084174522|1620377330|851620770,8|9|12|9|8|11|10|13|12|19|18|15|14|17|16
14,6|5|5|4|3|3|1|1,0,0|4,2,8,10,2,15179238874800|7991186603400|4208176781424|2216676273966|1167987588012|615604995180|324558278460|171161864496|90290175864|47641632948|25144132860|13273309665|7008096942|3700683558|1954358406,8|9|10|9|8|11|10|21|14|15|14|15|14|17|16
14,6|5|5|4|2|2|2|1|1,0,0|2,2,8,13,5,16610278230000|8920334605000|4785950496600|2565471008100|1374066483400|735393765600|393307816200|210219319765|112295998080|59955374430|31994877950|17066044800|9098966940|4849087880|2583060480,8|9|8|11|10|17|12|13|22|13|12|29|16|21|40
14,6|5|5|4|2|2|1|1|1|1,0,0|2,2,8,12,4,14311853796240|7761719651400|4201522239816|2270481861384|1225074940056|660093940440|355227824160|190950208218|102539864592|55013037138|29489855382|15795761850|8454526740|4522018644|2417006592,8|9|8|13|10|13|16|15|16|13|12|17|16|19|36
14,6|5|5|3|3|3|2|1,1,5|7,2,19,20,1,13083788390400|6974559155200|3717776842752|1981610147328|1056109079296|562787839680|299859619200|159743244472|85085081088|45311275296|24125474240|12842648160|6834877824|3636522656|1934167872,24|23|28|25|20|19|20|19|26|21|22|25|26|25|26
14,6|5|5|3|3|3|1|1|1,0,0|4,2,8,10,2,11186513910000|6007572285000|3224010675600|1729045954350|926714681100|496398111300|265749646500|142195770535|76047298260|40651259400|21720240300|11600025525|6192336150|3304007850|1761967350,8|9|10|9|8|11|10|13|12|17|14|15|14|17|16
14,6|5|5|3|3|2|2|2,0,0|2|4|6,4,12,16,4,9444859744320|5072239492320|2722748944608|1460852105328|783408608304|419904870840|224954396520|120454236770|64467105528|34486368588|18439682268|9854997768|5264438256|2810783976|1499890392,12|13|12|15|12|13|12|15|14|15|14|21|20|21|20
14,6|5|5|3|3|1|1|1|1|1|1,0,0|2|4|6,4,8,12,4,6184134356400|3419270054200|1884839582472|1036119095088|568117920876|310779307410|169642355850|92419101852|50257858728|27284945436|14790159860|8005665360|4327420944|2336069736|1259410152,8|9|8|15|8|9|8|17|14|15|14|23|20|21|20
14,6|5|5|3|2|1|1|1|1|1|1|1,1,5|7,2,21,22,1,4492153036800|2537234585600|1426738520064|798988929024|445737417216|247789476480|137299618560|75848859632|41785446912|22961043648|12587303680|6885249360|3758447616|2047558656|1113313344,26|25|28|29|22|21|22|21|26|23|26|23|32|35|26
14,6|5|5|2|2|2|2|2|2,0,0|4,2,12,14,2,1839907742400|1017303487200|561452677632|309289985928|170060569776|93332435760|51129112320|27959766492|15263590608|8318952936|4526887680|2459662470|1334480004|722952516|391062672,12|13|20|13|12|15|22|17|16|17|26|17|16|19|22
14,6|5|5|2|2|2|1|1|1|1|1|1,0,0|4,2,8,10,2,2837426351760|1613880067800|913935374352|515416079178|289532746932|162043889436|90377438580|50243019827|27846675780|15390124848|8483283648|4664544885|2558770830|1400425026|764701938,8|9|10|9|8|11|10|13|12|19|22|15|14|17|16
14,6|5|5|2|2|1|1|1|1|1|1|1|1,0,0|4,2,6,8,2,1218087070200|705717112100|406504954856|232874360719|132719984878|75274471870|42500371810|23894943527|13381913468|7467125316|4152651720|2302146825|1272485478|701345502|385459074,6|7|8|7|6|9|8|13|12|15|16|15|14|17|16
14,6|5|4|4|4|2|1|1|1,0,0|2,2,4,8,4,12059061994980|6476162923230|3476366956062|1865355143652|1000560159456|536515350228|287597023428|154117246283|82562001522|44214613317|23670118521|12667029606|6776079156|3623263644|1936538604,4|5|4|11|14|11|10|13|10|11|10|17|16|19|18
14,6|5|4|4|3|3|3,0,0|2,2,6,10,4,3654261210600|1943138897700|1033990833876|550546644648|293287485816|156305465550|83329213110|44435103349|23698792432|12640510554|6742339590|3596131110|1917841728|1022629179|545167623,6|7|6|13|10|9|8|13|16|13|12|17|24|15|14
14,6|5|4|4|3|3|1|1|1,0,0|2|4|6,4,12,21,9,15313094596800|8264209782400|4457811982624|2403449418656|1295230459952|697685914640|375640551000|202153253302|108737374768|58460072496|31413315980|16870703960|9055425544|4857726016|2604353752,12|17|12|17|12|15|12|15|16|19|14|21|18|27|20
14,6|5|4|4|3|2|2|1|1,0,0|2,2,8,13,5,26101865790000|14155773775000|7671632625800|4154695931100|2248493956800|1216039063200|657214903800|354952794105|191573289780|103323030750|55686885950|29991466450|16140868260|8680338810|4664710050,8|9|8|11|16|17|12|13|12|13|12|17|16|17|16
14,6|5|4|4|3|2|1|1|1|1,0,0|2,2,4,8,4,20660630690700|11314154902050|6186080412666|3377322675342|1841342428296|1002620291400|545264662740|296190335868|160711218906|87106078773|47161724085|25508176155|13782427428|7439367936|4011605598,4|5|4|9|10|13|10|17|10|11|10|15|16|31|16
14,6|5|4|4|2|2|2|2|1,0,0|2,2,8,13,5,11484820947600|6289306709400|3440398011336|1879902461580|1026077549640|559427359920|304668861640|165743460883|90068323840|48892061850|26511740970|14360674020|7770550656|4200244620|2268045780,8|9|8|11|10|15|12|13|26|13|12|19|26|19|18
14,6|5|4|4|2|2|2|1|1|1,1,5|7|9|11,4,25,29,4,14952901017600|8247830323200|4541373136896|2496305737728|1369934432256|750619338240|410659840000|224341478592|122383190016|66670922112|36271810560|19707618720|10694110848|5795821824|3137342208,30|29|30|31|26|25|32|25|30|25|32|25|26|31|30
14,6|5|4|4|2|2|1|1|1|1|1,0,0|2,2,2,6,4,10571255644950|5900886087525|3284618634297|1823510265291|1009853445042|557956030320|307603483200|169232646492|92923328196|50927659902|27861653970|15216553935|8296817364|4516702047|2455141689,2|3|2|7|6|15|18|17|12|13|12|15|16|15|14
14,6|5|4|4|1|1|1|1|1|1|1|1|1,0,0|2,2,2,6,4,920258088750|533165400625|307179678025|176057190100|100413997750|57010675975|32231002925|18149808600|10182761160|5693227500|3172818400|1762833325|976643800|539631235|297422125,2|3|2|11|6|7|6|19|14|15|20|15|18|15|14
14,6|5|4|3|3|3|2|2,1,5|7,2,19,20,1,9594778152960|5216208757760|2835087073280|1540387971584|836585338624|454123661248|246372494208|133578943736|72374887424|39185116320|21199208128|11459557648|6189458176|3340127648|1800903104,24|23|28|25|20|19|20|19|28|21|22|23|28|25|26
14,6|5|4|3|3|1|1|1|1|1|1|1,1,5|7,2,19,20,1,5079588433920|2895902929920|1644405633024|930266878464|524414752512|294643846848|165026345088|92153868184|51314805248|28497016800|15784745088|8721813408|4807870848|2644342272|1451241792,24|23|26|25|20|19|20|19|26|21|24|25|26|33|26
14,6|5|4|2|2|2|1|1|1|1|1|1|1,0,0|2|4|6,4,8,15,7,2436174140400|1430768939600|835914111032|485924723284|281107883212|161865129400|92787208670|52960854856|30104466112|17044816656|9614231060|5403449480|3026442232|1689523264|940211272,8|11|8|11|8|13|8|19|20|19|14|21|18|27|20
14,6|5|3|3|3|3|3|1|1,0,0|2,2,6,10,4,3654261210600|2020477759300|1116445958628|616461858012|340106470184|187464861090|103223631810|56774518528|31189422852|17112360384|9376398500|5130592500|2803459956|1529735779|833575743,6|7|6|11|10|9|8|29|12|23|14|19|16|15|14
14,6|5|3|3|3|2|2|2|1|1,0,0|4,2,8,10,2,8657788098960|4878594881160|2744275690464|1540920360210|863630253948|483112247772|269724325332|150288550720|83570021920|46374939156|25681432140|14192532585|7827366162|4308314010|2366838474,8|9|12|9|8|11|10|25|18|15|14|15|14|17|16
14,6|5|3|3|3|2|2|1|1|1|1,0,0|4,2,6,8,2,8305139115000|4723822512500|2679953803800|1516570780725|856070915050|482031265950|270747036300|151697717080|84786271080|47272604400|26293054900|14589339150|8076372300|4460834300|2458556100,6|7|8|7|6|9|10|19|14|19|14|17|16|19|18
14,6|5|3|3|2|2|2|2|1|1|1,0,0|4,2,6,8,2,6040717511400|3467819312100|1985348068704|1133485681185|645331587030|366376485150|207416279070|117091298142|65913272640|36999220500|20710713960|11561116545|6436299474|3573934650|1979650530,6|7|12|7|6|9|8|15|20|15|16|15|14|17|16
14,6|5|3|3|2|2|1|1|1|1|1|1|1,0,0|2,2,4,9,5,2782860460380|1641740430330|963750901806|563045292117|327419921664|189543966513|109248055983|62700265782|35836760652|20400658110|11568332286|6535348776|3678803964|2063784294|1154082930,4|5|4|7|20|7|6|15|12|13|12|21|16|17|16
14,6|5|3|3|1|1|1|1|1|1|1|1|1|1|1,0,0|4,2,8,10,2,208814926320|128713962520|78732660864|47801457990|28812580628|17245672236|10252742916|6055763805|3554474100|2073816288|1203007852|694050357|398353626|227534450|129387258,8|9|16|9|8|11|10|13|12|21|14|15|14|17|16
14,6|5|3|2|2|2|2|2|2|2,0,0|2,2,8,13,5,883447765200|511838784600|295798591176|170488956924|97987675368|56152576920|32081062640|18271585717|10373613448|5870824986|3311956050|1862520990|1044189828|583670802|325339014,8|9|8|11|10|13|14|13|14|13|12|17|16|17|16
14,6|5|3|2|2|2|2|1|1|1|1|1|1,0,0|2,2,4,8,4,1739110327500|1035184718750|613211575550|361521125350|212135611800|123900857325|72034499425|41690701605|24021569880|13780480700|7871796100|4478023900|2537303860|1432252185|805629825,4|5|4|9|10|7|6|13|14|15|14|19|16|15|14
14,6|5|3|2|2|2|1|1|1|1|1|1|1|1,0,0|2,2,6,10,4,916393678200|555169715100|334280422476|200077421544|119054302848|70438199130|41442257610|24249771819|14114356956|8172764082|4708732770|2699911170|1540997568|875740437|495684189,6|7|6|13|18|9|8|13|12|13|12|17|24|15|14
14,6|5|3|1|1|1|1|1|1|1|1|1|1|1|1|1|1,0,0|2,2,8,13,5,11596057200|7577317800|4902814872|3141232380|1992963960|1252233720|779330880|480502323|293572680|177793110|106770150|63606600|37608084|22081410|12882870,8|9|8|11|10|13|18|13|14|13|12|21|16|17|16
14,6|5|2|2|2|2|2|2|2|1|1|1,1,5|7,2,19,20,1,461780766720|275480325120|163737649152|96949569024|57177132288|33583272768|19642639488|11439684200|6633435648|3829668192|2201347008|1259941968|718134912|407707872|230630400,24|23|30|25|20|19|20|19|26|21|22|23|26|25|34
14,6|5|2|2|2|1|1|1|1|1|1|1|1|1|1|1,1,5|7,2,19,20,1,51529420800|32921574400|20858404864|13106300416|8167837952|5048912960|3095962240|1883445448|1136933632|681119904|405062720|239201600|140319872|81809728|47434816,24|23|36|25|20|19|20|19|24|21|22|27|26|27|26
14,6|4|4|4|4|4|1|1,0,0|4,2,8,10,2,1236826871280|664221838280|357003507168|192025956738|103357437964|55664462040|29993255160|16166970589|8716438500|4699987488|2534190232|1366154757|736219770|396539000|213429216,8|9|12|9|8|13|12|13|12|21|16|15|14|21|24
14,6|4|4|4|4|3|3,0,0|2,2,6,11,5,1118651391000|600757228500|322974734940|173800431090|93603268200|50446629090|27202920030|14675080810|7918890960|4273679790|2306350770|1244408715|671180400|361803585|194883975,6|7|6|9|10|9|8|15|16|13|12|15|20|15|14
14,6|4|4|4|4|3|1|1|1,0,0|2|4|6,4,12,19,7,4176298526400|2275972212800|1240243379232|675787933392|368186929968|200569062720|109237878360|59479283136|32374603536|17613531144|9577286380|5203997040|2825320872|1532374272|830137308,12|15|12|15|12|19|12|25|16|17|14|23|18|31|18
14,6|4|4|4|4|2|2|1|1,0,0|2,2,4,8,4,5766139442700|3157647790050|1728715358682|946146435390|517674722760|283140833040|154800554220|84593824497|46202631570|25218334665|13754386845|7495283295|4080339684|2218692060|1204789950,4|5|4|9|10|15|10|13|10|11|10|15|16|19|16
14,6|4|4|4|4|2|1|1|1|1,0,0|2,2,8,13,5,4385113452720|2424573311160|1339092642888|738825387300|407242668768|224263728000|123385203240|67820306099|37242097620|20429721774|11194692726|6126916158|3348890820|1827798258|995980986,8|9|8|11|14|21|12|13|12|13|12|17|16|17|16
14,6|4|4|4|3|3|3|1,0,0|2|4|6,4,10,17,7,3373164194400|1838285248800|1002229273584|546580814472|298144920024|162643687920|88722371580|48390773956|26385808008|14381311896|7834027320|4264458660|2319335172|1260103416|683765082,10|13|10|13|10|15|10|17|14|17|16|19|16|21|16
14,6|4|4|4|3|3|2|2,0,0|4,2,8,10,2,4809882277200|2633983151800|1442612310832|790137493530|432742964500|236967406060|129728033820|70993543082|38832378200|21227852520|11595718400|6328581875|3450357834|1878866990|1021690670,8|9|10|9|8|11|10|15|14|17|26|15|14|17|16
14,6|4|4|4|3|3|2|1|1,0,0|2|4|6,4,12,27,15,9491587560000|5222884160000|2873127119200|1579986283200|868526198800|477217941200|262073939400|143836413630|78888170160|43232268960|23670469300|12946486100|7072613400|3858514400|2101808800,12|21|12|19|12|15|12|15|16|21|14|19|18|25|24
14,6|4|4|4|3|3|1|1|1|1,0,0|2|4|6,4,12,19,7,5846817936960|3248232187200|1802590389600|999285343056|553395078288|306151653600|169195013000|93405918060|51508118928|28370195784|15606206868|8573056140|4702443768|2575125696|1407626220,12|15|12|15|12|17|12|17|16|17|14|19|18|27|18
14,6|4|4|4|3|2|2|1|1|1,0,0|2,2,4,8,4,10464475284900|5841281177550|3256551523134|1813331297232|1008486998064|560191069620|310790336220|172206913788|95293862874|52660245393|29058226785|16009587720|8805696732|4834571196|2649051132,4|5|4|15|12|11|10|17|10|11|10|21|16|19|18
14,6|4|4|4|3|1|1|1|1|1|1|1,0,0|4,2,10,12,2,2182635655200|1252994542800|716814148512|408744497700|232365121560|131715250920|74457101400|41978429647|23606276540|13241203920|7408492140|4134513570|2301373404|1277553420|707206500,10|11|12|11|10|13|12|13|12|19|14|17|16|19|18
14,6|4|4|4|2|2|2|2|2,0,0|2|4|6,4,12,25,13,2248776129600|1261218358400|706593466656|395413085760|221006858480|123369322320|68774751000|38286312554|21282366840|11811985920|6545028700|3620245860|1998697008|1101220120|605404800,12|17|12|19|12|15|12|15|14|29|14|19|20|21|28
14,6|4|4|4|2|2|2|2|1|1,0,0|2,2,8,12,4,5220373158000|2941638843000|1655094132120|929806740720|521543513400|292083085320|163315745840|91167424530|50806659360|28264693710|15695565090|8699155080|4811653440|2655638700|1462280820,8|9|8|15|10|13|14|15|18|13|12|21|24|19|18
14,6|4|4|4|2|2|2|1|1|1|1,0,0|2,2,2,6,4,5133671156250|2919945234375|1656940944375|938117970000|529971536250|298753346250|168055245000|94335927000|52842901500|29537291250|16474403250|9167991750|5090074200|2819084775|1557267075,2|3|2|15|6|9|12|19|12|13|12|17|18|15|14
14,6|4|4|4|2|2|1|1|1|1|1|1,0,0|2|4|6,4,12,19,7,3118050936000|1798241016000|1033487310240|592015857840|338065609200|192471539040|109264186680|61854582020|34919982240|19660634280|11039339820|6181565940|3451741920|1921868520|1066845780,12|15|12|15|12|17|12|17|18|17|14|19|22|21|18
14,6|4|4|4|2|1|1|1|1|1|1|1|1,0,0|2|4|6,4,12,19,7,1177930353600|691800366400|404350842016|235270280080|136305302320|78648549760|45204785560|25885950552|14770182240|8398282920|4758862740|2687403840|1512420888|848201640|473993520,12|15|12|15|12|21|12|19|18|17|14|27|18|21|22
14,6|4|4|4|1|1|1|1|1|1|1|1|1|1,0,0|2,2,2,6,4,226674097650|136124391975|81242874999|48203594010|28441022610|16691817285|9746903595|5664146488|3276368040|1886732460|1081778580|617602590|351104292|198753555|112026915,2|3|2|9|6|7|6|19|14|15|14|17|16|15|14
14,6|4|4|3|3|3|3|2,0,0|4,2,10,12,2,2473653742560|1367708021680|756291693696|418181690388|231184699592|127764608400|70576244640|38962037499|21493017084|11845711332|6521766944|3586226952|1969249920|1079615680|590810220,10|11|16|11|10|15|16|13|12|15|20|21|26|27|18
14,6|4|4|3|3|3|3|1|1,0,0|2|4|6,4,10,17,7,3953924189280|2196624549600|1219971480624|677280325176|375809727384|208402009920|115483921020|63940491342|35368091640|19542112488|10784360412|5943109320|3270063636|1796140008|984631518,10|13|10|13|10|19|10|15|14|17|14|21|16|21|16
14,6|4|4|3|3|3|2|2|1,0,0|4,2,8,10,2,7308522421200|4079624949400|2276023205456|1268985223506|706996026724|393562815620|218878223460|121600459435|67477989740|37396410660|20695726520|11435385445|6307678806|3472620866|1907759854,8|9|10|9|8|11|10|13|12|15|16|15|14|17|16
14,6|4|4|3|3|3|1|1|1|1|1,0,0|4,2,6,8,2,4328894049480|2462201641900|1397508652848|791591029383|447490124466|252472092180|142165018380|79894180520|44809062144|25079663952|14007179732|7805687505|4339609890|2406604200|1331049720,6|7|10|7|6|11|10|19|24|19|14|15|14|21|20
14,6|4|4|3|3|2|2|2|2,0,0|4,2,8,10,2,3903232853520|2199440734920|1238168370384|696275448066|391087349604|219389919120|122904805140|68752482750|38399983488|21411602208|11917642428|6620578173|3670280262|2030129244|1120161042,8|9|10|9|8|15|10|15|22|21|14|15|14|19|16
14,6|4|4|3|3|2|1|1|1|1|1|1,0,0|4,2,8,10,2,4821640583760|2793490179480|1613100756960|928537603686|532858478292|304886890080|173944140120|98956523232|56137316760|31756295592|17912908944|10074777867|5649362334|3157942788|1759457700,8|9|12|9|8|17|12|23|14|17|18|15|14|19|18
14,6|4|4|3|3|1|1|1|1|1|1|1|1,0,0|4,2,8,10,2,1461704484240|862328306840|506391069184|296071397622|172381295060|99963630520|57745087920|33232245137|19055197756|10886805720|6197701860|3515595435|1986933366|1118777088|627506880,8|9|20|9|8|13|14|13|12|17|14|15|14|31|26
14,6|4|4|3|2|2|1|1|1|1|1|1|1,0,0|2|4|6,4,14,25,11,2625101930880|1555615959040|917663837376|538970203200|315218862816|183604600608|106519059504|61557692196|35438640864|20324911824|11612929744|6610084932|3747996120|2116775232|1190610564,14|25|14|19|14|17|14|17|18|19|18|19|18|27|18
14,6|4|4|2|2|2|2|2|2|2,0,0|2|4|6,4,12,23,11,683394304320|397742716800|230996731680|133849070784|77369967792|44609260176|25652273400|14710605546|8411932248|4795977168|2726004756|1544506800|872172576|490779432|275134860,12|17|12|19|12|15|12|15|14|19|14|23|22|21|18
14,6|4|4|2|2|2|2|2|2|1|1,0,0|4,2,6,8,2,1664959249800|973428556100|567671820408|330170956269|191508639938|110766611340|63880113990|36730360898|21054907104|12031330248|6852752200|3890082735|2200572066|1240283968|696341646,6|7|8|7|6|11|8|15|18|17|16|15|14|27|16
14,6|4|4|2|2|2|2|2|1|1|1|1,0,0|4,2,8,10,2,1818863046000|1073032961000|630924133840|369730720590|215938361100|125689818540|72909667380|42147468055|24279669260|13937274540|7971662860|4542748595|2578916010|1458269670|821170350,8|9|10|9|8|11|10|13|12|15|14|15|14|17|16
14,6|4|4|2|2|2|2|1|1|1|1|1|1,0,0|2|4|6,4,10,17,7,1328822258400|794481032800|472913617904|280282947672|165408250904|97204675360|56886015420|33153236298|19242261024|11122346088|6402327400|3669945020|2094715812|1190361536|673351042,10|13|10|13|10|17|10|15|18|17|16|19|16|27|16
14,6|4|4|2|2|2|1|1|1|1|1|1|1|1,0,0|2|4|6,4,8,15,7,692386334640|421293272400|254889474840|153361900692|91778912316|54636668424|32358721590|19068104874|11180675520|6523770456|3788029812|2188826640|1258558092|720040464|409819410,8|11|8|11|8|13|8|15|20|17|14|23|16|23|16
14,6|4|4|2|2|1|1|1|1|1|1|1|1|1|1,0,0|4,2,6,8,2,254640826440|158308450300|97731501560|59923460289|36498008162|22086575434|13281541350|7937767299|4715629380|2784992616|1635271820|954681805|554152830|319797478|183457274,6|7|8|7|6|9|8|13|12|17|14|15|14|17|16
14,6|4|4|2|1|1|1|1|1|1|1|1|1|1|1|1,0,0|4,2,8,10,2,61416154800|39156860600|24759434128|15528910254|9662245788|5965251240|3654888900|2222781743|1342073884|804610368|479054300|283279975|166378146|97053528|56222166,8|9|10|9|8|13|10|13|12|23|14|15|14|21|16
14,6|4|4|1|1|1|1|1|1|1|1|1|1|1|1|1|1,0,0|2|4|6,4,12,21,9,7685496000|5042336000|3277455840|2110575840|1346651600|851426640|533505480|331362570|204042600|124586640|75444620|45315540|26999520|15956720|9352980,12|19|12|17|12|15|12|15|14|19|14|19|22|23|18
14,6|4|3|3|3|3|3|1|1|1,0,0|2,2,6,11,5,2192556726360|1247089143300|708632192268|402236444610|228051754632|129129599430|73013408130|41219551919|23230708620|13068025236|7336182168|4109235075|2296113732|1279585593|711017307,6|7|6|9|10|9|8|13|12|15|16|15|16|15|14
14,6|4|3|3|3|3|2|2|2,0,0|4,2,8,10,2,2007835830000|1142023025000|649077673200|368575962150|209073797900|118453451700|67019834700|37861391575|21352798500|12019933080|6752398000|3784749375|2116153050|1180014550|656065410,8|9|10|9|8|11|10|13|12|17|18|15|14|17|16
14,6|4|3|3|3|3|1|1|1|1|1|1,0,0|4,2,12,14,2,1719652334400|1005405200800|586067594112|340638049752|197422788368|114095270640|65750686560|37781606408|21646258368|12364376472|7040492480|3995941950|2260232436|1273868596|715218504,12|13|16|13|12|15|16|19|20|17|22|17|16|19|20
14,6|4|3|3|3|2|2|2|1|1|1,1,3|5,2,11,12,1,4497552259200|2611673864800|1513407114912|875107524060|504900990080|290640406500|166905918120|95611319132|54628462560|31127544000|17685778880|10018124160|5656552704|3182951200|1784502720,14|13|12|11|18|11|12|17|18|23|22|29|28|25|26
14,6|4|3|3|2|2|2|2|2|2,0,0|2,2,8,12,4,1044074631600|610424586200|356209198488|207432581928|120525442232|69862590720|40393409160|23292267726|13393143816|7678102734|4387859410|2499192630|1418430684|802012354|451657206,8|9|8|13|10|23|12|15|14|13|12|17|16|17|16
14,6|4|3|3|2|2|2|1|1|1|1|1|1,0,0|2,2,6,11,5,1967679113400|1181648568100|706682703804|420909093990|249687294640|147521985450|86809767870|50877152123|29696230620|17261433630|9991070530|5757823995|3303353592|1886369485|1071965895,6|7|6|9|12|9|8|13|12|13|12|15|18|15|14
14,6|4|3|3|2|2|1|1|1|1|1|1|1|1,0,0|2,2,4,9,5,990482021100|605294568450|367917509718|222461550333|133822390032|80096020965|47701324035|28268692767|16670330712|9782313948|5711906160|3318427035|1918005804|1102736349|630543771,4|5|4|7|12|7|6|13|14|15|18|15|16|15|14
14,6|4|3|2|2|2|2|2|2|1|1|1,0,0|4,2,8,10,2,1091317827600|655368113400|392341417776|234115975170|139228648020|82508510700|48717207660|28656220439|16789796100|9797059440|5692447740|3292896915|1896038298|1086446790|619368750,8|9|10|9|8|11|10|13|12|19|14|15|14|17|16
14,6|4|3|2|2|2|2|1|1|1|1|1|1|1,0,0|2,2,4,8,4,655668877500|404155683750|247841234550|151208653050|91783996200|55430098425|33304762725|19908353920|11838904140|7003346490|4120780650|2411484300|1403327340|811943730|466969230,4|5|4|9|10|7|6|27|12|13|12|19|16|17|16
14,6|4|3|2|2|1|1|1|1|1|1|1|1|1|1|1,0,0|4,2,6,8,2,111546435000|71708422500|45746296200|28963256575|18200355550|11352401950|7029146650|4320672055|2636660860|1597436060|960860300|573789425|340150910|200155670|116886770,6|7|8|7|6|9|8|13|12|15|14|15|14|17|16
14,6|4|3|1|1|1|1|1|1|1|1|1|1|1|1|1|1|1,0,0|2,2,8,12,4,3491888400|2374114600|1598594184|1065900000|703713640|459991440|297689640|190737134|120995880|75994290|47258230|29098080|17739084|10706410|6396390,8|9|8|17|10|15|12|15|14|13|12|25|16|17|16
14,6|4|2|2|2|2|2|2|2|2|1|1,0,0|4,2,8,10,2,193819813200|118445441400|72160607376|43816890546|26511915924|15980770260|9594226980|5735563236|3413447496|2021889924|1191689820|698718285|407438262|236223702|136131138,8|9|10|9|8|11|10|17|14|15|14|15|14|17|16
14,6|4|2|2|2|2|2|2|2|1|1|1|1,0,0|4,2,10,12,2,224877612960|138615036560|85118510400|52061668428|31711615448|19232973120|11612348880|6978366325|4173099924|2482809084|1469306048|864702168|505943328|294243092|170041872,10|11|14|11|10|19|14|13|12|15|22|21|22|19|22
14,6|4|2|2|2|2|1|1|1|1|1|1|1|1|1|1,0,0|4,2,10,12,2,50482729440|32720287600|21056044416|13453150260|8534050184|5374774944|3360640800|2086009167|1285319244|786081780|477134032|287392380|171754968|101828012|59876388,10|11|16|11|10|17|16|13|12|15|18|19|18|19|18
14,6|4|2|2|2|1|1|1|1|1|1|1|1|1|1|1|1,0,0|4,2,6,8,2,17484503400|11610080300|7645360632|4992588237|3232986458|2075952450|1321750950|834413034|522262104|324074016|199349500|121551915|73457466|43992286|26103714,6|7|8|7|6|9|8|15|14|21|14|15|14|17|16
14,6|4|1|1|1|1|1|1|1|1|1|1|1|1|1|1|1|1|1|1,0,0|4,2,6,8,2,60127704|43743700|31495464|22432179|15797398|10994958|7559730|5132708|3439968|2275056|1484392|955305|606342|379522|234234,6|7|8|7|6|9|8|17|18|19|16|15|14|17|16
14,6|3|3|3|3|3|3|3|1,0,0|2,2,6,10,4,223730278200|128437752300|73722632412|42301733760|24258798720|13900623750|7956976950|4548827647|2596388120|1479211740|840895500|476816010|269578584|151898175|85257315,6|7|6|21|18|9|8|13|14|15|14|17|18|15|14
14,6|3|3|3|3|3|3|2|2,0,0|2|4|6,4,10,17,7,353379106080|203800648480|117491001936|67693944648|38971720040|22413413088|12874309668|7383967514|4227559776|2415451248|1376821316|782663376|443526468|250447912|140846706,10|13|10|13|10|17|10|15|18|19|14|23|16|21|16
14,6|3|3|3|3|3|3|2|1|1,0,0|2,2,6,11,5,730852242120|423430267260|245134445556|141784248606|81917585568|47268207090|27234143430|15664346243|8992004168|5150232444|2942322936|1676092803|951659544|538330221|303233931,6|7|6|9|14|9|8|13|14|15|16|15|18|15|14
14,6|3|3|3|3|3|3|1|1|1|1,0,0|2,2,4,9,5,498308346900|291339007050|170081947854|99138150657|57689750274|33509866455|19426411485|11237671172|6485290476|3732876882|2142373170|1225580175|698585994|396588387|224120169,4|5|4|7|6|7|6|17|12|13|12|15|14|15|14
14,6|3|3|3|3|3|1|1|1|1|1|1|1,0,0|2|4|6,4,14,25,11,299836817280|180853953280|108695422528|65097554368|38850946464|23105658528|13692847888|8085163660|4756041136|2786674800|1625964816|944486796|545994240|313979952|179519340,14|19|14|19|14|17|14|17|16|19|18|19|30|23|18
14,6|3|3|3|3|2|2|2|2|2,0,0|2,2,4,8,4,365426121060|215582076710|126999334462|74693432814|43850207388|25691086902|15018387462|8757808696|5093202338|2953180251|1706703775|982750175|563599146|321764157|182771589,4|5|4|9|8|9|8|19|10|11|10|15|14|15|14
14,6|3|3|3|3|2|2|1|1|1|1|1|1,0,0|2,2,6,11,5,638856855000|387032327500|233633878100|140533924650|84232747500|50305821150|29933730450|17744367200|10477355140|6160977900|3607019500|2101927625|1218704550|702744315|402791025,6|7|6|9|8|9|8|23|12|15|14|15|14|15|14
14,6|3|3|3|3|2|1|1|1|1|1|1|1|1,0,0|2,2,6,11,5,292932680040|180564323940|110770758252|67637948994|41110836228|24873403698|14980359438|8980358541|5358034836|3181204152|1879146780|1104063345|644970546|374462517|215954739,6|7|6|9|8|9|8|13|12|17|14|15|14|15|14
14,6|3|3|3|2|2|2|2|2|2|1,0,0|2,2,2,6,4,391527986850|235123949775|140902269651|84243886155|50242378680|29882924955|17721569385|10476239774|6171933360|3622641660|2117764680|1232588115|713938698|411329490|235585350,2|3|2|7|10|7|6|15|16|15|16|15|14|17|16
14,6|3|3|3|2|2|2|2|1|1|1|1|1,0,0|2,2,6,11,5,525861765000|321359967500|195692489300|118740016450|71784101400|43233885750|25937605650|15498037555|9221070760|5461891110|3219886250|1888549025|1101618760|638761695|367955445,6|7|6|9|10|9|8|13|14|13|12|15|18|15|14
14,6|3|3|3|2|2|2|1|1|1|1|1|1|1,1,5|7|9|11,4,25,29,4,337283481600|209240678400|129205518336|79417036800|48589731840|29591032320|17936271360|10819719232|6494545920|3878352000|2303585280|1360458720|798588288|465703680|269642880,30|29|30|31|26|25|28|25|30|25|30|25|26|31|28
14,6|3|3|3|2|2|1|1|1|1|1|1|1|1|1,0,0|2,2,4,9,5,156611194740|99021363870|62242910730|38899221075|24171627480|14934667059|9174980997|5604184859|3403101372|2054124828|1232184936|734342103|434644056|255373833|148855707,4|5|4|7|10|7|6|13|12|15|16|15|18|15|14
14,6|3|3|3|1|1|1|1|1|1|1|1|1|1|1|1|1,0,0|2,2,2,6,4,9394953750|6238448125|4108772325|2684152800|1739281850|1117909125|712716975|450703645|282683940|175831740|108442600|66296775|40161690|24095630|14307930,2|3|2|17|6|7|6|13|12|15|16|15|14|17|16
14,6|3|3|2|2|2|2|2|2|2|2,0,0|2,2,2,6,4,83051391150|50753627925|30942981069|18815458662|11407994364|6894911595|4152909475|2492032998|1489349904|886202268|524803860|309173580|181106442|105424176|60942882,2|3|2|9|8|7|6|15|16|15|14|19|14|23|16
14,6|3|3|2|2|2|2|2|2|2|1|1,0,0|2|4|6,4,12,23,11,207870062400|127581625600|78090445664|47656614720|28991025360|17575781520|10616127720|6387042046|3826367600|2281834800|1354041020|799183000|468937392|273393120|158258100,12|19|12|19|12|15|12|15|16|19|14|21|20|25|18
14,6|3|3|2|2|2|2|2|2|1|1|1|1,0,0|2|4|6,4,10,17,7,240253860000|148728580000|91754093200|56402453800|34541297000|21070044800|12799324900|7741070750|4660062680|2791434800|1663246200|985376700|580171900|339290600|196946750,10|13|10|13|10|21|10|15|14|19|16|19|16|21|16
14,6|3|3|2|2|2|2|2|1|1|1|1|1|1,0,0|2,2,6,10,4,192329537400|120587567100|75273882684|46778031300|28937006280|17816606730|10916633130|6655229308|4035988600|2434066530|1459388070|869555610|514647672|302387085|176261085,6|7|6|11|10|9|8|17|14|13|12|17|18|15|14
14,6|3|3|2|2|2|2|1|1|1|1|1|1|1|1,0,0|2,2,4,8,4,114994233900|73316429550|46485377694|29310251922|18377914464|11458238085|7102983465|4377285864|2681212212|1631995344|986828220|592572330|353201184|208852527|122430399,4|5|4|9|14|7|6|19|12|19|14|17|22|15|14
14,6|3|3|2|2|2|1|1|1|1|1|1|1|1|1|1,0,0|2|4|6,4,8,15,7,51967515600|33820129200|21861889896|14037077868|8952423876|5671088280|3568018410|2229354974|1383119672|851887344|520752780|315833760|189963708|113245704|66864798,8|11|8|11|8|13|8|15|14|19|14|25|16|21|16
14,6|3|3|2|2|1|1|1|1|1|1|1|1|1|1|1|1,0,0|2|4|6,4,12,21,9,17370225600|11580150400|7659442336|5026272160|3272275760|2113451600|1354089880|860550782|542403680|339004960|210047460|128976300|78449288|47238880|28139020,12|17|12|17|12|15|12|15|18|21|14|19|18|25|18
14,6|3|3|2|1|1|1|1|1|1|1|1|1|1|1|1|1|1,0,0|2,2,2,6,4,4020266250|2754626875|1870790075|1259192550|839880750|555080175|363461025|235758950|151466980|96364800|60694900|37832300|23326050|14217060|8558550,2|3|2|9|6|7|6|15|12|27|14|19|14|19|16
14,6|3|3|1|1|1|1|1|1|1|1|1|1|1|1|1|1|1|1,0,0|2,2,2,6,4,528377850|373219275|261118011|180905670|124080450|84233895|56584925|37604616|24717090|16063635|10318815|6548850|4103946|2537535|1546545,2|3|2|9|6|7|6|19|10|11|10|17|14|15|14
14,6|3|2|2|2|2|2|2|2|2|1|1|1,0,0|2|4|6,4,10,17,7,59661407520|37564589920|23575604624|14744637336|9186975304|5700976112|3522284532|2165936916|1325090856|806190624|487542964|292909364|174712692|103386712|60641438,10|13|10|13|10|15|10|17|14|21|14|19|16|21|16
14,6|3|2|2|2|2|1|1|1|1|1|1|1|1|1|1|1,0,0|2|4|6,4,8,15,7,10221709680|6868556240|4581672312|3033656052|1993650316|1300214808|841378494|540113364|343858200|217035504|135756824|84111132|51586476|31294744|18760014,8|11|8|11|8|13|8|17|14|19|16|19|16|21|16
14,6|3|1|1|1|1|1|1|1|1|1|1|1|1|1|1|1|1|1|1|1,0,0|2|4|6,4,8,15,7,12171600|9209200|6899816|5116188|3752196|2720040|1947690|1376592|959616|659232|445900|296660|193908|124344|78078,8|11|8|11|8|13|8|21|22|21|14|19|16|21|16
14,6|2|2|2|2|2|2|2|2|2|2|1|1,0,0|2,2,6,11,5,6246600360|4015671660|2574148500|1644818714|1047246104|664123802|419299942|263427052|164593828|102213748|63042280|38584645|23411300|14065337|8355347,6|7|6|9|10|9|8|17|12|15|16|15|16|15|14
14,6|2|2|2|2|2|2|2|2|2|1|1|1|1,0,0|2,2,6,10,4,7548255000|4892387500|3159944700|2033288400|1302985400|831271950|527752950|333271775|209225100|130499280|80810900|49640250|30218100|18207475|10842975,6|7|6|15|10|9|8|13|12|19|14|17|16|15|14
14,6|2|2|2|2|2|2|1|1|1|1|1|1|1|1|1|1,0,0|2,2,4,8,4,2254788900|1533017850|1035551034|694894410|463136400|306505035|201359775|131265113|84871920|54396090|34534710|21699810|13480632|8268975|4999995,4|5|4|9|12|7|6|13|16|13|12|17|18|15|14
14,6|2|2|2|2|2|1|1|1|1|1|1|1|1|1|1|1|1,0,0|2,2,4,9,5,934593660|650259610|449038590|307708401|209201096|141074037|94330587|62519002|41050464|26687934|17166730|10915575|6853440|4242953|2585583,4|5|4|7|10|7|6|15|18|13|12|15|24|15|14
14,6|2|2|1|1|1|1|1|1|1|1|1|1|1|1|1|1|1|1|1|1,0,0|2,2,4,9,5,12978900|9854350|7412394|5520735|4069040|2965995|2136645|1520004|1066920|738180|502840|336765|221364|142505|89595,4|5|4|7|12|7|6|17|14|15|16|15|16|15|14
14,6|2|1|1|1|1|1|1|1|1|1|1|1|1|1|1|1|1|1|1|1|1,0,0|2,2,4,8,4,1465100|1151150|896126|690690|526680|397005|295545|217056|157080|111860|78260|53690|36036|23595|15015,4|5|4|9|10|7|6|23|14|15|14|17|16|15|14
14,5|5|5|5|5|3,0,0|2,2,4,8,4,191413682460|98745153650|51067020290|26474980532|13758964076|7167565262|3742580270|1958661705|1027330722|540003411|284439967|150129100|79394590|42066739|22329307,4|5|4|11|8|9|8|13|10|11|10|19|14|15|14
14,5|5|5|5|4|2|2,0,0|4,2,8,10,2,1461704484240|769521672920|405731566240|214248692658|113308520156|60016925800|31838410500|16915812732|9001055784|4796743140|2560021996|1368282443|732372630|392555020|210700490,8|9|12|9|8|13|10|17|14|15|14|15|14|19|16
14,5|5|5|5|3|3|1|1,0,0|4,2,8,10,2,2436174140400|1295425931800|689505696880|367370585582|195943026188|104623503920|55926190060|29929368105|16035528852|8601553548|4619346200|2483674655|1336964530|720540964|388794406,8|9|10|9|8|15|10|13|12|15|16|15|14|19|16
14,5|5|5|5|2|2|2|1|1,0,0|2,2,8,12,4,2361214936080|1280553073800|694333655400|376438104504|204089237352|110660689440|60014603040|32557512764|17669025304|9593407278|5211461262|2832674460|1540663740|838533696|456744288,8|9|8|13|10|17|16|17|14|13|12|19|16|27|24
14,5|5|5|5|2|2|1|1|1|1,0,0|2,2,8,13,5,2007835830000|1099529145000|601468183800|328728889500|179543103000|98013442200|53488767800|29185458785|15924172520|8689313370|4742387550|2588993550|1413918660|772534620|422341920,8|9|8|11|10|13|12|13|14|13|12|17|16|19|24
14,5|5|5|4|4|4|1,1,3|5,2,13,14,1,795485433600|419839534400|221988029120|117586478152|62395124480|33165867800|17658770480|9417563220|5030444352|2691193920|1441902880|773679940|415722560|223690324|120526120,16|15|14|13|20|13|14|17|20|23|20|19|24|19|20
14,5|5|5|4|4|3|2,0,0|4,2,8,10,2,2436174140400|1295425931800|689862645472|367913768222|196494438868|105090331060|56282212220|30183067551|16207934316|8714703564|4691665160|2528946035|1364829862|737447282|398916518,8|9|12|9|8|11|10|13|12|15|16|15|14|17|16
14,5|5|5|4|4|2|2|1,0,0|4,2,8,10,2,4385113452720|2354968335720|1265739707232|680877499302|366579603156|197538091920|106542771660|57516677582|31078861128|16808986152|9099665148|4930802613|2674341450|1451838960|788882094,8|9|12|9|8|15|10|15|14|17|14|15|14|23|16
14,5|5|5|4|4|1|1|1|1|1,0,0|4,2,10,12,2,1766895530400|967585647600|529421444640|289493877948|158228591400|86459076000|47236703360|25807561395|14101338108|7706560140|4212914520|2303858370|1260384180|689825136|377717340,10|11|12|11|10|17|20|13|12|15|16|17|16|23|18
14,5|5|5|4|3|2|2|2,1,3|5,2,15,16,1,4252231226880|2311728881280|1257237840768|684008030160|372284280576|202706309520|110420604320|60177696488|32812269056|17900478792|9770848752|5336413032|2916248640|1594644792|872512368,18|17|16|15|20|15|16|19|26|17|18|21|24|21|22
14,5|5|5|4|3|1|1|1|1|1|1,1,3|5,2,15,16,1,2570029862400|1437992899200|802922516352|447515471568|249040503936|138407778000|76837282720|42617554896|23620333344|13083760008|7244170800|4009659720|2218886208|1227749952|679302624,18|17|16|15|18|15|16|21|18|17|18|21|24|27|24
14,5|5|5|4|2|2|2|1|1|1,0,0|2|4|6,4,12,23,11,4947307485120|2748504158400|1525268791200|845614795872|468412568976|259279030560|143430417240|79305011786|43832238296|24219511512|13380034668|7391058180|4082695320|2255321640|1246004760,12|15|12|17|12|17|12|15|14|17|14|19|18|21|20
14,5|5|5|3|3|3|2|2,0,0|2|4|6,4,12,16,4,2657644516800|1455376759200|797293355040|436929061296|239521373520|131344834920|72047012440|39532626770|21698891144|11914318500|6544242180|3595972500|1976725680|1087054488|598033800,12|13|12|15|12|13|12|15|14|15|14|19|20|21|20
14,5|5|5|3|3|2|2|2|1,1,3|5,2,15,16,1,4906420646400|2719299273600|1506572672640|834389419248|461958424320|255685737840|141480772320|78270200960|43293889408|23944851000|13242722640|7323936960|4050725760|2240547816|1239398160,18|17|16|15|20|15|16|27|22|17|18|27|26|21|22
14,5|5|5|3|3|2|2|1|1|1,0,0|4,2,8,10,2,6184134356400|3451990341800|1924959688960|1072443538782|596989968388|332076829040|184598605620|102559539775|56953554812|31615587108|17545026100|9734475905|5400140130|2995376384|1661345686,8|9|18|9|8|15|10|13|12|15|14|15|14|31|16
14,5|5|5|3|3|2|1|1|1|1|1,1,3|5,2,15,16,1,4038618355200|2281071478400|1285799433600|723471353616|406409080704|227968633200|127710976800|71464628620|39951106272|22315290408|12455731600|6948324240|3874168320|2159222208|1202970912,18|17|16|15|18|15|16|17|18|17|18|23|30|27|24
14,5|5|5|3|3|1|1|1|1|1|1|1,0,0|2|4|6,4,8,12,4,1342381669200|770626513800|440958992760|251575593984|143145505620|81253494270|46022618070|26017716270|14683617528|8274732660|4657100700|2618141460|1470450960|825159192|462685080,8|9|8|27|8|9|8|15|14|15|14|19|20|21|20
14,5|5|5|3|2|2|2|2|1|1,0,0|4,2,12,14,2,3747960216000|2111945836000|1188547286080|668061920680|375068090960|210343235840|117844271360|65961425460|36890617680|20617216200|11515308560|6428253590|3586881980|2000661520|1115514400,12|13|14|13|12|23|22|17|16|17|18|17|16|23|24
14,5|5|5|3|2|2|2|1|1|1|1,0,0|4,2,8,10,2,3710480613840|2110458550200|1197864559584|678555841194|383683623708|216587828160|122076449220|68711765507|38627425452|21691451124|12169410792|6821715285|3821273082|2139189624|1196845650,8|9|12|9|8|19|10|13|12|15|16|15|14|21|16
14,5|5|5|3|1|1|1|1|1|1|1|1|1|1,0,0|4,2,6,8,2,181886304600|109228018900|65203686240|38705901927|22856877450|13432648020|7859271090|4579815625|2659034532|1538752320|887832400|510912105|293313570|168029004|96065970,6|7|12|7|6|11|8|13|12|23|18|15|14|19|16
14,5|5|5|2|2|2|2|2|1|1|1,1,3|5,2,15,16,1,1199347269120|690100611200|396194632064|226966379024|129749544448|74025771856|42154207520|23962601432|13599443648|7706631912|4361409136|2465281720|1391981536|785164952|442442000,18|17|16|15|22|15|16|19|20|17|18|21|22|21|22
14,5|5|5|2|1|1|1|1|1|1|1|1|1|1|1,1,3|5,2,15,16,1,55697241600|34405571200|21101252480|12853220688|7778458112|4678625680|2798088480|1664582080|985452608|580816152|340952080|199418120|116249760|67557776|39143104,18|17|16|15|22|15|16|25|20|17|18|21|22|23|26
14,5|5|4|4|4|4|2,0,0|4,2,8,10,2,805429001520|432545204520|232679489328|125366276178|67650576084|36559626012|19785305592|10721771541|5817633900|3160511028|1719002304|936016389|510224022|278416710|152082216,8|9|10|9|8|11|12|13|12|15|22|15|14|17|20
14,5|5|4|4|4|3|3,0,0|2|4|6,4,10,17,7,974469656160|525904258880|284250062096|153857776072|83393651640|45259695000|24593879700|13379891616|7287248136|3973172448|2168473384|1184666692|647811956|354568500|194240046,10|15|10|13|10|13|10|23|14|21|16|19|16|19|16
14,5|5|4|4|4|3|1|1|1,0,0|2,2,4,8,4,3607411707900|1975487363850|1082223512370|593123060838|325217175360|178407929700|97920679780|53772359410|29544123070|16240982415|8932728735|4915734285|2706622380|1491097608|821921100,4|5|4|9|16|11|10|15|10|11|10|15|16|21|18
14,5|5|4|4|4|2|2|2,0,0|4,2,8,10,2,2372896890000|1299443535000|712042905600|390406853850|214183011900|117571911600|64575569500|35487427430|19512743720|10734858840|5908893000|3254217675|1793155950|988603200|545331150,8|9|32|9|8|15|10|15|14|17|16|15|14|27|16
14,5|5|4|4|4|2|2|1|1,0,0|2|4|6,4,12,19,7,4947307485120|2722327928320|1498287138656|824800753392|454167938224|250154959472|137827761192|75963886460|41881976752|23099497848|12744972884|7034645464|3884354760|2145733304|1185820636,12|21|12|15|12|15|12|17|16|17|14|21|18|21|18
14,5|5|4|4|4|2|1|1|1|1,0,0|2|4|6,4,12,21,9,3747960216000|2082200120000|1156055811680|641536501760|355877084720|197359345760|109428678120|60666903570|33631542000|18644025120|10335983140|5730635680|3177688360|1762360600|977616640,12|15|12|29|12|17|12|15|16|21|14|25|18|21|30
14,5|5|4|4|4|1|1|1|1|1|1,0,0|4,2,10,12,2,1252889557920|705993322320|397130804928|223056842580|125123582376|70111040688|39249063048|21954867207|12272870724|6856840332|3829199868|2137655718|1193024580|665694744|371399028,10|11|14|11|10|15|12|13|12|15|14|17|16|21|18
14,5|5|4|4|3|3|3|1,0,0|2,2,6,11,5,2842203163800|1556444589700|853077389164|467947317838|256884473664|141120882630|77578130630|42674267090|23488640840|12936100170|7128424730|3930268265|2168133044|1196698503|660879219,6|7|6|9|16|9|8|15|14|13|12|15|16|15|14
14,5|5|4|4|3|3|2|1|1,0,0|2,2,8,13,5,7951029886800|4396204355400|2431131751224|1344682350396|743900648832|411620510400|227807723880|126104857263|69821633772|38667539754|21419331570|11867904180|6577468524|3646454526|2022202182,8|9|8|11|18|19|12|13|12|13|12|19|16|17|16
14,5|5|4|4|3|3|1|1|1|1,0,0|2,2,4,8,4,4879041066900|2723485886550|1519313927670|847119846672|472122218808|263032006320|146499312420|81575625915|45415658070|25280865855|14071458915|7831890000|4359074940|2426298732|1350647298,4|5|4|15|10|15|10|13|10|11|10|23|16|19|16
14,5|5|4|4|3|2|2|1|1|1,0,0|2|4|6,4,12,19,7,8673850785600|4864699382400|2726279205408|1526823981936|854562138768|478039699440|267286879800|149386285944|83461828848|46615761144|26029657260|14531752620|8111576088|4527470376|2526952428,12|17|12|15|12|15|12|19|16|17|14|19|18|21|18
14,5|5|4|4|2|2|2|2|2,0,0|2,2,8,12,4,1836500505840|1034853459640|582791796664|328009890208|184501163336|103718349392|58272903472|32722468912|18365817400|10303334370|5777886842|3238965422|1815158576|1017003988|569725156,8|9|8|17|10|15|14|21|14|13|12|17|20|19|18
14,5|5|4|4|2|2|2|2|1|1,0,0|2|4|6,4,12,21,9,4258072203840|2410654633920|1363380302304|770327464896|434840362416|245246564160|138203564040|77822448354|43791214680|24625971864|13840524756|7774886088|4365652464|2450488248|1375133760,12|15|12|19|12|19|12|15|14|17|14|21|20|21|26
14,5|5|4|4|2|2|2|1|1|1|1,0,0|2|4|6,4,12,19,7,4176298526400|2386456300800|1361197959264|775090588272|440658579504|250163425200|141830148200|80313014236|45427991008|25670080536|14492438100|8175416040|4608679680|2596496760|1462160700,12|19|12|15|12|15|12|17|18|17|14|21|28|21|18
14,5|5|4|4|2|2|1|1|1|1|1|1,0,0|2,2,2,6,4,2525188195530|1463005859315|845120982167|486873228611|279791636894|160423238360|91790966960|52422031816|29887189948|17013163482|9671218690|5490827650|3113994268|1764351589|998868871,2|3|2|7|6|13|14|19|12|13|12|17|16|15|14
14,5|5|4|4|2|1|1|1|1|1|1|1|1,0,0|2,2,2,6,4,947107971810|558743591835|328230540495|192061248687|111977513802|65070231633|37697972103|21779826453|12551659560|7217065980|4141226628|2371902588|1356287328|774427797|441648207,2|3|2|7|6|7|6|13|14|15|14|19|22|15|14
14,5|5|4|4|1|1|1|1|1|1|1|1|1|1,0,0|2|4|6,4,12,19,7,180154054080|108664350080|65176613216|38888008016|23089674608|13647597392|8033148552|4710385680|2752399584|1603195800|931128812|539389532|311732696|179791040|103511408,12|17|12|15|12|15|12|21|18|17|14|19|18|27|22
14,5|5|4|3|3|3|3|1|1,0,0|2,2,6,11,5,3092067178200|1725995170900|963612469820|538047922566|300454925584|167788859810|93704432250|52331217785|29225286244|16321149936|9114588560|5090044135|2842572480|1587514643|886652767,6|7|6|9|12|9|8|13|12|19|18|15|24|15|14
14,5|5|4|3|3|2|2|2|1|1,0,0|4,2,8,10,2,6899654034000|3924406395000|2230129933920|1266192309690|718271850780|407105105040|230549454180|130459377825|73766046900|41679901620|23534635320|13280768865|7490328930|4222501920|2379366990,8|9|12|9|8|15|10|13|12|15|16|15|14|25|16
14,5|5|4|3|3|2|2|1|1|1|1,0,0|4,2,12,14,2,6562754827200|3767507400800|2159165035456|1235448961032|705848473616|402702345760|229445604960|130567284848|74213688736|42137133048|23900903920|13544724050|7669583988|4339699936|2454002408,12|13|14|13|12|17|16|21|18|17|18|17|16|25|20
14,5|5|4|3|2|2|2|2|1|1|1,0,0|4,2,8,10,2,4385113452720|2540581603560|1469200404672|848092395150|488698549092|281124878112|161452822596|92578705401|53006577204|30306706164|17305256556|9869391873|5622390642|3199759992|1819403586,8|9|14|9|8|17|10|13|12|15|14|15|14|21|16
14,5|5|4|3|2|2|1|1|1|1|1|1|1,0,0|2,2,4,8,4,1970434966500|1172877956250|695354229570|410700279990|241717741980|141792129765|82917875755|48348885585|28116077220|16309434750|9438947070|5451198390|3142147140|1808041950|1038767730,4|5|4|9|8|7|6|13|12|13|12|17|16|17|16
14,5|5|4|3|1|1|1|1|1|1|1|1|1|1|1,0,0|4,2,6,8,2,137378241000|85407107500|52746087680|32369579385|19745702470|11976798860|7225854870|4337781175|2591945660|1542101040|913850380|539580635|317538870|186308980|109018910,6|7|18|7|6|11|8|13|12|19|14|15|14|19|16
14,5|5|4|2|2|2|2|2|2|2,0,0|2,2,8,12,4,500414468400|292570363800|170776366200|99514214712|57886579368|33611890680|19481738760|11271702960|6510210192|3753784458|2160953370|1242117360|712960380|408696354|233999766,8|9|8|13|10|13|12|21|16|13|12|23|16|17|16
14,5|5|4|2|2|2|2|1|1|1|1|1|1,0,0|2,2,4,9,5,967304438100|580894464150|347497328178|207105099201|122992623468|72791481165|42939913185|25251625854|14805966168|8657219844|5048852760|2937380985|1705151448|987827841|571203633,4|5|4|7|8|7|6|15|14|15|16|15|18|15|14
14,5|5|4|2|2|2|1|1|1|1|1|1|1|1,0,0|2,2,6,11,5,501565264200|306512105900|186356910740|112750603966|67899310024|40708292170|24303583850|14452004385|8561670852|5054358498|2974107990|1744767255|1020738180|595648053|346783437,6|7|6|9|10|9|8|13|12|13|12|15|16|15|14
14,5|5|4|1|1|1|1|1|1|1|1|1|1|1|1|1|1,0,0|2,2,8,12,4,5354228880|3526992040|2303168296|1491123040|957291896|609563288|385088744|241444364|150298496|92930406|57098350|34878250|21190972|12811370|7709702,8|9|8|17|10|13|12|17|22|13|12|17|16|17|16
14,5|5|3|3|3|3|3|3,0,0|4,2,10,12,2,265764451680|149756159280|84434566944|47626183332|26872424280|15165393048|8559366608|4830942207|2726413620|1538493768|868012656|489636456|276146784|155717640|87800076,10|11|12|11|10|13|14|13|12|17|18|21|22|21|18
14,5|5|3|3|3|3|3|1|1|1,0,0|2|4|6,4,10,17,7,1374252079200|785286902400|448519634640|256043363576|146086597624|83302358920|47472311700|27036330090|15387595608|8751960672|4974544260|2825685060|1604113060|910156676|516189674,10|17|10|13|10|13|10|15|14|21|14|19|16|19|16
14,5|5|3|3|3|3|2|2|1|1,0,0|4,2,8,10,2,2788023466800|1600531990200|918220834080|526414263606|301570959060|172630606860|98741488860|56431979730|32224686624|18386073360|10481694300|5970755835|3398639310|1933272198|1099110870,8|9|12|9|8|11|10|15|18|19|14|15|14|17|16
14,5|5|3|3|3|3|2|1|1|1|1,0,0|4,2,8,10,2,2436174140400|1411434224200|816579395632|471781928618|272210269396|156855673780|90269104120|51883798876|29784486424|17077690728|9780667400|5595441005|3197874526|1825978154|1041828788,8|9|10|9|8|11|12|17|14|17|16|15|14|17|18
14,5|5|3|3|3|2|2|2|2|1,0,0|4,2,8,10,2,2007835830000|1163269965000|673299184800|389299189950|224845694100|129716123400|74747905900|43022148085|24732664300|14201672400|8145340800|4666598475|2670815070|1527154200|872521650,8|9|12|9|8|13|10|13|12|19|24|15|14|21|16
14,5|5|3|3|3|2|2|2|1|1|1,1,3|5|11|13,4,25,34,9,2776967331840|1619897610240|943456849920|548627768832|318536005632|184658293248|106884497408|61773851776|35649261568|20543230464|11821751040|6793914720|3899633280|2235863136|1280712576,28|27|26|25|26|25|46|27|32|29|26|25|26|25|28
14,5|5|3|3|3|2|2|1|1|1|1|1,0,0|4,2,6,8,2,2192556726360|1293492460260|761192872440|446877327897|261748855602|152975020302|89213295132|51921251564|30157897504|17483705568|10117724820|5845155195|3371543010|1941994626|1117212096,6|7|8|7|6|9|10|17|18|21|14|15|14|17|26
14,5|5|3|3|3|1|1|1|1|1|1|1|1|1,0,0|4,2,8,10,2,309330450000|189035275000|114954598000|69579809750|41929475500|25161482500|15039398000|8955610125|5313993300|3142663500|1852752700|1089120175|638523050|373451650|217960600,8|9|10|9|8|11|14|13|12|15|14|15|14|17|20
14,5|5|3|3|2|2|2|2|2|2,0,0|2|4|6,4,12,21,9,634270190400|372507889600|218470843360|127939607488|74805998960|43667940800|25448777640|14806078210|8599657528|4986526440|2886745820|1668557660|963026240|555081736|319576180,12|15|12|19|12|19|12|15|14|17|14|19|24|21|18
14,5|5|3|3|2|2|2|2|2|1|1,0,0|4,2,8,10,2,1537637184720|907124582520|534199064256|314008064370|184231578492|107885412648|63056864988|36785341593|21418966764|12448577664|7222100508|4182785073|2418656274|1396539144|805350546,8|9|14|9|8|13|10|13|12|25|14|15|14|21|16
14,5|5|3|3|2|2|2|2|1|1|1|1,0,0|4,2,6,8,2,1661027823000|988707037500|587018184480|347651439135|205381110090|121036849050|71159724610|41738092760|24425260160|14262195360|8310246000|4832488725|2804906250|1625295750|940389450,6|7|12|7|6|9|8|19|22|21|18|15|14|17|16
14,5|5|3|3|2|2|2|1|1|1|1|1|1,0,0|2|4|6,4,8,15,7,1188323856720|716766770720|430785534872|258012696172|154017635156|91643037332|54359733582|32147967236|18957432032|11148344760|6538934164|3825939964|2233489412|1301183884|756685930,8|13|8|11|8|11|8|17|18|17|14|19|16|19|16
14,5|5|3|3|2|2|1|1|1|1|1|1|1|1,0,0|2|4|6,4,10,17,7,595264269600|365347382400|223157476080|135679825512|82130280840|49506068760|29720866860|17774287650|10590851712|6288687720|3721916520|2196063540|1292110380|758315844|444053610,10|17|10|13|10|13|10|15|22|17|16|19|16|19|16
14,5|5|3|3|2|1|1|1|1|1|1|1|1|1|1,0,0|4,2,8,10,2,201488086800|126329832200|78725504000|48773070346|30047208620|18411664700|11224141500|6809127325|4111654492|2471951820|1480054940|882782945|524690650|310868558|183673490,8|9|22|9|8|11|10|13|12|15|14|15|14|17|16
14,5|5|3|3|1|1|1|1|1|1|1|1|1|1|1|1,0,0|4,2,6,8,2,38465907480|24728083380|15780885120|9999716727|6293019642|3934181004|2443937834|1509003223|926370004|565600812|343567308|207704343|125020566|74956596|44786742,6|7|16|7|6|11|8|13|12|15|14|15|14|19|16
14,5|5|3|2|2|2|2|1|1|1|1|1|1|1,0,0|2|4|6,4,14,23,9,382144963200|236565929600|145775005376|89427642304|54621911968|33221269120|20121885680|12138816508|7294518112|4367113744|2605225840|1548951580|918072936|542611784|319907588,14|17|14|19|14|21|14|17|18|19|18|19|18|21|18
14,5|5|3|1|1|1|1|1|1|1|1|1|1|1|1|1|1|1,0,0|2|4|6,4,12,25,13,1946992320|1328899520|898849568|602475104|400184080|263441248|171898008|111200754|71336136|45396408|28669508|17976968|11198432|6934720|4272268,12|15|12|17|12|17|12|15|14|17|14|21|22|27|18
14,5|5|2|2|2|2|2|2|2|2|2,0,0|4,2,8,10,2,42068941200|25708797400|15676972960|9537111826|5787225884|3502337960|2113615460|1271841120|763047912|456428988|272212820|161880785|96007010|56799028|33532642,8|9|12|9|8|13|10|23|14|15|14|15|14|19|16
14,5|5|2|2|2|2|2|2|1|1|1|1|1|1,0,0|4,2,10,12,2,98208583200|61575222800|38444043680|23901306044|14797351240|9122551480|5600433440|3423803705|2084473916|1263911880|763345520|459289040|275372720|164580052|98098000,10|11|12|11|10|13|16|13|12|17|18|23|20|19|22
14,5|5|2|2|2|2|2|1|1|1|1|1|1|1|1,0,0|4,2,10,12,2,59178319200|37730092400|23926635040|15092984676|9471020824|5912540840|3672285840|2269435875|1395601284|854128296|520329600|315594180|190638360|114736908|68840772,10|11|12|11|10|13|14|13|12|17|24|19|18|19|18
14,5|5|2|2|1|1|1|1|1|1|1|1|1|1|1|1|1|1,0,0|4,2,6,8,2,2300805000|1576477500|1070824800|721034325|481282350|318468900|208926150|135904660|87674600|56107800|35631300|22464375|14069070|8759400|5426850,6|7|12|7|6|11|8|17|14|17|14|15|14|21|16
14,5|5|2|1|1|1|1|1|1|1|1|1|1|1|1|1|1|1|1,0,0|4,2,6,8,2,370351800|261597700|183050560|126866971|87077570|59184140|39832050|26546450|17521952|11456760|7423360|4768945|3039730|1924208|1211210,6|7|14|7|6|11|8|15|18|17|24|15|14|23|16
14,5|4|4|4|4|3|3|1,0,0|2,2,6,10,4,1148482094760|635007295780|351556118628|194870651976|108145077040|60082374066|33414733638|18601561979|10364555784|5779772982|3225508622|1801279326|1006530228|562732313|314753439,6|7|6|13|12|9|8|13|14|13|12|17|16|15|14
14,5|4|4|4|4|3|2|1|1,0,0|2,2,4,8,4,2951518670100|1647540844950|920244359958|514335463488|287648743032|160969714920|90132501900|50496504394|28305343934|15873956091|8906189355|4998816900|2806647228|1576262688|885446562,4|5|4|19|10|13|10|15|10|11|10|19|16|25|16
14,5|4|4|4|4|3|1|1|1|1,0,0|2,2,8,13,5,1740124386000|980546281000|552462933880|311259356980|175369723360|98814545440|55684648760|31383881165|17690383820|9972993210|5622967610|3170647040|1787967500|1008288710|568598030,8|9|8|11|14|17|12|13|12|13|12|35|16|17|16
14,5|4|4|4|4|2|2|1|1|1,0,0|2|4|6,4,12,25,13,2505779115840|1418615689920|802930361376|454371169824|257091064464|145453798464|82288402872|46551806938|26334385136|14896999440|8426744988|4766495844|2695914936|1524635112|862101240,12|15|12|17|12|19|12|15|16|19|14|19|18|21|20
14,5|4|4|4|3|3|3|1|1,1,3|5|7|9,4,19,23,4,2056023889920|1155833536000|650153748992|365911702464|206044025600|116078029120|65422642560|36887152232|20805169600|11738042928|6624097088|3738879760|2110650432|1191588112|672736064,22|21|20|19|20|19|20|19|20|19|22|23|24|23|26
14,5|4|4|4|3|3|2|1|1|1,0,0|2,2,4,8,4,4228502257980|2405100490650|1367680400658|777601145178|442040420016|251251156260|142790682060|81140727213|46102412214|26190859059|14876816967|8448793155|4797240228|2723240520|1545475932,4|5|4|9|12|11|10|13|10|11|10|15|16|21|18
14,5|4|4|4|2|2|2|2|2|1,0,0|2,2,8,13,5,1461704484240|846860534520|490268891112|283607295972|163929396696|94678686024|54639355992|31507951111|18155131960|10453119726|6013963578|3457348554|1986050352|1139981700|653825172,8|9|8|11|10|13|12|13|14|13|12|17|20|19|18
14,5|4|4|4|2|2|2|1|1|1|1|1,0,0|2,2,2,6,4,1656464559750|977226446625|575198385465|337842441090|198036225750|115868148990|67674167880|39460881460|22973971460|13355674470|7753280010|4494889245|2602468440|1504874085|869113245,2|3|2|9|6|9|12|17|12|13|12|15|18|15|14
14,5|4|4|4|2|2|1|1|1|1|1|1|1,1,3|5|7|9,4,21,25,4,886912266240|531443461120|317349987328|188899376512|112106824192|66349081216|39167301888|23066153264|13553716352|7947563808|4651087616|2716842128|1584167552|922139504|535895360,24|23|22|21|22|21|22|21|22|21|26|23|26|23|26
14,5|4|4|4|2|1|1|1|1|1|1|1|1|1,0,0|2,2,2,6,4,304521767550|186096635725|113189885809|68542212739|41335098766|24832129075|14864834465|8868828787|5275118632|3128582268|1850510200|1091774365|642586516|377346541|221109889,2|3|2|7|6|7|6|13|14|15|16|15|16|15|14
14,5|4|4|3|3|3|3|1|1|1,0,0|2,2,6,10,4,1864418985000|1070314602500|614355270100|352583731500|202316218000|116068349150|66573122850|38174401720|21883611740|12540753540|7184054500|4113762950|2354579040|1347007805|770167255,6|7|6|11|12|9|8|19|12|15|14|17|22|15|14
14,5|4|4|3|3|3|2|2|2,0,0|4,2,8,10,2,1686582097200|968223055800|555878788080|319146512454|183221756460|105175596600|60364268220|34637731240|19870194512|11395078380|6532427580|3743288175|2144034090|1227401604|702251550,8|9|10|9|8|13|10|19|16|15|14|15|14|19|16
14,5|4|4|3|3|3|1|1|1|1|1|1,0,0|4,2,6,8,2,1405485081000|829161833500|488150080880|286837367355|168245877610|98521069340|57601248060|33627003200|19603216360|11412303840|6635061020|3852617230|2234162700|1293972680|748487740,6|7|10|7|6|11|10|25|14|21|14|17|16|21|18
14,5|4|4|3|3|2|2|2|1|1|1,1,3|5,2,15,16,1,3598041807360|2108376350080|1233980435072|721369228272|421217178496|245675904464|143131399392|83297083548|48423090912|28119446712|16311518384|9451806232|5470972320|3163269824|1826913088,18|17|16|15|18|15|16|17|18|17|18|21|22|27|26
14,5|4|4|3|2|2|2|2|2|2,0,0|2,2,8,13,5,766628226000|452270091000|266544496680|156915615780|92270156760|54192061440|31788888960|18623886505|10897166000|6367954950|3716423970|2166131280|1260876420|732959370|425495070,8|9|8|11|10|27|20|13|16|13|12|23|16|17|16
14,5|4|4|3|2|2|2|1|1|1|1|1|1,0,0|2,2,6,10,4,1418713175880|859484966340|519039997476|312497993808|187602046632|112312369026|67060860438|39940205305|23729876324|14065820118|8318691990|4909038750|2890777428|1698746049|996206211,6|7|6|15|10|9|8|13|12|13|12|17|16|15|14
14,5|4|4|3|2|2|1|1|1|1|1|1|1|1,0,0|2,2,4,8,4,702742540500|433171989250|265840896090|162472045890|98906430780|59985761145|36252104655|21835240910|13109771640|7847137620|4683456540|2787492510|1654618680|979615065|578512935,4|5|4|9|8|7|6|15|14|15|14|17|18|15|14
14,5|4|4|2|2|2|2|2|2|1|1|1,0,0|4,2,6,8,2,618413435640|374647293020|226474729096|136602002691|82210045918|49364808284|29575555482|17679628120|10544918384|6275535588|3726531088|2208074099|1305519930|770220308|453418966,6|7|8|7|6|11|8|19|16|15|18|15|14|19|16
14,5|4|4|2|2|2|2|1|1|1|1|1|1|1,0,0|2,2,4,9,5,365426121060|227182905950|140652618106|86731718073|53275114828|32601898121|19878666405|12078412073|7314113380|4414607442|2656120418|1593203590|952793556|568142146|337799462,4|5|4|7|8|7|6|13|12|13|12|17|16|17|16
14,5|4|4|2|2|1|1|1|1|1|1|1|1|1|1|1,0,0|4,2,8,10,2,59526426960|38581943400|24842652912|15894122706|10106277156|6387899376|4014549180|2509164063|1560045060|965077092|594156780|364120515|222164514|134975412|81663582,8|9|10|9|8|15|10|13|12|15|14|15|14|19|16
14,5|4|4|1|1|1|1|1|1|1|1|1|1|1|1|1|1|1,0,0|2,2,8,13,5,1613954160|1105857480|751273656|506056068|338011272|223896528|147102384|95882815|62018432|39818394|25384086|16072578|10110564|6320106|3926286,8|9|8|11|10|15|14|13|22|13|12|17|16|17|16
14,5|4|3|3|3|3|2|2|1|1|1,1,3|5,2,13,14,1,1908052473600|1128173883200|666467119808|393360839368|231954434432|136646981240|80420630640|47281068436|27767718496|16289424984|9544707760|5585846980|3264848384|1905736924|1110882136,16|15|14|13|18|13|14|17|18|17|18|19|30|19|20
14,5|4|3|3|3|2|2|2|2|1|1,1,3|5,2,15,16,1,1542017917440|919907514240|548178897024|326287680048|193980218496|115178578704|68300381664|40447493716|23919782688|14125379112|8329147152|4903870752|2882680416|1691821560|991278288,18|17|16|15|18|15|16|17|18|17|18|25|22|21|22
14,5|4|3|3|3|2|2|2|1|1|1|1,1,3|5,2,11,12,1,1627129296000|979290780000|588316179360|352802415420|211194247680|126202248900|75281492520|44827488160|26646011840|15810522120|9364386000|5536345380|3267146880|1924447980|1131425880,14|13|12|11|22|11|12|23|20|17|18|19|26|19|20
14,5|4|3|3|3|1|1|1|1|1|1|1|1|1|1,1,3|5,2,13,14,1,131286355200|83182756800|52431720000|32885247384|20528154240|12756481320|7892747280|4863162920|2984505568|1824531120|1111248000|674374140|407816640|245777532|147627480,16|15|14|13|18|13|14|19|18|19|24|19|24|19|20
14,5|4|3|3|2|2|2|1|1|1|1|1|1|1,0,0|2|4|6,4,8,15,7,562194032400|350999448800|218301521592|135267698412|83515886468|51383857620|31506977430|19255037438|11729258688|7122174192|4311163220|2601582060|1565168616|938822456|561464904,8|13|8|11|8|11|8|15|20|19|14|19|18|21|20
14,5|4|2|2|2|2|2|2|1|1|1|1|1|1|1,1,3|5,2,17,18,1,50633856000|32885216000|21267662080|13696243680|8782984960|5608315040|3565815360|2257385200|1422841280|892886400|557845120|346979480|214867680|132474680|81324880,20|19|18|17|20|17|18|21|20|25|24|21|22|21|22
14,5|4|2|2|1|1|1|1|1|1|1|1|1|1|1|1|1|1|1,1,3|5,2,15,16,1,938995200|669468800|473376640|331928784|230784640|159098480|108744480|73693260|49515168|32988600|21794480|14280640|9282240|5986552|3832400,18|17|16|15|18|15|16|17|18|17|18|27|24|21|22
14,5|3|3|3|3|3|3|3|2,0,0|2,2,6,11,5,88344776520|52118743820|30767857252|18172891506|10737592360|6345677822|3750323742|2216202219|1309267608|773129052|456250144|269029739|158473788|93235571|54773719,6|7|6|9|10|9|8|13|14|15|20|15|16|15|14
14,5|3|3|3|3|3|3|3|1|1,0,0|2|4|6,4,10,17,7,146441636640|86780229120|51442318512|30500964936|18086167944|10724162904|6357779532|3768004422|2232116544|1321459920|781719228|461987604|272715444|160767828|94623750,10|21|10|13|10|13|10|15|20|19|14|19|16|19|16
14,5|3|3|3|3|3|3|2|2|1,0,0|2,2,6,10,4,290020731000|172631387500|102771448780|61183796960|36421622120|21676389410|12896241670|7668830715|4557462120|2706321660|1605566540|951468980|563114860|332771725|196311115,6|7|6|17|10|9|8|13|14|15|14|19|16|15|14
14,5|3|3|3|3|3|3|1|1|1|1|1,0,0|2,2,4,9,5,196767911340|119205956870|72132217234|43597196643|26320007070|15870933729|9558511347|5749412893|3453571940|2071494558|1240565998|741683789|442602006|263588325|156627471,4|5|4|7|6|7|6|13|12|13|12|15|14|15|14
14,5|3|3|3|3|3|2|2|2|2,0,0|2,2,4,8,4,180705224700|108518746050|65155375890|39106975644|23461990020|14067927210|8429404050|5046727770|3018637422|1803591225|1076278545|641354670|381574710|226611099|134309175,4|5|4|11|8|9|8|15|10|11|10|17|14|15|14
14,5|3|3|3|3|3|2|1|1|1|1|1|1,0,0|2,2,6,11,5,267868921320|165114970020|101554700940|62330444946|38177979156|23337440442|14237236782|8668119663|5266661148|3193241940|1931874084|1166085459|702148986|421702281|252567315,6|7|6|9|8|9|8|13|12|15|14|15|14|15|14
14,5|3|3|3|3|3|1|1|1|1|1|1|1|1,0,0|2,2,6,11,5,93699005400|58747789100|36713077940|22871321858|14205598140|8797714710|5433180850|3346044940|2054989804|1258584600|768655860|468087675|284199630|172013127|103768665,6|7|6|9|8|9|8|17|12|17|14|15|14|15|14
14,5|3|3|3|3|2|2|1|1|1|1|1|1|1,0,0|2|4|6,4,14,23,9,201930917760|127141688960|79794354112|49923686208|31140993312|19367802432|12010763952|7426994652|4579381488|2815397568|1725791120|1054669660|642503136|390122304|236054676,14|17|14|19|14|19|14|17|16|23|18|19|22|27|18
14,5|3|3|3|2|2|2|2|2|2|2,0,0|2|4|6,4,12,21,9,75932700480|47005957440|29065813920|17949414912|11068631184|6814812576|4188631928|2569747726|1573435216|961356048|586042260|356376300|216143280|130718016|78810732,12|15|12|25|12|17|12|15|16|19|14|19|20|27|18
14,5|3|3|3|2|2|2|2|2|2|1|1,0,0|2,2,2,6,4,189199914750|117624285625|73017152285|45253903695|27999048280|17291779925|10658541495|6556440835|4024375040|2464518420|1505590100|917388010|557433030|337704290|203930650,2|3|2|7|10|7|6|13|24|15|14|17|14|17|16
14,5|3|3|3|2|2|2|2|2|1|1|1|1,0,0|2,2,6,10,4,216531315000|135761697500|84936325100|53021607100|33024424400|20521851350|12722388250|7867901580|4853436720|2986040790|1832087950|1120832350|683609300|415590175|251776525,6|7|6|11|12|9|8|17|16|13|12|17|16|15|14
14,5|3|3|3|2|2|2|2|1|1|1|1|1|1,0,0|2|4|6,4,10,17,7,170361828000|108166240000|68465069680|43204001960|27181186440|17049310200|10661941260|6647316690|4131603000|2559915960|1580996200|973164220|596941100|364831740|222115530,10|19|10|13|10|13|10|15|14|17|16|19|16|19|16
14,5|3|3|3|2|2|2|1|1|1|1|1|1|1|1,0,0|2|4|6,4,8,15,7,98912333520|63848172960|41042378520|26275541292|16755089364|10642653684|6734174382|4244862804|2665577496|1667477016|1039082100|644953980|398702700|245441196|150432282,8|13|8|11|8|11|8|17|14|17|14|19|16|19|16
14,5|3|3|3|2|2|1|1|1|1|1|1|1|1|1|1,0,0|2,2,4,8,4,42440137740|27956598670|18318179110|11940780698|7744495836|4998215607|3210272681|2052147097|1305685612|826883316|521223164|327009452|204183364|126867741|78429351,4|5|4|9|8|7|6|13|12|15|14|19|16|15|14
14,5|3|3|3|2|1|1|1|1|1|1|1|1|1|1|1|1,0,0|2,2,2,6,4,12795032250|8631569375|5785729235|3853887895|2551334630|1678871675|1098248645|714270375|461892300|297003300|189905300|120743810|76334830|47980790|29979950,2|3|2|7|6|7|6|13|12|15|14|17|14|17|16
14,5|3|3|3|1|1|1|1|1|1|1|1|1|1|1|1|1|1,0,0|2|4|6,4,12,23,11,2260440000|1566760000|1078037600|736389600|499404400|336281600|224853000|149306430|98464320|64495440|41961100|27116600|17405160|11095240|7023380,12|15|12|17|12|35|12|15|20|19|14|21|18|21|18
14,5|3|3|2|2|2|2|2|2|2|2|1,0,0|2,2,2,6,4,54211567410|34276625955|21638292291|13636016064|8576615124|5383127061|3371094333|2105967717|1312207296|815352804|505125072|311941971|191987334|117729612|71909838,2|3|2|19|8|7|6|13|20|15|18|15|14|19|16
14,5|3|3|2|2|2|2|2|2|2|1|1|1,1,3|5|7|9,4,19,23,4,83729479680|53272327680|33824051712|21428713152|13544338176|8539925568|5370645888|3368326248|2106457536|1313328816|816209856|505539936|311990976|191803392|117429312,22|21|20|19|20|19|20|19|20|19|22|25|24|39|26
14,5|3|3|2|2|2|2|2|2|1|1|1|1|1,0,0|2,2,6,11,5,81205804680|52203731580|33463930500|21389109742|13630827392|8660309762|5485157002|3462952493|2179001216|1366365658|853713602|531399407|329465268|203413353|125029905,6|7|6|9|18|9|8|13|22|13|12|15|16|15|14
14,5|3|3|2|2|2|2|1|1|1|1|1|1|1|1|1,0,0|2,2,4,9,5,31889157300|21175075350|13991513778|9200138409|6020586468|3921164685|2541745305|1639795626|1052879988|672790536|427820400|270694215|170400780|106698735|66441375,4|5|4|7|8|7|6|15|12|17|18|15|16|15|14
14,5|3|3|2|2|2|1|1|1|1|1|1|1|1|1|1|1,1,3|5|7|9,4,19,23,4,13438064640|9118686720|6150498816|4123860928|2748806912|1821621056|1200236928|786295272|512177088|331715888|213603136|136745488|87022848|55042416|34594560,22|21|20|19|20|19|20|19|20|19|22|23|28|23|30
14,5|3|3|2|2|1|1|1|1|1|1|1|1|1|1|1|1|1,0,0|2,2,2,6,4,4236629670|2947707945|2036582541|1397283363|952022610|644181153|432897003|288929970|191532684|126106848|82465488|53557623|34541766|22119552|14061138,2|3|2|7|6|7|6|15|12|21|18|15|14|29|16
14,5|3|3|1|1|1|1|1|1|1|1|1|1|1|1|1|1|1|1|1,0,0|2,2,2,6,4,118107990|87174945|63812925|46317117|33328014|23770617|16802431|11769317|8168318|5616633|3825969|2581557|1725174|1141569|747747,2|3|2|7|6|7|6|13|10|11|10|15|14|15|14
14,5|3|2|2|2|2|2|2|2|2|2|1|1,0,0|2,2,6,10,4,17946279000|11631847500|7525166220|4858322040|3129450480|2010797490|1288519830|823259385|524325060|332791740|210443220|132544440|83121840|51885405|32224335,6|7|6|13|12|9|8|13|12|15|14|21|20|15|14
14,5|3|2|2|2|2|2|2|2|2|1|1|1|1,0,0|2,2,6,11,5,21622847400|14129215100|9209731300|5987394798|3881710640|2509165150|1616875950|1038436000|664577564|423715320|269064320|170126605|107075760|67060499|41776735,6|7|6|9|12|9|8|23|12|17|24|15|20|15|14
14,5|3|2|2|2|2|2|1|1|1|1|1|1|1|1|1|1,0,0|2,2,4,9,5,6310341180|4323752290|2946623702|1997336715|1346601212|902976811|602202183|399395469|263398872|172709658|112574290|72927965|46943556|30016415|19058611,4|5|4|7|8|7|6|13|14|13|12|15|16|15|14
14,5|3|2|2|2|2|1|1|1|1|1|1|1|1|1|1|1|1,0,0|2,2,4,8,4,2571250500|1802596250|1255653490|869070930|597651860|408354505|277206735|186947670|125241480|83337030|55071310|36135170|23537100|15215005|9757475,4|5|4|9|8|7|6|15|14|13|12|17|16|15|14
14,5|3|2|1|1|1|1|1|1|1|1|1|1|1|1|1|1|1|1|1|1,0,0|2,2,4,8,4,30063852|22985326|17430182|13105554|9767140|7212647|5275881|3821447|2740024|1944180|1364692|947336|650112|440869|295295,4|5|4|9|8|7|6|13|14|15|14|21|26|15|14
14,5|3|1|1|1|1|1|1|1|1|1|1|1|1|1|1|1|1|1|1|1|1,0,0|2,2,4,9,5,2619540|2072070|1625778|1264725|974988|744477|562761|420903|311304|227556|164304|117117|82368|57123|39039,4|5|4|7|8|7|6|13|14|15|18|15|24|15|14
14,5|2|2|2|2|2|2|2|2|2|2|1|1|1,0,0|2|4|6,4,10,17,7,2549632800|1699755200|1130990960|750933656|497407080|328609320|216463420|142132280|92994344|60605240|39324780|25392840|16307940|10409828|6599450,10|15|10|13|10|13|10|19|14|17|14|21|16|19|16
14,5|2|2|2|2|2|2|1|1|1|1|1|1|1|1|1|1|1,0,0|2|4|6,4,8,15,7,601277040|426302240|300589576|210778932|146977084|101905868|70245258|48130950|32773272|22170456|14894600|9933100|6572028|4310956|2801162,8|13|8|11|8|11|8|15|14|17|16|19|16|19|16
14,5|2|2|1|1|1|1|1|1|1|1|1|1|1|1|1|1|1|1|1|1|1,0,0|2|4|6,4,8,15,7,2898000|2300000|1811480|1415260|1096340|841700|640110|481950|359040|264480|192500|138320|98020|68420|46970,8|13|8|11|8|11|8|15|22|21|14|23|16|19|16
14,4|4|4|4|4|4|2|2,0,0|2|4|6,4,10,14,4,139209950880|78443702480|44278622960|25035916048|14179149608|8043352460|4569895980|2600395434|1481895840|845712048|483320752|276591172|158494292|90937990|52242190,10|11|10|15|10|11|10|15|18|19|18|19|16|17|16
14,4|4|4|4|4|3|3|1|1,0,0|2,2,4,8,4,365426121060|207848190550|118373076822|67502082648|38541982752|22034172498|12612376530|7228116805|4147354890|2382452415|1370165783|788871930|454687332|262349373|151528377,4|5|4|13|14|9|8|13|10|11|10|17|16|15|14
14,4|4|4|4|4|2|2|2|1|1,0,0|4,2,10,12,2,524714430240|304001217520|176186164000|102148281004|59247623848|34380166240|19959840320|11593944537|6738162564|3918293820|2279844056|1327307828|773215520|450706256|262874612,10|11|12|11|10|17|18|13|12|15|16|19|22|23|18
14,4|4|4|4|4|2|2|1|1|1|1,0,0|4,2,10,12,2,481880599200|281734424400|164651363712|96199223076|56196426312|32826247920|19175573400|11202736265|6546027900|3825909180|2236741620|1308094920|765278712|447886296|262233972,10|11|16|11|10|15|12|13|12|15|14|21|18|21|18
14,4|4|4|4|3|3|3|1|1|1,0,0|2,2,4,8,4,501958957500|290817491250|168582211050|97780869450|56748709800|32955259050|19149833350|11134745055|6478476630|3771761445|2197327425|1280927175|747192600|436132125|254729475,4|5|4|9|10|9|8|13|10|11|10|15|18|15|14
14,4|4|4|4|3|3|2|2|2,0,0|4,2,10,12,2,442940752800|256624404400|148793479744|86335823756|50131390712|29129470760|16937671920|9855267877|5738162668|3343209576|1949115560|1137082340|663779584|387731656|226627492,10|11|14|11|10|13|14|13|12|17|16|19|28|21|18
14,4|4|4|4|3|3|1|1|1|1|1|1,0,0|4,2,10,12,2,353379106080|210344706000|125041837536|74250039732|44048530680|26111224392|15468361480|9158745673|5420625892|3207200808|1897154292|1122046860|663558984|392404584|232059828,10|11|12|11|10|13|12|13|12|17|14|19|18|21|18
14,4|4|4|4|3|2|2|2|1|1|1,1,3|5,2,15,16,1,856676620800|506527049600|299355655808|176848613744|104441848448|61664384240|36400571360|21484311968|12679377824|7482722328|4415974480|2606255080|1538322016|908098048|536151616,18|17|16|15|18|15|16|23|18|17|18|21|22|33|26
14,4|4|4|4|2|2|2|2|2|2,0,0|2,2,10,15,5,143103935520|85180914000|50689196208|30154993176|17933709360|10662296232|6337363480|3765779164|2237190424|1328825148|789159924|468608490|278239668|165199398|98083986,10|11|10|13|12|13|12|17|14|15|14|17|16|17|16
14,4|4|4|4|2|2|2|1|1|1|1|1|1,0,0|2,2,2,6,4,257672264850|157466384075|96002582291|58403524718|35459941946|21491038580|13003815550|7856836757|4740819776|2857253112|1720242580|1034732545|621887728|373497124|224181958,2|3|2|9|6|11|8|13|20|17|14|15|20|19|16
14,4|4|4|4|2|2|1|1|1|1|1|1|1|1,0,0|2,2,2,6,4,124367713470|77318552025|47899538973|29578128723|18210331386|11181090258|6848189010|4184976159|2552290128|1553725800|944292708|573061005|347316552|210254616|127153026,2|3|2|7|6|9|8|13|16|17|14|15|18|21|16
14,4|4|4|3|3|3|3|2|2,0,0|4,2,8,10,2,284747626800|166479432600|97419151440|57053601774|33438837276|19612176480|11510303220|6759529595|3971912916|2335196844|1373652060|808444125|476030790|280429812|165275838,8|9|10|9|8|17|10|13|12|15|14|15|14|19|16
14,4|4|4|3|3|3|2|2|2|1,1,5|7,2,19,20,1,623037542400|368383308800|217872957440|128887770112|76263225088|45134238400|26716466560|15817218760|9366067072|5547019008|3285773440|1946669680|1153520000|683656064|405257216,24|23|32|27|20|19|20|19|22|27|24|23|26|29|34
14,4|4|4|3|3|3|2|2|1|1|1,0,0|2|4|6,4,10,14,4,824551247520|490804314000|292066321008|173761142016|103356059400|61467295692|36550140220|21731117100|12919151784|7679898492|4565168244|2713612440|1613012940|958815858|569963394,10|11|10|23|10|11|10|17|14|15|14|21|16|17|16
14,4|4|4|3|3|3|2|1|1|1|1|1,1,5|7,2,19,20,1,587435397120|353549081600|212547850240|127654230528|76600757504|45929616448|27520260480|16479595944|9862933248|5900104800|3528041728|2108881280|1260192384|752848096|449656064,24|23|26|25|20|19|20|19|24|21|26|29|26|25|30
14,4|4|4|3|3|3|1|1|1|1|1|1|1,0,0|4,2,6,8,2,223730278200|136724058900|83372992560|50740879761|30826647774|18698469660|11325722460|6851223015|4139703492|2498739048|1506850560|907945830|546674700|328936608|197806752,6|7|10|7|6|11|10|13|12|17|26|17|16|25|24
14,4|4|4|3|3|2|2|2|2|1|1,0,0|2|4|6,4,14,18,4,642507465600|385844430400|231600798528|138951406176|83326899168|49947494640|29926598160|17923665004|10730850528|6422326704|3842512400|2298352980|1374391128|821691156|491158668,14|15|14|17|14|15|14|17|18|19|18|19|18|19|18
14,4|4|4|3|3|2|2|2|1|1|1|1,0,0|2|4|6,4,10,14,4,674632838880|408706137840|247310459088|149485056336|90263319000|54452229780|32820273300|19766102314|11895462488|7154036820|4299892044|2583010452|1550890044|930772986|558383826,10|11|10|15|10|11|10|15|14|15|14|19|16|17|16
14,4|4|4|3|3|1|1|1|1|1|1|1|1|1|1,0,0|2|4|6,4,8,12,4,51967515600|33132728200|21030240440|13292891568|8369661652|5250875630|3283288470|2046693880|1272244688|788793912|487895080|301125440|185484420|114045646|70003934,8|9|8|15|8|9|8|19|16|17|16|27|16|17|16
14,4|4|4|3|2|2|2|2|2|1|1|1,1,5|7,2,19,20,1,373822525440|228941573120|140035104768|85548343296|52198867200|31812716352|19366402176|11776781464|7154132352|4341751488|2632550272|1594845456|965421312|583977888|353004288,24|23|28|33|20|19|20|19|22|23|24|23|28|25|30
14,4|4|4|3|2|1|1|1|1|1|1|1|1|1|1|1,1,5|7,2,19,20,1,29705195520|19449830400|12665511936|8204765184|5288883456|3393419328|2167752320|1379124152|874057856|551999616|347467008|218058720|136464768|85182240|53044992,24|23|28|29|20|19|20|19|22|25|26|25|26|25|30
14,4|4|4|2|2|2|2|2|2|2|1|1,0,0|4,2,10,12,2,96376119840|59916370800|37201103808|23066289180|14282215032|8830809528|5452434000|3361781675|2069893732|1272746016|781575240|479356350|293649444|179682360|109825716,10|11|14|11|10|13|14|13|12|21|16|17|16|21|18
14,4|4|4|2|2|2|2|2|2|1|1|1|1,0,0|4,2,6,8,2,110735188200|69429205300|43444970296|27132354977|16912119146|10521699500|6533853430|4050146373|2506202076|1548229788|954908360|588070895|361637938|222088516|136210438,6|7|8|7|6|11|8|13|12|15|16|15|14|19|16
14,4|4|4|2|2|2|1|1|1|1|1|1|1|1|1|1,0,0|4,2,8,10,2,22792770000|15014285000|9839574800|6416563450|4164625300|2690861800|1731192100|1109265080|708044480|450319020|285439100|180358475|113626810|71388460|44734690,8|9|10|9|8|13|10|19|20|15|14|15|14|19|16
14,4|4|4|2|2|1|1|1|1|1|1|1|1|1|1|1|1,0,0|4,2,10,12,2,7326839520|4942709200|3313628032|2208077300|1462809608|963660776|631438080|411643505|267063404|172477392|110916952|71044930|45337028|28831088|18274256,10|11|16|11|10|13|22|13|12|19|16|17|16|23|22
14,4|4|3|3|3|3|3|3|1|1,0,0|4,2,8,10,2,137425207920|81800719000|48728059072|29047189094|17326204500|10340672892|6174657940|3688670447|2204425916|1317855336|788073524|471384485|282019474|168759162|101002902,8|9|14|9|8|11|10|13|12|17|14|15|14|17|16
14,4|4|3|3|3|3|3|2|1|1|1,1,3|5,2,13,14,1,330432410880|198871358400|119699376192|72050832216|43371881856|26109132168|15717485520|9461743200|5695707744|3428500392|2063636496|1242020340|747457920|449785908|270637224,16|15|14|13|18|13|14|23|18|17|18|19|26|19|20
14,4|4|3|3|3|3|2|2|2|1|1,0,0|2|4|6,4,10,14,4,394265944800|238854236400|144686134224|87631538256|53066866392|32129684820|19449151380|11770581186|7121820504|4307982948|2605206780|1575045000|951975612|575232138|347496786,10|11|10|15|10|11|10|15|14|15|14|21|16|17|16
14,4|4|3|3|3|3|2|2|1|1|1|1,0,0|2|4|6,4,14,18,4,397742716800|243064993600|148422624064|90564435104|55222157536|33649760560|20491586960|12471085172|7585366112|4611055248|2801452400|1701114140|1032429112|626289092|379744508,14|15|14|17|14|15|14|17|18|19|18|19|18|19|18
14,4|4|3|3|3|2|2|2|2|2|1,1,3|5,2,15,16,1,233639078400|143088483200|87598964352|53604878448|32786990976|20043591600|12246568800|7478409232|4564083168|2783834856|1696983280|1033848960|629486304|383065176|232984752,18|17|16|15|18|15|16|21|18|17|18|29|22|21|22
14,4|4|3|3|3|2|2|2|2|1|1|1,0,0|2|4|6,4,10,14,4,341697152160|210622847760|129711409776|79810964064|49063904136|30135665196|18493669116|11339504904|6947037288|4252520844|2601013188|1589635548|970785324|592425522|361282194,10|11|10|17|10|11|10|19|14|15|14|19|16|17|16
14,4|4|3|3|3|2|2|2|1|1|1|1|1,1,3|5,2,11,12,1,299836817280|186803096480|116182190432|72142513828|44727510272|27689930684|17118343064|10568685260|6516651008|4013247000|2468643184|1516823044|930999872|570857716|349701352,14|13|12|11|20|11|12|17|28|17|18|19|24|19|20
14,4|4|3|3|3|2|2|1|1|1|1|1|1|1,0,0|4,2,6,8,2,181886304600|115002187300|72514671768|45607384977|28615624994|17914029870|11190849780|6976946823|4341592332|2696865444|1672395200|1035449910|640133076|395187364|243651408,6|7|8|7|6|9|10|13|12|15|22|17|16|19|22
14,4|4|3|3|3|2|1|1|1|1|1|1|1|1|1,1,3|5,2,13,14,1,75589113600|48692987200|31246269120|19978141128|12730136192|8085794520|5120460720|3233489700|2036498784|1279429776|801925120|501532020|313019520|194989652|121249128,16|15|14|13|18|13|14|17|18|19|32|19|26|19|20
14,4|4|3|3|3|1|1|1|1|1|1|1|1|1|1|1,0,0|2|4|6,4,8,12,4,18317098800|12066025400|7908782024|5159398816|3350733932|2166898370|1395722250|895616358|572669712|364953864|231852440|146862320|92771932|58453538|36742706,8|9|8|17|8|9|8|15|16|17|16|23|16|17|16
14,4|4|3|3|2|2|2|2|2|2|2,0,0|4,2,10,12,2,66721929120|41480564400|25770903840|15998604732|9923591016|6149838672|3807558720|2355064551|1455199500|898256844|553905864|341218350|209989692|129105900|79304148,10|11|12|11|10|15|18|13|12|15|16|17|16|19|18
14,4|4|3|3|2|2|2|2|1|1|1|1|1|1,0,0|4,2,6,8,2,148816067400|94880085300|60335618112|38272927077|24219806958|15291487950|9633094110|6055561071|3798833556|2378416824|1486285920|927105795|577306422|358900542|222780558,6|7|14|7|6|9|8|13|12|17|20|15|14|17|16
14,4|4|3|3|2|2|2|1|1|1|1|1|1|1|1,0,0|4,2,8,10,2,85982616720|55729473800|35988816864|23159778642|14854470332|9497378748|6053947380|3847896416|2439029712|1541974140|972432468|611814555|384073470|240602934|150432282,8|9|12|9|8|11|10|23|16|15|14|15|14|17|16
14,4|4|3|3|1|1|1|1|1|1|1|1|1|1|1|1|1|1,0,0|4,2,10,12,2,1889727840|1314810640|908638368|623787252|425467608|288376944|194271504|130110421|86651652|57400596|37831000|24813690|16202076|10534524|6822816,10|11|12|11|10|15|14|13|12|15|16|17|16|19|24
14,4|4|3|2|2|2|2|2|1|1|1|1|1|1|1,1,3|5,2,17,18,1,47033226240|30795564800|20096797952|13072572128|8476701952|5479714528|3531718720|2269567832|1454325824|929343520|592276160|376484240|238720416|151009144|95311216,20|19|18|17|20|17|18|19|20|21|22|23|22|21|22
14,4|4|3|2|1|1|1|1|1|1|1|1|1|1|1|1|1|1|1,1,3|5,2,15,16,1,723340800|519542400|370475904|262280016|184355712|128667600|89177120|61386808|41977312|28521144|19259280|12928680|8630592|5731128|3787056,18|17|16|15|18|15|16|19|18|17|18|21|24|21|22
14,4|4|2|2|2|2|2|2|2|2|2|2,0,0|2|4|6,4,10,14,4,4589339040|2974571600|1925953392|1245482832|804324264|518636748|333870060|214547498|137612496|88093800|56280760|35882880|22831116|14497626|9188322,10|11|10|15|10|11|10|15|16|17|16|29|16|17|16
14,4|4|2|2|2|2|2|2|2|1|1|1|1|1|1,0,0|2|4|6,4,12,16,4,12025540800|7985213600|5287420320|3491224464|2298713936|1509241800|988078680|645023190|419860056|272507004|176359820|113811180|73242120|47008052|30094428,12|13|12|15|12|13|12|15|14|15|14|19|18|19|18
14,4|4|2|2|2|2|2|2|1|1|1|1|1|1|1|1,0,0|2|4|6,4,12,16,4,7890442560|5322917600|3577193312|2395009232|1597593904|1061788312|703131880|463955814|305050536|199866324|130497780|84916920|55075416|35608716|22954932,12|13|12|15|12|13|12|15|14|15|14|21|18|19|18
14,4|4|2|2|2|1|1|1|1|1|1|1|1|1|1|1|1|1|1,0,0|2|4|6,4,8,12,4,511290000|369265000|264909400|188776400|133628900|93966950|65644750|45562940|31423640|21537300|14671900|9936400|6691580|4482530|2988050,8|9|8|15|8|9|8|17|14|15|14|23|16|17|16
14,4|4|2|2|1|1|1|1|1|1|1|1|1|1|1|1|1|1|1|1,0,0|2|4|6,4,8,12,4,116953200|86941400|64160040|46998336|34170204|24656970|17658450|12551490|8855112|6201468|4311860|2977140|2041860|1391598|942942,8|9|8|19|8|9|8|15|14|15|14|19|16|17|16
14,4|3|3|3|3|3|3|3|1|1|1,0,0|4,2,8,10,2,49717839600|30383124200|18578324336|11366281498|6957423876|4260636900|2610191480|1599617383|980569684|601216368|368674600|226091635|138650666|85020078|52125216,8|9|10|9|8|11|12|13|12|19|16|15|14|17|24
14,4|3|3|3|3|3|3|2|2|2,0,0|2,2,4,8,4,46849502700|28630251650|17509930130|10716316996|6562555084|4020982120|2464843460|1511510805|927181458|568874607|349086535|214229950|131468810|80672306|49493444,4|5|4|11|8|13|10|13|10|11|10|17|14|17|18
14,4|3|3|3|3|3|3|1|1|1|1|1|1,0,0|2,2,4,9,5,46849502700|29373894550|18397725346|11512213867|7197513006|4496383125|2806869455|1750948136|1091502272|679953246|423286430|263319980|163687832|101675574|63105042,4|5|4|7|6|7|6|19|20|13|12|19|18|17|16
14,4|3|3|3|3|3|2|2|2|1|1|1,1,5|7,2,19,20,1,124607508480|77632455680|48351973376|30106204672|18739829504|11661052352|7253786752|4510627576|2803769344|1742073312|1081914112|671587072|416652032|258334336|160066816,24|23|26|25|20|19|20|19|34|21|26|31|28|29|30
14,4|3|3|3|3|2|2|2|2|2|2,0,0|4,2,10,12,2,34072365600|21362832400|13392644608|8394360436|5260060168|3294940000|2063158040|1291284127|807778804|505035132|315562940|197043230|122948324|76655228|47751704,10|11|20|11|10|17|12|13|12|15|14|17|16|19|20
14,4|3|3|3|3|2|2|2|1|1|1|1|1|1,0,0|4,2,8,10,2,72754521840|46770764040|30007909008|19217262834|12285224820|7840535868|4995846768|3178319298|2018971416|1280622756|811110300|512992095|323976114|204306102|128648520,8|9|10|9|8|11|14|15|14|15|14|15|14|17|20
14,4|3|3|3|3|2|2|1|1|1|1|1|1|1|1,0,0|4,2,6,8,2,40156716600|26239970900|17094961048|11105814621|7195834698|4650761910|2998718220|1929145771|1238381132|793301976|507160980|323591895|206067114|130974558|83087004,6|7|8|7|6|9|10|13|12|17|14|15|14|17|18
14,4|3|3|3|2|2|2|2|2|2|1|1|1,0,0|2,2,2,6,4,51534452970|33129291195|21274479303|13646493861|8743449792|5595378657|3576409507|2283088577|1455602456|926816226|589332954|374220924|237289074|150241377|94981887,2|3|2|7|16|7|6|13|14|13|12|19|14|15|14
14,4|3|3|3|2|2|2|2|1|1|1|1|1|1|1,0,0|4,2,6,8,2,34802487720|22925448260|15059831072|9866570857|6447623286|4202991702|2733230526|1773297981|1147887660|741394476|477801116|307258358|197162812|126244404|80660580,6|7|12|7|6|9|8|13|12|15|14|17|16|19|18
14,4|3|3|3|2|2|1|1|1|1|1|1|1|1|1|1|1,0,0|2,2,2,6,4,7440803370|5098328235|3476311839|2359223559|1593881082|1072149312|718192656|479163006|318454920|210860496|139116600|91463130|59928858|39136383|25474449,2|3|2|7|6|19|14|15|14|19|16|17|14|15|14
14,4|3|3|3|1|1|1|1|1|1|1|1|1|1|1|1|1|1|1,0,0|4,2,10,12,2,358656480|259029680|185853248|132484604|93836600|66044864|46198104|32121369|22203468|15260868|10431428|7092278|4797020|3228212|2161796,10|11|14|11|10|19|12|13|12|15|14|17|16|19|18
14,4|3|3|2|2|2|2|2|2|2|2|1|1,0,0|2,2,2,6,4,17059584150|11147400225|7276950657|4745130984|3090478212|2010206565|1305733905|846898668|548449596|354599208|228877380|147469005|94841766|60878817|38999961,2|3|2|13|8|7|6|17|12|17|14|15|14|15|14
14,4|3|3|2|2|2|2|2|2|2|1|1|1|1,0,0|2,2,8,13,5,20472051600|13485557800|8869222648|5823606932|3817402784|2497999400|1631713200|1063900929|692377836|449726442|291538130|188608640|121765204|78442936|50422372,8|9|8|11|14|13|14|13|12|13|12|29|16|21|18
14,4|3|3|2|2|2|2|1|1|1|1|1|1|1|1|1|1,0,0|2,2,8,13,5,5774168400|3986925800|2740720664|1875956412|1278682064|868023200|586911160|395298519|265231692|177298354|118083850|78362020|51816424|34141822|22416394,8|9|8|11|12|17|12|13|12|13|12|19|18|17|16
14,4|3|3|2|2|2|1|1|1|1|1|1|1|1|1|1|1|1,0,0|2,2,2,6,4,2289637350|1617283525|1136208073|794015651|552013358|381830540|262811120|180019476|122728932|83286126|56265190|37843135|25342394|16898453|11220209,2|3|2|7|6|11|14|17|12|13|12|15|14|15|14
14,4|3|3|1|1|1|1|1|1|1|1|1|1|1|1|1|1|1|1|1|1,0,0|2,2,2,6,4,17895150|13776425|10530389|7990697|6018554|4498970|3337390|2456678|1794434|1300623|935495|667775|473102|332696|232232,2|3|2|7|6|9|8|15|10|11|10|15|14|21|20
14,4|3|2|2|2|2|2|2|2|1|1|1|1|1|1|1,1,5|7,2,21,22,1,3857817600|2648422400|1813127168|1237861376|842787328|572214400|387418880|261556176|176070912|118173696|79073920|52746160|35071744|23243168|15352064,26|25|28|27|22|21|22|21|24|35|24|23|28|25|30
14,4|3|2|2|2|1|1|1|1|1|1|1|1|1|1|1|1|1|1|1,1,5|7,2,19,20,1,131788800|98841600|73666560|54557184|40148736|29357760|21330560|15399640|11047168|7874592|5577600|3925680|2745600|1908192|1317888,24|23|26|25|20|19|20|19|24|21|24|23|28|25|34
14,4|2|2|2|2|2|2|2|2|2|2|2|1|1,0,0|4,2,8,10,2,552193200|378354600|259074576|177254154|121154868|82714740|56395440|38392029|26090676|17696232|11976300|8085285|5443398|3653442|2443584,8|9|10|9|8|11|14|13|12|17|14|15|14|17|26
14,4|2|2|2|2|2|2|2|2|2|2|1|1|1|1,0,0|4,2,8,10,2,686439600|473970200|326876000|225139398|154847492|106336700|72899500|49883575|34064644|23210056|15775280|10692935|7226230|4867214|3266186,8|9|12|9|8|11|10|13|12|17|18|15|14|17|16
14,4|2|2|2|2|2|2|2|1|1|1|1|1|1|1|1|1|1,0,0|4,2,6,8,2,247464360|178724260|128596864|92187601|65844614|46856942|33221782|23466300|16512144|11573100|8078260|5614675|3884782|2674958|1832402,6|7|16|7|6|9|8|17|16|15|14|15|14|17|16
14,4|2|2|2|2|2|2|1|1|1|1|1|1|1|1|1|1|1|1,0,0|4,2,6,8,2,114277800|84347900|61969544|45319911|32992622|23909210|17247620|12384918|8851752|6296444|4456900|3138805|2198822|1531738|1060696,6|7|8|7|6|9|10|15|14|15|14|15|14|17|20
14,4|2|2|2|1|1|1|1|1|1|1|1|1|1|1|1|1|1|1|1|1|1,0,0|4,2,6,8,2,2863224|2295124|1828408|1447325|1138138|888934|689444|530873|405740|307728|231544|172789|127838|93730|68068,6|7|8|7|6|9|10|13|12|19|16|15|14|17|18
14,4|2|2|1|1|1|1|1|1|1|1|1|1|1|1|1|1|1|1|1|1|1|1,0,0|4,2,6,8,2,476280|394380|324576|265419|215586|173874|139194|110565|87108|68040|52668|40383|30654|23022|17094,6|7|12|7|6|9|8|13|12|17|14|15|14|17|16
14,3|3|3|3|3|3|3|3|2|2,0,0|2,2,4,8,4,4745793780|2950427350|1837087694|1145545986|715324844|447274828|280027020|175531629|110158494|69209613|43529201|27405775|17271618|10895248|6879236,4|5|4|9|8|11|10|13|10|11|10|15|14|23|18
14,3|3|3|3|3|3|3|2|2|1|1|1,0,0|4,2,8,10,2,16062686640|10156037320|6425074656|4067111994|2576037404|1632594864|1035298392|656920635|417079596|264960612|168421328|107118099|68167110|43403932|27651624,8|9|12|9|8|15|12|13|12|15|18|15|14|19|20
14,3|3|3|3|3|3|3|1|1|1|1|1|1|1,0,0|2,2,4,9,5,5163006420|3346393050|2166697566|1401647841|906071202|585361323|377982945|243976845|157430664|101560662|65506458|42246270|27243216|17567550|11328174,4|5|4|7|6|7|6|13|14|13|12|17|20|17|16
14,3|3|3|3|3|3|2|2|2|2|1|1,0,0|4,2,10,12,2,14602442400|9310022800|5938207712|3789088452|2418719608|1544562200|986717160|630588511|403147916|257837904|164965100|105584290|67603212|43300712|27744808,10|11|12|11|10|13|12|13|12|19|14|17|16|21|20
14,3|3|3|3|3|3|2|2|2|1|1|1|1,0,0|4,2,8,10,2,16062686640|10326012840|6636890304|4265198850|2740808748|1761174840|1131690400|727225702|467347960|300367164|193070292|124118907|79804494|51320412|33008976,8|9|14|9|8|13|16|15|14|15|14|15|14|19|22
14,3|3|3|3|3|3|1|1|1|1|1|1|1|1|1|1,0,0|4,2,6,8,2,1732250520|1168581700|785963728|527167597|352696278|235427148|156821940|104264391|69202452|45859980|30348508|20058115|13241734|8732724|5753748,6|7|10|7|6|11|10|13|12|15|14|15|14|19|18
14,3|3|3|3|3|2|2|2|1|1|1|1|1|1|1,1,3|5,2,11,12,1,7558911360|5029275680|3339980512|2214340788|1465788288|968909964|639639672|421771448|277814368|182814264|120193744|78959672|51833760|34004256|22294272,14|13|12|11|18|11|12|19|18|17|18|21|22|25|30
14,3|3|3|3|2|2|2|2|2|2|2|1|1,0,0|2,2,8,13,5,5354228880|3526992040|2322780856|1529282260|1006530016|662237176|435551808|286352115|188188428|123628146|81184970|53293130|34971068|22940060|15043028,8|9|8|11|14|13|18|13|12|13|12|17|16|19|18
14,3|3|3|3|2|2|2|2|2|2|1|1|1|1,0,0|2,2,2,6,4,6388568550|4242144725|2814558369|1865887989|1236002136|818124915|541123005|357650237|236220852|155914668|102843580|67795635|44665662|29410797|19355973,2|3|2|7|10|7|6|13|12|15|14|15|14|15|14
14,3|3|3|3|2|2|2|1|1|1|1|1|1|1|1|1|1,0,0|2,2,2,6,4,1709457750|1189384625|824588985|569753910|392422250|269473710|184524120|126019740|85850820|58349790|39572030|26782635|18092250|12200045|8213205,2|3|2|9|6|9|12|17|12|13|12|15|14|15|14
14,3|3|3|3|2|2|1|1|1|1|1|1|1|1|1|1|1|1,0,0|2,2,8,13,5,646485840|460065320|325926744|229901100|161498064|113002032|78774696|54721485|37886796|26149482|17995634|12350382|8454336|5773482|3933930,8|9|8|11|12|15|12|13|12|13|12|17|24|17|16
14,3|3|3|2|2|2|2|2|2|2|2|1|1|1,0,0|2,2,2,6,4,2372896890|1600763775|1079247975|727174422|489620196|329432103|221484575|148792098|99877056|66987630|44891370|30058650|20110170|13443261|8979243,2|3|2|9|8|7|6|15|20|13|12|17|14|15|14
14,3|3|3|2|2|2|2|2|2|1|1|1|1|1|1|1,0,0|4,2,6,8,2,1837235400|1268567300|874066424|601028197|412474914|282541260|193185590|131856431|89843348|61115656|41507340|28146690|19058292|12886016|8700692,6|7|8|7|6|11|8|13|12|17|14|17|16|41|18
14,3|3|3|2|2|2|2|1|1|1|1|1|1|1|1|1|1|1,0,0|2,2,2,6,4,528377850|378810575|270494191|192405048|136352206|96285110|67759560|47529006|33234168|23169096|16106120|11165770|7720746|5325463|3664661,2|3|2|13|6|9|12|15|14|17|16|17|14|15|14
14,3|3|3|2|2|1|1|1|1|1|1|1|1|1|1|1|1|1|1|1,0,0|4,2,10,12,2,57264480|43175600|32372960|24140108|17903624|13207784|9693000|7077609|5142612|3718992|2677268|1918970|1369748|973856|689780,10|11|12|11|10|13|12|13|12|19|14|17|16|25|18
14,3|3|3|1|1|1|1|1|1|1|1|1|1|1|1|1|1|1|1|1|1|1,0,0|2,2,2,6,4,1433250|1148875|915355|724780|570250|445780|346210|267120|204750|155925|117985|88720|66310|49270|36400,2|3|2|11|6|11|8|21|10|11|10|23|14|17|22
14,3|3|2|2|2|2|2|2|2|2|2|2|2,0,0|4,2,8,10,2,208606320|142933960|97943936|67111002|45975820|31487264|21555792|14749389|10086156|6892596|4706660|3211345|2189178|1490996|1014520,8|9|16|9|8|17|14|13|12|15|14|15|14|19|20
14,3|3|2|2|2|2|2|2|2|2|1|1|1|1|1|1,0,0|4,2,8,10,2,601277040|421530200|295083376|206267838|143976908|100352608|69845100|48541087|33685484|23341500|16149560|11156635|7695618|5300204|3644914,8|9|10|9|8|17|10|13|12|15|16|15|14|19|16
14,3|3|2|2|2|2|2|2|2|1|1|1|1|1|1|1|1,0,0|4,2,6,8,2,422702280|300811940|213570456|151288797|106934930|75422676|53084958|37285682|26135136|18282204|12763260|8892675|6183738|4291716|2972970,6|7|8|7|6|11|8|15|18|15|14|15|14|19|16
14,3|3|2|2|2|2|1|1|1|1|1|1|1|1|1|1|1|1|1|1,0,0|4,2,6,8,2,40365000|30647500|23156400|17412375|13031250|9707100|7197900|5313430|3905160|2857860|2082700|1511625|1092810|787020|564720,6|7|10|7|6|11|10|15|14|15|14|15|14|19|22
14,3|3|2|2|2|1|1|1|1|1|1|1|1|1|1|1|1|1|1|1|1,0,0|4,2,6,8,2,11695320|9127300|7084784|5469597|4199782|3207356|2436300|1840769|1383508|1034460|769552|569645|419634|307684|224588,6|7|10|7|6|11|10|13|12|15|18|15|14|19|18
14,3|3|1|1|1|1|1|1|1|1|1|1|1|1|1|1|1|1|1|1|1|1|1|1,0,0|4,2,6,8,2,34776|29900|25576|21759|18406|15476|12930|10731|8844|7236|5876|4735|3786|3004|2366,6|7|8|7|6|11|8|13|12|15|14|15|14|19|16
14,3|2|2|2|2|2|2|2|2|2|2|2|1|1|1,1,3|5,2,13,14,1,105719040|74814400|52943424|37462680|26503936|18746088|13254480|9367596|6617088|4671288|3295280|2322660|1635552|1150460|808248,16|15|14|13|20|13|14|17|30|17|18|19|22|19|20
14,3|2|2|2|2|2|2|2|1|1|1|1|1|1|1|1|1|1|1,1,3|5,2,11,12,1,31574400|23680800|17705952|13199252|9811328|7272620|5376120|3963564|2914464|2137456|1563520|1140700|830016|602316|435864,14|13|12|11|18|11|12|17|18|19|24|19|24|19|20
14,3|2|2|2|1|1|1|1|1|1|1|1|1|1|1|1|1|1|1|1|1|1|1,1,3|5,2,11,12,1,314496|262496|218016|180156|148096|121092|98472|79632|64032|51192|40688|32148|25248|19708|15288,14|13|12|11|18|11|12|21|18|17|18|19|22|19|20
14,2|2|2|2|2|2|2|2|2|2|2|2|2|2,0,0|2,2,6,11,5,2674440|1931540|1396652|1010990|732564|531318|385698|280221|203748|148254|107950|78655|57346|41835|30537,6|7|6|9|8|9|8|13|12|13|12|15|14|15|14
14,2|2|2|2|2|2|2|2|2|2|2|1|1|1|1|1|1,0,0|2,2,2,6,4,8351070|6163885|4548733|3356388|2476384|1827019|1347907|994441|733684|541324|399420|294735|217504|160524|118482,2|3|2|11|14|7|6|13|12|15|14|15|22|19|16
14,2|2|2|2|2|2|2|2|2|2|1|1|1|1|1|1|1|1,0,0|2,2,2,6,4,6216210|4653935|3481027|2601555|1942844|1449967|1081497|806246|600772|447480|333180|247995|184536|137280|102102,2|3|2|7|8|7|6|15|12|17|14|15|18|27|16
14,2|2|2|2|2|2|2|1|1|1|1|1|1|1|1|1|1|1|1|1|1,0,0|2,2,4,9,5,807300|642850|510278|403809|318618|250695|196725|153982|120236|93672|72820|56495|43746|33813|26091,4|5|4|7|6|7|6|15|12|17|14|15|14|15|14
14,2|2|2|2|2|2|1|1|1|1|1|1|1|1|1|1|1|1|1|1|1|1,0,0|2,2,4,9,5,278460|227630|185402|150467|121686|98073|78779|63077|50348|40068|31796|25163|19862|15639|12285,4|5|4|7|6|7|6|13|12|15|14|15|14|15|14
14,2|2|2|1|1|1|1|1|1|1|1|1|1|1|1|1|1|1|1|1|1|1|1|1|1,0,0|2,2,2,6,4,2898|2599|2323|2069|1836|1623|1429|1253|1094|951|823|709|608|519|441,2|3|2|7|8|7|6|13|10|11|10|15|22|15|14
14,2|2|1|1|1|1|1|1|1|1|1|1|1|1|1|1|1|1|1|1|1|1|1|1|1|1,0,0|2,2,2,6,4,350|325|301|278|256|235|215|196|178|161|145|130|116|103|91,2|3|2|9|20|7|6|17|10|11|10|17|16|15|14
