n,lam,d,cand,Lzero,Rzero,shift_c,ratio_re,ratio_im
1,1,2,princN1,0,0,0,1.0,0.0
1,1,2,princN2,0,1,,,
1,1,2,fakedeg,0,0,0,1.0,0.0
1,1,3,princN1,0,0,0,1.0,0.0
1,1,3,princN2,0,0,,0.5,-0.866025
1,1,3,fakedeg,0,0,0,1.0,0.0
1,1,4,princN1,0,0,0,1.0,0.0
1,1,4,princN2,0,0,,0.5,-0.5
1,1,4,fakedeg,0,0,0,1.0,0.0
2,2,2,princN1,0,0,0,1.0,0.0
2,2,2,princN2,0,0,0,1.0,0.0
2,2,2,fakedeg,0,0,0,1.0,0.0
2,2,3,princN1,0,0,0,1.0,0.0
2,2,3,princN2,0,1,,,
2,2,3,fakedeg,0,0,0,1.0,0.0
2,2,4,princN1,0,0,0,1.0,0.0
2,2,4,princN2,0,0,3,0.0,-1.0
2,2,4,fakedeg,0,0,0,1.0,0.0
2,1|1,2,princN1,0,1,,,
2,1|1,2,princN2,0,0,0,1.0,0.0
2,1|1,2,princN3,0,0,0,1.0,0.0
2,1|1,2,fakedeg,0,0,0,1.0,0.0
2,1|1,3,princN1,0,1,,,
2,1|1,3,princN2,0,0,0,1.0,0.0
2,1|1,3,princN3,0,1,,,
2,1|1,3,fakedeg,0,0,0,1.0,0.0
2,1|1,4,princN1,0,1,,,
2,1|1,4,princN2,0,0,0,1.0,0.0
2,1|1,4,princN3,0,0,3,0.0,-1.0
2,1|1,4,fakedeg,0,0,0,1.0,0.0
3,3,2,princN1,0,0,0,1.0,0.0
3,3,2,princN2,0,1,,,
3,3,2,princN3,0,0,,0.5,0.0
3,3,2,fakedeg,0,0,0,1.0,0.0
3,3,3,princN1,0,0,0,1.0,0.0
3,3,3,princN2,0,0,0,1.0,0.0
3,3,3,princN3,0,0,0,1.0,0.0
3,3,3,fakedeg,0,0,0,1.0,0.0
3,3,4,princN1,0,0,0,1.0,0.0
3,3,4,princN2,0,1,,,
3,3,4,princN3,0,1,,,
3,3,4,fakedeg,0,0,0,1.0,0.0
3,2|1,2,princN2,1,1,0,,
3,2|1,2,princN3,1,1,0,,
3,2|1,2,fakedeg,1,1,0,,
3,2|1,3,princN2,0,0,,-2.0,0.0
3,2|1,3,princN3,0,0,,-2.0,-0.0
3,2|1,3,fakedeg,0,0,,-2.0,0.0
3,2|1,4,princN2,0,0,2,-1.0,-0.0
3,2|1,4,princN3,0,1,,,
3,2|1,4,fakedeg,0,0,2,-1.0,-0.0
3,1|1|1,2,princN1,0,1,,,
3,1|1|1,2,princN3,0,0,0,1.0,0.0
3,1|1|1,2,princN4,0,1,,,
3,1|1|1,2,fakedeg,0,0,0,1.0,0.0
3,1|1|1,3,princN1,0,1,,,
3,1|1|1,3,princN3,0,0,0,1.0,0.0
3,1|1|1,3,princN4,0,0,0,1.0,0.0
3,1|1|1,3,fakedeg,0,0,0,1.0,0.0
3,1|1|1,4,princN1,0,1,,,
3,1|1|1,4,princN3,0,0,0,1.0,0.0
3,1|1|1,4,princN4,0,1,,,
3,1|1|1,4,fakedeg,0,0,0,1.0,0.0
4,4,2,princN1,0,0,0,1.0,0.0
4,4,2,princN2,0,0,0,1.0,0.0
4,4,2,princN4,0,0,,0.333333,0.0
4,4,2,fakedeg,0,0,0,1.0,0.0
4,4,3,princN1,0,0,0,1.0,0.0
4,4,3,princN2,0,0,,0.5,-0.866025
4,4,3,princN4,0,0,,0.5,0.0
4,4,3,fakedeg,0,0,0,1.0,0.0
4,4,4,princN1,0,0,0,1.0,0.0
4,4,4,princN2,0,0,0,1.0,0.0
4,4,4,princN4,0,0,0,1.0,0.0
4,4,4,fakedeg,0,0,0,1.0,0.0
4,3|1,2,princN2,0,0,0,1.0,-0.0
4,3|1,2,princN3,0,0,0,1.0,-0.0
4,3|1,2,princN4,0,0,,0.333333,-0.0
4,3|1,2,fakedeg,0,0,0,1.0,-0.0
4,3|1,3,princN2,1,1,0,,
4,3|1,3,princN3,1,1,0,,
4,3|1,3,princN4,1,1,0,,
4,3|1,3,fakedeg,1,1,0,,
4,3|1,4,princN2,0,0,,-1.0,-2.0
4,3|1,4,princN3,0,0,,-1.0,-2.0
4,3|1,4,princN4,0,0,,-1.0,-2.0
4,3|1,4,fakedeg,0,0,,-1.0,-2.0
4,2|2,2,princN2,0,0,,2.0,-0.0
4,2|2,2,princN3,0,0,0,1.0,0.0
4,2|2,2,princN4,0,0,,0.5,0.0
4,2|2,2,fakedeg,0,0,0,1.0,0.0
4,2|2,3,princN2,0,0,,-1.0,1.732051
4,2|2,3,princN3,0,1,,,
4,2|2,3,princN4,0,0,,-2.0,-0.0
4,2|2,3,fakedeg,0,0,,-2.0,0.0
4,2|2,4,princN2,1,0,,,
4,2|2,4,princN3,1,1,0,,
4,2|2,4,princN4,1,1,0,,
4,2|2,4,fakedeg,1,1,0,,
4,2|1|1,2,princN2,0,1,,,
4,2|1|1,2,princN3,0,0,0,1.0,0.0
4,2|1|1,2,princN4,0,0,0,1.0,0.0
4,2|1|1,2,fakedeg,0,0,0,1.0,0.0
4,2|1|1,3,princN2,1,1,0,,
4,2|1|1,3,princN3,1,1,0,,
4,2|1|1,3,princN4,1,1,0,,
4,2|1|1,3,fakedeg,1,1,0,,
4,2|1|1,4,princN2,0,1,,,
4,2|1|1,4,princN3,0,0,,-1.0,2.0
4,2|1|1,4,princN4,0,0,,-1.0,2.0
4,2|1|1,4,fakedeg,0,0,,-1.0,2.0
4,1|1|1|1,2,princN1,0,1,,,
4,1|1|1|1,2,princN4,0,0,0,1.0,0.0
4,1|1|1|1,2,princN5,0,0,0,1.0,0.0
4,1|1|1|1,2,fakedeg,0,0,0,1.0,0.0
4,1|1|1|1,3,princN1,0,1,,,
4,1|1|1|1,3,princN4,0,0,0,1.0,0.0
4,1|1|1|1,3,princN5,0,0,,0.5,-0.866025
4,1|1|1|1,3,fakedeg,0,0,0,1.0,0.0
4,1|1|1|1,4,princN1,0,1,,,
4,1|1|1|1,4,princN4,0,0,0,1.0,0.0
4,1|1|1|1,4,princN5,0,0,0,1.0,0.0
4,1|1|1|1,4,fakedeg,0,0,0,1.0,0.0
5,5,2,princN1,0,0,0,1.0,0.0
5,5,2,princN2,0,1,,,
5,5,2,princN5,0,0,,0.166667,0.0
5,5,2,fakedeg,0,0,0,1.0,0.0
5,5,3,princN1,0,0,0,1.0,0.0
5,5,3,princN2,0,1,,,
5,5,3,princN5,0,1,,,
5,5,3,fakedeg,0,0,0,1.0,0.0
5,5,4,princN1,0,0,0,1.0,0.0
5,5,4,princN2,0,0,,0.5,-0.5
5,5,4,princN5,0,0,,0.5,0.0
5,5,4,fakedeg,0,0,0,1.0,0.0
5,4|1,2,princN2,1,1,0,,
5,4|1,2,princN3,1,1,0,,
5,4|1,2,princN4,1,1,0,,
5,4|1,2,princN5,1,1,0,,
5,4|1,2,fakedeg,1,1,0,,
5,4|1,3,princN2,0,0,,-0.5,-2.598076
5,4|1,3,princN3,0,1,,,
5,4|1,3,princN4,0,1,,,
5,4|1,3,princN5,0,0,,-0.25,-1.299038
5,4|1,3,fakedeg,0,0,,-0.5,-2.598076
5,4|1,4,princN2,0,1,,,
5,4|1,4,princN3,0,1,,,
5,4|1,4,princN4,0,1,,,
5,4|1,4,princN5,0,1,,,
5,4|1,4,fakedeg,0,1,,,
5,3|2,2,princN2,0,1,,,
5,3|2,2,princN3,0,0,0,1.0,0.0
5,3|2,2,princN5,0,0,,0.333333,0.0
5,3|2,2,fakedeg,0,0,0,1.0,0.0
5,3|2,3,princN2,0,0,,-0.5,2.598076
5,3|2,3,princN3,0,1,,,
5,3|2,3,princN5,0,0,,-0.25,1.299038
5,3|2,3,fakedeg,0,0,,-0.5,2.598076
5,3|2,4,princN2,0,0,,0.5,1.5
5,3|2,4,princN3,0,0,,2.0,1.0
5,3|2,4,princN5,0,0,,-1.0,2.0
5,3|2,4,fakedeg,0,0,,-1.0,2.0
5,3|1|1,2,princN3,0,0,0,1.0,0.0
5,3|1|1,2,princN4,0,1,,,
5,3|1|1,2,princN5,0,0,,0.333333,0.0
5,3|1|1,2,fakedeg,0,0,0,1.0,0.0
5,3|1|1,3,princN3,0,1,,,
5,3|1|1,3,princN4,0,1,,,
5,3|1|1,3,princN5,0,1,,,
5,3|1|1,3,fakedeg,0,1,,,
5,3|1|1,4,princN3,0,1,,,
5,3|1|1,4,princN4,0,1,,,
5,3|1|1,4,princN5,0,1,,,
5,3|1|1,4,fakedeg,0,1,,,
5,2|2|1,2,princN2,0,1,,,
5,2|2|1,2,princN3,0,0,0,1.0,-0.0
5,2|2|1,2,princN4,0,1,,,
5,2|2|1,2,princN5,0,0,,0.333333,-0.0
5,2|2|1,2,fakedeg,0,0,0,1.0,-0.0
5,2|2|1,3,princN2,0,1,,,
5,2|2|1,3,princN3,0,1,,,
5,2|2|1,3,princN4,0,0,,-0.5,-2.598076
5,2|2|1,3,princN5,0,1,,,
5,2|2|1,3,fakedeg,0,0,,-0.5,-2.598076
5,2|2|1,4,princN2,0,1,,,
5,2|2|1,4,princN3,0,0,,-2.0,1.0
5,2|2|1,4,princN4,0,1,,,
5,2|2|1,4,princN5,0,0,,-1.0,-2.0
5,2|2|1,4,fakedeg,0,0,,-1.0,-2.0
5,2|1|1|1,2,princN2,1,1,0,,
5,2|1|1|1,2,princN4,1,1,0,,
5,2|1|1|1,2,princN5,1,1,0,,
5,2|1|1|1,2,fakedeg,1,1,0,,
5,2|1|1|1,3,princN2,0,1,,,
5,2|1|1|1,3,princN4,0,0,,-0.5,2.598076
5,2|1|1|1,3,princN5,0,1,,,
5,2|1|1|1,3,fakedeg,0,0,,-0.5,2.598076
5,2|1|1|1,4,princN2,0,1,,,
5,2|1|1|1,4,princN4,0,1,,,
5,2|1|1|1,4,princN5,0,1,,,
5,2|1|1|1,4,fakedeg,0,1,,,
5,1|1|1|1|1,2,princN1,0,1,,,
5,1|1|1|1|1,2,princN5,0,0,0,1.0,0.0
5,1|1|1|1|1,2,princN6,0,1,,,
5,1|1|1|1|1,2,fakedeg,0,0,0,1.0,0.0
5,1|1|1|1|1,3,princN1,0,1,,,
5,1|1|1|1|1,3,princN5,0,0,0,1.0,0.0
5,1|1|1|1|1,3,princN6,0,1,,,
5,1|1|1|1|1,3,fakedeg,0,0,0,1.0,0.0
5,1|1|1|1|1,4,princN1,0,1,,,
5,1|1|1|1|1,4,princN5,0,0,0,1.0,0.0
5,1|1|1|1|1,4,princN6,0,0,,0.5,-0.5
5,1|1|1|1|1,4,fakedeg,0,0,0,1.0,0.0
6,6,2,princN1,0,0,0,1.0,0.0
6,6,2,princN2,0,0,0,1.0,0.0
6,6,2,princN6,0,0,,0.1,0.0
6,6,2,fakedeg,0,0,0,1.0,0.0
6,6,3,princN1,0,0,0,1.0,0.0
6,6,3,princN2,0,0,0,1.0,0.0
6,6,3,princN6,0,0,,0.333333,0.0
6,6,3,fakedeg,0,0,0,1.0,0.0
6,6,4,princN1,0,0,0,1.0,0.0
6,6,4,princN2,0,0,3,0.0,-1.0
6,6,4,princN6,0,0,,-0.0,-0.5
6,6,4,fakedeg,0,0,0,1.0,0.0
6,5|1,2,princN2,0,0,0,1.0,-0.0
6,5|1,2,princN3,0,0,0,1.0,-0.0
6,5|1,2,princN5,0,0,,0.25,-0.0
6,5|1,2,princN6,0,0,,0.1,-0.0
6,5|1,2,fakedeg,0,0,0,1.0,-0.0
6,5|1,3,princN2,0,0,,-2.0,0.0
6,5|1,3,princN3,0,0,,-2.0,0.0
6,5|1,3,princN5,0,0,,-0.666667,0.0
6,5|1,3,princN6,0,0,,-0.666667,-0.0
6,5|1,3,fakedeg,0,0,,-2.0,0.0
6,5|1,4,princN2,0,0,,3.0,-2.0
6,5|1,4,princN3,0,0,,-2.0,-3.0
6,5|1,4,princN5,0,1,,,
6,5|1,4,princN6,0,0,,1.5,-1.0
6,5|1,4,fakedeg,0,0,,3.0,-2.0
6,4|2,2,princN2,0,0,,3.0,-0.0
6,4|2,2,princN3,0,0,0,1.0,0.0
6,4|2,2,princN4,0,0,,0.5,0.0
6,4|2,2,princN6,0,0,,0.166667,0.0
6,4|2,2,fakedeg,0,0,0,1.0,-0.0
6,4|2,3,princN2,0,1,,,
6,4|2,3,princN3,0,1,,,
6,4|2,3,princN4,0,1,,,
6,4|2,3,princN6,0,1,,,
6,4|2,3,fakedeg,0,1,,,
6,4|2,4,princN2,0,0,,-3.0,0.0
6,4|2,4,princN3,0,0,,-0.0,3.0
6,4|2,4,princN4,0,1,,,
6,4|2,4,princN6,0,0,,-1.5,-0.0
6,4|2,4,fakedeg,0,0,,-3.0,-0.0
6,4|1|1,2,princN3,0,0,0,1.0,0.0
6,4|1|1,2,princN4,0,0,0,1.0,0.0
6,4|1|1,2,princN6,0,0,,0.25,0.0
6,4|1|1,2,fakedeg,0,0,0,1.0,0.0
6,4|1|1,3,princN3,0,0,0,1.0,-0.0
6,4|1|1,3,princN4,0,0,0,1.0,0.0
6,4|1|1,3,princN6,0,0,,0.333333,0.0
6,4|1|1,3,fakedeg,0,0,0,1.0,-0.0
6,4|1|1,4,princN3,0,1,,,
6,4|1|1,4,princN4,0,1,,,
6,4|1|1,4,princN6,0,1,,,
6,4|1|1,4,fakedeg,0,1,,,
6,3|3,2,princN2,0,0,,3.0,-0.0
6,3|3,2,princN3,0,0,,1.5,-0.0
6,3|3,2,princN6,0,0,,0.166667,0.0
6,3|3,2,fakedeg,0,0,0,1.0,-0.0
6,3|3,3,princN2,0,0,,2.0,-0.0
6,3|3,3,princN3,0,0,,2.0,-0.0
6,3|3,3,princN6,0,0,,0.5,0.0
6,3|3,3,fakedeg,0,0,0,1.0,-0.0
6,3|3,4,princN2,0,0,,-2.0,1.0
6,3|3,4,princN3,0,1,,,
6,3|3,4,princN6,0,0,,-1.0,0.5
6,3|3,4,fakedeg,0,0,,-1.0,-2.0
6,3|2|1,2,princN3,1,1,0,,
6,3|2|1,2,princN4,1,1,0,,
6,3|2|1,2,princN6,1,1,0,,
6,3|2|1,2,fakedeg,1,1,0,,
6,3|2|1,3,princN3,0,0,,-4.0,0.0
6,3|2|1,3,princN4,0,0,,-2.0,0.0
6,3|2|1,3,princN6,0,0,,-1.0,-0.0
6,3|2|1,3,fakedeg,0,0,,-2.0,0.0
6,3|2|1,4,princN3,0,1,,,
6,3|2|1,4,princN4,0,1,,,
6,3|2|1,4,princN6,0,1,,,
6,3|2|1,4,fakedeg,0,1,,,
6,3|1|1|1,2,princN3,0,1,,,
6,3|1|1|1,2,princN4,0,0,0,1.0,-0.0
6,3|1|1|1,2,princN5,0,0,0,1.0,-0.0
6,3|1|1|1,2,princN6,0,0,,0.25,-0.0
6,3|1|1|1,2,fakedeg,0,0,0,1.0,-0.0
6,3|1|1|1,3,princN3,0,1,,,
6,3|1|1|1,3,princN4,0,0,0,1.0,-0.0
6,3|1|1|1,3,princN5,0,0,0,1.0,0.0
6,3|1|1|1,3,princN6,0,0,0,1.0,0.0
6,3|1|1|1,3,fakedeg,0,0,0,1.0,-0.0
6,3|1|1|1,4,princN3,0,1,,,
6,3|1|1|1,4,princN4,0,1,,,
6,3|1|1|1,4,princN5,0,1,,,
6,3|1|1|1,4,princN6,0,1,,,
6,3|1|1|1,4,fakedeg,0,1,,,
6,2|2|2,2,princN2,0,1,,,
6,2|2|2,2,princN3,0,0,,3.0,0.0
6,2|2|2,2,princN4,0,0,,1.5,0.0
6,2|2|2,2,princN6,0,0,,0.333333,0.0
6,2|2|2,2,fakedeg,0,0,0,1.0,0.0
6,2|2|2,3,princN2,0,1,,,
6,2|2|2,3,princN3,0,0,,2.0,0.0
6,2|2|2,3,princN4,0,0,,2.0,0.0
6,2|2|2,3,princN6,0,0,,0.5,0.0
6,2|2|2,3,fakedeg,0,0,0,1.0,0.0
6,2|2|2,4,princN2,0,1,,,
6,2|2|2,4,princN3,0,0,,2.0,1.0
6,2|2|2,4,princN4,0,1,,,
6,2|2|2,4,princN6,0,0,,-1.0,2.0
6,2|2|2,4,fakedeg,0,0,,-1.0,2.0
6,2|2|1|1,2,princN2,0,1,,,
6,2|2|1|1,2,princN4,0,0,,1.5,-0.0
6,2|2|1|1,2,princN5,0,0,0,1.0,0.0
6,2|2|1|1,2,princN6,0,0,,0.333333,0.0
6,2|2|1|1,2,fakedeg,0,0,0,1.0,-0.0
6,2|2|1|1,3,princN2,0,1,,,
6,2|2|1|1,3,princN4,0,1,,,
6,2|2|1|1,3,princN5,0,1,,,
6,2|2|1|1,3,princN6,0,1,,,
6,2|2|1|1,3,fakedeg,0,1,,,
6,2|2|1|1,4,princN2,0,1,,,
6,2|2|1|1,4,princN4,0,1,,,
6,2|2|1|1,4,princN5,0,0,,-3.0,-0.0
6,2|2|1|1,4,princN6,0,0,,0.0,3.0
6,2|2|1|1,4,fakedeg,0,0,,-3.0,-0.0
6,2|1|1|1|1,2,princN2,0,1,,,
6,2|1|1|1|1,2,princN5,0,0,0,1.0,0.0
6,2|1|1|1|1,2,princN6,0,0,0,1.0,0.0
6,2|1|1|1|1,2,fakedeg,0,0,0,1.0,0.0
6,2|1|1|1|1,3,princN2,0,1,,,
6,2|1|1|1|1,3,princN5,0,0,,-2.0,0.0
6,2|1|1|1|1,3,princN6,0,0,,-2.0,0.0
6,2|1|1|1|1,3,fakedeg,0,0,,-2.0,0.0
6,2|1|1|1|1,4,princN2,0,1,,,
6,2|1|1|1|1,4,princN5,0,0,,3.0,2.0
6,2|1|1|1|1,4,princN6,0,0,,2.0,-3.0
6,2|1|1|1|1,4,fakedeg,0,0,,3.0,2.0
6,1|1|1|1|1|1,2,princN1,0,1,,,
6,1|1|1|1|1|1,2,princN6,0,0,0,1.0,0.0
6,1|1|1|1|1|1,2,princN7,0,0,0,1.0,0.0
6,1|1|1|1|1|1,2,fakedeg,0,0,0,1.0,0.0
6,1|1|1|1|1|1,3,princN1,0,1,,,
6,1|1|1|1|1|1,3,princN6,0,0,0,1.0,0.0
6,1|1|1|1|1|1,3,princN7,0,0,0,1.0,0.0
6,1|1|1|1|1|1,3,fakedeg,0,0,0,1.0,0.0
6,1|1|1|1|1|1,4,princN1,0,1,,,
6,1|1|1|1|1|1,4,princN6,0,0,0,1.0,0.0
6,1|1|1|1|1|1,4,princN7,0,0,3,0.0,-1.0
6,1|1|1|1|1|1,4,fakedeg,0,0,0,1.0,0.0
7,7,2,princN1,0,0,0,1.0,0.0
7,7,2,princN2,0,1,,,
7,7,2,princN7,0,0,,0.05,0.0
7,7,2,fakedeg,0,0,0,1.0,0.0
7,7,3,princN1,0,0,0,1.0,0.0
7,7,3,princN2,0,0,,0.5,-0.866025
7,7,3,princN7,0,0,,0.166667,0.0
7,7,3,fakedeg,0,0,0,1.0,0.0
7,7,4,princN1,0,0,0,1.0,0.0
7,7,4,princN2,0,1,,,
7,7,4,princN7,0,1,,,
7,7,4,fakedeg,0,0,0,1.0,0.0
7,6|1,2,princN2,1,1,0,,
7,6|1,2,princN3,1,1,0,,
7,6|1,2,princN6,1,1,0,,
7,6|1,2,princN7,1,1,0,,
7,6|1,2,fakedeg,1,1,0,,
7,6|1,3,princN2,0,1,,,
7,6|1,3,princN3,0,1,,,
7,6|1,3,princN6,0,1,,,
7,6|1,3,princN7,0,1,,,
7,6|1,3,fakedeg,0,1,,,
7,6|1,4,princN2,0,0,,-3.0,0.0
7,6|1,4,princN3,0,1,,,
7,6|1,4,princN6,0,0,,-1.5,-0.0
7,6|1,4,princN7,0,1,,,
7,6|1,4,fakedeg,0,0,,-3.0,0.0
7,5|2,2,princN2,0,1,,,
7,5|2,2,princN3,0,0,0,1.0,0.0
7,5|2,2,princN5,0,0,,0.25,0.0
7,5|2,2,princN7,0,0,,0.1,0.0
7,5|2,2,fakedeg,0,0,0,1.0,0.0
7,5|2,3,princN2,0,0,,-2.5,4.330127
7,5|2,3,princN3,0,1,,,
7,5|2,3,princN5,0,0,,-0.833333,1.443376
7,5|2,3,princN7,0,0,,-1.666667,0.0
7,5|2,3,fakedeg,0,0,,-5.0,-0.0
7,5|2,4,princN2,0,1,,,
7,5|2,4,princN3,0,1,,,
7,5|2,4,princN5,0,1,,,
7,5|2,4,princN7,0,1,,,
7,5|2,4,fakedeg,0,1,,,
7,5|1|1,2,princN3,0,0,0,1.0,0.0
7,5|1|1,2,princN4,0,1,,,
7,5|1|1,2,princN5,0,0,,0.25,0.0
7,5|1|1,2,princN7,0,0,,0.1,0.0
7,5|1|1,2,fakedeg,0,0,0,1.0,0.0
7,5|1|1,3,princN3,0,1,,,
7,5|1|1,3,princN4,0,1,,,
7,5|1|1,3,princN5,0,1,,,
7,5|1|1,3,princN7,0,1,,,
7,5|1|1,3,fakedeg,0,1,,,
7,5|1|1,4,princN3,0,0,,9.0,0.0
7,5|1|1,4,princN4,0,1,,,
7,5|1|1,4,princN5,0,1,,,
7,5|1|1,4,princN7,0,0,,4.5,-0.0
7,5|1|1,4,fakedeg,0,0,,9.0,0.0
7,4|3,2,princN2,1,1,0,,
7,4|3,2,princN3,1,1,0,,
7,4|3,2,princN4,1,1,0,,
7,4|3,2,princN7,1,1,0,,
7,4|3,2,fakedeg,1,1,0,,
7,4|3,3,princN2,0,0,,2.5,-4.330127
7,4|3,3,princN3,0,1,,,
7,4|3,3,princN4,0,0,,2.5,0.0
7,4|3,3,princN7,0,0,,0.833333,0.0
7,4|3,3,fakedeg,0,0,,2.5,0.0
7,4|3,4,princN2,0,0,,3.0,-2.0
7,4|3,4,princN3,0,1,,,
7,4|3,4,princN4,0,1,,,
7,4|3,4,princN7,0,1,,,
7,4|3,4,fakedeg,0,0,,3.0,-2.0
7,4|2|1,2,princN3,0,0,0,1.0,-0.0
7,4|2|1,2,princN4,0,1,,,
7,4|2|1,2,princN7,0,0,,0.1,0.0
7,4|2|1,2,fakedeg,0,0,0,1.0,-0.0
7,4|2|1,3,princN3,0,1,,,
7,4|2|1,3,princN4,0,0,,-8.0,0.0
7,4|2|1,3,princN7,0,0,,-2.666667,0.0
7,4|2|1,3,fakedeg,0,0,,-8.0,-0.0
7,4|2|1,4,princN3,0,0,,-13.0,6.0
7,4|2|1,4,princN4,0,1,,,
7,4|2|1,4,princN7,0,0,,-6.5,3.0
7,4|2|1,4,fakedeg,0,0,,-13.0,6.0
7,4|1|1|1,2,princN4,1,1,0,,
7,4|1|1|1,2,princN5,1,1,0,,
7,4|1|1|1,2,princN7,1,1,0,,
7,4|1|1|1,2,fakedeg,1,1,0,,
7,4|1|1|1,3,princN4,0,0,0,1.0,-0.0
7,4|1|1|1,3,princN5,0,0,,0.5,-0.866025
7,4|1|1|1,3,princN7,0,0,,0.333333,0.0
7,4|1|1|1,3,fakedeg,0,0,0,1.0,-0.0
7,4|1|1|1,4,princN4,0,1,,,
7,4|1|1|1,4,princN5,0,1,,,
7,4|1|1|1,4,princN7,0,1,,,
7,4|1|1|1,4,fakedeg,0,1,,,
7,3|3|1,2,princN3,0,0,,1.5,-0.0
7,3|3|1,2,princN4,0,1,,,
7,3|3|1,2,princN7,0,0,,0.125,0.0
7,3|3|1,2,fakedeg,0,0,0,1.0,-0.0
7,3|3|1,3,princN3,0,1,,,
7,3|3|1,3,princN4,0,1,,,
7,3|3|1,3,princN7,0,1,,,
7,3|3|1,3,fakedeg,0,1,,,
7,3|3|1,4,princN3,0,1,,,
7,3|3|1,4,princN4,0,1,,,
7,3|3|1,4,princN7,0,1,,,
7,3|3|1,4,fakedeg,0,0,,3.0,6.0
7,3|2|2,2,princN3,0,0,,3.0,0.0
7,3|2|2,2,princN4,0,1,,,
7,3|2|2,2,princN7,0,0,,0.166667,0.0
7,3|2|2,2,fakedeg,0,0,0,1.0,0.0
7,3|2|2,3,princN3,0,1,,,
7,3|2|2,3,princN4,0,1,,,
7,3|2|2,3,princN7,0,1,,,
7,3|2|2,3,fakedeg,0,1,,,
7,3|2|2,4,princN3,0,0,,3.0,-6.0
7,3|2|2,4,princN4,0,1,,,
7,3|2|2,4,princN7,0,0,,1.5,-3.0
7,3|2|2,4,fakedeg,0,0,,3.0,-6.0
7,3|2|1|1,2,princN3,0,1,,,
7,3|2|1|1,2,princN4,0,1,,,
7,3|2|1|1,2,princN5,0,0,0,1.0,0.0
7,3|2|1|1,2,princN7,0,0,,0.25,0.0
7,3|2|1|1,2,fakedeg,0,0,0,1.0,0.0
7,3|2|1|1,3,princN3,0,1,,,
7,3|2|1|1,3,princN4,0,0,,-8.0,0.0
7,3|2|1|1,3,princN5,0,0,,-4.0,6.928203
7,3|2|1|1,3,princN7,0,0,,-2.666667,-0.0
7,3|2|1|1,3,fakedeg,0,0,,-8.0,0.0
7,3|2|1|1,4,princN3,0,1,,,
7,3|2|1|1,4,princN4,0,1,,,
7,3|2|1|1,4,princN5,0,0,,-13.0,-6.0
7,3|2|1|1,4,princN7,0,1,,,
7,3|2|1|1,4,fakedeg,0,0,,-13.0,-6.0
7,3|1|1|1|1,2,princN3,0,1,,,
7,3|1|1|1|1,2,princN5,0,0,0,1.0,0.0
7,3|1|1|1|1,2,princN6,0,1,,,
7,3|1|1|1|1,2,princN7,0,0,,0.25,0.0
7,3|1|1|1|1,2,fakedeg,0,0,0,1.0,0.0
7,3|1|1|1|1,3,princN3,0,1,,,
7,3|1|1|1|1,3,princN5,0,1,,,
7,3|1|1|1|1,3,princN6,0,1,,,
7,3|1|1|1|1,3,princN7,0,1,,,
7,3|1|1|1|1,3,fakedeg,0,1,,,
7,3|1|1|1|1,4,princN3,0,1,,,
7,3|1|1|1|1,4,princN5,0,0,,9.0,0.0
7,3|1|1|1|1,4,princN6,0,1,,,
7,3|1|1|1|1,4,princN7,0,1,,,
7,3|1|1|1|1,4,fakedeg,0,0,,9.0,0.0
7,2|2|2|1,2,princN2,1,1,0,,
7,2|2|2|1,2,princN4,1,1,0,,
7,2|2|2|1,2,princN5,1,1,0,,
7,2|2|2|1,2,princN7,1,1,0,,
7,2|2|2|1,2,fakedeg,1,1,0,,
7,2|2|2|1,3,princN2,0,1,,,
7,2|2|2|1,3,princN4,0,0,,5.0,-0.0
7,2|2|2|1,3,princN5,0,0,,1.25,-2.165064
7,2|2|2|1,3,princN7,0,0,,1.25,0.0
7,2|2|2|1,3,fakedeg,0,0,,2.5,-0.0
7,2|2|2|1,4,princN2,0,1,,,
7,2|2|2|1,4,princN4,0,1,,,
7,2|2|2|1,4,princN5,0,1,,,
7,2|2|2|1,4,princN7,0,1,,,
7,2|2|2|1,4,fakedeg,0,0,,3.0,2.0
7,2|2|1|1|1,2,princN2,0,1,,,
7,2|2|1|1|1,2,princN5,0,0,0,1.0,-0.0
7,2|2|1|1|1,2,princN6,0,1,,,
7,2|2|1|1|1,2,princN7,0,0,,0.25,-0.0
7,2|2|1|1|1,2,fakedeg,0,0,0,1.0,-0.0
7,2|2|1|1|1,3,princN2,0,1,,,
7,2|2|1|1|1,3,princN5,0,0,,-2.5,4.330127
7,2|2|1|1|1,3,princN6,0,1,,,
7,2|2|1|1|1,3,princN7,0,0,,-5.0,0.0
7,2|2|1|1|1,3,fakedeg,0,0,,-5.0,0.0
7,2|2|1|1|1,4,princN2,0,1,,,
7,2|2|1|1|1,4,princN5,0,1,,,
7,2|2|1|1|1,4,princN6,0,1,,,
7,2|2|1|1|1,4,princN7,0,1,,,
7,2|2|1|1|1,4,fakedeg,0,1,,,
7,2|1|1|1|1|1,2,princN2,1,1,0,,
7,2|1|1|1|1|1,2,princN6,1,1,0,,
7,2|1|1|1|1|1,2,princN7,1,1,0,,
7,2|1|1|1|1|1,2,fakedeg,1,1,0,,
7,2|1|1|1|1|1,3,princN2,0,1,,,
7,2|1|1|1|1|1,3,princN6,0,1,,,
7,2|1|1|1|1|1,3,princN7,0,1,,,
7,2|1|1|1|1|1,3,fakedeg,0,1,,,
7,2|1|1|1|1|1,4,princN2,0,1,,,
7,2|1|1|1|1|1,4,princN6,0,0,,-3.0,-0.0
7,2|1|1|1|1|1,4,princN7,0,1,,,
7,2|1|1|1|1|1,4,fakedeg,0,0,,-3.0,-0.0
7,1|1|1|1|1|1|1,2,princN1,0,1,,,
7,1|1|1|1|1|1|1,2,princN7,0,0,0,1.0,0.0
7,1|1|1|1|1|1|1,2,princN8,0,1,,,
7,1|1|1|1|1|1|1,2,fakedeg,0,0,0,1.0,0.0
7,1|1|1|1|1|1|1,3,princN1,0,1,,,
7,1|1|1|1|1|1|1,3,princN7,0,0,0,1.0,0.0
7,1|1|1|1|1|1|1,3,princN8,0,0,,0.5,-0.866025
7,1|1|1|1|1|1|1,3,fakedeg,0,0,0,1.0,0.0
7,1|1|1|1|1|1|1,4,princN1,0,1,,,
7,1|1|1|1|1|1|1,4,princN7,0,0,0,1.0,0.0
7,1|1|1|1|1|1|1,4,princN8,0,1,,,
7,1|1|1|1|1|1|1,4,fakedeg,0,0,0,1.0,0.0
8,8,2,princN1,0,0,0,1.0,0.0
8,8,2,princN2,0,0,0,1.0,0.0
8,8,2,princN8,0,0,,0.028571,0.0
8,8,2,fakedeg,0,0,0,1.0,0.0
8,8,3,princN1,0,0,0,1.0,0.0
8,8,3,princN2,0,1,,,
8,8,3,princN8,0,1,,,
8,8,3,fakedeg,0,0,0,1.0,0.0
8,8,4,princN1,0,0,0,1.0,0.0
8,8,4,princN2,0,0,0,1.0,0.0
8,8,4,princN8,0,0,,0.333333,0.0
8,8,4,fakedeg,0,0,0,1.0,0.0
8,7|1,2,princN2,0,0,0,1.0,-0.0
8,7|1,2,princN3,0,0,0,1.0,-0.0
8,7|1,2,princN7,0,0,,0.066667,-0.0
8,7|1,2,princN8,0,0,,0.028571,-0.0
8,7|1,2,fakedeg,0,0,0,1.0,-0.0
8,7|1,3,princN2,0,0,,-0.5,-2.598076
8,7|1,3,princN3,0,1,,,
8,7|1,3,princN7,0,1,,,
8,7|1,3,princN8,0,0,,-0.083333,-0.433013
8,7|1,3,fakedeg,0,0,,-0.5,-2.598076
8,7|1,4,princN2,0,0,,-3.0,-4.0
8,7|1,4,princN3,0,0,,-3.0,-4.0
8,7|1,4,princN7,0,0,,-1.0,-1.333333
8,7|1,4,princN8,0,0,,-1.0,-1.333333
8,7|1,4,fakedeg,0,0,,-3.0,-4.0
8,6|2,2,princN2,0,0,,4.0,-0.0
8,6|2,2,princN3,0,0,0,1.0,0.0
8,6|2,2,princN6,0,0,,0.133333,0.0
8,6|2,2,princN8,0,0,,0.05,0.0
8,6|2,2,fakedeg,0,0,0,1.0,-0.0
8,6|2,3,princN2,0,0,,1.0,5.196152
8,6|2,3,princN3,0,1,,,
8,6|2,3,princN6,0,1,,,
8,6|2,3,princN8,0,0,,0.166667,0.866025
8,6|2,3,fakedeg,0,0,,1.0,5.196152
8,6|2,4,princN2,0,0,,-0.0,-8.0
8,6|2,4,princN3,0,1,,,
8,6|2,4,princN6,0,0,,-0.0,-4.0
8,6|2,4,princN8,0,1,,,
8,6|2,4,fakedeg,0,1,,,
8,6|1|1,2,princN3,0,0,0,1.0,0.0
8,6|1|1,2,princN4,0,0,0,1.0,0.0
8,6|1|1,2,princN6,0,0,,0.2,0.0
8,6|1|1,2,princN8,0,0,,0.066667,0.0
8,6|1|1,2,fakedeg,0,0,0,1.0,0.0
8,6|1|1,3,princN3,0,1,,,
8,6|1|1,3,princN4,0,1,,,
8,6|1|1,3,princN6,0,1,,,
8,6|1|1,3,princN8,0,1,,,
8,6|1|1,3,fakedeg,0,1,,,
8,6|1|1,4,princN3,0,0,,-3.0,12.0
8,6|1|1,4,princN4,0,0,,-3.0,12.0
8,6|1|1,4,princN6,0,0,,-3.0,12.0
8,6|1|1,4,princN8,0,0,,-1.0,4.0
8,6|1|1,4,fakedeg,0,0,,-3.0,12.0
8,5|3,2,princN2,0,0,,4.0,-0.0
8,5|3,2,princN3,0,0,,2.0,-0.0
8,5|3,2,princN5,0,0,,0.333333,-0.0
8,5|3,2,princN8,0,0,,0.05,0.0
8,5|3,2,fakedeg,0,0,0,1.0,-0.0
8,5|3,3,princN2,0,1,,,
8,5|3,3,princN3,0,1,,,
8,5|3,3,princN5,0,1,,,
8,5|3,3,princN8,0,1,,,
8,5|3,3,fakedeg,0,0,,5.5,2.598076
8,5|3,4,princN2,0,0,,-0.0,8.0
8,5|3,4,princN3,0,1,,,
8,5|3,4,princN5,0,1,,,
8,5|3,4,princN8,0,1,,,
8,5|3,4,fakedeg,0,1,,,
8,5|2|1,2,princN3,1,1,0,,
8,5|2|1,2,princN4,1,1,0,,
8,5|2|1,2,princN5,1,1,0,,
8,5|2|1,2,princN8,1,1,0,,
8,5|2|1,2,fakedeg,1,1,0,,
8,5|2|1,3,princN3,0,1,,,
8,5|2|1,3,princN4,0,0,,-3.5,-2.598076
8,5|2|1,3,princN5,0,1,,,
8,5|2|1,3,princN8,0,1,,,
8,5|2|1,3,fakedeg,0,0,,-3.5,-2.598076
8,5|2|1,4,princN3,0,1,,,
8,5|2|1,4,princN4,0,1,,,
8,5|2|1,4,princN5,0,1,,,
8,5|2|1,4,princN8,0,1,,,
8,5|2|1,4,fakedeg,0,1,,,
8,5|1|1|1,2,princN4,0,0,0,1.0,-0.0
8,5|1|1|1,2,princN5,0,0,0,1.0,-0.0
8,5|1|1|1,2,princN8,0,0,,0.066667,0.0
8,5|1|1|1,2,fakedeg,0,0,0,1.0,-0.0
8,5|1|1|1,3,princN4,0,0,,0.25,1.299038
8,5|1|1|1,3,princN5,0,1,,,
8,5|1|1|1,3,princN8,0,1,,,
8,5|1|1|1,3,fakedeg,0,0,,0.25,1.299038
8,5|1|1|1,4,princN4,0,0,,17.0,-8.0
8,5|1|1|1,4,princN5,0,0,,17.0,-8.0
8,5|1|1|1,4,princN8,0,0,,5.666667,-2.666667
8,5|1|1|1,4,fakedeg,0,0,,17.0,-8.0
8,4|4,2,princN2,0,0,,6.0,-0.0
8,4|4,2,princN3,0,0,,2.0,-0.0
8,4|4,2,princN4,0,0,,0.666667,-0.0
8,4|4,2,princN8,0,0,,0.06,0.0
8,4|4,2,fakedeg,0,0,0,1.0,-0.0
8,4|4,3,princN2,0,0,,0.5,-2.598076
8,4|4,3,princN3,0,1,,,
8,4|4,3,princN4,0,1,,,
8,4|4,3,princN8,0,0,,0.055556,-0.288675
8,4|4,3,fakedeg,0,0,,0.25,-1.299038
8,4|4,4,princN2,0,0,,-2.0,4.0
8,4|4,4,princN3,0,0,,-2.0,4.0
8,4|4,4,princN4,0,0,,-2.0,4.0
8,4|4,4,princN8,0,0,,-0.5,1.0
8,4|4,4,fakedeg,0,0,,-1.0,2.0
8,4|3|1,2,princN3,0,0,,2.0,0.0
8,4|3|1,2,princN4,0,0,,2.0,0.0
8,4|3|1,2,princN8,0,0,,0.1,0.0
8,4|3|1,2,fakedeg,0,0,0,1.0,0.0
8,4|3|1,3,princN3,0,1,,,
8,4|3|1,3,princN4,0,0,,5.5,7.794229
8,4|3|1,3,princN8,0,1,,,
8,4|3|1,3,fakedeg,0,0,,5.5,7.794229
8,4|3|1,4,princN3,0,0,,14.0,-12.0
8,4|3|1,4,princN4,0,0,,14.0,-12.0
8,4|3|1,4,princN8,0,0,,3.5,-3.0
8,4|3|1,4,fakedeg,0,0,,7.0,-6.0
8,4|2|2,2,princN3,0,0,,4.0,0.0
8,4|2|2,2,princN4,0,0,,2.0,0.0
8,4|2|2,2,princN8,0,0,,0.1,0.0
8,4|2|2,2,fakedeg,0,0,0,1.0,0.0
8,4|2|2,3,princN3,0,1,,,
8,4|2|2,3,princN4,0,1,,,
8,4|2|2,3,princN8,0,0,,-0.166667,2.598076
8,4|2|2,3,fakedeg,0,0,,-0.5,7.794229
8,4|2|2,4,princN3,0,1,,,
8,4|2|2,4,princN4,0,1,,,
8,4|2|2,4,princN8,0,1,,,
8,4|2|2,4,fakedeg,0,1,,,
8,4|2|1|1,2,princN4,0,0,,2.0,-0.0
8,4|2|1|1,2,princN5,0,0,0,1.0,0.0
8,4|2|1|1,2,princN8,0,0,,0.1,0.0
8,4|2|1|1,2,fakedeg,0,0,0,1.0,0.0
8,4|2|1|1,3,princN4,0,1,,,
8,4|2|1|1,3,princN5,0,1,,,
8,4|2|1|1,3,princN8,0,1,,,
8,4|2|1|1,3,fakedeg,0,1,,,
8,4|2|1|1,4,princN4,0,0,,-30.0,0.0
8,4|2|1|1,4,princN5,0,0,,-15.0,-0.0
8,4|2|1|1,4,princN8,0,0,,-7.5,-0.0
8,4|2|1|1,4,fakedeg,0,0,,-15.0,0.0
8,4|1|1|1|1,2,princN4,0,1,,,
8,4|1|1|1|1,2,princN5,0,0,0,1.0,0.0
8,4|1|1|1|1,2,princN6,0,0,0,1.0,0.0
8,4|1|1|1|1,2,princN8,0,0,,0.2,0.0
8,4|1|1|1|1,2,fakedeg,0,0,0,1.0,0.0
8,4|1|1|1|1,3,princN4,0,1,,,
8,4|1|1|1|1,3,princN5,0,0,,0.25,-1.299038
8,4|1|1|1|1,3,princN6,0,1,,,
8,4|1|1|1|1,3,princN8,0,0,,0.083333,-0.433013
8,4|1|1|1|1,3,fakedeg,0,0,,0.25,-1.299038
8,4|1|1|1|1,4,princN4,0,1,,,
8,4|1|1|1|1,4,princN5,0,0,,17.0,8.0
8,4|1|1|1|1,4,princN6,0,0,,17.0,8.0
8,4|1|1|1|1,4,princN8,0,0,,17.0,8.0
8,4|1|1|1|1,4,fakedeg,0,0,,17.0,8.0
8,3|3|2,2,princN3,0,0,,6.0,-0.0
8,3|3|2,2,princN4,0,0,,2.0,-0.0
8,3|3|2,2,princN8,0,0,,0.1,0.0
8,3|3|2,2,fakedeg,0,0,0,1.0,0.0
8,3|3|2,3,princN3,0,1,,,
8,3|3|2,3,princN4,0,1,,,
8,3|3|2,3,princN8,0,1,,,
8,3|3|2,3,fakedeg,0,1,,,
8,3|3|2,4,princN3,0,0,,-6.0,0.0
8,3|3|2,4,princN4,0,0,,-6.0,0.0
8,3|3|2,4,princN8,0,0,,-1.5,-0.0
8,3|3|2,4,fakedeg,0,0,,-3.0,0.0
8,3|3|1|1,2,princN3,0,1,,,
8,3|3|1|1,2,princN4,0,0,,2.0,-0.0
8,3|3|1|1,2,princN5,0,0,,1.333333,-0.0
8,3|3|1|1,2,princN8,0,0,,0.1,0.0
8,3|3|1|1,2,fakedeg,0,0,0,1.0,-0.0
8,3|3|1|1,3,princN3,0,1,,,
8,3|3|1|1,3,princN4,0,0,,-0.5,-7.794229
8,3|3|1|1,3,princN5,0,1,,,
8,3|3|1|1,3,princN8,0,1,,,
8,3|3|1|1,3,fakedeg,0,0,,-0.5,-7.794229
8,3|3|1|1,4,princN3,0,1,,,
8,3|3|1|1,4,princN4,0,1,,,
8,3|3|1|1,4,princN5,0,1,,,
8,3|3|1|1,4,princN8,0,1,,,
8,3|3|1|1,4,fakedeg,0,1,,,
8,3|2|2|1,2,princN3,0,1,,,
8,3|2|2|1,2,princN4,0,0,,2.0,-0.0
8,3|2|2|1,2,princN5,0,0,,2.0,-0.0
8,3|2|2|1,2,princN8,0,0,,0.1,-0.0
8,3|2|2|1,2,fakedeg,0,0,0,1.0,-0.0
8,3|2|2|1,3,princN3,0,1,,,
8,3|2|2|1,3,princN4,0,1,,,
8,3|2|2|1,3,princN5,0,0,,5.5,-7.794229
8,3|2|2|1,3,princN8,0,0,,1.833333,-2.598076
8,3|2|2|1,3,fakedeg,0,0,,5.5,-7.794229
8,3|2|2|1,4,princN3,0,1,,,
8,3|2|2|1,4,princN4,0,0,,14.0,12.0
8,3|2|2|1,4,princN5,0,0,,14.0,12.0
8,3|2|2|1,4,princN8,0,0,,3.5,3.0
8,3|2|2|1,4,fakedeg,0,0,,7.0,6.0
8,3|2|1|1|1,2,princN3,1,1,0,,
8,3|2|1|1|1,2,princN5,1,1,0,,
8,3|2|1|1|1,2,princN6,1,1,0,,
8,3|2|1|1|1,2,princN8,1,1,0,,
8,3|2|1|1|1,2,fakedeg,1,1,0,,
8,3|2|1|1|1,3,princN3,0,1,,,
8,3|2|1|1|1,3,princN5,0,0,,-3.5,2.598076
8,3|2|1|1|1,3,princN6,0,1,,,
8,3|2|1|1|1,3,princN8,0,0,,-1.166667,0.866025
8,3|2|1|1|1,3,fakedeg,0,0,,-3.5,2.598076
8,3|2|1|1|1,4,princN3,0,1,,,
8,3|2|1|1|1,4,princN5,0,1,,,
8,3|2|1|1|1,4,princN6,0,1,,,
8,3|2|1|1|1,4,princN8,0,1,,,
8,3|2|1|1|1,4,fakedeg,0,1,,,
8,3|1|1|1|1|1,2,princN3,0,1,,,
8,3|1|1|1|1|1,2,princN6,0,0,0,1.0,-0.0
8,3|1|1|1|1|1,2,princN7,0,0,0,1.0,-0.0
8,3|1|1|1|1|1,2,princN8,0,0,,0.2,-0.0
8,3|1|1|1|1|1,2,fakedeg,0,0,0,1.0,-0.0
8,3|1|1|1|1|1,3,princN3,0,1,,,
8,3|1|1|1|1|1,3,princN6,0,1,,,
8,3|1|1|1|1|1,3,princN7,0,1,,,
8,3|1|1|1|1|1,3,princN8,0,1,,,
8,3|1|1|1|1|1,3,fakedeg,0,1,,,
8,3|1|1|1|1|1,4,princN3,0,1,,,
8,3|1|1|1|1|1,4,princN6,0,0,,-3.0,-12.0
8,3|1|1|1|1|1,4,princN7,0,0,,-3.0,-12.0
8,3|1|1|1|1|1,4,princN8,0,0,,-3.0,-12.0
8,3|1|1|1|1|1,4,fakedeg,0,0,,-3.0,-12.0
8,2|2|2|2,2,princN2,0,1,,,
8,2|2|2|2,2,princN4,0,0,,6.0,-0.0
8,2|2|2|2,2,princN5,0,0,,2.0,0.0
8,2|2|2|2,2,princN8,0,0,,0.166667,0.0
8,2|2|2|2,2,fakedeg,0,0,0,1.0,0.0
8,2|2|2|2,3,princN2,0,1,,,
8,2|2|2|2,3,princN4,0,0,,0.5,2.598076
8,2|2|2|2,3,princN5,0,1,,,
8,2|2|2|2,3,princN8,0,1,,,
8,2|2|2|2,3,fakedeg,0,0,,0.25,1.299038
8,2|2|2|2,4,princN2,0,1,,,
8,2|2|2|2,4,princN4,0,0,,-2.0,-4.0
8,2|2|2|2,4,princN5,0,0,,-2.0,-4.0
8,2|2|2|2,4,princN8,0,0,,-0.5,-1.0
8,2|2|2|2,4,fakedeg,0,0,,-1.0,-2.0
8,2|2|2|1|1,2,princN2,0,1,,,
8,2|2|2|1|1,2,princN5,0,0,,2.0,0.0
8,2|2|2|1|1,2,princN6,0,0,,1.333333,0.0
8,2|2|2|1|1,2,princN8,0,0,,0.25,0.0
8,2|2|2|1|1,2,fakedeg,0,0,0,1.0,0.0
8,2|2|2|1|1,3,princN2,0,1,,,
8,2|2|2|1|1,3,princN5,0,0,,5.5,-2.598076
8,2|2|2|1|1,3,princN6,0,1,,,
8,2|2|2|1|1,3,princN8,0,0,,1.833333,-0.866025
8,2|2|2|1|1,3,fakedeg,0,0,,5.5,-2.598076
8,2|2|2|1|1,4,princN2,0,1,,,
8,2|2|2|1|1,4,princN5,0,1,,,
8,2|2|2|1|1,4,princN6,0,0,,0.0,8.0
8,2|2|2|1|1,4,princN8,0,1,,,
8,2|2|2|1|1,4,fakedeg,0,1,,,
8,2|2|1|1|1|1,2,princN2,0,1,,,
8,2|2|1|1|1|1,2,princN6,0,0,,1.333333,-0.0
8,2|2|1|1|1|1,2,princN7,0,0,0,1.0,0.0
8,2|2|1|1|1|1,2,princN8,0,0,,0.25,0.0
8,2|2|1|1|1|1,2,fakedeg,0,0,0,1.0,-0.0
8,2|2|1|1|1|1,3,princN2,0,1,,,
8,2|2|1|1|1|1,3,princN6,0,1,,,
8,2|2|1|1|1|1,3,princN7,0,0,,1.0,-5.196152
8,2|2|1|1|1|1,3,princN8,0,1,,,
8,2|2|1|1|1|1,3,fakedeg,0,0,,1.0,-5.196152
8,2|2|1|1|1|1,4,princN2,0,1,,,
8,2|2|1|1|1|1,4,princN6,0,0,,-0.0,-8.0
8,2|2|1|1|1|1,4,princN7,0,1,,,
8,2|2|1|1|1|1,4,princN8,0,1,,,
8,2|2|1|1|1|1,4,fakedeg,0,1,,,
8,2|1|1|1|1|1|1,2,princN2,0,1,,,
8,2|1|1|1|1|1|1,2,princN7,0,0,0,1.0,0.0
8,2|1|1|1|1|1|1,2,princN8,0,0,0,1.0,0.0
8,2|1|1|1|1|1|1,2,fakedeg,0,0,0,1.0,0.0
8,2|1|1|1|1|1|1,3,princN2,0,1,,,
8,2|1|1|1|1|1|1,3,princN7,0,0,,-0.5,2.598076
8,2|1|1|1|1|1|1,3,princN8,0,1,,,
8,2|1|1|1|1|1|1,3,fakedeg,0,0,,-0.5,2.598076
8,2|1|1|1|1|1|1,4,princN2,0,1,,,
8,2|1|1|1|1|1|1,4,princN7,0,0,,-3.0,4.0
8,2|1|1|1|1|1|1,4,princN8,0,0,,-3.0,4.0
8,2|1|1|1|1|1|1,4,fakedeg,0,0,,-3.0,4.0
8,1|1|1|1|1|1|1|1,2,princN1,0,1,,,
8,1|1|1|1|1|1|1|1,2,princN8,0,0,0,1.0,0.0
8,1|1|1|1|1|1|1|1,2,princN9,0,0,0,1.0,0.0
8,1|1|1|1|1|1|1|1,2,fakedeg,0,0,0,1.0,0.0
8,1|1|1|1|1|1|1|1,3,princN1,0,1,,,
8,1|1|1|1|1|1|1|1,3,princN8,0,0,0,1.0,0.0
8,1|1|1|1|1|1|1|1,3,princN9,0,1,,,
8,1|1|1|1|1|1|1|1,3,fakedeg,0,0,0,1.0,0.0
8,1|1|1|1|1|1|1|1,4,princN1,0,1,,,
8,1|1|1|1|1|1|1|1,4,princN8,0,0,0,1.0,0.0
8,1|1|1|1|1|1|1|1,4,princN9,0,0,0,1.0,0.0
8,1|1|1|1|1|1|1|1,4,fakedeg,0,0,0,1.0,0.0
9,9,2,princN1,0,0,0,1.0,0.0
9,9,2,princN2,0,1,,,
9,9,2,princN9,0,0,,0.014286,0.0
9,9,2,fakedeg,0,0,0,1.0,0.0
9,9,3,princN1,0,0,0,1.0,0.0
9,9,3,princN2,0,0,0,1.0,0.0
9,9,3,princN9,0,0,,0.1,0.0
9,9,3,fakedeg,0,0,0,1.0,0.0
9,9,4,princN1,0,0,0,1.0,0.0
9,9,4,princN2,0,0,,0.5,-0.5
9,9,4,princN9,0,0,,0.166667,0.0
9,9,4,fakedeg,0,0,0,1.0,0.0
9,8|1,2,princN2,1,1,0,,
9,8|1,2,princN3,1,1,0,,
9,8|1,2,princN8,1,1,0,,
9,8|1,2,princN9,1,1,0,,
9,8|1,2,fakedeg,1,1,0,,
9,8|1,3,princN2,0,0,,-5.0,-0.0
9,8|1,3,princN3,0,0,,-5.0,-0.0
9,8|1,3,princN8,0,0,,-0.5,0.0
9,8|1,3,princN9,0,0,,-0.5,-0.0
9,8|1,3,fakedeg,0,0,,-5.0,-0.0
9,8|1,4,princN2,0,1,,,
9,8|1,4,princN3,0,1,,,
9,8|1,4,princN8,0,1,,,
9,8|1,4,princN9,0,1,,,
9,8|1,4,fakedeg,0,1,,,
9,7|2,2,princN2,0,1,,,
9,7|2,2,princN3,0,0,0,1.0,0.0
9,7|2,2,princN7,0,0,,0.066667,0.0
9,7|2,2,princN9,0,0,,0.028571,0.0
9,7|2,2,fakedeg,0,0,0,1.0,0.0
9,7|2,3,princN2,0,1,,,
9,7|2,3,princN3,0,1,,,
9,7|2,3,princN7,0,1,,,
9,7|2,3,princN9,0,1,,,
9,7|2,3,fakedeg,0,1,,,
9,7|2,4,princN2,0,0,,4.5,7.5
9,7|2,4,princN3,0,0,,12.0,3.0
9,7|2,4,princN7,0,0,,4.0,1.0
9,7|2,4,princN9,0,0,,-1.0,4.0
9,7|2,4,fakedeg,0,0,,-3.0,12.0
9,7|1|1,2,princN3,0,0,0,1.0,0.0
9,7|1|1,2,princN4,0,1,,,
9,7|1|1,2,princN7,0,0,,0.066667,0.0
9,7|1|1,2,princN9,0,0,,0.028571,0.0
9,7|1|1,2,fakedeg,0,0,0,1.0,0.0
9,7|1|1,3,princN3,0,0,,10.0,0.0
9,7|1|1,3,princN4,0,0,,10.0,0.0
9,7|1|1,3,princN7,0,0,,2.5,0.0
9,7|1|1,3,princN9,0,0,0,1.0,0.0
9,7|1|1,3,fakedeg,0,0,,10.0,0.0
9,7|1|1,4,princN3,0,1,,,
9,7|1|1,4,princN4,0,1,,,
9,7|1|1,4,princN7,0,1,,,
9,7|1|1,4,princN9,0,1,,,
9,7|1|1,4,fakedeg,0,1,,,
9,6|3,2,princN2,1,1,0,,
9,6|3,2,princN3,1,1,0,,
9,6|3,2,princN6,1,1,0,,
9,6|3,2,princN9,1,1,0,,
9,6|3,2,fakedeg,1,1,0,,
9,6|3,3,princN2,0,0,,18.0,0.0
9,6|3,3,princN3,0,0,,18.0,0.0
9,6|3,3,princN6,0,0,,3.0,0.0
9,6|3,3,princN9,0,0,0,1.0,-0.0
9,6|3,3,fakedeg,0,0,,6.0,0.0
9,6|3,4,princN2,0,1,,,
9,6|3,4,princN3,0,1,,,
9,6|3,4,princN6,0,1,,,
9,6|3,4,princN9,0,1,,,
9,6|3,4,fakedeg,0,1,,,
9,6|2|1,2,princN3,0,0,0,1.0,-0.0
9,6|2|1,2,princN4,0,1,,,
9,6|2|1,2,princN6,0,1,,,
9,6|2|1,2,princN9,0,0,,0.028571,-0.0
9,6|2|1,2,fakedeg,0,0,0,1.0,-0.0
9,6|2|1,3,princN3,0,0,,-30.0,-0.0
9,6|2|1,3,princN4,0,0,,-10.0,-0.0
9,6|2|1,3,princN6,0,0,,-5.0,0.0
9,6|2|1,3,princN9,0,0,,-1.666667,-0.0
9,6|2|1,3,fakedeg,0,0,,-10.0,-0.0
9,6|2|1,4,princN3,0,0,,-36.0,19.0
9,6|2|1,4,princN4,0,1,,,
9,6|2|1,4,princN6,0,0,,-27.5,-8.5
9,6|2|1,4,princN9,0,0,,-6.333333,-12.0
9,6|2|1,4,fakedeg,0,0,,-19.0,-36.0
9,6|1|1|1,2,princN4,1,1,0,,
9,6|1|1|1,2,princN5,1,1,0,,
9,6|1|1|1,2,princN6,1,1,0,,
9,6|1|1|1,2,princN9,1,1,0,,
9,6|1|1|1,2,fakedeg,1,1,0,,
9,6|1|1|1,3,princN4,0,0,,5.5,0.0
9,6|1|1|1,3,princN5,0,0,,5.5,0.0
9,6|1|1|1,3,princN6,0,0,,5.5,0.0
9,6|1|1|1,3,princN9,0,0,,1.375,-0.0
9,6|1|1|1,3,fakedeg,0,0,,5.5,0.0
9,6|1|1|1,4,princN4,0,1,,,
9,6|1|1|1,4,princN5,0,1,,,
9,6|1|1|1,4,princN6,0,1,,,
9,6|1|1|1,4,princN9,0,1,,,
9,6|1|1|1,4,fakedeg,0,1,,,
9,5|4,2,princN2,0,1,,,
9,5|4,2,princN3,0,0,,2.0,0.0
9,5|4,2,princN5,0,0,,0.333333,0.0
9,5|4,2,princN9,0,0,,0.04,0.0
9,5|4,2,fakedeg,0,0,0,1.0,0.0
9,5|4,3,princN2,0,0,,-15.0,0.0
9,5|4,3,princN3,0,0,,-15.0,-0.0
9,5|4,3,princN5,0,0,,-2.5,-0.0
9,5|4,3,princN9,0,0,,-0.833333,-0.0
9,5|4,3,fakedeg,0,0,,-5.0,-0.0
9,5|4,4,princN2,0,0,,-7.0,-5.0
9,5|4,4,princN3,0,0,,-12.0,2.0
9,5|4,4,princN5,0,0,,-1.0,-6.0
9,5|4,4,princN9,0,0,,-0.333333,-2.0
9,5|4,4,fakedeg,0,0,,-1.0,-6.0
9,5|3|1,2,princN3,0,0,,2.0,-0.0
9,5|3|1,2,princN4,0,1,,,
9,5|3|1,2,princN5,0,0,,0.333333,-0.0
9,5|3|1,2,princN9,0,0,,0.04,0.0
9,5|3|1,2,fakedeg,0,0,0,1.0,-0.0
9,5|3|1,3,princN3,0,1,,,
9,5|3|1,3,princN4,0,1,,,
9,5|3|1,3,princN5,0,1,,,
9,5|3|1,3,princN9,0,1,,,
9,5|3|1,3,fakedeg,0,1,,,
9,5|3|1,4,princN3,0,0,,36.0,-30.0
9,5|3|1,4,princN4,0,1,,,
9,5|3|1,4,princN5,0,0,,15.0,18.0
9,5|3|1,4,princN9,0,0,,5.0,6.0
9,5|3|1,4,fakedeg,0,0,,15.0,18.0
9,5|2|2,2,princN3,0,0,,4.0,-0.0
9,5|2|2,2,princN4,0,1,,,
9,5|2|2,2,princN5,0,0,,0.5,0.0
9,5|2|2,2,princN9,0,0,,0.05,0.0
9,5|2|2,2,fakedeg,0,0,0,1.0,0.0
9,5|2|2,3,princN3,0,0,,30.0,-0.0
9,5|2|2,3,princN4,0,0,,30.0,0.0
9,5|2|2,3,princN5,0,0,,10.0,0.0
9,5|2|2,3,princN9,0,0,,1.666667,-0.0
9,5|2|2,3,fakedeg,0,0,,10.0,0.0
9,5|2|2,4,princN3,0,1,,,
9,5|2|2,4,princN4,0,1,,,
9,5|2|2,4,princN5,0,1,,,
9,5|2|2,4,princN9,0,1,,,
9,5|2|2,4,fakedeg,0,1,,,
9,5|2|1|1,2,princN4,0,1,,,
9,5|2|1|1,2,princN5,0,0,0,1.0,0.0
9,5|2|1|1,2,princN9,0,0,,0.066667,0.0
9,5|2|1|1,2,fakedeg,0,0,0,1.0,0.0
9,5|2|1|1,3,princN4,0,1,,,
9,5|2|1|1,3,princN5,0,1,,,
9,5|2|1|1,3,princN9,0,1,,,
9,5|2|1|1,3,fakedeg,0,1,,,
9,5|2|1|1,4,princN4,0,1,,,
9,5|2|1|1,4,princN5,0,0,,-63.0,-24.0
9,5|2|1|1,4,princN9,0,0,,-21.0,-8.0
9,5|2|1|1,4,fakedeg,0,0,,-63.0,-24.0
9,5|1|1|1|1,2,princN5,0,0,0,1.0,-0.0
9,5|1|1|1|1,2,princN6,0,1,,,
9,5|1|1|1|1,2,princN9,0,0,,0.066667,0.0
9,5|1|1|1|1,2,fakedeg,0,0,0,1.0,-0.0
9,5|1|1|1|1,3,princN5,0,0,,-5.0,-0.0
9,5|1|1|1|1,3,princN6,0,0,,-5.0,0.0
9,5|1|1|1|1,3,princN9,0,0,,-1.25,-0.0
9,5|1|1|1|1,3,fakedeg,0,0,,-5.0,-0.0
9,5|1|1|1|1,4,princN5,0,0,,17.0,-0.0
9,5|1|1|1|1,4,princN6,0,0,,8.5,-8.5
9,5|1|1|1|1,4,princN9,0,0,,5.666667,0.0
9,5|1|1|1|1,4,fakedeg,0,0,,17.0,-0.0
9,4|4|1,2,princN3,0,0,,2.0,-0.0
9,4|4|1,2,princN4,0,1,,,
9,4|4|1,2,princN9,0,0,,0.04,-0.0
9,4|4|1,2,fakedeg,0,0,0,1.0,-0.0
9,4|4|1,3,princN3,0,0,,24.0,-0.0
9,4|4|1,3,princN4,0,0,,12.0,0.0
9,4|4|1,3,princN9,0,0,,1.333333,-0.0
9,4|4|1,3,fakedeg,0,0,,8.0,0.0
9,4|4|1,4,princN3,0,1,,,
9,4|4|1,4,princN4,0,1,,,
9,4|4|1,4,princN9,0,1,,,
9,4|4|1,4,fakedeg,0,1,,,
9,4|3|2,2,princN3,1,1,0,,
9,4|3|2,2,princN4,1,1,0,,
9,4|3|2,2,princN9,1,1,0,,
9,4|3|2,2,fakedeg,1,1,0,,
9,4|3|2,3,princN3,0,0,,-45.0,0.0
9,4|3|2,3,princN4,0,0,,-45.0,0.0
9,4|3|2,3,princN9,0,0,,-2.5,-0.0
9,4|3|2,3,fakedeg,0,0,,-15.0,0.0
9,4|3|2,4,princN3,0,1,,,
9,4|3|2,4,princN4,0,1,,,
9,4|3|2,4,princN9,0,1,,,
9,4|3|2,4,fakedeg,0,1,,,
9,4|3|1|1,2,princN4,1,1,0,,
9,4|3|1|1,2,princN5,1,1,0,,
9,4|3|1|1,2,princN9,1,1,0,,
9,4|3|1|1,2,fakedeg,1,1,0,,
9,4|3|1|1,3,princN4,0,1,,,
9,4|3|1|1,3,princN5,0,1,,,
9,4|3|1|1,3,princN9,0,1,,,
9,4|3|1|1,3,fakedeg,0,1,,,
9,4|3|1|1,4,princN4,0,1,,,
9,4|3|1|1,4,princN5,0,1,,,
9,4|3|1|1,4,princN9,0,1,,,
9,4|3|1|1,4,fakedeg,0,1,,,
9,4|2|2|1,2,princN4,1,1,0,,
9,4|2|2|1,2,princN5,1,1,0,,
9,4|2|2|1,2,princN9,1,1,0,,
9,4|2|2|1,2,fakedeg,1,1,0,,
9,4|2|2|1,3,princN4,0,1,,,
9,4|2|2|1,3,princN5,0,1,,,
9,4|2|2|1,3,princN9,0,1,,,
9,4|2|2|1,3,fakedeg,0,1,,,
9,4|2|2|1,4,princN4,0,1,,,
9,4|2|2|1,4,princN5,0,1,,,
9,4|2|2|1,4,princN9,0,1,,,
9,4|2|2|1,4,fakedeg,0,1,,,
9,4|2|1|1|1,2,princN4,0,1,,,
9,4|2|1|1|1,2,princN5,0,0,0,1.0,-0.0
9,4|2|1|1|1,2,princN6,0,1,,,
9,4|2|1|1|1,2,princN9,0,0,,0.066667,0.0
9,4|2|1|1|1,2,fakedeg,0,0,0,1.0,-0.0
9,4|2|1|1|1,3,princN4,0,1,,,
9,4|2|1|1|1,3,princN5,0,1,,,
9,4|2|1|1|1,3,princN6,0,1,,,
9,4|2|1|1|1,3,princN9,0,1,,,
9,4|2|1|1|1,3,fakedeg,0,1,,,
9,4|2|1|1|1,4,princN4,0,1,,,
9,4|2|1|1|1,4,princN5,0,0,,-63.0,24.0
9,4|2|1|1|1,4,princN6,0,0,,-19.5,43.5
9,4|2|1|1|1,4,princN9,0,0,,-21.0,8.0
9,4|2|1|1|1,4,fakedeg,0,0,,-63.0,24.0
9,4|1|1|1|1|1,2,princN4,1,1,0,,
9,4|1|1|1|1|1,2,princN6,1,1,0,,
9,4|1|1|1|1|1,2,princN7,1,1,0,,
9,4|1|1|1|1|1,2,princN9,1,1,0,,
9,4|1|1|1|1|1,2,fakedeg,1,1,0,,
9,4|1|1|1|1|1,3,princN4,0,1,,,
9,4|1|1|1|1|1,3,princN6,0,0,,5.5,-0.0
9,4|1|1|1|1|1,3,princN7,0,0,,5.5,0.0
9,4|1|1|1|1|1,3,princN9,0,0,,1.375,-0.0
9,4|1|1|1|1|1,3,fakedeg,0,0,,5.5,-0.0
9,4|1|1|1|1|1,4,princN4,0,1,,,
9,4|1|1|1|1|1,4,princN6,0,1,,,
9,4|1|1|1|1|1,4,princN7,0,1,,,
9,4|1|1|1|1|1,4,princN9,0,1,,,
9,4|1|1|1|1|1,4,fakedeg,0,1,,,
9,3|3|3,2,princN3,0,0,,6.0,-0.0
9,3|3|3,2,princN4,0,1,,,
9,3|3|3,2,princN9,0,0,,0.06,0.0
9,3|3|3,2,fakedeg,0,0,0,1.0,-0.0
9,3|3|3,3,princN3,0,0,,12.0,-0.0
9,3|3|3,3,princN4,0,0,,6.0,-0.0
9,3|3|3,3,princN9,0,0,,0.444444,0.0
9,3|3|3,3,fakedeg,0,0,,2.0,-0.0
9,3|3|3,4,princN3,0,0,,0.0,6.0
9,3|3|3,4,princN4,0,1,,,
9,3|3|3,4,princN9,0,0,,-1.5,0.0
9,3|3|3,4,fakedeg,0,0,,-3.0,-0.0
9,3|3|2|1,2,princN3,1,1,0,,
9,3|3|2|1,2,princN4,1,1,0,,
9,3|3|2|1,2,princN5,1,1,0,,
9,3|3|2|1,2,princN9,1,1,0,,
9,3|3|2|1,2,fakedeg,1,1,0,,
9,3|3|2|1,3,princN3,0,1,,,
9,3|3|2|1,3,princN4,0,0,,-45.0,0.0
9,3|3|2|1,3,princN5,0,0,,-22.5,0.0
9,3|3|2|1,3,princN9,0,0,,-5.0,-0.0
9,3|3|2|1,3,fakedeg,0,0,,-15.0,0.0
9,3|3|2|1,4,princN3,0,1,,,
9,3|3|2|1,4,princN4,0,1,,,
9,3|3|2|1,4,princN5,0,1,,,
9,3|3|2|1,4,princN9,0,1,,,
9,3|3|2|1,4,fakedeg,0,1,,,
9,3|3|1|1|1,2,princN3,0,1,,,
9,3|3|1|1|1,2,princN5,0,0,,1.333333,-0.0
9,3|3|1|1|1,2,princN6,0,1,,,
9,3|3|1|1|1,2,princN9,0,0,,0.08,0.0
9,3|3|1|1|1,2,fakedeg,0,0,0,1.0,-0.0
9,3|3|1|1|1,3,princN3,0,1,,,
9,3|3|1|1|1,3,princN5,0,0,,15.0,-0.0
9,3|3|1|1|1,3,princN6,0,0,,15.0,0.0
9,3|3|1|1|1,3,princN9,0,0,,3.333333,0.0
9,3|3|1|1|1,3,fakedeg,0,0,,10.0,-0.0
9,3|3|1|1|1,4,princN3,0,1,,,
9,3|3|1|1|1,4,princN5,0,1,,,
9,3|3|1|1|1,4,princN6,0,1,,,
9,3|3|1|1|1,4,princN9,0,1,,,
9,3|3|1|1|1,4,fakedeg,0,1,,,
9,3|2|2|2,2,princN3,0,1,,,
9,3|2|2|2,2,princN4,0,1,,,
9,3|2|2|2,2,princN5,0,0,,2.0,0.0
9,3|2|2|2,2,princN9,0,0,,0.1,0.0
9,3|2|2|2,2,fakedeg,0,0,0,1.0,0.0
9,3|2|2|2,3,princN3,0,1,,,
9,3|2|2|2,3,princN4,0,0,,24.0,-0.0
9,3|2|2|2,3,princN5,0,0,,24.0,-0.0
9,3|2|2|2,3,princN9,0,0,,2.666667,0.0
9,3|2|2|2,3,fakedeg,0,0,,8.0,-0.0
9,3|2|2|2,4,princN3,0,1,,,
9,3|2|2|2,4,princN4,0,1,,,
9,3|2|2|2,4,princN5,0,1,,,
9,3|2|2|2,4,princN9,0,1,,,
9,3|2|2|2,4,fakedeg,0,1,,,
9,3|2|2|1|1,2,princN3,0,1,,,
9,3|2|2|1|1,2,princN5,0,0,,2.0,-0.0
9,3|2|2|1|1,2,princN6,0,1,,,
9,3|2|2|1|1,2,princN9,0,0,,0.1,0.0
9,3|2|2|1|1,2,fakedeg,0,0,0,1.0,0.0
9,3|2|2|1|1,3,princN3,0,1,,,
9,3|2|2|1|1,3,princN5,0,1,,,
9,3|2|2|1|1,3,princN6,0,1,,,
9,3|2|2|1|1,3,princN9,0,1,,,
9,3|2|2|1|1,3,fakedeg,0,1,,,
9,3|2|2|1|1,4,princN3,0,1,,,
9,3|2|2|1|1,4,princN5,0,0,,30.0,-36.0
9,3|2|2|1|1,4,princN6,0,0,,-1.5,-16.5
9,3|2|2|1|1,4,princN9,0,0,,7.5,-9.0
9,3|2|2|1|1,4,fakedeg,0,0,,15.0,-18.0
9,3|2|1|1|1|1,2,princN3,0,1,,,
9,3|2|1|1|1|1,2,princN6,0,1,,,
9,3|2|1|1|1|1,2,princN7,0,0,0,1.0,0.0
9,3|2|1|1|1|1,2,princN9,0,0,,0.2,-0.0
9,3|2|1|1|1|1,2,fakedeg,0,0,0,1.0,0.0
9,3|2|1|1|1|1,3,princN3,0,1,,,
9,3|2|1|1|1|1,3,princN6,0,0,,-15.0,0.0
9,3|2|1|1|1|1,3,princN7,0,0,,-10.0,0.0
9,3|2|1|1|1|1,3,princN9,0,0,,-3.333333,-0.0
9,3|2|1|1|1|1,3,fakedeg,0,0,,-10.0,0.0
9,3|2|1|1|1|1,4,princN3,0,1,,,
9,3|2|1|1|1|1,4,princN6,0,0,,8.5,27.5
9,3|2|1|1|1|1,4,princN7,0,0,,36.0,19.0
9,3|2|1|1|1|1,4,princN9,0,0,,-19.0,36.0
9,3|2|1|1|1|1,4,fakedeg,0,0,,-19.0,36.0
9,3|1|1|1|1|1|1,2,princN3,0,1,,,
9,3|1|1|1|1|1|1,2,princN7,0,0,0,1.0,-0.0
9,3|1|1|1|1|1|1,2,princN8,0,1,,,
9,3|1|1|1|1|1|1,2,princN9,0,0,,0.2,0.0
9,3|1|1|1|1|1|1,2,fakedeg,0,0,0,1.0,-0.0
9,3|1|1|1|1|1|1,3,princN3,0,1,,,
9,3|1|1|1|1|1|1,3,princN7,0,0,,10.0,-0.0
9,3|1|1|1|1|1|1,3,princN8,0,0,,10.0,-0.0
9,3|1|1|1|1|1|1,3,princN9,0,0,,10.0,-0.0
9,3|1|1|1|1|1|1,3,fakedeg,0,0,,10.0,-0.0
9,3|1|1|1|1|1|1,4,princN3,0,1,,,
9,3|1|1|1|1|1|1,4,princN7,0,1,,,
9,3|1|1|1|1|1|1,4,princN8,0,1,,,
9,3|1|1|1|1|1|1,4,princN9,0,1,,,
9,3|1|1|1|1|1|1,4,fakedeg,0,1,,,
9,2|2|2|2|1,2,princN2,0,1,,,
9,2|2|2|2|1,2,princN5,0,0,,2.0,-0.0
9,2|2|2|2|1,2,princN6,0,1,,,
9,2|2|2|2|1,2,princN9,0,0,,0.1,-0.0
9,2|2|2|2|1,2,fakedeg,0,0,0,1.0,-0.0
9,2|2|2|2|1,3,princN2,0,1,,,
9,2|2|2|2|1,3,princN5,0,0,,-15.0,0.0
9,2|2|2|2|1,3,princN6,0,0,,-7.5,0.0
9,2|2|2|2|1,3,princN9,0,0,,-1.666667,0.0
9,2|2|2|2|1,3,fakedeg,0,0,,-5.0,0.0
9,2|2|2|2|1,4,princN2,0,1,,,
9,2|2|2|2|1,4,princN5,0,0,,-2.0,12.0
9,2|2|2|2|1,4,princN6,0,0,,5.0,7.0
9,2|2|2|2|1,4,princN9,0,0,,-0.5,3.0
9,2|2|2|2|1,4,fakedeg,0,0,,-1.0,6.0
9,2|2|2|1|1|1,2,princN2,1,1,0,,
9,2|2|2|1|1|1,2,princN6,1,1,0,,
9,2|2|2|1|1|1,2,princN7,1,1,0,,
9,2|2|2|1|1|1,2,princN9,1,1,0,,
9,2|2|2|1|1|1,2,fakedeg,1,1,0,,
9,2|2|2|1|1|1,3,princN2,0,1,,,
9,2|2|2|1|1|1,3,princN6,0,0,,9.0,-0.0
9,2|2|2|1|1|1,3,princN7,0,0,,9.0,-0.0
9,2|2|2|1|1|1,3,princN9,0,0,,2.0,-0.0
9,2|2|2|1|1|1,3,fakedeg,0,0,,6.0,-0.0
9,2|2|2|1|1|1,4,princN2,0,1,,,
9,2|2|2|1|1|1,4,princN6,0,1,,,
9,2|2|2|1|1|1,4,princN7,0,1,,,
9,2|2|2|1|1|1,4,princN9,0,1,,,
9,2|2|2|1|1|1,4,fakedeg,0,1,,,
9,2|2|1|1|1|1|1,2,princN2,0,1,,,
9,2|2|1|1|1|1|1,2,princN7,0,0,0,1.0,-0.0
9,2|2|1|1|1|1|1,2,princN8,0,1,,,
9,2|2|1|1|1|1|1,2,princN9,0,0,,0.2,-0.0
9,2|2|1|1|1|1|1,2,fakedeg,0,0,0,1.0,-0.0
9,2|2|1|1|1|1|1,3,princN2,0,1,,,
9,2|2|1|1|1|1|1,3,princN7,0,1,,,
9,2|2|1|1|1|1|1,3,princN8,0,1,,,
9,2|2|1|1|1|1|1,3,princN9,0,1,,,
9,2|2|1|1|1|1|1,3,fakedeg,0,1,,,
9,2|2|1|1|1|1|1,4,princN2,0,1,,,
9,2|2|1|1|1|1|1,4,princN7,0,0,,-12.0,3.0
9,2|2|1|1|1|1|1,4,princN8,0,1,,,
9,2|2|1|1|1|1|1,4,princN9,0,0,,-3.0,-12.0
9,2|2|1|1|1|1|1,4,fakedeg,0,0,,-3.0,-12.0
9,2|1|1|1|1|1|1|1,2,princN2,1,1,0,,
9,2|1|1|1|1|1|1|1,2,princN8,1,1,0,,
9,2|1|1|1|1|1|1|1,2,princN9,1,1,0,,
9,2|1|1|1|1|1|1|1,2,fakedeg,1,1,0,,
9,2|1|1|1|1|1|1|1,3,princN2,0,1,,,
9,2|1|1|1|1|1|1|1,3,princN8,0,0,,-5.0,0.0
9,2|1|1|1|1|1|1|1,3,princN9,0,0,,-5.0,-0.0
9,2|1|1|1|1|1|1|1,3,fakedeg,0,0,,-5.0,0.0
9,2|1|1|1|1|1|1|1,4,princN2,0,1,,,
9,2|1|1|1|1|1|1|1,4,princN8,0,1,,,
9,2|1|1|1|1|1|1|1,4,princN9,0,1,,,
9,2|1|1|1|1|1|1|1,4,fakedeg,0,1,,,
9,1|1|1|1|1|1|1|1|1,2,princN1,0,1,,,
9,1|1|1|1|1|1|1|1|1,2,princN9,0,0,0,1.0,0.0
9,1|1|1|1|1|1|1|1|1,2,princN10,0,1,,,
9,1|1|1|1|1|1|1|1|1,2,fakedeg,0,0,0,1.0,0.0
9,1|1|1|1|1|1|1|1|1,3,princN1,0,1,,,
9,1|1|1|1|1|1|1|1|1,3,princN9,0,0,0,1.0,0.0
9,1|1|1|1|1|1|1|1|1,3,princN10,0,0,0,1.0,0.0
9,1|1|1|1|1|1|1|1|1,3,fakedeg,0,0,0,1.0,0.0
9,1|1|1|1|1|1|1|1|1,4,princN1,0,1,,,
9,1|1|1|1|1|1|1|1|1,4,princN9,0,0,0,1.0,0.0
9,1|1|1|1|1|1|1|1|1,4,princN10,0,0,,0.5,-0.5
9,1|1|1|1|1|1|1|1|1,4,fakedeg,0,0,0,1.0,0.0
10,10,2,princN1,0,0,0,1.0,0.0
10,10,2,princN2,0,0,0,1.0,0.0
10,10,2,princN10,0,0,,0.007937,0.0
10,10,2,fakedeg,0,0,0,1.0,0.0
10,10,3,princN1,0,0,0,1.0,0.0
10,10,3,princN2,0,0,,0.5,-0.866025
10,10,3,princN10,0,0,,0.05,-0.0
10,10,3,fakedeg,0,0,0,1.0,0.0
10,10,4,princN1,0,0,0,1.0,0.0
10,10,4,princN2,0,0,3,0.0,-1.0
10,10,4,princN10,0,0,,0.0,-0.166667
10,10,4,fakedeg,0,0,0,1.0,0.0
10,9|1,2,princN2,0,0,0,1.0,-0.0
10,9|1,2,princN3,0,0,0,1.0,-0.0
10,9|1,2,princN9,0,0,,0.017857,0.0
10,9|1,2,princN10,0,0,,0.007937,0.0
10,9|1,2,fakedeg,0,0,0,1.0,-0.0
10,9|1,3,princN2,0,1,,,
10,9|1,3,princN3,0,1,,,
10,9|1,3,princN9,0,1,,,
10,9|1,3,princN10,0,1,,,
10,9|1,3,fakedeg,0,1,,,
10,9|1,4,princN2,0,0,,5.0,-4.0
10,9|1,4,princN3,0,0,,-4.0,-5.0
10,9|1,4,princN9,0,1,,,
10,9|1,4,princN10,0,0,,0.833333,-0.666667
10,9|1,4,fakedeg,0,0,,5.0,-4.0
10,8|2,2,princN2,0,0,,5.0,-0.0
10,8|2,2,princN3,0,0,0,1.0,0.0
10,8|2,2,princN8,0,0,,0.035714,0.0
10,8|2,2,princN10,0,0,,0.014286,0.0
10,8|2,2,fakedeg,0,0,0,1.0,-0.0
10,8|2,3,princN2,0,0,,-4.0,6.928203
10,8|2,3,princN3,0,1,,,
10,8|2,3,princN8,0,0,,-0.4,0.69282
10,8|2,3,princN10,0,0,,-0.8,-0.0
10,8|2,3,fakedeg,0,0,,-8.0,-0.0
10,8|2,4,princN2,0,0,,-15.0,0.0
10,8|2,4,princN3,0,0,,0.0,15.0
10,8|2,4,princN8,0,1,,,
10,8|2,4,princN10,0,0,,-2.5,0.0
10,8|2,4,fakedeg,0,0,,-15.0,-0.0
10,8|1|1,2,princN3,0,0,0,1.0,0.0
10,8|1|1,2,princN4,0,0,0,1.0,0.0
10,8|1|1,2,princN8,0,0,,0.047619,0.0
10,8|1|1,2,princN10,0,0,,0.017857,0.0
10,8|1|1,2,fakedeg,0,0,0,1.0,0.0
10,8|1|1,3,princN3,0,1,,,
10,8|1|1,3,princN4,0,1,,,
10,8|1|1,3,princN8,0,1,,,
10,8|1|1,3,princN10,0,1,,,
10,8|1|1,3,fakedeg,0,1,,,
10,8|1|1,4,princN3,0,1,,,
10,8|1|1,4,princN4,0,1,,,
10,8|1|1,4,princN8,0,1,,,
10,8|1|1,4,princN10,0,1,,,
10,8|1|1,4,fakedeg,0,1,,,
10,7|3,2,princN2,0,0,,5.0,-0.0
10,7|3,2,princN3,0,0,,2.5,-0.0
10,7|3,2,princN7,0,0,,0.083333,-0.0
10,7|3,2,princN10,0,0,,0.014286,0.0
10,7|3,2,fakedeg,0,0,0,1.0,-0.0
10,7|3,3,princN2,0,0,,6.0,-10.392305
10,7|3,3,princN3,0,1,,,
10,7|3,3,princN7,0,0,0,1.0,-0.0
10,7|3,3,princN10,0,0,,0.4,-0.0
10,7|3,3,fakedeg,0,0,,4.0,0.0
10,7|3,4,princN2,0,0,,-20.0,-5.0
10,7|3,4,princN3,0,1,,,
10,7|3,4,princN7,0,1,,,
10,7|3,4,princN10,0,0,,-3.333333,-0.833333
10,7|3,4,fakedeg,0,0,,5.0,-20.0
10,7|2|1,2,princN3,1,1,0,,
10,7|2|1,2,princN4,1,1,0,,
10,7|2|1,2,princN7,1,1,0,,
10,7|2|1,2,princN10,1,1,0,,
10,7|2|1,2,fakedeg,1,1,0,,
10,7|2|1,3,princN3,0,1,,,
10,7|2|1,3,princN4,0,0,,-8.0,-0.0
10,7|2|1,3,princN7,0,0,,-2.0,-0.0
10,7|2|1,3,princN10,0,0,,-0.8,-0.0
10,7|2|1,3,fakedeg,0,0,,-8.0,-0.0
10,7|2|1,4,princN3,0,1,,,
10,7|2|1,4,princN4,0,1,,,
10,7|2|1,4,princN7,0,1,,,
10,7|2|1,4,princN10,0,1,,,
10,7|2|1,4,fakedeg,0,1,,,
10,7|1|1|1,2,princN4,0,0,0,1.0,-0.0
10,7|1|1|1,2,princN5,0,0,0,1.0,-0.0
10,7|1|1|1,2,princN7,0,0,,0.166667,-0.0
10,7|1|1|1,2,princN10,0,0,,0.017857,-0.0
10,7|1|1|1,2,fakedeg,0,0,0,1.0,-0.0
10,7|1|1|1,3,princN4,0,0,0,1.0,-0.0
10,7|1|1|1,3,princN5,0,0,,0.5,-0.866025
10,7|1|1|1,3,princN7,0,0,,0.25,0.0
10,7|1|1|1,3,princN10,0,0,,0.1,0.0
10,7|1|1|1,3,fakedeg,0,0,0,1.0,-0.0
10,7|1|1|1,4,princN4,0,1,,,
10,7|1|1|1,4,princN5,0,1,,,
10,7|1|1|1,4,princN7,0,1,,,
10,7|1|1|1,4,princN10,0,1,,,
10,7|1|1|1,4,fakedeg,0,1,,,
10,6|4,2,princN2,0,0,,10.0,-0.0
10,6|4,2,princN3,0,0,,2.5,-0.0
10,6|4,2,princN6,0,0,,0.166667,0.0
10,6|4,2,princN10,0,0,,0.019048,0.0
10,6|4,2,fakedeg,0,0,0,1.0,-0.0
10,6|4,3,princN2,0,1,,,
10,6|4,3,princN3,0,1,,,
10,6|4,3,princN6,0,1,,,
10,6|4,3,princN10,0,1,,,
10,6|4,3,fakedeg,0,1,,,
10,6|4,4,princN2,0,0,,20.0,10.0
10,6|4,4,princN3,0,1,,,
10,6|4,4,princN6,0,0,,5.0,2.5
10,6|4,4,princN10,0,0,,2.222222,1.111111
10,6|4,4,fakedeg,0,0,,-5.0,10.0
10,6|3|1,2,princN3,0,0,,2.5,0.0
10,6|3|1,2,princN4,0,0,,2.5,0.0
10,6|3|1,2,princN6,0,0,,0.333333,0.0
10,6|3|1,2,princN10,0,0,,0.028571,0.0
10,6|3|1,2,fakedeg,0,0,0,1.0,0.0
10,6|3|1,3,princN3,0,1,,,
10,6|3|1,3,princN4,0,1,,,
10,6|3|1,3,princN6,0,1,,,
10,6|3|1,3,princN10,0,1,,,
10,6|3|1,3,fakedeg,0,1,,,
10,6|3|1,4,princN3,0,1,,,
10,6|3|1,4,princN4,0,1,,,
10,6|3|1,4,princN6,0,0,,-40.0,-65.0
10,6|3|1,4,princN10,0,0,,-13.333333,-21.666667
10,6|3|1,4,fakedeg,0,0,,65.0,-40.0
10,6|2|2,2,princN3,0,0,,5.0,0.0
10,6|2|2,2,princN4,0,0,,2.5,0.0
10,6|2|2,2,princN6,0,0,,0.333333,0.0
10,6|2|2,2,princN10,0,0,,0.028571,0.0
10,6|2|2,2,fakedeg,0,0,0,1.0,0.0
10,6|2|2,3,princN3,0,1,,,
10,6|2|2,3,princN4,0,1,,,
10,6|2|2,3,princN6,0,1,,,
10,6|2|2,3,princN10,0,1,,,
10,6|2|2,3,fakedeg,0,1,,,
10,6|2|2,4,princN3,0,0,,60.0,-5.0
10,6|2|2,4,princN4,0,1,,,
10,6|2|2,4,princN6,0,0,,5.0,60.0
10,6|2|2,4,princN10,0,0,,1.666667,20.0
10,6|2|2,4,fakedeg,0,0,,5.0,60.0
10,6|2|1|1,2,princN4,0,0,,2.5,-0.0
10,6|2|1|1,2,princN5,0,0,0,1.0,0.0
10,6|2|1|1,2,princN6,0,0,,0.333333,0.0
10,6|2|1|1,2,princN10,0,0,,0.028571,0.0
10,6|2|1|1,2,fakedeg,0,0,0,1.0,0.0
10,6|2|1|1,3,princN4,0,0,,-17.0,0.0
10,6|2|1|1,3,princN5,0,0,,-8.5,14.722432
10,6|2|1|1,3,princN6,0,1,,,
10,6|2|1|1,3,princN10,0,0,,-1.7,-0.0
10,6|2|1|1,3,fakedeg,0,0,,-17.0,0.0
10,6|2|1|1,4,princN4,0,1,,,
10,6|2|1|1,4,princN5,0,0,,-55.0,0.0
10,6|2|1|1,4,princN6,0,0,,0.0,55.0
10,6|2|1|1,4,princN10,0,0,,0.0,18.333333
10,6|2|1|1,4,fakedeg,0,0,,-55.0,0.0
10,6|1|1|1|1,2,princN5,0,0,0,1.0,0.0
10,6|1|1|1|1,2,princN6,0,0,0,1.0,0.0
10,6|1|1|1|1,2,princN10,0,0,,0.047619,0.0
10,6|1|1|1|1,2,fakedeg,0,0,0,1.0,0.0
10,6|1|1|1|1,3,princN5,0,1,,,
10,6|1|1|1|1,3,princN6,0,1,,,
10,6|1|1|1|1,3,princN10,0,1,,,
10,6|1|1|1|1,3,fakedeg,0,1,,,
10,6|1|1|1|1,4,princN5,0,0,,27.0,10.0
10,6|1|1|1|1,4,princN6,0,0,,10.0,-27.0
10,6|1|1|1|1,4,princN10,0,0,,3.333333,-9.0
10,6|1|1|1|1,4,fakedeg,0,0,,27.0,10.0
10,5|5,2,princN2,0,0,,10.0,-0.0
10,5|5,2,princN3,0,0,,3.333333,-0.0
10,5|5,2,princN5,0,0,,0.416667,-0.0
10,5|5,2,princN10,0,0,,0.019048,0.0
10,5|5,2,fakedeg,0,0,0,1.0,-0.0
10,5|5,3,princN2,0,0,,-3.0,5.196152
10,5|5,3,princN3,0,1,,,
10,5|5,3,princN5,0,0,1,-0.5,0.866025
10,5|5,3,princN10,0,0,,-0.25,-0.0
10,5|5,3,fakedeg,0,0,,-2.0,-0.0
10,5|5,4,princN2,0,0,,6.0,4.0
10,5|5,4,princN3,0,0,,4.0,-6.0
10,5|5,4,princN5,0,1,,,
10,5|5,4,princN10,0,0,,0.666667,0.444444
10,5|5,4,fakedeg,0,0,,3.0,2.0
10,5|4|1,2,princN3,1,1,0,,
10,5|4|1,2,princN4,1,1,0,,
10,5|4|1,2,princN5,1,1,0,,
10,5|4|1,2,princN10,1,1,0,,
10,5|4|1,2,fakedeg,1,1,0,,
10,5|4|1,3,princN3,0,1,,,
10,5|4|1,3,princN4,0,1,,,
10,5|4|1,3,princN5,0,1,,,
10,5|4|1,3,princN10,0,1,,,
10,5|4|1,3,fakedeg,0,1,,,
10,5|4|1,4,princN3,0,1,,,
10,5|4|1,4,princN4,0,1,,,
10,5|4|1,4,princN5,0,1,,,
10,5|4|1,4,princN10,0,1,,,
10,5|4|1,4,fakedeg,0,1,,,
10,5|3|2,2,princN3,0,0,,10.0,-0.0
10,5|3|2,2,princN4,0,0,,2.5,-0.0
10,5|3|2,2,princN5,0,0,,0.833333,-0.0
10,5|3|2,2,princN10,0,0,,0.028571,0.0
10,5|3|2,2,fakedeg,0,0,0,1.0,-0.0
10,5|3|2,3,princN3,0,1,,,
10,5|3|2,3,princN4,0,1,,,
10,5|3|2,3,princN5,0,1,,,
10,5|3|2,3,princN10,0,1,,,
10,5|3|2,3,fakedeg,0,1,,,
10,5|3|2,4,princN3,0,0,,-80.0,-10.0
10,5|3|2,4,princN4,0,1,,,
10,5|3|2,4,princN5,0,1,,,
10,5|3|2,4,princN10,0,0,,1.666667,-13.333333
10,5|3|2,4,fakedeg,0,0,,5.0,-40.0
10,5|3|1|1,2,princN4,0,0,,2.5,-0.0
10,5|3|1|1,2,princN5,0,0,,1.666667,-0.0
10,5|3|1|1,2,princN10,0,0,,0.028571,-0.0
10,5|3|1|1,2,fakedeg,0,0,0,1.0,-0.0
10,5|3|1|1,3,princN4,0,1,,,
10,5|3|1|1,3,princN5,0,1,,,
10,5|3|1|1,3,princN10,0,1,,,
10,5|3|1|1,3,fakedeg,0,1,,,
10,5|3|1|1,4,princN4,0,1,,,
10,5|3|1|1,4,princN5,0,0,,129.0,24.0
10,5|3|1|1,4,princN10,0,0,,8.0,-43.0
10,5|3|1|1,4,fakedeg,0,0,,129.0,24.0
10,5|2|2|1,2,princN4,0,0,,2.5,-0.0
10,5|2|2|1,2,princN5,0,0,,2.5,-0.0
10,5|2|2|1,2,princN10,0,0,,0.028571,0.0
10,5|2|2|1,2,fakedeg,0,0,0,1.0,-0.0
10,5|2|2|1,3,princN4,0,0,,30.0,0.0
10,5|2|2|1,3,princN5,0,0,,5.0,-8.660254
10,5|2|2|1,3,princN10,0,0,,1.666667,0.0
10,5|2|2|1,3,fakedeg,0,0,,10.0,0.0
10,5|2|2|1,4,princN4,0,1,,,
10,5|2|2|1,4,princN5,0,1,,,
10,5|2|2|1,4,princN10,0,0,,-25.0,33.333333
10,5|2|2|1,4,fakedeg,0,0,,-75.0,100.0
10,5|2|1|1|1,2,princN5,1,1,0,,
10,5|2|1|1|1,2,princN6,1,1,0,,
10,5|2|1|1|1,2,princN10,1,1,0,,
10,5|2|1|1|1,2,fakedeg,1,1,0,,
10,5|2|1|1|1,3,princN5,0,0,,-4.0,6.928203
10,5|2|1|1|1,3,princN6,0,1,,,
10,5|2|1|1|1,3,princN10,0,0,,-2.0,-0.0
10,5|2|1|1|1,3,fakedeg,0,0,,-8.0,0.0
10,5|2|1|1|1,4,princN5,0,1,,,
10,5|2|1|1|1,4,princN6,0,1,,,
10,5|2|1|1|1,4,princN10,0,1,,,
10,5|2|1|1|1,4,fakedeg,0,1,,,
10,5|1|1|1|1|1,2,princN5,0,1,,,
10,5|1|1|1|1|1,2,princN6,0,0,0,1.0,-0.0
10,5|1|1|1|1|1,2,princN7,0,0,0,1.0,-0.0
10,5|1|1|1|1|1,2,princN10,0,0,,0.047619,0.0
10,5|1|1|1|1|1,2,fakedeg,0,0,0,1.0,-0.0
10,5|1|1|1|1|1,3,princN5,0,1,,,
10,5|1|1|1|1|1,3,princN6,0,1,,,
10,5|1|1|1|1|1,3,princN7,0,1,,,
10,5|1|1|1|1|1,3,princN10,0,1,,,
10,5|1|1|1|1|1,3,fakedeg,0,1,,,
10,5|1|1|1|1|1,4,princN5,0,1,,,
10,5|1|1|1|1|1,4,princN6,0,0,,27.0,-10.0
10,5|1|1|1|1|1,4,princN7,0,0,,-10.0,-27.0
10,5|1|1|1|1|1,4,princN10,0,0,,9.0,-3.333333
10,5|1|1|1|1|1,4,fakedeg,0,0,,27.0,-10.0
10,4|4|2,2,princN3,0,0,,10.0,-0.0
10,4|4|2,2,princN4,0,0,,3.333333,-0.0
10,4|4|2,2,princN10,0,0,,0.033333,0.0
10,4|4|2,2,fakedeg,0,0,0,1.0,0.0
10,4|4|2,3,princN3,0,1,,,
10,4|4|2,3,princN4,0,1,,,
10,4|4|2,3,princN10,0,1,,,
10,4|4|2,3,fakedeg,0,1,,,
10,4|4|2,4,princN3,0,1,,,
10,4|4|2,4,princN4,0,1,,,
10,4|4|2,4,princN10,0,1,,,
10,4|4|2,4,fakedeg,0,1,,,
10,4|4|1|1,2,princN4,0,0,,3.333333,-0.0
10,4|4|1|1,2,princN5,0,0,,1.666667,-0.0
10,4|4|1|1,2,princN10,0,0,,0.033333,0.0
10,4|4|1|1,2,fakedeg,0,0,0,1.0,-0.0
10,4|4|1|1,3,princN4,0,0,,10.5,-0.0
10,4|4|1|1,3,princN5,0,0,,5.25,-9.093267
10,4|4|1|1,3,princN10,0,0,,0.875,-0.0
10,4|4|1|1,3,fakedeg,0,0,,7.0,-0.0
10,4|4|1|1,4,princN4,0,1,,,
10,4|4|1|1,4,princN5,0,1,,,
10,4|4|1|1,4,princN10,0,1,,,
10,4|4|1|1,4,fakedeg,0,1,,,
10,4|3|3,2,princN3,0,0,,10.0,0.0
10,4|3|3,2,princN4,0,0,,5.0,0.0
10,4|3|3,2,princN10,0,0,,0.04,0.0
10,4|3|3,2,fakedeg,0,0,0,1.0,0.0
10,4|3|3,3,princN3,0,1,,,
10,4|3|3,3,princN4,0,0,,12.0,0.0
10,4|3|3,3,princN10,0,0,,0.666667,-0.0
10,4|3|3,3,fakedeg,0,0,,4.0,0.0
10,4|3|3,4,princN3,0,0,,20.0,10.0
10,4|3|3,4,princN4,0,1,,,
10,4|3|3,4,princN10,0,0,,-1.666667,3.333333
10,4|3|3,4,fakedeg,0,0,,-5.0,10.0
10,4|3|2|1,2,princN4,1,1,0,,
10,4|3|2|1,2,princN5,1,1,0,,
10,4|3|2|1,2,princN10,1,1,0,,
10,4|3|2|1,2,fakedeg,1,1,0,,
10,4|3|2|1,3,princN4,0,0,,-24.0,0.0
10,4|3|2|1,3,princN5,0,0,,-6.0,10.392305
10,4|3|2|1,3,princN10,0,0,,-1.333333,-0.0
10,4|3|2|1,3,fakedeg,0,0,,-8.0,0.0
10,4|3|2|1,4,princN4,0,1,,,
10,4|3|2|1,4,princN5,0,1,,,
10,4|3|2|1,4,princN10,0,1,,,
10,4|3|2|1,4,fakedeg,0,1,,,
10,4|3|1|1|1,2,princN4,0,1,,,
10,4|3|1|1|1,2,princN5,0,0,,1.666667,0.0
10,4|3|1|1|1,2,princN6,0,0,,1.666667,0.0
10,4|3|1|1|1,2,princN10,0,0,,0.066667,-0.0
10,4|3|1|1|1,2,fakedeg,0,0,0,1.0,0.0
10,4|3|1|1|1,3,princN4,0,1,,,
10,4|3|1|1|1,3,princN5,0,0,,7.5,-12.990381
10,4|3|1|1|1,3,princN6,0,1,,,
10,4|3|1|1|1,3,princN10,0,0,,2.5,-0.0
10,4|3|1|1|1,3,fakedeg,0,0,,10.0,0.0
10,4|3|1|1|1,4,princN4,0,1,,,
10,4|3|1|1|1,4,princN5,0,0,,-75.0,-100.0
10,4|3|1|1|1,4,princN6,0,0,,-100.0,75.0
10,4|3|1|1|1,4,princN10,0,0,,-33.333333,25.0
10,4|3|1|1|1,4,fakedeg,0,0,,-75.0,-100.0
10,4|2|2|2,2,princN4,0,0,,10.0,-0.0
10,4|2|2|2,2,princN5,0,0,,2.5,0.0
10,4|2|2|2,2,princN10,0,0,,0.05,0.0
10,4|2|2|2,2,fakedeg,0,0,0,1.0,0.0
10,4|2|2|2,3,princN4,0,0,,21.0,-0.0
10,4|2|2|2,3,princN5,0,0,,10.5,-18.186533
10,4|2|2|2,3,princN10,0,0,,1.166667,-0.0
10,4|2|2|2,3,fakedeg,0,0,,7.0,-0.0
10,4|2|2|2,4,princN4,0,1,,,
10,4|2|2|2,4,princN5,0,1,,,
10,4|2|2|2,4,princN10,0,1,,,
10,4|2|2|2,4,fakedeg,0,1,,,
10,4|2|2|1|1,2,princN4,0,1,,,
10,4|2|2|1|1,2,princN5,0,0,,2.5,0.0
10,4|2|2|1|1,2,princN6,0,0,,1.666667,0.0
10,4|2|2|1|1,2,princN10,0,0,,0.066667,0.0
10,4|2|2|1|1,2,fakedeg,0,0,0,1.0,0.0
10,4|2|2|1|1,3,princN4,0,1,,,
10,4|2|2|1|1,3,princN5,0,1,,,
10,4|2|2|1|1,3,princN6,0,1,,,
10,4|2|2|1|1,3,princN10,0,1,,,
10,4|2|2|1|1,3,fakedeg,0,1,,,
10,4|2|2|1|1,4,princN4,0,1,,,
10,4|2|2|1|1,4,princN5,0,1,,,
10,4|2|2|1|1,4,princN6,0,0,,129.0,-24.0
10,4|2|2|1|1,4,princN10,0,0,,43.0,-8.0
10,4|2|2|1|1,4,fakedeg,0,0,,129.0,-24.0
10,4|2|1|1|1|1,2,princN4,0,1,,,
10,4|2|1|1|1|1,2,princN6,0,0,,1.666667,-0.0
10,4|2|1|1|1|1,2,princN7,0,0,0,1.0,0.0
10,4|2|1|1|1|1,2,princN10,0,0,,0.066667,0.0
10,4|2|1|1|1|1,2,fakedeg,0,0,0,1.0,0.0
10,4|2|1|1|1|1,3,princN4,0,1,,,
10,4|2|1|1|1|1,3,princN6,0,1,,,
10,4|2|1|1|1|1,3,princN7,0,0,,-17.0,-0.0
10,4|2|1|1|1|1,3,princN10,0,0,,-4.25,-0.0
10,4|2|1|1|1|1,3,fakedeg,0,0,,-17.0,0.0
10,4|2|1|1|1|1,4,princN4,0,1,,,
10,4|2|1|1|1|1,4,princN6,0,0,,-55.0,-0.0
10,4|2|1|1|1|1,4,princN7,0,0,,-0.0,55.0
10,4|2|1|1|1|1,4,princN10,0,0,,-18.333333,0.0
10,4|2|1|1|1|1,4,fakedeg,0,0,,-55.0,-0.0
10,4|1|1|1|1|1|1,2,princN4,0,1,,,
10,4|1|1|1|1|1|1,2,princN7,0,0,0,1.0,0.0
10,4|1|1|1|1|1|1,2,princN8,0,0,0,1.0,0.0
10,4|1|1|1|1|1|1,2,princN10,0,0,,0.166667,0.0
10,4|1|1|1|1|1|1,2,fakedeg,0,0,0,1.0,0.0
10,4|1|1|1|1|1|1,3,princN4,0,1,,,
10,4|1|1|1|1|1|1,3,princN7,0,0,0,1.0,-0.0
10,4|1|1|1|1|1|1,3,princN8,0,0,,0.5,-0.866025
10,4|1|1|1|1|1|1,3,princN10,0,0,,0.25,-0.0
10,4|1|1|1|1|1|1,3,fakedeg,0,0,0,1.0,-0.0
10,4|1|1|1|1|1|1,4,princN4,0,1,,,
10,4|1|1|1|1|1|1,4,princN7,0,1,,,
10,4|1|1|1|1|1|1,4,princN8,0,1,,,
10,4|1|1|1|1|1|1,4,princN10,0,1,,,
10,4|1|1|1|1|1|1,4,fakedeg,0,1,,,
10,3|3|3|1,2,princN3,0,1,,,
10,3|3|3|1,2,princN4,0,0,,5.0,-0.0
10,3|3|3|1,2,princN5,0,0,,3.333333,-0.0
10,3|3|3|1,2,princN10,0,0,,0.04,0.0
10,3|3|3|1,2,fakedeg,0,0,0,1.0,-0.0
10,3|3|3|1,3,princN3,0,1,,,
10,3|3|3|1,3,princN4,0,0,,12.0,-0.0
10,3|3|3|1,3,princN5,0,0,,3.0,-5.196152
10,3|3|3|1,3,princN10,0,0,,0.666667,-0.0
10,3|3|3|1,3,fakedeg,0,0,,4.0,-0.0
10,3|3|3|1,4,princN3,0,1,,,
10,3|3|3|1,4,princN4,0,1,,,
10,3|3|3|1,4,princN5,0,0,,-10.0,-20.0
10,3|3|3|1,4,princN10,0,0,,-3.333333,1.666667
10,3|3|3|1,4,fakedeg,0,0,,-5.0,-10.0
10,3|3|2|2,2,princN3,0,1,,,
10,3|3|2|2,2,princN4,0,0,,10.0,-0.0
10,3|3|2|2,2,princN5,0,0,,3.333333,-0.0
10,3|3|2|2,2,princN10,0,0,,0.05,0.0
10,3|3|2|2,2,fakedeg,0,0,0,1.0,-0.0
10,3|3|2|2,3,princN3,0,1,,,
10,3|3|2|2,3,princN4,0,1,,,
10,3|3|2|2,3,princN5,0,1,,,
10,3|3|2|2,3,princN10,0,1,,,
10,3|3|2|2,3,fakedeg,0,1,,,
10,3|3|2|2,4,princN3,0,1,,,
10,3|3|2|2,4,princN4,0,1,,,
10,3|3|2|2,4,princN5,0,1,,,
10,3|3|2|2,4,princN10,0,1,,,
10,3|3|2|2,4,fakedeg,0,1,,,
10,3|3|2|1|1,2,princN3,0,1,,,
10,3|3|2|1|1,2,princN5,0,0,,3.333333,0.0
10,3|3|2|1|1,2,princN6,0,0,,1.666667,0.0
10,3|3|2|1|1,2,princN10,0,0,,0.066667,0.0
10,3|3|2|1|1,2,fakedeg,0,0,0,1.0,0.0
10,3|3|2|1|1,3,princN3,0,1,,,
10,3|3|2|1|1,3,princN5,0,1,,,
10,3|3|2|1|1,3,princN6,0,1,,,
10,3|3|2|1|1,3,princN10,0,1,,,
10,3|3|2|1|1,3,fakedeg,0,1,,,
10,3|3|2|1|1,4,princN3,0,1,,,
10,3|3|2|1|1,4,princN5,0,0,,10.0,80.0
10,3|3|2|1|1,4,princN6,0,0,,40.0,-5.0
10,3|3|2|1|1,4,princN10,0,0,,13.333333,-1.666667
10,3|3|2|1|1,4,fakedeg,0,0,,5.0,40.0
10,3|3|1|1|1|1,2,princN3,0,1,,,
10,3|3|1|1|1|1,2,princN6,0,0,,1.666667,-0.0
10,3|3|1|1|1|1,2,princN7,0,0,,1.25,-0.0
10,3|3|1|1|1|1,2,princN10,0,0,,0.066667,0.0
10,3|3|1|1|1|1,2,fakedeg,0,0,0,1.0,-0.0
10,3|3|1|1|1|1,3,princN3,0,1,,,
10,3|3|1|1|1|1,3,princN6,0,1,,,
10,3|3|1|1|1|1,3,princN7,0,1,,,
10,3|3|1|1|1|1,3,princN10,0,1,,,
10,3|3|1|1|1|1,3,fakedeg,0,1,,,
10,3|3|1|1|1|1,4,princN3,0,1,,,
10,3|3|1|1|1|1,4,princN6,0,0,,-60.0,-5.0
10,3|3|1|1|1|1,4,princN7,0,1,,,
10,3|3|1|1|1|1,4,princN10,0,0,,-20.0,-1.666667
10,3|3|1|1|1|1,4,fakedeg,0,0,,5.0,-60.0
10,3|2|2|2|1,2,princN3,1,1,0,,
10,3|2|2|2|1,2,princN5,1,1,0,,
10,3|2|2|2|1,2,princN6,1,1,0,,
10,3|2|2|2|1,2,princN10,1,1,0,,
10,3|2|2|2|1,2,fakedeg,1,1,0,,
10,3|2|2|2|1,3,princN3,0,1,,,
10,3|2|2|2|1,3,princN5,0,1,,,
10,3|2|2|2|1,3,princN6,0,1,,,
10,3|2|2|2|1,3,princN10,0,1,,,
10,3|2|2|2|1,3,fakedeg,0,1,,,
10,3|2|2|2|1,4,princN3,0,1,,,
10,3|2|2|2|1,4,princN5,0,1,,,
10,3|2|2|2|1,4,princN6,0,1,,,
10,3|2|2|2|1,4,princN10,0,1,,,
10,3|2|2|2|1,4,fakedeg,0,1,,,
10,3|2|2|1|1|1,2,princN3,0,1,,,
10,3|2|2|1|1|1,2,princN6,0,0,,1.666667,-0.0
10,3|2|2|1|1|1,2,princN7,0,0,,1.666667,-0.0
10,3|2|2|1|1|1,2,princN10,0,0,,0.066667,-0.0
10,3|2|2|1|1|1,2,fakedeg,0,0,0,1.0,-0.0
10,3|2|2|1|1|1,3,princN3,0,1,,,
10,3|2|2|1|1|1,3,princN6,0,1,,,
10,3|2|2|1|1|1,3,princN7,0,1,,,
10,3|2|2|1|1|1,3,princN10,0,1,,,
10,3|2|2|1|1|1,3,fakedeg,0,1,,,
10,3|2|2|1|1|1,4,princN3,0,1,,,
10,3|2|2|1|1|1,4,princN6,0,0,,65.0,40.0
10,3|2|2|1|1|1,4,princN7,0,0,,40.0,-65.0
10,3|2|2|1|1|1,4,princN10,0,0,,21.666667,13.333333
10,3|2|2|1|1|1,4,fakedeg,0,0,,65.0,40.0
10,3|2|1|1|1|1|1,2,princN3,1,1,0,,
10,3|2|1|1|1|1|1,2,princN7,1,1,0,,
10,3|2|1|1|1|1|1,2,princN8,1,1,0,,
10,3|2|1|1|1|1|1,2,princN10,1,1,0,,
10,3|2|1|1|1|1|1,2,fakedeg,1,1,0,,
10,3|2|1|1|1|1|1,3,princN3,0,1,,,
10,3|2|1|1|1|1|1,3,princN7,0,0,,-8.0,0.0
10,3|2|1|1|1|1|1,3,princN8,0,0,,-4.0,6.928203
10,3|2|1|1|1|1|1,3,princN10,0,0,,-2.0,-0.0
10,3|2|1|1|1|1|1,3,fakedeg,0,0,,-8.0,0.0
10,3|2|1|1|1|1|1,4,princN3,0,1,,,
10,3|2|1|1|1|1|1,4,princN7,0,1,,,
10,3|2|1|1|1|1|1,4,princN8,0,1,,,
10,3|2|1|1|1|1|1,4,princN10,0,1,,,
10,3|2|1|1|1|1|1,4,fakedeg,0,1,,,
10,3|1|1|1|1|1|1|1,2,princN3,0,1,,,
10,3|1|1|1|1|1|1|1,2,princN8,0,0,0,1.0,-0.0
10,3|1|1|1|1|1|1|1,2,princN9,0,0,0,1.0,-0.0
10,3|1|1|1|1|1|1|1,2,princN10,0,0,,0.166667,-0.0
10,3|1|1|1|1|1|1|1,2,fakedeg,0,0,0,1.0,-0.0
10,3|1|1|1|1|1|1|1,3,princN3,0,1,,,
10,3|1|1|1|1|1|1|1,3,princN8,0,1,,,
10,3|1|1|1|1|1|1|1,3,princN9,0,1,,,
10,3|1|1|1|1|1|1|1,3,princN10,0,1,,,
10,3|1|1|1|1|1|1|1,3,fakedeg,0,1,,,
10,3|1|1|1|1|1|1|1,4,princN3,0,1,,,
10,3|1|1|1|1|1|1|1,4,princN8,0,1,,,
10,3|1|1|1|1|1|1|1,4,princN9,0,1,,,
10,3|1|1|1|1|1|1|1,4,princN10,0,1,,,
10,3|1|1|1|1|1|1|1,4,fakedeg,0,1,,,
10,2|2|2|2|2,2,princN2,0,1,,,
10,2|2|2|2|2,2,princN5,0,0,,10.0,0.0
10,2|2|2|2|2,2,princN6,0,0,,3.333333,0.0
10,2|2|2|2|2,2,princN10,0,0,,0.1,0.0
10,2|2|2|2|2,2,fakedeg,0,0,0,1.0,0.0
10,2|2|2|2|2,3,princN2,0,1,,,
10,2|2|2|2|2,3,princN5,0,0,,-3.0,5.196152
10,2|2|2|2|2,3,princN6,0,1,,,
10,2|2|2|2|2,3,princN10,0,0,,-0.666667,-0.0
10,2|2|2|2|2,3,fakedeg,0,0,,-2.0,0.0
10,2|2|2|2|2,4,princN2,0,1,,,
10,2|2|2|2|2,4,princN5,0,0,,6.0,-4.0
10,2|2|2|2|2,4,princN6,0,0,,-4.0,-6.0
10,2|2|2|2|2,4,princN10,0,0,,-1.0,-1.5
10,2|2|2|2|2,4,fakedeg,0,0,,3.0,-2.0
10,2|2|2|2|1|1,2,princN2,0,1,,,
10,2|2|2|2|1|1,2,princN6,0,0,,3.333333,-0.0
10,2|2|2|2|1|1,2,princN7,0,0,,1.666667,0.0
10,2|2|2|2|1|1,2,princN10,0,0,,0.1,0.0
10,2|2|2|2|1|1,2,fakedeg,0,0,0,1.0,0.0
10,2|2|2|2|1|1,3,princN2,0,1,,,
10,2|2|2|2|1|1,3,princN6,0,1,,,
10,2|2|2|2|1|1,3,princN7,0,1,,,
10,2|2|2|2|1|1,3,princN10,0,1,,,
10,2|2|2|2|1|1,3,fakedeg,0,1,,,
10,2|2|2|2|1|1,4,princN2,0,1,,,
10,2|2|2|2|1|1,4,princN6,0,0,,-10.0,-20.0
10,2|2|2|2|1|1,4,princN7,0,0,,-10.0,5.0
10,2|2|2|2|1|1,4,princN10,0,0,,-2.5,-5.0
10,2|2|2|2|1|1,4,fakedeg,0,0,,-5.0,-10.0
10,2|2|2|1|1|1|1,2,princN2,0,1,,,
10,2|2|2|1|1|1|1,2,princN7,0,0,,1.666667,0.0
10,2|2|2|1|1|1|1,2,princN8,0,0,,1.25,0.0
10,2|2|2|1|1|1|1,2,princN10,0,0,,0.2,0.0
10,2|2|2|1|1|1|1,2,fakedeg,0,0,0,1.0,0.0
10,2|2|2|1|1|1|1,3,princN2,0,1,,,
10,2|2|2|1|1|1|1,3,princN7,0,0,,6.0,-0.0
10,2|2|2|1|1|1|1,3,princN8,0,0,,2.0,-3.464102
10,2|2|2|1|1|1|1,3,princN10,0,0,,1.333333,-0.0
10,2|2|2|1|1|1|1,3,fakedeg,0,0,,4.0,-0.0
10,2|2|2|1|1|1|1,4,princN2,0,1,,,
10,2|2|2|1|1|1|1,4,princN7,0,0,,20.0,-5.0
10,2|2|2|1|1|1|1,4,princN8,0,1,,,
10,2|2|2|1|1|1|1,4,princN10,0,0,,5.0,20.0
10,2|2|2|1|1|1|1,4,fakedeg,0,0,,5.0,20.0
10,2|2|1|1|1|1|1|1,2,princN2,0,1,,,
10,2|2|1|1|1|1|1|1,2,princN8,0,0,,1.25,-0.0
10,2|2|1|1|1|1|1|1,2,princN9,0,0,0,1.0,0.0
10,2|2|1|1|1|1|1|1,2,princN10,0,0,,0.2,0.0
10,2|2|1|1|1|1|1|1,2,fakedeg,0,0,0,1.0,-0.0
10,2|2|1|1|1|1|1|1,3,princN2,0,1,,,
10,2|2|1|1|1|1|1|1,3,princN8,0,0,,-4.0,6.928203
10,2|2|1|1|1|1|1|1,3,princN9,0,1,,,
10,2|2|1|1|1|1|1|1,3,princN10,0,0,,-8.0,-0.0
10,2|2|1|1|1|1|1|1,3,fakedeg,0,0,,-8.0,0.0
10,2|2|1|1|1|1|1|1,4,princN2,0,1,,,
10,2|2|1|1|1|1|1|1,4,princN8,0,1,,,
10,2|2|1|1|1|1|1|1,4,princN9,0,0,,-15.0,0.0
10,2|2|1|1|1|1|1|1,4,princN10,0,0,,-0.0,15.0
10,2|2|1|1|1|1|1|1,4,fakedeg,0,0,,-15.0,-0.0
10,2|1|1|1|1|1|1|1|1,2,princN2,0,1,,,
10,2|1|1|1|1|1|1|1|1,2,princN9,0,0,0,1.0,0.0
10,2|1|1|1|1|1|1|1|1,2,princN10,0,0,0,1.0,0.0
10,2|1|1|1|1|1|1|1|1,2,fakedeg,0,0,0,1.0,0.0
10,2|1|1|1|1|1|1|1|1,3,princN2,0,1,,,
10,2|1|1|1|1|1|1|1|1,3,princN9,0,1,,,
10,2|1|1|1|1|1|1|1|1,3,princN10,0,1,,,
10,2|1|1|1|1|1|1|1|1,3,fakedeg,0,1,,,
10,2|1|1|1|1|1|1|1|1,4,princN2,0,1,,,
10,2|1|1|1|1|1|1|1|1,4,princN9,0,0,,5.0,4.0
10,2|1|1|1|1|1|1|1|1,4,princN10,0,0,,4.0,-5.0
10,2|1|1|1|1|1|1|1|1,4,fakedeg,0,0,,5.0,4.0
10,1|1|1|1|1|1|1|1|1|1,2,princN1,0,1,,,
10,1|1|1|1|1|1|1|1|1|1,2,princN10,0,0,0,1.0,0.0
10,1|1|1|1|1|1|1|1|1|1,2,princN11,0,0,0,1.0,0.0
10,1|1|1|1|1|1|1|1|1|1,2,fakedeg,0,0,0,1.0,0.0
10,1|1|1|1|1|1|1|1|1|1,3,princN1,0,1,,,
10,1|1|1|1|1|1|1|1|1|1,3,princN10,0,0,0,1.0,0.0
10,1|1|1|1|1|1|1|1|1|1,3,princN11,0,0,,0.5,-0.866025
10,1|1|1|1|1|1|1|1|1|1,3,fakedeg,0,0,0,1.0,0.0
10,1|1|1|1|1|1|1|1|1|1,4,princN1,0,1,,,
10,1|1|1|1|1|1|1|1|1|1,4,princN10,0,0,0,1.0,0.0
10,1|1|1|1|1|1|1|1|1|1,4,princN11,0,0,3,0.0,-1.0
10,1|1|1|1|1|1|1|1|1|1,4,fakedeg,0,0,0,1.0,0.0
11,11,2,princN1,0,0,0,1.0,0.0
11,11,2,princN2,0,1,,,
11,11,2,princN11,0,0,,0.003968,0.0
11,11,2,fakedeg,0,0,0,1.0,0.0
11,11,3,princN1,0,0,0,1.0,0.0
11,11,3,princN2,0,1,,,
11,11,3,princN11,0,1,,,
11,11,3,fakedeg,0,0,0,1.0,0.0
11,11,4,princN1,0,0,0,1.0,0.0
11,11,4,princN2,0,1,,,
11,11,4,princN11,0,1,,,
11,11,4,fakedeg,0,0,0,1.0,0.0
11,10|1,2,princN2,1,1,0,,
11,10|1,2,princN3,1,1,0,,
11,10|1,2,princN10,1,1,0,,
11,10|1,2,princN11,1,1,0,,
11,10|1,2,fakedeg,1,1,0,,
11,10|1,3,princN2,0,0,,-2.0,-5.196152
11,10|1,3,princN3,0,1,,,
11,10|1,3,princN10,0,1,,,
11,10|1,3,princN11,0,0,,-0.1,-0.259808
11,10|1,3,fakedeg,0,0,,-2.0,-5.196152
11,10|1,4,princN2,0,0,,-5.0,0.0
11,10|1,4,princN3,0,1,,,
11,10|1,4,princN10,0,0,,-0.833333,0.0
11,10|1,4,princN11,0,1,,,
11,10|1,4,fakedeg,0,0,,-5.0,0.0
11,9|2,2,princN2,0,1,,,
11,9|2,2,princN3,0,0,0,1.0,0.0
11,9|2,2,princN9,0,0,,0.017857,0.0
11,9|2,2,princN11,0,0,,0.007937,0.0
11,9|2,2,fakedeg,0,0,0,1.0,0.0
11,9|2,3,princN2,0,0,,4.0,15.588457
11,9|2,3,princN3,0,1,,,
11,9|2,3,princN9,0,1,,,
11,9|2,3,princN11,0,0,,0.2,0.779423
11,9|2,3,fakedeg,0,0,,4.0,15.588457
11,9|2,4,princN2,0,1,,,
11,9|2,4,princN3,0,1,,,
11,9|2,4,princN9,0,1,,,
11,9|2,4,princN11,0,1,,,
11,9|2,4,fakedeg,0,1,,,
11,9|1|1,2,princN3,0,0,0,1.0,0.0
11,9|1|1,2,princN4,0,1,,,
11,9|1|1,2,princN9,0,0,,0.017857,0.0
11,9|1|1,2,princN11,0,0,,0.007937,0.0
11,9|1|1,2,fakedeg,0,0,0,1.0,0.0
11,9|1|1,3,princN3,0,1,,,
11,9|1|1,3,princN4,0,1,,,
11,9|1|1,3,princN9,0,1,,,
11,9|1|1,3,princN11,0,1,,,
11,9|1|1,3,fakedeg,0,1,,,
11,9|1|1,4,princN3,0,0,,25.0,0.0
11,9|1|1,4,princN4,0,1,,,
11,9|1|1,4,princN9,0,1,,,
11,9|1|1,4,princN11,0,0,,4.166667,-0.0
11,9|1|1,4,fakedeg,0,0,,25.0,0.0
11,8|3,2,princN2,1,1,0,,
11,8|3,2,princN3,1,1,0,,
11,8|3,2,princN8,1,1,0,,
11,8|3,2,princN11,1,1,0,,
11,8|3,2,fakedeg,1,1,0,,
11,8|3,3,princN2,0,1,,,
11,8|3,3,princN3,0,1,,,
11,8|3,3,princN8,0,1,,,
11,8|3,3,princN11,0,1,,,
11,8|3,3,fakedeg,0,0,,14.5,5.196152
11,8|3,4,princN2,0,0,,15.0,-20.0
11,8|3,4,princN3,0,1,,,
11,8|3,4,princN8,0,1,,,
11,8|3,4,princN11,0,1,,,
11,8|3,4,fakedeg,0,0,,15.0,-20.0
11,8|2|1,2,princN3,0,0,0,1.0,-0.0
11,8|2|1,2,princN4,0,1,,,
11,8|2|1,2,princN8,0,1,,,
11,8|2|1,2,princN11,0,0,,0.007937,-0.0
11,8|2|1,2,fakedeg,0,0,0,1.0,-0.0
11,8|2|1,3,princN3,0,1,,,
11,8|2|1,3,princN4,0,0,,-14.5,-7.794229
11,8|2|1,3,princN8,0,1,,,
11,8|2|1,3,princN11,0,1,,,
11,8|2|1,3,fakedeg,0,0,,-14.5,-7.794229
11,8|2|1,4,princN3,0,0,,-75.0,44.0
11,8|2|1,4,princN4,0,1,,,
11,8|2|1,4,princN8,0,1,,,
11,8|2|1,4,princN11,0,0,,-12.5,7.333333
11,8|2|1,4,fakedeg,0,0,,-75.0,44.0
11,8|1|1|1,2,princN4,1,1,0,,
11,8|1|1|1,2,princN5,1,1,0,,
11,8|1|1|1,2,princN8,1,1,0,,
11,8|1|1|1,2,princN11,1,1,0,,
11,8|1|1|1,2,fakedeg,1,1,0,,
11,8|1|1|1,3,princN4,0,0,,4.5,4.330127
11,8|1|1|1,3,princN5,0,1,,,
11,8|1|1|1,3,princN8,0,1,,,
11,8|1|1|1,3,princN11,0,1,,,
11,8|1|1|1,3,fakedeg,0,0,,4.5,4.330127
11,8|1|1|1,4,princN4,0,1,,,
11,8|1|1|1,4,princN5,0,1,,,
11,8|1|1|1,4,princN8,0,1,,,
11,8|1|1|1,4,princN11,0,1,,,
11,8|1|1|1,4,fakedeg,0,1,,,
11,7|4,2,princN2,0,1,,,
11,7|4,2,princN3,0,0,,2.5,0.0
11,7|4,2,princN7,0,0,,0.083333,0.0
11,7|4,2,princN11,0,0,,0.011905,0.0
11,7|4,2,fakedeg,0,0,0,1.0,0.0
11,7|4,3,princN2,0,0,,-4.5,-38.971143
11,7|4,3,princN3,0,1,,,
11,7|4,3,princN7,0,1,,,
11,7|4,3,princN11,0,0,,-0.1125,-0.974279
11,7|4,3,fakedeg,0,0,,-1.5,-12.990381
11,7|4,4,princN2,0,1,,,
11,7|4,4,princN3,0,1,,,
11,7|4,4,princN7,0,1,,,
11,7|4,4,princN11,0,1,,,
11,7|4,4,fakedeg,0,0,,-15.0,-40.0
11,7|3|1,2,princN3,0,0,,2.5,-0.0
11,7|3|1,2,princN4,0,1,,,
11,7|3|1,2,princN7,0,0,,0.083333,0.0
11,7|3|1,2,princN11,0,0,,0.011905,0.0
11,7|3|1,2,fakedeg,0,0,0,1.0,-0.0
11,7|3|1,3,princN3,0,1,,,
11,7|3|1,3,princN4,0,0,,85.0,51.961524
11,7|3|1,3,princN7,0,0,,21.25,12.990381
11,7|3|1,3,princN11,0,1,,,
11,7|3|1,3,fakedeg,0,0,,85.0,51.961524
11,7|3|1,4,princN3,0,1,,,
11,7|3|1,4,princN4,0,1,,,
11,7|3|1,4,princN7,0,1,,,
11,7|3|1,4,princN11,0,1,,,
11,7|3|1,4,fakedeg,0,0,,55.0,50.0
11,7|2|2,2,princN3,0,0,,5.0,-0.0
11,7|2|2,2,princN4,0,1,,,
11,7|2|2,2,princN7,0,0,,0.111111,0.0
11,7|2|2,2,princN11,0,0,,0.014286,0.0
11,7|2|2,2,fakedeg,0,0,0,1.0,0.0
11,7|2|2,3,princN3,0,1,,,
11,7|2|2,3,princN4,0,1,,,
11,7|2|2,3,princN7,0,1,,,
11,7|2|2,3,princN11,0,0,,-0.2,3.117691
11,7|2|2,3,fakedeg,0,0,,-2.0,31.176915
11,7|2|2,4,princN3,0,0,,45.0,-100.0
11,7|2|2,4,princN4,0,1,,,
11,7|2|2,4,princN7,0,0,,15.0,-33.333333
11,7|2|2,4,princN11,0,0,,7.5,-16.666667
11,7|2|2,4,fakedeg,0,0,,45.0,-100.0
11,7|2|1|1,2,princN4,0,1,,,
11,7|2|1|1,2,princN5,0,0,0,1.0,0.0
11,7|2|1|1,2,princN7,0,0,,0.166667,0.0
11,7|2|1|1,2,princN11,0,0,,0.017857,0.0
11,7|2|1|1,2,fakedeg,0,0,0,1.0,0.0
11,7|2|1|1,3,princN4,0,1,,,
11,7|2|1|1,3,princN5,0,1,,,
11,7|2|1|1,3,princN7,0,1,,,
11,7|2|1|1,3,princN11,0,1,,,
11,7|2|1|1,3,fakedeg,0,1,,,
11,7|2|1|1,4,princN4,0,1,,,
11,7|2|1|1,4,princN5,0,0,,-93.0,-30.0
11,7|2|1|1,4,princN7,0,1,,,
11,7|2|1|1,4,princN11,0,1,,,
11,7|2|1|1,4,fakedeg,0,0,,-93.0,-30.0
11,7|1|1|1|1,2,princN5,0,0,0,1.0,0.0
11,7|1|1|1|1,2,princN6,0,1,,,
11,7|1|1|1|1,2,princN7,0,0,,0.166667,0.0
11,7|1|1|1|1,2,princN11,0,0,,0.017857,0.0
11,7|1|1|1|1,2,fakedeg,0,0,0,1.0,0.0
11,7|1|1|1|1,3,princN5,0,0,,3.5,-6.062178
11,7|1|1|1|1,3,princN6,0,1,,,
11,7|1|1|1|1,3,princN7,0,1,,,
11,7|1|1|1|1,3,princN11,0,0,,0.35,-0.606218
11,7|1|1|1|1,3,fakedeg,0,0,,3.5,-6.062178
11,7|1|1|1|1,4,princN5,0,0,,45.0,-0.0
11,7|1|1|1|1,4,princN6,0,1,,,
11,7|1|1|1|1,4,princN7,0,1,,,
11,7|1|1|1|1,4,princN11,0,1,,,
11,7|1|1|1|1,4,fakedeg,0,0,,45.0,-0.0
11,6|5,2,princN2,1,1,0,,
11,6|5,2,princN3,1,1,0,,
11,6|5,2,princN6,1,1,0,,
11,6|5,2,princN11,1,1,0,,
11,6|5,2,fakedeg,1,1,0,,
11,6|5,3,princN2,0,0,,1.5,28.578838
11,6|5,3,princN3,0,1,,,
11,6|5,3,princN6,0,1,,,
11,6|5,3,princN11,0,0,,0.0375,0.714471
11,6|5,3,fakedeg,0,0,,0.5,9.526279
11,6|5,4,princN2,0,0,,-6.0,20.0
11,6|5,4,princN3,0,1,,,
11,6|5,4,princN6,0,0,,-1.5,5.0
11,6|5,4,princN11,0,1,,,
11,6|5,4,fakedeg,0,0,,-3.0,10.0
11,6|4|1,2,princN3,0,0,,2.5,-0.0
11,6|4|1,2,princN4,0,1,,,
11,6|4|1,2,princN6,0,1,,,
11,6|4|1,2,princN11,0,0,,0.011905,-0.0
11,6|4|1,2,fakedeg,0,0,0,1.0,-0.0
11,6|4|1,3,princN3,0,1,,,
11,6|4|1,3,princN4,0,1,,,
11,6|4|1,3,princN6,0,1,,,
11,6|4|1,3,princN11,0,1,,,
11,6|4|1,3,fakedeg,0,1,,,
11,6|4|1,4,princN3,0,1,,,
11,6|4|1,4,princN4,0,1,,,
11,6|4|1,4,princN6,0,1,,,
11,6|4|1,4,princN11,0,1,,,
11,6|4|1,4,fakedeg,0,0,,-131.0,-84.0
11,6|3|2,2,princN3,1,1,0,,
11,6|3|2,2,princN4,1,1,0,,
11,6|3|2,2,princN6,1,1,0,,
11,6|3|2,2,princN11,1,1,0,,
11,6|3|2,2,fakedeg,1,1,0,,
11,6|3|2,3,princN3,0,1,,,
11,6|3|2,3,princN4,0,1,,,
11,6|3|2,3,princN6,0,1,,,
11,6|3|2,3,princN11,0,1,,,
11,6|3|2,3,fakedeg,0,1,,,
11,6|3|2,4,princN3,0,1,,,
11,6|3|2,4,princN4,0,1,,,
11,6|3|2,4,princN6,0,0,,-85.0,-120.0
11,6|3|2,4,princN11,0,1,,,
11,6|3|2,4,fakedeg,0,0,,-85.0,-120.0
11,6|3|1|1,2,princN4,1,1,0,,
11,6|3|1|1,2,princN5,1,1,0,,
11,6|3|1|1,2,princN6,1,1,0,,
11,6|3|1|1,2,princN11,1,1,0,,
11,6|3|1|1,2,fakedeg,1,1,0,,
11,6|3|1|1,3,princN4,0,0,,-110.0,-114.315353
11,6|3|1|1,3,princN5,0,1,,,
11,6|3|1|1,3,princN6,0,1,,,
11,6|3|1|1,3,princN11,0,1,,,
11,6|3|1|1,3,fakedeg,0,0,,-110.0,-114.315353
11,6|3|1|1,4,princN4,0,1,,,
11,6|3|1|1,4,princN5,0,1,,,
11,6|3|1|1,4,princN6,0,1,,,
11,6|3|1|1,4,princN11,0,1,,,
11,6|3|1|1,4,fakedeg,0,1,,,
11,6|2|2|1,2,princN4,1,1,0,,
11,6|2|2|1,2,princN5,1,1,0,,
11,6|2|2|1,2,princN6,1,1,0,,
11,6|2|2|1,2,princN11,1,1,0,,
11,6|2|2|1,2,fakedeg,1,1,0,,
11,6|2|2|1,3,princN4,0,1,,,
11,6|2|2|1,3,princN5,0,0,,17.5,-64.951905
11,6|2|2|1,3,princN6,0,1,,,
11,6|2|2|1,3,princN11,0,0,,1.75,-6.495191
11,6|2|2|1,3,fakedeg,0,0,,17.5,-64.951905
11,6|2|2|1,4,princN4,0,1,,,
11,6|2|2|1,4,princN5,0,1,,,
11,6|2|2|1,4,princN6,0,0,,85.0,50.0
11,6|2|2|1,4,princN11,0,1,,,
11,6|2|2|1,4,fakedeg,0,0,,85.0,50.0
11,6|2|1|1|1,2,princN5,0,0,0,1.0,-0.0
11,6|2|1|1|1,2,princN6,0,1,,,
11,6|2|1|1|1,2,princN11,0,0,,0.017857,-0.0
11,6|2|1|1|1,2,fakedeg,0,0,0,1.0,-0.0
11,6|2|1|1|1,3,princN5,0,0,,-13.5,28.578838
11,6|2|1|1|1,3,princN6,0,1,,,
11,6|2|1|1|1,3,princN11,0,0,,-1.35,2.857884
11,6|2|1|1|1,3,fakedeg,0,0,,-13.5,28.578838
11,6|2|1|1|1,4,princN5,0,1,,,
11,6|2|1|1|1,4,princN6,0,1,,,
11,6|2|1|1|1,4,princN11,0,1,,,
11,6|2|1|1|1,4,fakedeg,0,1,,,
11,6|1|1|1|1|1,2,princN6,1,1,0,,
11,6|1|1|1|1|1,2,princN7,1,1,0,,
11,6|1|1|1|1|1,2,princN11,1,1,0,,
11,6|1|1|1|1|1,2,fakedeg,1,1,0,,
11,6|1|1|1|1|1,3,princN6,0,1,,,
11,6|1|1|1|1|1,3,princN7,0,1,,,
11,6|1|1|1|1|1,3,princN11,0,1,,,
11,6|1|1|1|1|1,3,fakedeg,0,1,,,
11,6|1|1|1|1|1,4,princN6,0,0,,-37.0,-0.0
11,6|1|1|1|1|1,4,princN7,0,1,,,
11,6|1|1|1|1|1,4,princN11,0,1,,,
11,6|1|1|1|1|1,4,fakedeg,0,0,,-37.0,-0.0
11,5|5|1,2,princN3,0,0,,3.333333,-0.0
11,5|5|1,2,princN4,0,1,,,
11,5|5|1,2,princN5,0,0,,0.416667,-0.0
11,5|5|1,2,princN11,0,0,,0.013605,0.0
11,5|5|1,2,fakedeg,0,0,0,1.0,-0.0
11,5|5|1,3,princN3,0,1,,,
11,5|5|1,3,princN4,0,0,,-20.25,-16.887495
11,5|5|1,3,princN5,0,1,,,
11,5|5|1,3,princN11,0,1,,,
11,5|5|1,3,fakedeg,0,0,,-13.5,-11.25833
11,5|5|1,4,princN3,0,0,,30.0,-60.0
11,5|5|1,4,princN4,0,1,,,
11,5|5|1,4,princN5,0,1,,,
11,5|5|1,4,princN11,0,0,,3.333333,-6.666667
11,5|5|1,4,fakedeg,0,0,,15.0,-30.0
11,5|4|2,2,princN3,0,0,,10.0,-0.0
11,5|4|2,2,princN4,0,1,,,
11,5|4|2,2,princN5,0,0,,0.833333,0.0
11,5|4|2,2,princN11,0,0,,0.019048,0.0
11,5|4|2,2,fakedeg,0,0,0,1.0,0.0
11,5|4|2,3,princN3,0,1,,,
11,5|4|2,3,princN4,0,1,,,
11,5|4|2,3,princN5,0,1,,,
11,5|4|2,3,princN11,0,1,,,
11,5|4|2,3,fakedeg,0,1,,,
11,5|4|2,4,princN3,0,0,,-10.0,180.0
11,5|4|2,4,princN4,0,1,,,
11,5|4|2,4,princN5,0,1,,,
11,5|4|2,4,princN11,0,0,,-1.111111,20.0
11,5|4|2,4,fakedeg,0,0,,-5.0,90.0
11,5|4|1|1,2,princN4,0,1,,,
11,5|4|1|1,2,princN5,0,0,,1.666667,0.0
11,5|4|1|1,2,princN11,0,0,,0.02381,0.0
11,5|4|1|1,2,fakedeg,0,0,0,1.0,0.0
11,5|4|1|1,3,princN4,0,0,,45.75,58.456715
11,5|4|1|1,3,princN5,0,1,,,
11,5|4|1|1,3,princN11,0,1,,,
11,5|4|1|1,3,fakedeg,0,0,,30.5,38.971143
11,5|4|1|1,4,princN4,0,1,,,
11,5|4|1|1,4,princN5,0,0,,245.0,-20.0
11,5|4|1|1,4,princN11,0,1,,,
11,5|4|1|1,4,fakedeg,0,0,,245.0,-20.0
11,5|3|3,2,princN3,0,0,,10.0,-0.0
11,5|3|3,2,princN4,0,1,,,
11,5|3|3,2,princN5,0,0,,0.833333,-0.0
11,5|3|3,2,princN11,0,0,,0.019048,0.0
11,5|3|3,2,fakedeg,0,0,0,1.0,0.0
11,5|3|3,3,princN3,0,1,,,
11,5|3|3,3,princN4,0,0,,64.5,64.951905
11,5|3|3,3,princN5,0,1,,,
11,5|3|3,3,princN11,0,1,,,
11,5|3|3,3,fakedeg,0,0,,21.5,21.650635
11,5|3|3,4,princN3,0,1,,,
11,5|3|3,4,princN4,0,1,,,
11,5|3|3,4,princN5,0,1,,,
11,5|3|3,4,princN11,0,1,,,
11,5|3|3,4,fakedeg,0,1,,,
11,5|3|2|1,2,princN4,1,1,0,,
11,5|3|2|1,2,princN5,1,1,0,,
11,5|3|2|1,2,princN11,1,1,0,,
11,5|3|2|1,2,fakedeg,1,1,0,,
11,5|3|2|1,3,princN4,0,0,,-175.5,-226.03263
11,5|3|2|1,3,princN5,0,1,,,
11,5|3|2|1,3,princN11,0,1,,,
11,5|3|2|1,3,fakedeg,0,0,,-58.5,-75.34421
11,5|3|2|1,4,princN4,0,1,,,
11,5|3|2|1,4,princN5,0,1,,,
11,5|3|2|1,4,princN11,0,1,,,
11,5|3|2|1,4,fakedeg,0,0,,-305.0,-100.0
11,5|3|1|1|1,2,princN5,0,0,,1.666667,-0.0
11,5|3|1|1|1,2,princN6,0,1,,,
11,5|3|1|1|1,2,princN11,0,0,,0.02381,0.0
11,5|3|1|1|1,2,fakedeg,0,0,0,1.0,-0.0
11,5|3|1|1|1,3,princN5,0,1,,,
11,5|3|1|1|1,3,princN6,0,1,,,
11,5|3|1|1|1,3,princN11,0,1,,,
11,5|3|1|1|1,3,fakedeg,0,0,,82.0,150.68842
11,5|3|1|1|1,4,princN5,0,1,,,
11,5|3|1|1|1,4,princN6,0,1,,,
11,5|3|1|1|1,4,princN11,0,1,,,
11,5|3|1|1|1,4,fakedeg,0,1,,,
11,5|2|2|2,2,princN4,0,1,,,
11,5|2|2|2,2,princN5,0,0,,2.5,0.0
11,5|2|2|2,2,princN11,0,0,,0.028571,0.0
11,5|2|2|2,2,fakedeg,0,0,0,1.0,0.0
11,5|2|2|2,3,princN4,0,0,,30.0,38.971143
11,5|2|2|2,3,princN5,0,1,,,
11,5|2|2|2,3,princN11,0,1,,,
11,5|2|2|2,3,fakedeg,0,0,,10.0,12.990381
11,5|2|2|2,4,princN4,0,1,,,
11,5|2|2|2,4,princN5,0,1,,,
11,5|2|2|2,4,princN11,0,0,,-45.0,-40.0
11,5|2|2|2,4,fakedeg,0,0,,-135.0,-120.0
11,5|2|2|1|1,2,princN5,0,0,,2.5,-0.0
11,5|2|2|1|1,2,princN6,0,1,,,
11,5|2|2|1|1,2,princN11,0,0,,0.028571,0.0
11,5|2|2|1|1,2,fakedeg,0,0,0,1.0,0.0
11,5|2|2|1|1,3,princN5,0,0,,82.0,-150.68842
11,5|2|2|1|1,3,princN6,0,1,,,
11,5|2|2|1|1,3,princN11,0,0,,8.2,-15.068842
11,5|2|2|1|1,3,fakedeg,0,0,,82.0,-150.68842
11,5|2|2|1|1,4,princN5,0,1,,,
11,5|2|2|1|1,4,princN6,0,1,,,
11,5|2|2|1|1,4,princN11,0,1,,,
11,5|2|2|1|1,4,fakedeg,0,1,,,
11,5|2|1|1|1|1,2,princN5,0,1,,,
11,5|2|1|1|1|1,2,princN6,0,1,,,
11,5|2|1|1|1|1,2,princN7,0,0,0,1.0,0.0
11,5|2|1|1|1|1,2,princN11,0,0,,0.047619,0.0
11,5|2|1|1|1|1,2,fakedeg,0,0,0,1.0,0.0
11,5|2|1|1|1|1,3,princN5,0,1,,,
11,5|2|1|1|1|1,3,princN6,0,1,,,
11,5|2|1|1|1|1,3,princN7,0,0,,-13.5,-28.578838
11,5|2|1|1|1|1,3,princN11,0,1,,,
11,5|2|1|1|1|1,3,fakedeg,0,0,,-13.5,-28.578838
11,5|2|1|1|1|1,4,princN5,0,1,,,
11,5|2|1|1|1|1,4,princN6,0,1,,,
11,5|2|1|1|1|1,4,princN7,0,1,,,
11,5|2|1|1|1|1,4,princN11,0,1,,,
11,5|2|1|1|1|1,4,fakedeg,0,1,,,
11,5|1|1|1|1|1|1,2,princN5,0,1,,,
11,5|1|1|1|1|1|1,2,princN7,0,0,0,1.0,0.0
11,5|1|1|1|1|1|1,2,princN8,0,1,,,
11,5|1|1|1|1|1|1,2,princN11,0,0,,0.047619,0.0
11,5|1|1|1|1|1|1,2,fakedeg,0,0,0,1.0,0.0
11,5|1|1|1|1|1|1,3,princN5,0,1,,,
11,5|1|1|1|1|1|1,3,princN7,0,0,,3.5,6.062178
11,5|1|1|1|1|1|1,3,princN8,0,1,,,
11,5|1|1|1|1|1|1,3,princN11,0,1,,,
11,5|1|1|1|1|1|1,3,fakedeg,0,0,,3.5,6.062178
11,5|1|1|1|1|1|1,4,princN5,0,1,,,
11,5|1|1|1|1|1|1,4,princN7,0,0,,45.0,0.0
11,5|1|1|1|1|1|1,4,princN8,0,1,,,
11,5|1|1|1|1|1|1,4,princN11,0,0,,15.0,0.0
11,5|1|1|1|1|1|1,4,fakedeg,0,0,,45.0,0.0
11,4|4|3,2,princN3,0,0,,10.0,-0.0
11,4|4|3,2,princN4,0,1,,,
11,4|4|3,2,princN11,0,0,,0.019048,0.0
11,4|4|3,2,fakedeg,0,0,0,1.0,-0.0
11,4|4|3,3,princN3,0,1,,,
11,4|4|3,3,princN4,0,1,,,
11,4|4|3,3,princN11,0,0,,0.9375,-2.489823
11,4|4|3,3,fakedeg,0,0,,7.5,-19.918584
11,4|4|3,4,princN3,0,0,,-14.0,-64.0
11,4|4|3,4,princN4,0,1,,,
11,4|4|3,4,princN11,0,0,,-1.555556,-7.111111
11,4|4|3,4,fakedeg,0,0,,-7.0,-32.0
11,4|4|2|1,2,princN4,1,1,0,,
11,4|4|2|1,2,princN5,1,1,0,,
11,4|4|2|1,2,princN11,1,1,0,,
11,4|4|2|1,2,fakedeg,1,1,0,,
11,4|4|2|1,3,princN4,0,1,,,
11,4|4|2|1,3,princN5,0,0,,-39.75,74.045172
11,4|4|2|1,3,princN11,0,0,,-3.3125,6.170431
11,4|4|2|1,3,fakedeg,0,0,,-26.5,49.363448
11,4|4|2|1,4,princN4,0,1,,,
11,4|4|2|1,4,princN5,0,1,,,
11,4|4|2|1,4,princN11,0,1,,,
11,4|4|2|1,4,fakedeg,0,1,,,
11,4|4|1|1|1,2,princN4,0,1,,,
11,4|4|1|1|1,2,princN5,0,0,,1.666667,-0.0
11,4|4|1|1|1,2,princN6,0,1,,,
11,4|4|1|1|1,2,princN11,0,0,,0.02381,0.0
11,4|4|1|1|1,2,fakedeg,0,0,0,1.0,-0.0
11,4|4|1|1|1,3,princN4,0,1,,,
11,4|4|1|1|1,3,princN5,0,0,,15.0,-19.485572
11,4|4|1|1|1,3,princN6,0,1,,,
11,4|4|1|1|1,3,princN11,0,0,,1.25,-1.623798
11,4|4|1|1|1,3,fakedeg,0,0,,10.0,-12.990381
11,4|4|1|1|1,4,princN4,0,1,,,
11,4|4|1|1|1,4,princN5,0,0,,-135.0,120.0
11,4|4|1|1|1,4,princN6,0,1,,,
11,4|4|1|1|1,4,princN11,0,1,,,
11,4|4|1|1|1,4,fakedeg,0,0,,-135.0,120.0
11,4|3|3|1,2,princN4,1,1,0,,
11,4|3|3|1,2,princN5,1,1,0,,
11,4|3|3|1,2,princN11,1,1,0,,
11,4|3|3|1,2,fakedeg,1,1,0,,
11,4|3|3|1,3,princN4,0,1,,,
11,4|3|3|1,3,princN5,0,1,,,
11,4|3|3|1,3,princN11,0,1,,,
11,4|3|3|1,3,fakedeg,0,1,,,
11,4|3|3|1,4,princN4,0,1,,,
11,4|3|3|1,4,princN5,0,1,,,
11,4|3|3|1,4,princN11,0,1,,,
11,4|3|3|1,4,fakedeg,0,0,,63.0,-0.0
11,4|3|2|2,2,princN4,1,1,0,,
11,4|3|2|2,2,princN5,1,1,0,,
11,4|3|2|2,2,princN11,1,1,0,,
11,4|3|2|2,2,fakedeg,1,1,0,,
11,4|3|2|2,3,princN4,0,0,,-79.5,-148.090344
11,4|3|2|2,3,princN5,0,1,,,
11,4|3|2|2,3,princN11,0,1,,,
11,4|3|2|2,3,fakedeg,0,0,,-26.5,-49.363448
11,4|3|2|2,4,princN4,0,1,,,
11,4|3|2|2,4,princN5,0,1,,,
11,4|3|2|2,4,princN11,0,1,,,
11,4|3|2|2,4,fakedeg,0,1,,,
11,4|3|2|1|1,2,princN4,1,1,0,,
11,4|3|2|1|1,2,princN5,1,1,0,,
11,4|3|2|1|1,2,princN6,1,1,0,,
11,4|3|2|1|1,2,princN11,1,1,0,,
11,4|3|2|1|1,2,fakedeg,1,1,0,,
11,4|3|2|1|1,3,princN4,0,1,,,
11,4|3|2|1|1,3,princN5,0,0,,-87.75,113.016315
11,4|3|2|1|1,3,princN6,0,1,,,
11,4|3|2|1|1,3,princN11,0,0,,-7.3125,9.418026
11,4|3|2|1|1,3,fakedeg,0,0,,-58.5,75.34421
11,4|3|2|1|1,4,princN4,0,1,,,
11,4|3|2|1|1,4,princN5,0,1,,,
11,4|3|2|1|1,4,princN6,0,0,,-305.0,100.0
11,4|3|2|1|1,4,princN11,0,1,,,
11,4|3|2|1|1,4,fakedeg,0,0,,-305.0,100.0
11,4|3|1|1|1|1,2,princN4,1,1,0,,
11,4|3|1|1|1|1,2,princN6,1,1,0,,
11,4|3|1|1|1|1,2,princN7,1,1,0,,
11,4|3|1|1|1|1,2,princN11,1,1,0,,
11,4|3|1|1|1|1,2,fakedeg,1,1,0,,
11,4|3|1|1|1|1,3,princN4,0,1,,,
11,4|3|1|1|1|1,3,princN6,0,1,,,
11,4|3|1|1|1|1,3,princN7,0,0,,17.5,64.951905
11,4|3|1|1|1|1,3,princN11,0,1,,,
11,4|3|1|1|1|1,3,fakedeg,0,0,,17.5,64.951905
11,4|3|1|1|1|1,4,princN4,0,1,,,
11,4|3|1|1|1|1,4,princN6,0,0,,85.0,-50.0
11,4|3|1|1|1|1,4,princN7,0,1,,,
11,4|3|1|1|1|1,4,princN11,0,1,,,
11,4|3|1|1|1|1,4,fakedeg,0,0,,85.0,-50.0
11,4|2|2|2|1,2,princN4,0,1,,,
11,4|2|2|2|1,2,princN5,0,0,,2.5,-0.0
11,4|2|2|2|1,2,princN6,0,1,,,
11,4|2|2|2|1,2,princN11,0,0,,0.028571,0.0
11,4|2|2|2|1,2,fakedeg,0,0,0,1.0,-0.0
11,4|2|2|2|1,3,princN4,0,1,,,
11,4|2|2|2|1,3,princN5,0,0,,91.5,-116.91343
11,4|2|2|2|1,3,princN6,0,1,,,
11,4|2|2|2|1,3,princN11,0,0,,5.083333,-6.495191
11,4|2|2|2|1,3,fakedeg,0,0,,30.5,-38.971143
11,4|2|2|2|1,4,princN4,0,1,,,
11,4|2|2|2|1,4,princN5,0,1,,,
11,4|2|2|2|1,4,princN6,0,1,,,
11,4|2|2|2|1,4,princN11,0,0,,81.666667,6.666667
11,4|2|2|2|1,4,fakedeg,0,0,,245.0,20.0
11,4|2|2|1|1|1,2,princN4,1,1,0,,
11,4|2|2|1|1|1,2,princN6,1,1,0,,
11,4|2|2|1|1|1,2,princN7,1,1,0,,
11,4|2|2|1|1|1,2,princN11,1,1,0,,
11,4|2|2|1|1|1,2,fakedeg,1,1,0,,
11,4|2|2|1|1|1,3,princN4,0,1,,,
11,4|2|2|1|1|1,3,princN6,0,1,,,
11,4|2|2|1|1|1,3,princN7,0,1,,,
11,4|2|2|1|1|1,3,princN11,0,0,,-27.5,28.578838
11,4|2|2|1|1|1,3,fakedeg,0,0,,-110.0,114.315353
11,4|2|2|1|1|1,4,princN4,0,1,,,
11,4|2|2|1|1|1,4,princN6,0,1,,,
11,4|2|2|1|1|1,4,princN7,0,1,,,
11,4|2|2|1|1|1,4,princN11,0,1,,,
11,4|2|2|1|1|1,4,fakedeg,0,1,,,
11,4|2|1|1|1|1|1,2,princN4,0,1,,,
11,4|2|1|1|1|1|1,2,princN7,0,0,0,1.0,-0.0
11,4|2|1|1|1|1|1,2,princN8,0,1,,,
11,4|2|1|1|1|1|1,2,princN11,0,0,,0.047619,0.0
11,4|2|1|1|1|1|1,2,fakedeg,0,0,0,1.0,-0.0
11,4|2|1|1|1|1|1,3,princN4,0,1,,,
11,4|2|1|1|1|1|1,3,princN7,0,1,,,
11,4|2|1|1|1|1|1,3,princN8,0,1,,,
11,4|2|1|1|1|1|1,3,princN11,0,1,,,
11,4|2|1|1|1|1|1,3,fakedeg,0,1,,,
11,4|2|1|1|1|1|1,4,princN4,0,1,,,
11,4|2|1|1|1|1|1,4,princN7,0,0,,-93.0,30.0
11,4|2|1|1|1|1|1,4,princN8,0,1,,,
11,4|2|1|1|1|1|1,4,princN11,0,0,,-31.0,10.0
11,4|2|1|1|1|1|1,4,fakedeg,0,0,,-93.0,30.0
11,4|1|1|1|1|1|1|1,2,princN4,1,1,0,,
11,4|1|1|1|1|1|1|1,2,princN8,1,1,0,,
11,4|1|1|1|1|1|1|1,2,princN9,1,1,0,,
11,4|1|1|1|1|1|1|1,2,princN11,1,1,0,,
11,4|1|1|1|1|1|1|1,2,fakedeg,1,1,0,,
11,4|1|1|1|1|1|1|1,3,princN4,0,1,,,
11,4|1|1|1|1|1|1|1,3,princN8,0,0,,4.5,-4.330127
11,4|1|1|1|1|1|1|1,3,princN9,0,1,,,
11,4|1|1|1|1|1|1|1,3,princN11,0,0,,1.125,-1.082532
11,4|1|1|1|1|1|1|1,3,fakedeg,0,0,,4.5,-4.330127
11,4|1|1|1|1|1|1|1,4,princN4,0,1,,,
11,4|1|1|1|1|1|1|1,4,princN8,0,1,,,
11,4|1|1|1|1|1|1|1,4,princN9,0,1,,,
11,4|1|1|1|1|1|1|1,4,princN11,0,1,,,
11,4|1|1|1|1|1|1|1,4,fakedeg,0,1,,,
11,3|3|3|2,2,princN3,0,1,,,
11,3|3|3|2,2,princN4,0,1,,,
11,3|3|3|2,2,princN5,0,0,,3.333333,-0.0
11,3|3|3|2,2,princN11,0,0,,0.033333,0.0
11,3|3|3|2,2,fakedeg,0,0,0,1.0,0.0
11,3|3|3|2,3,princN3,0,1,,,
11,3|3|3|2,3,princN4,0,0,,22.5,59.755753
11,3|3|3|2,3,princN5,0,1,,,
11,3|3|3|2,3,princN11,0,1,,,
11,3|3|3|2,3,fakedeg,0,0,,7.5,19.918584
11,3|3|3|2,4,princN3,0,1,,,
11,3|3|3|2,4,princN4,0,1,,,
11,3|3|3|2,4,princN5,0,0,,-14.0,64.0
11,3|3|3|2,4,princN11,0,1,,,
11,3|3|3|2,4,fakedeg,0,0,,-7.0,32.0
11,3|3|3|1|1,2,princN3,0,1,,,
11,3|3|3|1|1,2,princN5,0,0,,3.333333,-0.0
11,3|3|3|1|1,2,princN6,0,1,,,
11,3|3|3|1|1,2,princN11,0,0,,0.033333,0.0
11,3|3|3|1|1,2,fakedeg,0,0,0,1.0,-0.0
11,3|3|3|1|1,3,princN3,0,1,,,
11,3|3|3|1|1,3,princN5,0,0,,32.25,-32.475953
11,3|3|3|1|1,3,princN6,0,1,,,
11,3|3|3|1|1,3,princN11,0,0,,2.6875,-2.706329
11,3|3|3|1|1,3,fakedeg,0,0,,21.5,-21.650635
11,3|3|3|1|1,4,princN3,0,1,,,
11,3|3|3|1|1,4,princN5,0,1,,,
11,3|3|3|1|1,4,princN6,0,1,,,
11,3|3|3|1|1,4,princN11,0,1,,,
11,3|3|3|1|1,4,fakedeg,0,1,,,
11,3|3|2|2|1,2,princN3,0,1,,,
11,3|3|2|2|1,2,princN5,0,0,,3.333333,-0.0
11,3|3|2|2|1,2,princN6,0,1,,,
11,3|3|2|2|1,2,princN11,0,0,,0.033333,-0.0
11,3|3|2|2|1,2,fakedeg,0,0,0,1.0,-0.0
11,3|3|2|2|1,3,princN3,0,1,,,
11,3|3|2|2|1,3,princN5,0,1,,,
11,3|3|2|2|1,3,princN6,0,1,,,
11,3|3|2|2|1,3,princN11,0,1,,,
11,3|3|2|2|1,3,fakedeg,0,1,,,
11,3|3|2|2|1,4,princN3,0,1,,,
11,3|3|2|2|1,4,princN5,0,0,,-10.0,-180.0
11,3|3|2|2|1,4,princN6,0,1,,,
11,3|3|2|2|1,4,princN11,0,1,,,
11,3|3|2|2|1,4,fakedeg,0,0,,-5.0,-90.0
11,3|3|2|1|1|1,2,princN3,1,1,0,,
11,3|3|2|1|1|1,2,princN6,1,1,0,,
11,3|3|2|1|1|1,2,princN7,1,1,0,,
11,3|3|2|1|1|1,2,princN11,1,1,0,,
11,3|3|2|1|1|1,2,fakedeg,1,1,0,,
11,3|3|2|1|1|1,3,princN3,0,1,,,
11,3|3|2|1|1|1,3,princN6,0,1,,,
11,3|3|2|1|1|1,3,princN7,0,1,,,
11,3|3|2|1|1|1,3,princN11,0,1,,,
11,3|3|2|1|1|1,3,fakedeg,0,1,,,
11,3|3|2|1|1|1,4,princN3,0,1,,,
11,3|3|2|1|1|1,4,princN6,0,0,,-85.0,120.0
11,3|3|2|1|1|1,4,princN7,0,1,,,
11,3|3|2|1|1|1,4,princN11,0,1,,,
11,3|3|2|1|1|1,4,fakedeg,0,0,,-85.0,120.0
11,3|3|1|1|1|1|1,2,princN3,0,1,,,
11,3|3|1|1|1|1|1,2,princN7,0,0,,1.25,-0.0
11,3|3|1|1|1|1|1,2,princN8,0,1,,,
11,3|3|1|1|1|1|1,2,princN11,0,0,,0.055556,0.0
11,3|3|1|1|1|1|1,2,fakedeg,0,0,0,1.0,-0.0
11,3|3|1|1|1|1|1,3,princN3,0,1,,,
11,3|3|1|1|1|1|1,3,princN7,0,0,,-2.0,-31.176915
11,3|3|1|1|1|1|1,3,princN8,0,1,,,
11,3|3|1|1|1|1|1,3,princN11,0,1,,,
11,3|3|1|1|1|1|1,3,fakedeg,0,0,,-2.0,-31.176915
11,3|3|1|1|1|1|1,4,princN3,0,1,,,
11,3|3|1|1|1|1|1,4,princN7,0,1,,,
11,3|3|1|1|1|1|1,4,princN8,0,1,,,
11,3|3|1|1|1|1|1,4,princN11,0,1,,,
11,3|3|1|1|1|1|1,4,fakedeg,0,0,,45.0,100.0
11,3|2|2|2|2,2,princN3,0,1,,,
11,3|2|2|2|2,2,princN5,0,0,,10.0,0.0
11,3|2|2|2|2,2,princN6,0,1,,,
11,3|2|2|2|2,2,princN11,0,0,,0.05,0.0
11,3|2|2|2|2,2,fakedeg,0,0,0,1.0,0.0
11,3|2|2|2|2,3,princN3,0,1,,,
11,3|2|2|2|2,3,princN5,0,0,,-40.5,33.774991
11,3|2|2|2|2,3,princN6,0,1,,,
11,3|2|2|2|2,3,princN11,0,0,,-2.25,1.876388
11,3|2|2|2|2,3,fakedeg,0,0,,-13.5,11.25833
11,3|2|2|2|2,4,princN3,0,1,,,
11,3|2|2|2|2,4,princN5,0,0,,30.0,60.0
11,3|2|2|2|2,4,princN6,0,1,,,
11,3|2|2|2|2,4,princN11,0,1,,,
11,3|2|2|2|2,4,fakedeg,0,0,,15.0,30.0
11,3|2|2|2|1|1,2,princN3,0,1,,,
11,3|2|2|2|1|1,2,princN6,0,1,,,
11,3|2|2|2|1|1,2,princN7,0,0,,1.666667,0.0
11,3|2|2|2|1|1,2,princN11,0,0,,0.066667,-0.0
11,3|2|2|2|1|1,2,fakedeg,0,0,0,1.0,0.0
11,3|2|2|2|1|1,3,princN3,0,1,,,
11,3|2|2|2|1|1,3,princN6,0,1,,,
11,3|2|2|2|1|1,3,princN7,0,1,,,
11,3|2|2|2|1|1,3,princN11,0,1,,,
11,3|2|2|2|1|1,3,fakedeg,0,1,,,
11,3|2|2|2|1|1,4,princN3,0,1,,,
11,3|2|2|2|1|1,4,princN6,0,1,,,
11,3|2|2|2|1|1,4,princN7,0,0,,-131.0,84.0
11,3|2|2|2|1|1,4,princN11,0,0,,-43.666667,28.0
11,3|2|2|2|1|1,4,fakedeg,0,0,,-131.0,84.0
11,3|2|2|1|1|1|1,2,princN3,0,1,,,
11,3|2|2|1|1|1|1,2,princN7,0,0,,1.666667,-0.0
11,3|2|2|1|1|1|1,2,princN8,0,1,,,
11,3|2|2|1|1|1|1,2,princN11,0,0,,0.066667,0.0
11,3|2|2|1|1|1|1,2,fakedeg,0,0,0,1.0,0.0
11,3|2|2|1|1|1|1,3,princN3,0,1,,,
11,3|2|2|1|1|1|1,3,princN7,0,1,,,
11,3|2|2|1|1|1|1,3,princN8,0,0,,85.0,-51.961524
11,3|2|2|1|1|1|1,3,princN11,0,0,,21.25,-12.990381
11,3|2|2|1|1|1|1,3,fakedeg,0,0,,85.0,-51.961524
11,3|2|2|1|1|1|1,4,princN3,0,1,,,
11,3|2|2|1|1|1|1,4,princN7,0,0,,55.0,-50.0
11,3|2|2|1|1|1|1,4,princN8,0,1,,,
11,3|2|2|1|1|1|1,4,princN11,0,0,,18.333333,-16.666667
11,3|2|2|1|1|1|1,4,fakedeg,0,0,,55.0,-50.0
11,3|2|1|1|1|1|1|1,2,princN3,0,1,,,
11,3|2|1|1|1|1|1|1,2,princN8,0,1,,,
11,3|2|1|1|1|1|1|1,2,princN9,0,0,0,1.0,0.0
11,3|2|1|1|1|1|1|1,2,princN11,0,0,,0.166667,-0.0
11,3|2|1|1|1|1|1|1,2,fakedeg,0,0,0,1.0,0.0
11,3|2|1|1|1|1|1|1,3,princN3,0,1,,,
11,3|2|1|1|1|1|1|1,3,princN8,0,0,,-14.5,7.794229
11,3|2|1|1|1|1|1|1,3,princN9,0,1,,,
11,3|2|1|1|1|1|1|1,3,princN11,0,0,,-3.625,1.948557
11,3|2|1|1|1|1|1|1,3,fakedeg,0,0,,-14.5,7.794229
11,3|2|1|1|1|1|1|1,4,princN3,0,1,,,
11,3|2|1|1|1|1|1|1,4,princN8,0,1,,,
11,3|2|1|1|1|1|1|1,4,princN9,0,0,,-75.0,-44.0
11,3|2|1|1|1|1|1|1,4,princN11,0,1,,,
11,3|2|1|1|1|1|1|1,4,fakedeg,0,0,,-75.0,-44.0
11,3|1|1|1|1|1|1|1|1,2,princN3,0,1,,,
11,3|1|1|1|1|1|1|1|1,2,princN9,0,0,0,1.0,-0.0
11,3|1|1|1|1|1|1|1|1,2,princN10,0,1,,,
11,3|1|1|1|1|1|1|1|1,2,princN11,0,0,,0.166667,0.0
11,3|1|1|1|1|1|1|1|1,2,fakedeg,0,0,0,1.0,-0.0
11,3|1|1|1|1|1|1|1|1,3,princN3,0,1,,,
11,3|1|1|1|1|1|1|1|1,3,princN9,0,1,,,
11,3|1|1|1|1|1|1|1|1,3,princN10,0,1,,,
11,3|1|1|1|1|1|1|1|1,3,princN11,0,1,,,
11,3|1|1|1|1|1|1|1|1,3,fakedeg,0,1,,,
11,3|1|1|1|1|1|1|1|1,4,princN3,0,1,,,
11,3|1|1|1|1|1|1|1|1,4,princN9,0,0,,25.0,0.0
11,3|1|1|1|1|1|1|1|1,4,princN10,0,1,,,
11,3|1|1|1|1|1|1|1|1,4,princN11,0,1,,,
11,3|1|1|1|1|1|1|1|1,4,fakedeg,0,0,,25.0,0.0
11,2|2|2|2|2|1,2,princN2,1,1,0,,
11,2|2|2|2|2|1,2,princN6,1,1,0,,
11,2|2|2|2|2|1,2,princN7,1,1,0,,
11,2|2|2|2|2|1,2,princN11,1,1,0,,
11,2|2|2|2|2|1,2,fakedeg,1,1,0,,
11,2|2|2|2|2|1,3,princN2,0,1,,,
11,2|2|2|2|2|1,3,princN6,0,1,,,
11,2|2|2|2|2|1,3,princN7,0,0,,0.75,-14.289419
11,2|2|2|2|2|1,3,princN11,0,1,,,
11,2|2|2|2|2|1,3,fakedeg,0,0,,0.5,-9.526279
11,2|2|2|2|2|1,4,princN2,0,1,,,
11,2|2|2|2|2|1,4,princN6,0,0,,-6.0,-20.0
11,2|2|2|2|2|1,4,princN7,0,1,,,
11,2|2|2|2|2|1,4,princN11,0,1,,,
11,2|2|2|2|2|1,4,fakedeg,0,0,,-3.0,-10.0
11,2|2|2|2|1|1|1,2,princN2,0,1,,,
11,2|2|2|2|1|1|1,2,princN7,0,0,,1.666667,-0.0
11,2|2|2|2|1|1|1,2,princN8,0,1,,,
11,2|2|2|2|1|1|1,2,princN11,0,0,,0.066667,-0.0
11,2|2|2|2|1|1|1,2,fakedeg,0,0,0,1.0,-0.0
11,2|2|2|2|1|1|1,3,princN2,0,1,,,
11,2|2|2|2|1|1|1,3,princN7,0,0,,-2.25,19.485572
11,2|2|2|2|1|1|1,3,princN8,0,1,,,
11,2|2|2|2|1|1|1,3,princN11,0,1,,,
11,2|2|2|2|1|1|1,3,fakedeg,0,0,,-1.5,12.990381
11,2|2|2|2|1|1|1,4,princN2,0,1,,,
11,2|2|2|2|1|1|1,4,princN7,0,0,,-15.0,40.0
11,2|2|2|2|1|1|1,4,princN8,0,1,,,
11,2|2|2|2|1|1|1,4,princN11,0,0,,-5.0,13.333333
11,2|2|2|2|1|1|1,4,fakedeg,0,0,,-15.0,40.0
11,2|2|2|1|1|1|1|1,2,princN2,1,1,0,,
11,2|2|2|1|1|1|1|1,2,princN8,1,1,0,,
11,2|2|2|1|1|1|1|1,2,princN9,1,1,0,,
11,2|2|2|1|1|1|1|1,2,princN11,1,1,0,,
11,2|2|2|1|1|1|1|1,2,fakedeg,1,1,0,,
11,2|2|2|1|1|1|1|1,3,princN2,0,1,,,
11,2|2|2|1|1|1|1|1,3,princN8,0,0,,14.5,-5.196152
11,2|2|2|1|1|1|1|1,3,princN9,0,1,,,
11,2|2|2|1|1|1|1|1,3,princN11,0,0,,3.625,-1.299038
11,2|2|2|1|1|1|1|1,3,fakedeg,0,0,,14.5,-5.196152
11,2|2|2|1|1|1|1|1,4,princN2,0,1,,,
11,2|2|2|1|1|1|1|1,4,princN8,0,1,,,
11,2|2|2|1|1|1|1|1,4,princN9,0,1,,,
11,2|2|2|1|1|1|1|1,4,princN11,0,1,,,
11,2|2|2|1|1|1|1|1,4,fakedeg,0,0,,15.0,20.0
11,2|2|1|1|1|1|1|1|1,2,princN2,0,1,,,
11,2|2|1|1|1|1|1|1|1,2,princN9,0,0,0,1.0,-0.0
11,2|2|1|1|1|1|1|1|1,2,princN10,0,1,,,
11,2|2|1|1|1|1|1|1|1,2,princN11,0,0,,0.166667,-0.0
11,2|2|1|1|1|1|1|1|1,2,fakedeg,0,0,0,1.0,-0.0
11,2|2|1|1|1|1|1|1|1,3,princN2,0,1,,,
11,2|2|1|1|1|1|1|1|1,3,princN9,0,1,,,
11,2|2|1|1|1|1|1|1|1,3,princN10,0,0,,4.0,-15.588457
11,2|2|1|1|1|1|1|1|1,3,princN11,0,1,,,
11,2|2|1|1|1|1|1|1|1,3,fakedeg,0,0,,4.0,-15.588457
11,2|2|1|1|1|1|1|1|1,4,princN2,0,1,,,
11,2|2|1|1|1|1|1|1|1,4,princN9,0,1,,,
11,2|2|1|1|1|1|1|1|1,4,princN10,0,1,,,
11,2|2|1|1|1|1|1|1|1,4,princN11,0,1,,,
11,2|2|1|1|1|1|1|1|1,4,fakedeg,0,1,,,
11,2|1|1|1|1|1|1|1|1|1,2,princN2,1,1,0,,
11,2|1|1|1|1|1|1|1|1|1,2,princN10,1,1,0,,
11,2|1|1|1|1|1|1|1|1|1,2,princN11,1,1,0,,
11,2|1|1|1|1|1|1|1|1|1,2,fakedeg,1,1,0,,
11,2|1|1|1|1|1|1|1|1|1,3,princN2,0,1,,,
11,2|1|1|1|1|1|1|1|1|1,3,princN10,0,0,,-2.0,5.196152
11,2|1|1|1|1|1|1|1|1|1,3,princN11,0,1,,,
11,2|1|1|1|1|1|1|1|1|1,3,fakedeg,0,0,,-2.0,5.196152
11,2|1|1|1|1|1|1|1|1|1,4,princN2,0,1,,,
11,2|1|1|1|1|1|1|1|1|1,4,princN10,0,0,,-5.0,-0.0
11,2|1|1|1|1|1|1|1|1|1,4,princN11,0,1,,,
11,2|1|1|1|1|1|1|1|1|1,4,fakedeg,0,0,,-5.0,-0.0
11,1|1|1|1|1|1|1|1|1|1|1,2,princN1,0,1,,,
11,1|1|1|1|1|1|1|1|1|1|1,2,princN11,0,0,0,1.0,0.0
11,1|1|1|1|1|1|1|1|1|1|1,2,princN12,0,1,,,
11,1|1|1|1|1|1|1|1|1|1|1,2,fakedeg,0,0,0,1.0,0.0
11,1|1|1|1|1|1|1|1|1|1|1,3,princN1,0,1,,,
11,1|1|1|1|1|1|1|1|1|1|1,3,princN11,0,0,0,1.0,0.0
11,1|1|1|1|1|1|1|1|1|1|1,3,princN12,0,1,,,
11,1|1|1|1|1|1|1|1|1|1|1,3,fakedeg,0,0,0,1.0,0.0
11,1|1|1|1|1|1|1|1|1|1|1,4,princN1,0,1,,,
11,1|1|1|1|1|1|1|1|1|1|1,4,princN11,0,0,0,1.0,0.0
11,1|1|1|1|1|1|1|1|1|1|1,4,princN12,0,1,,,
11,1|1|1|1|1|1|1|1|1|1|1,4,fakedeg,0,0,0,1.0,0.0
12,12,2,princN1,0,0,0,1.0,0.0
12,12,2,princN2,0,0,0,1.0,0.0
12,12,2,princN12,0,0,,0.002165,0.0
12,12,2,fakedeg,0,0,0,1.0,0.0
12,12,3,princN1,0,0,0,1.0,0.0
12,12,3,princN2,0,0,0,1.0,0.0
12,12,3,princN12,0,0,,0.028571,-0.0
12,12,3,fakedeg,0,0,0,1.0,0.0
12,12,4,princN1,0,0,0,1.0,0.0
12,12,4,princN2,0,0,0,1.0,0.0
12,12,4,princN12,0,0,,0.1,-0.0
12,12,4,fakedeg,0,0,0,1.0,0.0
12,11|1,2,princN2,0,0,0,1.0,-0.0
12,11|1,2,princN3,0,0,0,1.0,-0.0
12,11|1,2,princN11,0,0,,0.004762,0.0
12,11|1,2,princN12,0,0,,0.002165,0.0
12,11|1,2,fakedeg,0,0,0,1.0,-0.0
12,11|1,3,princN2,0,0,,-5.0,-0.0
12,11|1,3,princN3,0,0,,-5.0,-0.0
12,11|1,3,princN11,0,0,,-0.142857,-0.0
12,11|1,3,princN12,0,0,,-0.142857,-0.0
12,11|1,3,fakedeg,0,0,,-5.0,-0.0
12,11|1,4,princN2,0,0,,-5.0,-6.0
12,11|1,4,princN3,0,0,,-5.0,-6.0
12,11|1,4,princN11,0,0,,-0.5,-0.6
12,11|1,4,princN12,0,0,,-0.5,-0.6
12,11|1,4,fakedeg,0,0,,-5.0,-6.0
12,10|2,2,princN2,0,0,,6.0,-0.0
12,10|2,2,princN3,0,0,0,1.0,0.0
12,10|2,2,princN10,0,0,,0.009524,0.0
12,10|2,2,princN12,0,0,,0.003968,0.0
12,10|2,2,fakedeg,0,0,0,1.0,-0.0
12,10|2,3,princN2,0,1,,,
12,10|2,3,princN3,0,1,,,
12,10|2,3,princN10,0,1,,,
12,10|2,3,princN12,0,1,,,
12,10|2,3,fakedeg,0,1,,,
12,10|2,4,princN2,0,0,,-0.0,-24.0
12,10|2,4,princN3,0,1,,,
12,10|2,4,princN10,0,0,,0.0,-4.0
12,10|2,4,princN12,0,1,,,
12,10|2,4,fakedeg,0,1,,,
12,10|1|1,2,princN3,0,0,0,1.0,0.0
12,10|1|1,2,princN4,0,0,0,1.0,0.0
12,10|1|1,2,princN10,0,0,,0.011905,0.0
12,10|1|1,2,princN12,0,0,,0.004762,0.0
12,10|1|1,2,fakedeg,0,0,0,1.0,0.0
12,10|1|1,3,princN3,0,0,,10.0,0.0
12,10|1|1,3,princN4,0,0,,10.0,0.0
12,10|1|1,3,princN10,0,0,,0.666667,-0.0
12,10|1|1,3,princN12,0,0,,0.285714,-0.0
12,10|1|1,3,fakedeg,0,0,,10.0,0.0
12,10|1|1,4,princN3,0,0,,-5.0,30.0
12,10|1|1,4,princN4,0,0,,-5.0,30.0
12,10|1|1,4,princN10,0,0,,-1.25,7.5
12,10|1|1,4,princN12,0,0,,-0.5,3.0
12,10|1|1,4,fakedeg,0,0,,-5.0,30.0
12,9|3,2,princN2,0,0,,6.0,-0.0
12,9|3,2,princN3,0,0,,3.0,-0.0
12,9|3,2,princN9,0,0,,0.021429,0.0
12,9|3,2,princN12,0,0,,0.003968,0.0
12,9|3,2,fakedeg,0,0,0,1.0,-0.0
12,9|3,3,princN2,0,0,,31.0,0.0
12,9|3,3,princN3,0,0,,31.0,0.0
12,9|3,3,princN9,0,0,,1.033333,-0.0
12,9|3,3,princN12,0,0,,0.3875,-0.0
12,9|3,3,fakedeg,0,0,,7.75,0.0
12,9|3,4,princN2,0,0,,-16.0,40.0
12,9|3,4,princN3,0,1,,,
12,9|3,4,princN9,0,1,,,
12,9|3,4,princN12,0,1,,,
12,9|3,4,fakedeg,0,1,,,
12,9|2|1,2,princN3,1,1,0,,
12,9|2|1,2,princN4,1,1,0,,
12,9|2|1,2,princN9,1,1,0,,
12,9|2|1,2,princN12,1,1,0,,
12,9|2|1,2,fakedeg,1,1,0,,
12,9|2|1,3,princN3,0,0,,-44.0,0.0
12,9|2|1,3,princN4,0,0,,-11.0,0.0
12,9|2|1,3,princN9,0,0,,-1.466667,0.0
12,9|2|1,3,princN12,0,0,,-0.55,-0.0
12,9|2|1,3,fakedeg,0,0,,-11.0,-0.0
12,9|2|1,4,princN3,0,1,,,
12,9|2|1,4,princN4,0,1,,,
12,9|2|1,4,princN9,0,1,,,
12,9|2|1,4,princN12,0,1,,,
12,9|2|1,4,fakedeg,0,1,,,
12,9|1|1|1,2,princN4,0,0,0,1.0,-0.0
12,9|1|1|1,2,princN5,0,0,0,1.0,-0.0
12,9|1|1|1,2,princN9,0,0,,0.035714,-0.0
12,9|1|1|1,2,princN12,0,0,,0.004762,-0.0
12,9|1|1|1,2,fakedeg,0,0,0,1.0,-0.0
12,9|1|1|1,3,princN4,0,0,,4.0,0.0
12,9|1|1|1,3,princN5,0,0,,4.0,-0.0
12,9|1|1|1,3,princN9,0,0,,0.8,0.0
12,9|1|1|1,3,princN12,0,0,,0.266667,-0.0
12,9|1|1|1,3,fakedeg,0,0,,4.0,0.0
12,9|1|1|1,4,princN4,0,0,,65.0,-40.0
12,9|1|1|1,4,princN5,0,0,,65.0,-40.0
12,9|1|1|1,4,princN9,0,0,,16.25,-10.0
12,9|1|1|1,4,princN12,0,0,,6.5,-4.0
12,9|1|1|1,4,fakedeg,0,0,,65.0,-40.0
12,8|4,2,princN2,0,0,,15.0,-0.0
12,8|4,2,princN3,0,0,,3.0,-0.0
12,8|4,2,princN8,0,0,,0.042857,0.0
12,8|4,2,princN12,0,0,,0.005669,-0.0
12,8|4,2,fakedeg,0,0,0,1.0,-0.0
12,8|4,3,princN2,0,0,,-44.0,0.0
12,8|4,3,princN3,0,0,,-44.0,0.0
12,8|4,3,princN8,0,0,,-1.466667,-0.0
12,8|4,3,princN12,0,0,,-0.55,-0.0
12,8|4,3,fakedeg,0,0,,-11.0,-0.0
12,8|4,4,princN2,0,0,,-35.0,50.0
12,8|4,4,princN3,0,0,,-35.0,50.0
12,8|4,4,princN8,0,0,,-5.833333,8.333333
12,8|4,4,princN12,0,0,,-1.944444,2.777778
12,8|4,4,fakedeg,0,0,,-11.666667,16.666667
12,8|3|1,2,princN3,0,0,,3.0,0.0
12,8|3|1,2,princN4,0,0,,3.0,0.0
12,8|3|1,2,princN8,0,0,,0.071429,0.0
12,8|3|1,2,princN12,0,0,,0.007937,0.0
12,8|3|1,2,fakedeg,0,0,0,1.0,0.0
12,8|3|1,3,princN3,0,1,,,
12,8|3|1,3,princN4,0,1,,,
12,8|3|1,3,princN8,0,1,,,
12,8|3|1,3,princN12,0,1,,,
12,8|3|1,3,fakedeg,0,1,,,
12,8|3|1,4,princN3,0,0,,189.0,-90.0
12,8|3|1,4,princN4,0,0,,189.0,-90.0
12,8|3|1,4,princN8,0,0,,31.5,-15.0
12,8|3|1,4,princN12,0,0,,10.5,-5.0
12,8|3|1,4,fakedeg,0,0,,63.0,-30.0
12,8|2|2,2,princN3,0,0,,6.0,0.0
12,8|2|2,2,princN4,0,0,,3.0,0.0
12,8|2|2,2,princN8,0,0,,0.071429,0.0
12,8|2|2,2,princN12,0,0,,0.007937,-0.0
12,8|2|2,2,fakedeg,0,0,0,1.0,0.0
12,8|2|2,3,princN3,0,0,,64.0,0.0
12,8|2|2,3,princN4,0,0,,64.0,0.0
12,8|2|2,3,princN8,0,0,,3.2,0.0
12,8|2|2,3,princN12,0,0,,0.8,-0.0
12,8|2|2,3,fakedeg,0,0,,16.0,0.0
12,8|2|2,4,princN3,0,1,,,
12,8|2|2,4,princN4,0,1,,,
12,8|2|2,4,princN8,0,1,,,
12,8|2|2,4,princN12,0,1,,,
12,8|2|2,4,fakedeg,0,1,,,
12,8|2|1|1,2,princN4,0,0,,3.0,-0.0
12,8|2|1|1,2,princN5,0,0,0,1.0,-0.0
12,8|2|1|1,2,princN8,0,0,,0.071429,0.0
12,8|2|1|1,2,princN12,0,0,,0.007937,0.0
12,8|2|1|1,2,fakedeg,0,0,0,1.0,-0.0
12,8|2|1|1,3,princN4,0,1,,,
12,8|2|1|1,3,princN5,0,1,,,
12,8|2|1|1,3,princN8,0,1,,,
12,8|2|1|1,3,princN12,0,1,,,
12,8|2|1|1,3,fakedeg,0,1,,,
12,8|2|1|1,4,princN4,0,0,,-285.0,-0.0
12,8|2|1|1,4,princN5,0,0,,-95.0,-0.0
12,8|2|1|1,4,princN8,0,0,,-47.5,-0.0
12,8|2|1|1,4,princN12,0,0,,-15.833333,0.0
12,8|2|1|1,4,fakedeg,0,0,,-95.0,0.0
12,8|1|1|1|1,2,princN5,0,0,0,1.0,0.0
12,8|1|1|1|1,2,princN6,0,0,0,1.0,0.0
12,8|1|1|1|1,2,princN8,0,0,,0.142857,0.0
12,8|1|1|1|1,2,princN12,0,0,,0.011905,-0.0
12,8|1|1|1|1,2,fakedeg,0,0,0,1.0,0.0
12,8|1|1|1|1,3,princN5,0,0,,-5.0,-0.0
12,8|1|1|1|1,3,princN6,0,0,,-5.0,-0.0
12,8|1|1|1|1,3,princN8,0,0,,-1.0,-0.0
12,8|1|1|1|1,3,princN12,0,0,,-0.333333,-0.0
12,8|1|1|1|1,3,fakedeg,0,0,,-5.0,-0.0
12,8|1|1|1|1,4,princN5,0,0,,65.0,20.0
12,8|1|1|1|1,4,princN6,0,0,,65.0,20.0
12,8|1|1|1|1,4,princN8,0,0,,65.0,20.0
12,8|1|1|1|1,4,princN12,0,0,,16.25,5.0
12,8|1|1|1|1,4,fakedeg,0,0,,65.0,20.0
12,7|5,2,princN2,0,0,,15.0,-0.0
12,7|5,2,princN3,0,0,,5.0,-0.0
12,7|5,2,princN7,0,0,,0.1,0.0
12,7|5,2,princN12,0,0,,0.005669,0.0
12,7|5,2,fakedeg,0,0,0,1.0,-0.0
12,7|5,3,princN2,0,1,,,
12,7|5,3,princN3,0,1,,,
12,7|5,3,princN7,0,1,,,
12,7|5,3,princN12,0,1,,,
12,7|5,3,fakedeg,0,1,,,
12,7|5,4,princN2,0,0,,39.0,-36.0
12,7|5,4,princN3,0,0,,39.0,-36.0
12,7|5,4,princN7,0,0,,6.5,-6.0
12,7|5,4,princN12,0,0,,2.166667,-2.0
12,7|5,4,fakedeg,0,0,,13.0,-12.0
12,7|4|1,2,princN3,1,1,0,,
12,7|4|1,2,princN4,1,1,0,,
12,7|4|1,2,princN7,1,1,0,,
12,7|4|1,2,princN12,1,1,0,,
12,7|4|1,2,fakedeg,1,1,0,,
12,7|4|1,3,princN3,0,0,,136.0,-0.0
12,7|4|1,3,princN4,0,0,,68.0,0.0
12,7|4|1,3,princN7,0,0,,11.333333,-0.0
12,7|4|1,3,princN12,0,0,,1.7,-0.0
12,7|4|1,3,fakedeg,0,0,,34.0,0.0
12,7|4|1,4,princN3,0,1,,,
12,7|4|1,4,princN4,0,1,,,
12,7|4|1,4,princN7,0,1,,,
12,7|4|1,4,princN12,0,1,,,
12,7|4|1,4,fakedeg,0,1,,,
12,7|3|2,2,princN3,0,0,,15.0,-0.0
12,7|3|2,2,princN4,0,0,,3.0,-0.0
12,7|3|2,2,princN7,0,0,,0.166667,0.0
12,7|3|2,2,princN12,0,0,,0.007937,0.0
12,7|3|2,2,fakedeg,0,0,0,1.0,-0.0
12,7|3|2,3,princN3,0,0,,-167.0,0.0
12,7|3|2,3,princN4,0,0,,-167.0,0.0
12,7|3|2,3,princN7,0,0,,-20.875,-0.0
12,7|3|2,3,princN12,0,0,,-2.0875,-0.0
12,7|3|2,3,fakedeg,0,0,,-41.75,0.0
12,7|3|2,4,princN3,0,0,,-335.0,-70.0
12,7|3|2,4,princN4,0,0,,-335.0,-70.0
12,7|3|2,4,princN7,0,0,,-55.833333,-11.666667
12,7|3|2,4,princN12,0,0,,-18.611111,-3.888889
12,7|3|2,4,fakedeg,0,0,,-111.666667,-23.333333
12,7|3|1|1,2,princN4,0,0,,3.0,-0.0
12,7|3|1|1,2,princN5,0,0,,2.0,-0.0
12,7|3|1|1,2,princN7,0,0,,0.25,-0.0
12,7|3|1|1,2,princN12,0,0,,0.007937,-0.0
12,7|3|1|1,2,fakedeg,0,0,0,1.0,-0.0
12,7|3|1|1,3,princN4,0,1,,,
12,7|3|1|1,3,princN5,0,1,,,
12,7|3|1|1,3,princN7,0,1,,,
12,7|3|1|1,3,princN12,0,1,,,
12,7|3|1|1,3,fakedeg,0,1,,,
12,7|3|1|1,4,princN4,0,1,,,
12,7|3|1|1,4,princN5,0,1,,,
12,7|3|1|1,4,princN7,0,1,,,
12,7|3|1|1,4,princN12,0,1,,,
12,7|3|1|1,4,fakedeg,0,1,,,
12,7|2|2|1,2,princN4,0,0,,3.0,-0.0
12,7|2|2|1,2,princN5,0,0,,3.0,-0.0
12,7|2|2|1,2,princN7,0,0,,0.333333,0.0
12,7|2|2|1,2,princN12,0,0,,0.007937,0.0
12,7|2|2|1,2,fakedeg,0,0,0,1.0,-0.0
12,7|2|2|1,3,princN4,0,1,,,
12,7|2|2|1,3,princN5,0,1,,,
12,7|2|2|1,3,princN7,0,1,,,
12,7|2|2|1,3,princN12,0,1,,,
12,7|2|2|1,3,fakedeg,0,1,,,
12,7|2|2|1,4,princN4,0,0,,375.0,276.0
12,7|2|2|1,4,princN5,0,0,,375.0,276.0
12,7|2|2|1,4,princN7,0,0,,125.0,92.0
12,7|2|2|1,4,princN12,0,0,,20.833333,15.333333
12,7|2|2|1,4,fakedeg,0,0,,125.0,92.0
12,7|2|1|1|1,2,princN5,1,1,0,,
12,7|2|1|1|1,2,princN6,1,1,0,,
12,7|2|1|1|1,2,princN7,1,1,0,,
12,7|2|1|1|1,2,princN12,1,1,0,,
12,7|2|1|1|1,2,fakedeg,1,1,0,,
12,7|2|1|1|1,3,princN5,0,1,,,
12,7|2|1|1|1,3,princN6,0,1,,,
12,7|2|1|1|1,3,princN7,0,1,,,
12,7|2|1|1|1,3,princN12,0,1,,,
12,7|2|1|1|1,3,fakedeg,0,1,,,
12,7|2|1|1|1,4,princN5,0,1,,,
12,7|2|1|1|1,4,princN6,0,1,,,
12,7|2|1|1|1,4,princN7,0,1,,,
12,7|2|1|1|1,4,princN12,0,1,,,
12,7|2|1|1|1,4,fakedeg,0,1,,,
12,7|1|1|1|1|1,2,princN6,0,0,0,1.0,-0.0
12,7|1|1|1|1|1,2,princN7,0,0,0,1.0,-0.0
12,7|1|1|1|1|1,2,princN12,0,0,,0.011905,0.0
12,7|1|1|1|1|1,2,fakedeg,0,0,0,1.0,-0.0
12,7|1|1|1|1|1,3,princN6,0,0,,7.0,-0.0
12,7|1|1|1|1|1,3,princN7,0,0,,7.0,-0.0
12,7|1|1|1|1|1,3,princN12,0,0,,0.466667,-0.0
12,7|1|1|1|1|1,3,fakedeg,0,0,,7.0,-0.0
12,7|1|1|1|1|1,4,princN6,0,0,,-37.0,-82.0
12,7|1|1|1|1|1,4,princN7,0,0,,-37.0,-82.0
12,7|1|1|1|1|1,4,princN12,0,0,,-9.25,-20.5
12,7|1|1|1|1|1,4,fakedeg,0,0,,-37.0,-82.0
12,6|6,2,princN2,0,0,,20.0,-0.0
12,6|6,2,princN3,0,0,,5.0,-0.0
12,6|6,2,princN6,0,0,,0.2,-0.0
12,6|6,2,princN12,0,0,,0.006378,0.0
12,6|6,2,fakedeg,0,0,0,1.0,-0.0
12,6|6,3,princN2,0,0,,18.0,-0.0
12,6|6,3,princN3,0,0,,18.0,0.0
12,6|6,3,princN6,0,0,,2.0,0.0
12,6|6,3,princN12,0,0,,0.18,-0.0
12,6|6,3,fakedeg,0,0,,3.0,0.0
12,6|6,4,princN2,0,0,,16.0,-16.0
12,6|6,4,princN3,0,1,,,
12,6|6,4,princN6,0,0,,4.0,-4.0
12,6|6,4,princN12,0,1,,,
12,6|6,4,fakedeg,0,1,,,
12,6|5|1,2,princN3,0,0,,5.0,0.0
12,6|5|1,2,princN4,0,0,,5.0,0.0
12,6|5|1,2,princN6,0,0,,0.5,0.0
12,6|5|1,2,princN12,0,0,,0.010204,0.0
12,6|5|1,2,fakedeg,0,0,0,1.0,0.0
12,6|5|1,3,princN3,0,0,,-108.0,0.0
12,6|5|1,3,princN4,0,0,,-36.0,0.0
12,6|5|1,3,princN6,0,0,,-12.0,-0.0
12,6|5|1,3,princN12,0,0,,-1.08,-0.0
12,6|5|1,3,fakedeg,0,0,,-18.0,-0.0
12,6|5|1,4,princN3,0,0,,-185.0,20.0
12,6|5|1,4,princN4,0,0,,-185.0,20.0
12,6|5|1,4,princN6,0,0,,-92.5,10.0
12,6|5|1,4,princN12,0,0,,-10.277778,1.111111
12,6|5|1,4,fakedeg,0,0,,-61.666667,6.666667
12,6|4|2,2,princN3,0,0,,15.0,-0.0
12,6|4|2,2,princN4,0,0,,5.0,-0.0
12,6|4|2,2,princN6,0,0,,0.5,0.0
12,6|4|2,2,princN12,0,0,,0.010204,-0.0
12,6|4|2,2,fakedeg,0,0,0,1.0,0.0
12,6|4|2,3,princN3,0,1,,,
12,6|4|2,3,princN4,0,1,,,
12,6|4|2,3,princN6,0,1,,,
12,6|4|2,3,princN12,0,1,,,
12,6|4|2,3,fakedeg,0,1,,,
12,6|4|2,4,princN3,0,0,,369.0,126.0
12,6|4|2,4,princN4,0,0,,369.0,126.0
12,6|4|2,4,princN6,0,0,,184.5,63.0
12,6|4|2,4,princN12,0,0,,20.5,7.0
12,6|4|2,4,fakedeg,0,0,,123.0,42.0
12,6|4|1|1,2,princN4,0,0,,5.0,-0.0
12,6|4|1|1,2,princN5,0,0,,2.0,-0.0
12,6|4|1|1,2,princN6,0,0,,0.5,-0.0
12,6|4|1|1,2,princN12,0,0,,0.010204,0.0
12,6|4|1|1,2,fakedeg,0,0,0,1.0,-0.0
12,6|4|1|1,3,princN4,0,0,,200.0,0.0
12,6|4|1|1,3,princN5,0,0,,200.0,-0.0
12,6|4|1|1,3,princN6,0,0,,200.0,-0.0
12,6|4|1|1,3,princN12,0,0,,10.0,-0.0
12,6|4|1|1,3,fakedeg,0,0,,100.0,0.0
12,6|4|1|1,4,princN4,0,1,,,
12,6|4|1|1,4,princN5,0,1,,,
12,6|4|1|1,4,princN6,0,1,,,
12,6|4|1|1,4,princN12,0,1,,,
12,6|4|1|1,4,fakedeg,0,1,,,
12,6|3|3,2,princN3,0,0,,15.0,0.0
12,6|3|3,2,princN4,0,0,,7.5,0.0
12,6|3|3,2,princN6,0,0,,0.666667,0.0
12,6|3|3,2,princN12,0,0,,0.011905,0.0
12,6|3|3,2,fakedeg,0,0,0,1.0,0.0
12,6|3|3,3,princN3,0,0,,123.0,-0.0
12,6|3|3,3,princN4,0,0,,41.0,0.0
12,6|3|3,3,princN6,0,0,,10.25,-0.0
12,6|3|3,3,princN12,0,0,,0.76875,-0.0
12,6|3|3,3,fakedeg,0,0,,10.25,0.0
12,6|3|3,4,princN3,0,1,,,
12,6|3|3,4,princN4,0,1,,,
12,6|3|3,4,princN6,0,0,,-160.0,-120.0
12,6|3|3,4,princN12,0,1,,,
12,6|3|3,4,fakedeg,0,1,,,
12,6|3|2|1,2,princN4,1,1,0,,
12,6|3|2|1,2,princN5,1,1,0,,
12,6|3|2|1,2,princN6,1,1,0,,
12,6|3|2|1,2,princN12,1,1,0,,
12,6|3|2|1,2,fakedeg,1,1,0,,
12,6|3|2|1,3,princN4,0,0,,-176.0,0.0
12,6|3|2|1,3,princN5,0,0,,-88.0,0.0
12,6|3|2|1,3,princN6,0,0,,-88.0,-0.0
12,6|3|2|1,3,princN12,0,0,,-4.4,-0.0
12,6|3|2|1,3,fakedeg,0,0,,-44.0,0.0
12,6|3|2|1,4,princN4,0,1,,,
12,6|3|2|1,4,princN5,0,1,,,
12,6|3|2|1,4,princN6,0,1,,,
12,6|3|2|1,4,princN12,0,1,,,
12,6|3|2|1,4,fakedeg,0,1,,,
12,6|3|1|1|1,2,princN5,0,0,,2.0,0.0
12,6|3|1|1|1,2,princN6,0,0,,2.0,0.0
12,6|3|1|1|1,2,princN12,0,0,,0.017857,-0.0
12,6|3|1|1|1,2,fakedeg,0,0,0,1.0,0.0
12,6|3|1|1|1,3,princN5,0,0,,60.0,-0.0
12,6|3|1|1|1,3,princN6,0,0,,60.0,-0.0
12,6|3|1|1|1,3,princN12,0,0,,3.0,-0.0
12,6|3|1|1|1,3,fakedeg,0,0,,30.0,0.0
12,6|3|1|1|1,4,princN5,0,1,,,
12,6|3|1|1|1,4,princN6,0,1,,,
12,6|3|1|1|1,4,princN12,0,1,,,
12,6|3|1|1|1,4,fakedeg,0,1,,,
12,6|2|2|2,2,princN4,0,0,,15.0,-0.0
12,6|2|2|2,2,princN5,0,0,,3.0,0.0
12,6|2|2|2,2,princN6,0,0,0,1.0,0.0
12,6|2|2|2,2,princN12,0,0,,0.014286,-0.0
12,6|2|2|2,2,fakedeg,0,0,0,1.0,0.0
12,6|2|2|2,3,princN4,0,0,,59.5,-0.0
12,6|2|2|2,3,princN5,0,0,,59.5,0.0
12,6|2|2|2,3,princN6,0,0,,29.75,-0.0
12,6|2|2|2,3,princN12,0,0,,1.4875,-0.0
12,6|2|2|2,3,fakedeg,0,0,,14.875,-0.0
12,6|2|2|2,4,princN4,0,0,,-105.0,-340.0
12,6|2|2|2,4,princN5,0,0,,-105.0,-340.0
12,6|2|2|2,4,princN6,0,0,,-105.0,-340.0
12,6|2|2|2,4,princN12,0,0,,-5.833333,-18.888889
12,6|2|2|2,4,fakedeg,0,0,,-35.0,-113.333333
12,6|2|2|1|1,2,princN5,0,0,,3.0,0.0
12,6|2|2|1|1,2,princN6,0,0,,2.0,0.0
12,6|2|2|1|1,2,princN12,0,0,,0.017857,0.0
12,6|2|2|1|1,2,fakedeg,0,0,0,1.0,0.0
12,6|2|2|1|1,3,princN5,0,1,,,
12,6|2|2|1|1,3,princN6,0,1,,,
12,6|2|2|1|1,3,princN12,0,1,,,
12,6|2|2|1|1,3,fakedeg,0,1,,,
12,6|2|2|1|1,4,princN5,0,1,,,
12,6|2|2|1|1,4,princN6,0,0,,72.0,360.0
12,6|2|2|1|1,4,princN12,0,1,,,
12,6|2|2|1|1,4,fakedeg,0,1,,,
12,6|2|1|1|1|1,2,princN6,0,0,,2.0,-0.0
12,6|2|1|1|1|1,2,princN7,0,0,0,1.0,-0.0
12,6|2|1|1|1|1,2,princN12,0,0,,0.017857,-0.0
12,6|2|1|1|1|1,2,fakedeg,0,0,0,1.0,-0.0
12,6|2|1|1|1|1,3,princN6,0,0,,-30.0,-0.0
12,6|2|1|1|1|1,3,princN7,0,0,,-15.0,-0.0
12,6|2|1|1|1|1,3,princN12,0,0,,-1.5,-0.0
12,6|2|1|1|1|1,3,fakedeg,0,0,,-15.0,0.0
12,6|2|1|1|1|1,4,princN6,0,0,,0.0,-280.0
12,6|2|1|1|1|1,4,princN7,0,1,,,
12,6|2|1|1|1|1,4,princN12,0,1,,,
12,6|2|1|1|1|1,4,fakedeg,0,1,,,
12,6|1|1|1|1|1|1,2,princN6,0,1,,,
12,6|1|1|1|1|1|1,2,princN7,0,0,0,1.0,0.0
12,6|1|1|1|1|1|1,2,princN8,0,0,0,1.0,0.0
12,6|1|1|1|1|1|1,2,princN12,0,0,,0.035714,0.0
12,6|1|1|1|1|1|1,2,fakedeg,0,0,0,1.0,0.0
12,6|1|1|1|1|1|1,3,princN6,0,1,,,
12,6|1|1|1|1|1|1,3,princN7,0,0,,7.0,-0.0
12,6|1|1|1|1|1|1,3,princN8,0,0,,7.0,-0.0
12,6|1|1|1|1|1|1,3,princN12,0,0,,1.4,0.0
12,6|1|1|1|1|1|1,3,fakedeg,0,0,,7.0,-0.0
12,6|1|1|1|1|1|1,4,princN6,0,1,,,
12,6|1|1|1|1|1|1,4,princN7,0,0,,-37.0,82.0
12,6|1|1|1|1|1|1,4,princN8,0,0,,-37.0,82.0
12,6|1|1|1|1|1|1,4,princN12,0,0,,-9.25,20.5
12,6|1|1|1|1|1|1,4,fakedeg,0,0,,-37.0,82.0
12,5|5|2,2,princN3,0,0,,20.0,-0.0
12,5|5|2,2,princN4,0,0,,5.0,-0.0
12,5|5|2,2,princN5,0,0,,1.25,-0.0
12,5|5|2,2,princN12,0,0,,0.010204,0.0
12,5|5|2,2,fakedeg,0,0,0,1.0,-0.0
12,5|5|2,3,princN3,0,0,,108.0,-0.0
12,5|5|2,3,princN4,0,0,,108.0,0.0
12,5|5|2,3,princN5,0,0,,36.0,0.0
12,5|5|2,3,princN12,0,0,,1.08,-0.0
12,5|5|2,3,fakedeg,0,0,,18.0,0.0
12,5|5|2,4,princN3,0,1,,,
12,5|5|2,4,princN4,0,1,,,
12,5|5|2,4,princN5,0,1,,,
12,5|5|2,4,princN12,0,1,,,
12,5|5|2,4,fakedeg,0,1,,,
12,5|5|1|1,2,princN4,0,0,,5.0,-0.0
12,5|5|1|1,2,princN5,0,0,,2.5,-0.0
12,5|5|1|1,2,princN12,0,0,,0.010204,-0.0
12,5|5|1|1,2,fakedeg,0,0,0,1.0,-0.0
12,5|5|1|1,3,princN4,0,1,,,
12,5|5|1|1,3,princN5,0,1,,,
12,5|5|1|1,3,princN12,0,1,,,
12,5|5|1|1,3,fakedeg,0,1,,,
12,5|5|1|1,4,princN4,0,0,,195.0,120.0
12,5|5|1|1,4,princN5,0,0,,97.5,60.0
12,5|5|1|1,4,princN12,0,0,,10.833333,6.666667
12,5|5|1|1,4,fakedeg,0,0,,65.0,40.0
12,5|4|3,2,princN3,1,1,0,,
12,5|4|3,2,princN4,1,1,0,,
12,5|4|3,2,princN5,1,1,0,,
12,5|4|3,2,princN12,1,1,0,,
12,5|4|3,2,fakedeg,1,1,0,,
12,5|4|3,3,princN3,0,0,,-156.0,0.0
12,5|4|3,3,princN4,0,0,,-78.0,0.0
12,5|4|3,3,princN5,0,0,,-26.0,0.0
12,5|4|3,3,princN12,0,0,,-0.975,-0.0
12,5|4|3,3,fakedeg,0,0,,-13.0,-0.0
12,5|4|3,4,princN3,0,1,,,
12,5|4|3,4,princN4,0,1,,,
12,5|4|3,4,princN5,0,1,,,
12,5|4|3,4,princN12,0,1,,,
12,5|4|3,4,fakedeg,0,1,,,
12,5|4|2|1,2,princN4,0,0,,5.0,-0.0
12,5|4|2|1,2,princN5,0,0,,5.0,-0.0
12,5|4|2|1,2,princN12,0,0,,0.010204,0.0
12,5|4|2|1,2,fakedeg,0,0,0,1.0,-0.0
12,5|4|2|1,3,princN4,0,0,,378.0,-0.0
12,5|4|2|1,3,princN5,0,0,,126.0,0.0
12,5|4|2|1,3,princN12,0,0,,6.3,-0.0
12,5|4|2|1,3,fakedeg,0,0,,63.0,-0.0
12,5|4|2|1,4,princN4,0,0,,-435.0,-670.0
12,5|4|2|1,4,princN5,0,0,,-435.0,-670.0
12,5|4|2|1,4,princN12,0,0,,-24.166667,-37.222222
12,5|4|2|1,4,fakedeg,0,0,,-145.0,-223.333333
12,5|4|1|1|1,2,princN5,1,1,0,,
12,5|4|1|1|1,2,princN6,1,1,0,,
12,5|4|1|1|1,2,princN12,1,1,0,,
12,5|4|1|1|1,2,fakedeg,1,1,0,,
12,5|4|1|1|1,3,princN5,0,0,,-49.0,0.0
12,5|4|1|1|1,3,princN6,0,0,,-49.0,-0.0
12,5|4|1|1|1,3,princN12,0,0,,-2.45,-0.0
12,5|4|1|1|1,3,fakedeg,0,0,,-24.5,0.0
12,5|4|1|1|1,4,princN5,0,1,,,
12,5|4|1|1|1,4,princN6,0,1,,,
12,5|4|1|1|1,4,princN12,0,1,,,
12,5|4|1|1|1,4,fakedeg,0,1,,,
12,5|3|3|1,2,princN4,0,0,,7.5,-0.0
12,5|3|3|1,2,princN5,0,0,,5.0,-0.0
12,5|3|3|1,2,princN12,0,0,,0.011905,-0.0
12,5|3|3|1,2,fakedeg,0,0,0,1.0,-0.0
12,5|3|3|1,3,princN4,0,1,,,
12,5|3|3|1,3,princN5,0,1,,,
12,5|3|3|1,3,princN12,0,1,,,
12,5|3|3|1,3,fakedeg,0,1,,,
12,5|3|3|1,4,princN4,0,1,,,
12,5|3|3|1,4,princN5,0,1,,,
12,5|3|3|1,4,princN12,0,1,,,
12,5|3|3|1,4,fakedeg,0,1,,,
12,5|3|2|2,2,princN4,0,0,,15.0,-0.0
12,5|3|2|2,2,princN5,0,0,,5.0,-0.0
12,5|3|2|2,2,princN12,0,0,,0.014286,0.0
12,5|3|2|2,2,fakedeg,0,0,0,1.0,-0.0
12,5|3|2|2,3,princN4,0,1,,,
12,5|3|2|2,3,princN5,0,1,,,
12,5|3|2|2,3,princN12,0,1,,,
12,5|3|2|2,3,fakedeg,0,1,,,
12,5|3|2|2,4,princN4,0,0,,45.0,630.0
12,5|3|2|2,4,princN5,0,0,,45.0,630.0
12,5|3|2|2,4,princN12,0,0,,2.5,35.0
12,5|3|2|2,4,fakedeg,0,0,,15.0,210.0
12,5|3|2|1|1,2,princN5,0,0,,5.0,-0.0
12,5|3|2|1|1,2,princN6,0,0,,2.0,-0.0
12,5|3|2|1|1,2,princN12,0,0,,0.017857,-0.0
12,5|3|2|1|1,2,fakedeg,0,0,0,1.0,-0.0
12,5|3|2|1|1,3,princN5,0,0,,422.0,0.0
12,5|3|2|1|1,3,princN6,0,0,,422.0,-0.0
12,5|3|2|1|1,3,princN12,0,0,,21.1,-0.0
12,5|3|2|1|1,3,fakedeg,0,0,,211.0,-0.0
12,5|3|2|1|1,4,princN5,0,1,,,
12,5|3|2|1|1,4,princN6,0,0,,0.0,-600.0
12,5|3|2|1|1,4,princN12,0,1,,,
12,5|3|2|1|1,4,fakedeg,0,1,,,
12,5|3|1|1|1|1,2,princN5,0,1,,,
12,5|3|1|1|1|1,2,princN6,0,0,,2.0,-0.0
12,5|3|1|1|1|1,2,princN7,0,0,,1.5,-0.0
12,5|3|1|1|1|1,2,princN12,0,0,,0.017857,0.0
12,5|3|1|1|1|1,2,fakedeg,0,0,0,1.0,-0.0
12,5|3|1|1|1|1,3,princN5,0,1,,,
12,5|3|1|1|1|1,3,princN6,0,1,,,
12,5|3|1|1|1|1,3,princN7,0,1,,,
12,5|3|1|1|1|1,3,princN12,0,1,,,
12,5|3|1|1|1|1,3,fakedeg,0,1,,,
12,5|3|1|1|1|1,4,princN5,0,1,,,
12,5|3|1|1|1|1,4,princN6,0,0,,-72.0,360.0
12,5|3|1|1|1|1,4,princN7,0,1,,,
12,5|3|1|1|1|1,4,princN12,0,1,,,
12,5|3|1|1|1|1,4,fakedeg,0,1,,,
12,5|2|2|2|1,2,princN5,1,1,0,,
12,5|2|2|2|1,2,princN6,1,1,0,,
12,5|2|2|2|1,2,princN12,1,1,0,,
12,5|2|2|2|1,2,fakedeg,1,1,0,,
12,5|2|2|2|1,3,princN5,0,0,,-98.0,0.0
12,5|2|2|2|1,3,princN6,0,0,,-49.0,0.0
12,5|2|2|2|1,3,princN12,0,0,,-2.45,-0.0
12,5|2|2|2|1,3,fakedeg,0,0,,-24.5,-0.0
12,5|2|2|2|1,4,princN5,0,1,,,
12,5|2|2|2|1,4,princN6,0,1,,,
12,5|2|2|2|1,4,princN12,0,1,,,
12,5|2|2|2|1,4,fakedeg,0,1,,,
12,5|2|2|1|1|1,2,princN5,0,1,,,
12,5|2|2|1|1|1,2,princN6,0,0,,2.0,-0.0
12,5|2|2|1|1|1,2,princN7,0,0,,2.0,-0.0
12,5|2|2|1|1|1,2,princN12,0,0,,0.017857,-0.0
12,5|2|2|1|1|1,2,fakedeg,0,0,0,1.0,-0.0
12,5|2|2|1|1|1,3,princN5,0,1,,,
12,5|2|2|1|1|1,3,princN6,0,0,,60.0,-0.0
12,5|2|2|1|1|1,3,princN7,0,0,,60.0,-0.0
12,5|2|2|1|1|1,3,princN12,0,0,,3.0,0.0
12,5|2|2|1|1|1,3,fakedeg,0,0,,30.0,-0.0
12,5|2|2|1|1|1,4,princN5,0,1,,,
12,5|2|2|1|1|1,4,princN6,0,1,,,
12,5|2|2|1|1|1,4,princN7,0,1,,,
12,5|2|2|1|1|1,4,princN12,0,1,,,
12,5|2|2|1|1|1,4,fakedeg,0,1,,,
12,5|2|1|1|1|1|1,2,princN5,1,1,0,,
12,5|2|1|1|1|1|1,2,princN7,1,1,0,,
12,5|2|1|1|1|1|1,2,princN8,1,1,0,,
12,5|2|1|1|1|1|1,2,princN12,1,1,0,,
12,5|2|1|1|1|1|1,2,fakedeg,1,1,0,,
12,5|2|1|1|1|1|1,3,princN5,0,1,,,
12,5|2|1|1|1|1|1,3,princN7,0,1,,,
12,5|2|1|1|1|1|1,3,princN8,0,1,,,
12,5|2|1|1|1|1|1,3,princN12,0,1,,,
12,5|2|1|1|1|1|1,3,fakedeg,0,1,,,
12,5|2|1|1|1|1|1,4,princN5,0,1,,,
12,5|2|1|1|1|1|1,4,princN7,0,1,,,
12,5|2|1|1|1|1|1,4,princN8,0,1,,,
12,5|2|1|1|1|1|1,4,princN12,0,1,,,
12,5|2|1|1|1|1|1,4,fakedeg,0,1,,,
12,5|1|1|1|1|1|1|1,2,princN5,0,1,,,
12,5|1|1|1|1|1|1|1,2,princN8,0,0,0,1.0,-0.0
12,5|1|1|1|1|1|1|1,2,princN9,0,0,0,1.0,-0.0
12,5|1|1|1|1|1|1|1,2,princN12,0,0,,0.035714,-0.0
12,5|1|1|1|1|1|1|1,2,fakedeg,0,0,0,1.0,-0.0
12,5|1|1|1|1|1|1|1,3,princN5,0,1,,,
12,5|1|1|1|1|1|1|1,3,princN8,0,0,,-5.0,-0.0
12,5|1|1|1|1|1|1|1,3,princN9,0,0,,-5.0,-0.0
12,5|1|1|1|1|1|1|1,3,princN12,0,0,,-1.0,-0.0
12,5|1|1|1|1|1|1|1,3,fakedeg,0,0,,-5.0,-0.0
12,5|1|1|1|1|1|1|1,4,princN5,0,1,,,
12,5|1|1|1|1|1|1|1,4,princN8,0,0,,65.0,-20.0
12,5|1|1|1|1|1|1|1,4,princN9,0,0,,65.0,-20.0
12,5|1|1|1|1|1|1|1,4,princN12,0,0,,16.25,-5.0
12,5|1|1|1|1|1|1|1,4,fakedeg,0,0,,65.0,-20.0
12,4|4|4,2,princN3,0,0,,30.0,-0.0
12,4|4|4,2,princN4,0,0,,10.0,-0.0
12,4|4|4,2,princN12,0,0,,0.013605,0.0
12,4|4|4,2,fakedeg,0,0,0,1.0,0.0
12,4|4|4,3,princN3,0,0,,33.0,-0.0
12,4|4|4,3,princN4,0,0,,16.5,-0.0
12,4|4|4,3,princN12,0,0,,0.20625,-0.0
12,4|4|4,3,fakedeg,0,0,,2.75,0.0
12,4|4|4,4,princN3,0,0,,-34.0,-24.0
12,4|4|4,4,princN4,0,0,,-34.0,-24.0
12,4|4|4,4,princN12,0,0,,-1.259259,-0.888889
12,4|4|4,4,fakedeg,0,0,,-5.666667,-4.0
12,4|4|3|1,2,princN4,0,0,,10.0,-0.0
12,4|4|3|1,2,princN5,0,0,,5.0,-0.0
12,4|4|3|1,2,princN12,0,0,,0.013605,0.0
12,4|4|3|1,2,fakedeg,0,0,0,1.0,-0.0
12,4|4|3|1,3,princN4,0,1,,,
12,4|4|3|1,3,princN5,0,1,,,
12,4|4|3|1,3,princN12,0,1,,,
12,4|4|3|1,3,fakedeg,0,1,,,
12,4|4|3|1,4,princN4,0,0,,90.0,300.0
12,4|4|3|1,4,princN5,0,0,,45.0,150.0
12,4|4|3|1,4,princN12,0,0,,3.333333,11.111111
12,4|4|3|1,4,fakedeg,0,0,,15.0,50.0
12,4|4|2|2,2,princN4,0,0,,20.0,-0.0
12,4|4|2|2,2,princN5,0,0,,5.0,-0.0
12,4|4|2|2,2,princN12,0,0,,0.016327,-0.0
12,4|4|2|2,2,fakedeg,0,0,0,1.0,-0.0
12,4|4|2|2,3,princN4,0,0,,-180.0,0.0
12,4|4|2|2,3,princN5,0,0,,-180.0,-0.0
12,4|4|2|2,3,princN12,0,0,,-3.0,-0.0
12,4|4|2|2,3,fakedeg,0,0,,-30.0,-0.0
12,4|4|2|2,4,princN4,0,1,,,
12,4|4|2|2,4,princN5,0,1,,,
12,4|4|2|2,4,princN12,0,1,,,
12,4|4|2|2,4,fakedeg,0,1,,,
12,4|4|2|1|1,2,princN4,0,1,,,
12,4|4|2|1|1,2,princN5,0,0,,5.0,0.0
12,4|4|2|1|1,2,princN6,0,0,,2.5,0.0
12,4|4|2|1|1,2,princN12,0,0,,0.020408,0.0
12,4|4|2|1|1,2,fakedeg,0,0,0,1.0,0.0
12,4|4|2|1|1,3,princN4,0,1,,,
12,4|4|2|1|1,3,princN5,0,1,,,
12,4|4|2|1|1,3,princN6,0,1,,,
12,4|4|2|1|1,3,princN12,0,1,,,
12,4|4|2|1|1,3,fakedeg,0,1,,,
12,4|4|2|1|1,4,princN4,0,1,,,
12,4|4|2|1|1,4,princN5,0,0,,45.0,-630.0
12,4|4|2|1|1,4,princN6,0,0,,22.5,-315.0
12,4|4|2|1|1,4,princN12,0,0,,5.0,-70.0
12,4|4|2|1|1,4,fakedeg,0,0,,15.0,-210.0
12,4|4|1|1|1|1,2,princN4,0,1,,,
12,4|4|1|1|1|1,2,princN6,0,0,,2.5,-0.0
12,4|4|1|1|1|1,2,princN7,0,0,,1.5,-0.0
12,4|4|1|1|1|1,2,princN12,0,0,,0.020408,-0.0
12,4|4|1|1|1|1,2,fakedeg,0,0,0,1.0,-0.0
12,4|4|1|1|1|1,3,princN4,0,1,,,
12,4|4|1|1|1|1,3,princN6,0,0,,29.75,-0.0
12,4|4|1|1|1|1,3,princN7,0,0,,19.833333,0.0
12,4|4|1|1|1|1,3,princN12,0,0,,1.4875,-0.0
12,4|4|1|1|1|1,3,fakedeg,0,0,,14.875,-0.0
12,4|4|1|1|1|1,4,princN4,0,1,,,
12,4|4|1|1|1|1,4,princN6,0,0,,-52.5,170.0
12,4|4|1|1|1|1,4,princN7,0,0,,-52.5,170.0
12,4|4|1|1|1|1,4,princN12,0,0,,-11.666667,37.777778
12,4|4|1|1|1|1,4,fakedeg,0,0,,-35.0,113.333333
12,4|3|3|2,2,princN4,0,0,,30.0,-0.0
12,4|3|3|2,2,princN5,0,0,,5.0,0.0
12,4|3|3|2,2,princN12,0,0,,0.019048,0.0
12,4|3|3|2,2,fakedeg,0,0,0,1.0,0.0
12,4|3|3|2,3,princN4,0,1,,,
12,4|3|3|2,3,princN5,0,1,,,
12,4|3|3|2,3,princN12,0,1,,,
12,4|3|3|2,3,fakedeg,0,1,,,
12,4|3|3|2,4,princN4,0,0,,90.0,-300.0
12,4|3|3|2,4,princN5,0,0,,45.0,-150.0
12,4|3|3|2,4,princN12,0,0,,3.333333,-11.111111
12,4|3|3|2,4,fakedeg,0,0,,15.0,-50.0
12,4|3|3|1|1,2,princN4,0,1,,,
12,4|3|3|1|1,2,princN5,0,0,,5.0,0.0
12,4|3|3|1|1,2,princN6,0,0,,3.333333,0.0
12,4|3|3|1|1,2,princN12,0,0,,0.02381,-0.0
12,4|3|3|1|1,2,fakedeg,0,0,0,1.0,0.0
12,4|3|3|1|1,3,princN4,0,1,,,
12,4|3|3|1|1,3,princN5,0,1,,,
12,4|3|3|1|1,3,princN6,0,1,,,
12,4|3|3|1|1,3,princN12,0,1,,,
12,4|3|3|1|1,3,fakedeg,0,1,,,
12,4|3|3|1|1,4,princN4,0,1,,,
12,4|3|3|1|1,4,princN5,0,1,,,
12,4|3|3|1|1,4,princN6,0,0,,-144.0,456.0
12,4|3|3|1|1,4,princN12,0,1,,,
12,4|3|3|1|1,4,fakedeg,0,1,,,
12,4|3|2|2|1,2,princN4,0,1,,,
12,4|3|2|2|1,2,princN5,0,0,,5.0,0.0
12,4|3|2|2|1,2,princN6,0,0,,5.0,0.0
12,4|3|2|2|1,2,princN12,0,0,,0.028571,0.0
12,4|3|2|2|1,2,fakedeg,0,0,0,1.0,0.0
12,4|3|2|2|1,3,princN4,0,1,,,
12,4|3|2|2|1,3,princN5,0,0,,378.0,0.0
12,4|3|2|2|1,3,princN6,0,0,,126.0,-0.0
12,4|3|2|2|1,3,princN12,0,0,,6.3,-0.0
12,4|3|2|2|1,3,fakedeg,0,0,,63.0,-0.0
12,4|3|2|2|1,4,princN4,0,1,,,
12,4|3|2|2|1,4,princN5,0,0,,-435.0,670.0
12,4|3|2|2|1,4,princN6,0,0,,-435.0,670.0
12,4|3|2|2|1,4,princN12,0,0,,-48.333333,74.444444
12,4|3|2|2|1,4,fakedeg,0,0,,-145.0,223.333333
12,4|3|2|1|1|1,2,princN4,1,1,0,,
12,4|3|2|1|1|1,2,princN6,1,1,0,,
12,4|3|2|1|1|1,2,princN7,1,1,0,,
12,4|3|2|1|1|1,2,princN12,1,1,0,,
12,4|3|2|1|1|1,2,fakedeg,1,1,0,,
12,4|3|2|1|1|1,3,princN4,0,1,,,
12,4|3|2|1|1|1,3,princN6,0,0,,-88.0,0.0
12,4|3|2|1|1|1,3,princN7,0,0,,-88.0,-0.0
12,4|3|2|1|1|1,3,princN12,0,0,,-4.4,-0.0
12,4|3|2|1|1|1,3,fakedeg,0,0,,-44.0,0.0
12,4|3|2|1|1|1,4,princN4,0,1,,,
12,4|3|2|1|1|1,4,princN6,0,1,,,
12,4|3|2|1|1|1,4,princN7,0,1,,,
12,4|3|2|1|1|1,4,princN12,0,1,,,
12,4|3|2|1|1|1,4,fakedeg,0,1,,,
12,4|3|1|1|1|1|1,2,princN4,0,1,,,
12,4|3|1|1|1|1|1,2,princN7,0,0,,1.5,0.0
12,4|3|1|1|1|1|1,2,princN8,0,0,,1.5,0.0
12,4|3|1|1|1|1|1,2,princN12,0,0,,0.047619,0.0
12,4|3|1|1|1|1|1,2,fakedeg,0,0,0,1.0,0.0
12,4|3|1|1|1|1|1,3,princN4,0,1,,,
12,4|3|1|1|1|1|1,3,princN7,0,1,,,
12,4|3|1|1|1|1|1,3,princN8,0,1,,,
12,4|3|1|1|1|1|1,3,princN12,0,1,,,
12,4|3|1|1|1|1|1,3,fakedeg,0,1,,,
12,4|3|1|1|1|1|1,4,princN4,0,1,,,
12,4|3|1|1|1|1|1,4,princN7,0,0,,187.5,-138.0
12,4|3|1|1|1|1|1,4,princN8,0,0,,187.5,-138.0
12,4|3|1|1|1|1|1,4,princN12,0,0,,41.666667,-30.666667
12,4|3|1|1|1|1|1,4,fakedeg,0,0,,125.0,-92.0
12,4|2|2|2|2,2,princN4,0,1,,,
12,4|2|2|2|2,2,princN5,0,0,,15.0,0.0
12,4|2|2|2|2,2,princN6,0,0,,5.0,0.0
12,4|2|2|2|2,2,princN12,0,0,,0.028571,0.0
12,4|2|2|2|2,2,fakedeg,0,0,0,1.0,0.0
12,4|2|2|2|2,3,princN4,0,1,,,
12,4|2|2|2|2,3,princN5,0,1,,,
12,4|2|2|2|2,3,princN6,0,1,,,
12,4|2|2|2|2,3,princN12,0,1,,,
12,4|2|2|2|2,3,fakedeg,0,1,,,
12,4|2|2|2|2,4,princN4,0,1,,,
12,4|2|2|2|2,4,princN5,0,0,,195.0,-120.0
12,4|2|2|2|2,4,princN6,0,0,,195.0,-120.0
12,4|2|2|2|2,4,princN12,0,0,,21.666667,-13.333333
12,4|2|2|2|2,4,fakedeg,0,0,,65.0,-40.0
12,4|2|2|2|1|1,2,princN4,0,1,,,
12,4|2|2|2|1|1,2,princN6,0,0,,5.0,-0.0
12,4|2|2|2|1|1,2,princN7,0,0,,2.0,0.0
12,4|2|2|2|1|1,2,princN12,0,0,,0.028571,0.0
12,4|2|2|2|1|1,2,fakedeg,0,0,0,1.0,0.0
12,4|2|2|2|1|1,3,princN4,0,1,,,
12,4|2|2|2|1|1,3,princN6,0,0,,200.0,-0.0
12,4|2|2|2|1|1,3,princN7,0,0,,200.0,0.0
12,4|2|2|2|1|1,3,princN12,0,0,,10.0,-0.0
12,4|2|2|2|1|1,3,fakedeg,0,0,,100.0,-0.0
12,4|2|2|2|1|1,4,princN4,0,1,,,
12,4|2|2|2|1|1,4,princN6,0,1,,,
12,4|2|2|2|1|1,4,princN7,0,1,,,
12,4|2|2|2|1|1,4,princN12,0,1,,,
12,4|2|2|2|1|1,4,fakedeg,0,1,,,
12,4|2|2|1|1|1|1,2,princN4,0,1,,,
12,4|2|2|1|1|1|1,2,princN7,0,0,,2.0,0.0
12,4|2|2|1|1|1|1,2,princN8,0,0,,1.5,0.0
12,4|2|2|1|1|1|1,2,princN12,0,0,,0.047619,-0.0
12,4|2|2|1|1|1|1,2,fakedeg,0,0,0,1.0,0.0
12,4|2|2|1|1|1|1,3,princN4,0,1,,,
12,4|2|2|1|1|1|1,3,princN7,0,1,,,
12,4|2|2|1|1|1|1,3,princN8,0,1,,,
12,4|2|2|1|1|1|1,3,princN12,0,1,,,
12,4|2|2|1|1|1|1,3,fakedeg,0,1,,,
12,4|2|2|1|1|1|1,4,princN4,0,1,,,
12,4|2|2|1|1|1|1,4,princN7,0,1,,,
12,4|2|2|1|1|1|1,4,princN8,0,1,,,
12,4|2|2|1|1|1|1,4,princN12,0,1,,,
12,4|2|2|1|1|1|1,4,fakedeg,0,1,,,
12,4|2|1|1|1|1|1|1,2,princN4,0,1,,,
12,4|2|1|1|1|1|1|1,2,princN8,0,0,,1.5,0.0
12,4|2|1|1|1|1|1|1,2,princN9,0,0,0,1.0,0.0
12,4|2|1|1|1|1|1|1,2,princN12,0,0,,0.047619,0.0
12,4|2|1|1|1|1|1|1,2,fakedeg,0,0,0,1.0,0.0
12,4|2|1|1|1|1|1|1,3,princN4,0,1,,,
12,4|2|1|1|1|1|1|1,3,princN8,0,1,,,
12,4|2|1|1|1|1|1|1,3,princN9,0,1,,,
12,4|2|1|1|1|1|1|1,3,princN12,0,1,,,
12,4|2|1|1|1|1|1|1,3,fakedeg,0,1,,,
12,4|2|1|1|1|1|1|1,4,princN4,0,1,,,
12,4|2|1|1|1|1|1|1,4,princN8,0,0,,-142.5,-0.0
12,4|2|1|1|1|1|1|1,4,princN9,0,0,,-95.0,-0.0
12,4|2|1|1|1|1|1|1,4,princN12,0,0,,-31.666667,-0.0
12,4|2|1|1|1|1|1|1,4,fakedeg,0,0,,-95.0,0.0
12,4|1|1|1|1|1|1|1|1,2,princN4,0,1,,,
12,4|1|1|1|1|1|1|1|1,2,princN9,0,0,0,1.0,0.0
12,4|1|1|1|1|1|1|1|1,2,princN10,0,0,0,1.0,0.0
12,4|1|1|1|1|1|1|1|1,2,princN12,0,0,,0.142857,0.0
12,4|1|1|1|1|1|1|1|1,2,fakedeg,0,0,0,1.0,0.0
12,4|1|1|1|1|1|1|1|1,3,princN4,0,1,,,
12,4|1|1|1|1|1|1|1|1,3,princN9,0,0,,4.0,-0.0
12,4|1|1|1|1|1|1|1|1,3,princN10,0,0,,4.0,-0.0
12,4|1|1|1|1|1|1|1|1,3,princN12,0,0,,0.8,-0.0
12,4|1|1|1|1|1|1|1|1,3,fakedeg,0,0,,4.0,-0.0
12,4|1|1|1|1|1|1|1|1,4,princN4,0,1,,,
12,4|1|1|1|1|1|1|1|1,4,princN9,0,0,,65.0,40.0
12,4|1|1|1|1|1|1|1|1,4,princN10,0,0,,65.0,40.0
12,4|1|1|1|1|1|1|1|1,4,princN12,0,0,,65.0,40.0
12,4|1|1|1|1|1|1|1|1,4,fakedeg,0,0,,65.0,40.0
12,3|3|3|3,2,princN3,0,1,,,
12,3|3|3|3,2,princN4,0,0,,30.0,-0.0
12,3|3|3|3,2,princN5,0,0,,10.0,-0.0
12,3|3|3|3,2,princN12,0,0,,0.019048,0.0
12,3|3|3|3,2,fakedeg,0,0,0,1.0,-0.0
12,3|3|3|3,3,princN3,0,1,,,
12,3|3|3|3,3,princN4,0,0,,33.0,-0.0
12,3|3|3|3,3,princN5,0,0,,16.5,-0.0
12,3|3|3|3,3,princN12,0,0,,0.34375,-0.0
12,3|3|3|3,3,fakedeg,0,0,,2.75,-0.0
12,3|3|3|3,4,princN3,0,1,,,
12,3|3|3|3,4,princN4,0,0,,-34.0,24.0
12,3|3|3|3,4,princN5,0,0,,-34.0,24.0
12,3|3|3|3,4,princN12,0,0,,-1.259259,0.888889
12,3|3|3|3,4,fakedeg,0,0,,-5.666667,4.0
12,3|3|3|2|1,2,princN3,1,1,0,,
12,3|3|3|2|1,2,princN5,1,1,0,,
12,3|3|3|2|1,2,princN6,1,1,0,,
12,3|3|3|2|1,2,princN12,1,1,0,,
12,3|3|3|2|1,2,fakedeg,1,1,0,,
12,3|3|3|2|1,3,princN3,0,1,,,
12,3|3|3|2|1,3,princN5,0,0,,-78.0,0.0
12,3|3|3|2|1,3,princN6,0,0,,-39.0,0.0
12,3|3|3|2|1,3,princN12,0,0,,-1.625,-0.0
12,3|3|3|2|1,3,fakedeg,0,0,,-13.0,0.0
12,3|3|3|2|1,4,princN3,0,1,,,
12,3|3|3|2|1,4,princN5,0,1,,,
12,3|3|3|2|1,4,princN6,0,1,,,
12,3|3|3|2|1,4,princN12,0,1,,,
12,3|3|3|2|1,4,fakedeg,0,1,,,
12,3|3|3|1|1|1,2,princN3,0,1,,,
12,3|3|3|1|1|1,2,princN6,0,0,,3.333333,-0.0
12,3|3|3|1|1|1,2,princN7,0,0,,2.5,-0.0
12,3|3|3|1|1|1,2,princN12,0,0,,0.02381,0.0
12,3|3|3|1|1|1,2,fakedeg,0,0,0,1.0,-0.0
12,3|3|3|1|1|1,3,princN3,0,1,,,
12,3|3|3|1|1|1,3,princN6,0,0,,30.75,-0.0
12,3|3|3|1|1|1,3,princN7,0,0,,20.5,0.0
12,3|3|3|1|1|1,3,princN12,0,0,,1.28125,-0.0
12,3|3|3|1|1|1,3,fakedeg,0,0,,10.25,-0.0
12,3|3|3|1|1|1,4,princN3,0,1,,,
12,3|3|3|1|1|1,4,princN6,0,0,,160.0,-120.0
12,3|3|3|1|1|1,4,princN7,0,1,,,
12,3|3|3|1|1|1,4,princN12,0,1,,,
12,3|3|3|1|1|1,4,fakedeg,0,1,,,
12,3|3|2|2|2,2,princN3,0,1,,,
12,3|3|2|2|2,2,princN5,0,0,,20.0,-0.0
12,3|3|2|2|2,2,princN6,0,0,,5.0,-0.0
12,3|3|2|2|2,2,princN12,0,0,,0.028571,0.0
12,3|3|2|2|2,2,fakedeg,0,0,0,1.0,0.0
12,3|3|2|2|2,3,princN3,0,1,,,
12,3|3|2|2|2,3,princN5,0,0,,108.0,-0.0
12,3|3|2|2|2,3,princN6,0,0,,108.0,-0.0
12,3|3|2|2|2,3,princN12,0,0,,3.0,0.0
12,3|3|2|2|2,3,fakedeg,0,0,,18.0,-0.0
12,3|3|2|2|2,4,princN3,0,1,,,
12,3|3|2|2|2,4,princN5,0,1,,,
12,3|3|2|2|2,4,princN6,0,1,,,
12,3|3|2|2|2,4,princN12,0,1,,,
12,3|3|2|2|2,4,fakedeg,0,1,,,
12,3|3|2|2|1|1,2,princN3,0,1,,,
12,3|3|2|2|1|1,2,princN6,0,0,,5.0,-0.0
12,3|3|2|2|1|1,2,princN7,0,0,,2.5,-0.0
12,3|3|2|2|1|1,2,princN12,0,0,,0.028571,-0.0
12,3|3|2|2|1|1,2,fakedeg,0,0,0,1.0,-0.0
12,3|3|2|2|1|1,3,princN3,0,1,,,
12,3|3|2|2|1|1,3,princN6,0,1,,,
12,3|3|2|2|1|1,3,princN7,0,1,,,
12,3|3|2|2|1|1,3,princN12,0,1,,,
12,3|3|2|2|1|1,3,fakedeg,0,1,,,
12,3|3|2|2|1|1,4,princN3,0,1,,,
12,3|3|2|2|1|1,4,princN6,0,0,,369.0,-126.0
12,3|3|2|2|1|1,4,princN7,0,0,,184.5,-63.0
12,3|3|2|2|1|1,4,princN12,0,0,,41.0,-14.0
12,3|3|2|2|1|1,4,fakedeg,0,0,,123.0,-42.0
12,3|3|2|1|1|1|1,2,princN3,0,1,,,
12,3|3|2|1|1|1|1,2,princN7,0,0,,2.5,0.0
12,3|3|2|1|1|1|1,2,princN8,0,0,,1.5,0.0
12,3|3|2|1|1|1|1,2,princN12,0,0,,0.047619,0.0
12,3|3|2|1|1|1|1,2,fakedeg,0,0,0,1.0,0.0
12,3|3|2|1|1|1|1,3,princN3,0,1,,,
12,3|3|2|1|1|1|1,3,princN7,0,0,,-83.5,0.0
12,3|3|2|1|1|1|1,3,princN8,0,0,,-55.666667,-0.0
12,3|3|2|1|1|1|1,3,princN12,0,0,,-10.4375,-0.0
12,3|3|2|1|1|1|1,3,fakedeg,0,0,,-41.75,0.0
12,3|3|2|1|1|1|1,4,princN3,0,1,,,
12,3|3|2|1|1|1|1,4,princN7,0,0,,-167.5,35.0
12,3|3|2|1|1|1|1,4,princN8,0,0,,-167.5,35.0
12,3|3|2|1|1|1|1,4,princN12,0,0,,-37.222222,7.777778
12,3|3|2|1|1|1|1,4,fakedeg,0,0,,-111.666667,23.333333
12,3|3|1|1|1|1|1|1,2,princN3,0,1,,,
12,3|3|1|1|1|1|1|1,2,princN8,0,0,,1.5,-0.0
12,3|3|1|1|1|1|1|1,2,princN9,0,0,,1.2,-0.0
12,3|3|1|1|1|1|1|1,2,princN12,0,0,,0.047619,0.0
12,3|3|1|1|1|1|1|1,2,fakedeg,0,0,0,1.0,-0.0
12,3|3|1|1|1|1|1|1,3,princN3,0,1,,,
12,3|3|1|1|1|1|1|1,3,princN8,0,0,,21.333333,-0.0
12,3|3|1|1|1|1|1|1,3,princN9,0,0,,21.333333,-0.0
12,3|3|1|1|1|1|1|1,3,princN12,0,0,,4.0,-0.0
12,3|3|1|1|1|1|1|1,3,fakedeg,0,0,,16.0,-0.0
12,3|3|1|1|1|1|1|1,4,princN3,0,1,,,
12,3|3|1|1|1|1|1|1,4,princN8,0,1,,,
12,3|3|1|1|1|1|1|1,4,princN9,0,1,,,
12,3|3|1|1|1|1|1|1,4,princN12,0,1,,,
12,3|3|1|1|1|1|1|1,4,fakedeg,0,1,,,
12,3|2|2|2|2|1,2,princN3,0,1,,,
12,3|2|2|2|2|1,2,princN6,0,0,,5.0,-0.0
12,3|2|2|2|2|1,2,princN7,0,0,,5.0,-0.0
12,3|2|2|2|2|1,2,princN12,0,0,,0.028571,0.0
12,3|2|2|2|2|1,2,fakedeg,0,0,0,1.0,-0.0
12,3|2|2|2|2|1,3,princN3,0,1,,,
12,3|2|2|2|2|1,3,princN6,0,0,,-108.0,0.0
12,3|2|2|2|2|1,3,princN7,0,0,,-36.0,0.0
12,3|2|2|2|2|1,3,princN12,0,0,,-3.0,-0.0
12,3|2|2|2|2|1,3,fakedeg,0,0,,-18.0,0.0
12,3|2|2|2|2|1,4,princN3,0,1,,,
12,3|2|2|2|2|1,4,princN6,0,0,,-185.0,-20.0
12,3|2|2|2|2|1,4,princN7,0,0,,-185.0,-20.0
12,3|2|2|2|2|1,4,princN12,0,0,,-20.555556,-2.222222
12,3|2|2|2|2|1,4,fakedeg,0,0,,-61.666667,-6.666667
12,3|2|2|2|1|1|1,2,princN3,1,1,0,,
12,3|2|2|2|1|1|1,2,princN7,1,1,0,,
12,3|2|2|2|1|1|1,2,princN8,1,1,0,,
12,3|2|2|2|1|1|1,2,princN12,1,1,0,,
12,3|2|2|2|1|1|1,2,fakedeg,1,1,0,,
12,3|2|2|2|1|1|1,3,princN3,0,1,,,
12,3|2|2|2|1|1|1,3,princN7,0,0,,68.0,-0.0
12,3|2|2|2|1|1|1,3,princN8,0,0,,68.0,-0.0
12,3|2|2|2|1|1|1,3,princN12,0,0,,8.5,-0.0
12,3|2|2|2|1|1|1,3,fakedeg,0,0,,34.0,-0.0
12,3|2|2|2|1|1|1,4,princN3,0,1,,,
12,3|2|2|2|1|1|1,4,princN7,0,1,,,
12,3|2|2|2|1|1|1,4,princN8,0,1,,,
12,3|2|2|2|1|1|1,4,princN12,0,1,,,
12,3|2|2|2|1|1|1,4,fakedeg,0,1,,,
12,3|2|2|1|1|1|1|1,2,princN3,0,1,,,
12,3|2|2|1|1|1|1|1,2,princN8,0,0,,1.5,-0.0
12,3|2|2|1|1|1|1|1,2,princN9,0,0,,1.5,-0.0
12,3|2|2|1|1|1|1|1,2,princN12,0,0,,0.047619,0.0
12,3|2|2|1|1|1|1|1,2,fakedeg,0,0,0,1.0,-0.0
12,3|2|2|1|1|1|1|1,3,princN3,0,1,,,
12,3|2|2|1|1|1|1|1,3,princN8,0,1,,,
12,3|2|2|1|1|1|1|1,3,princN9,0,1,,,
12,3|2|2|1|1|1|1|1,3,princN12,0,1,,,
12,3|2|2|1|1|1|1|1,3,fakedeg,0,1,,,
12,3|2|2|1|1|1|1|1,4,princN3,0,1,,,
12,3|2|2|1|1|1|1|1,4,princN8,0,0,,94.5,45.0
12,3|2|2|1|1|1|1|1,4,princN9,0,0,,94.5,45.0
12,3|2|2|1|1|1|1|1,4,princN12,0,0,,21.0,10.0
12,3|2|2|1|1|1|1|1,4,fakedeg,0,0,,63.0,30.0
12,3|2|1|1|1|1|1|1|1,2,princN3,1,1,0,,
12,3|2|1|1|1|1|1|1|1,2,princN9,1,1,0,,
12,3|2|1|1|1|1|1|1|1,2,princN10,1,1,0,,
12,3|2|1|1|1|1|1|1|1,2,princN12,1,1,0,,
12,3|2|1|1|1|1|1|1|1,2,fakedeg,1,1,0,,
12,3|2|1|1|1|1|1|1|1,3,princN3,0,1,,,
12,3|2|1|1|1|1|1|1|1,3,princN9,0,0,,-14.666667,0.0
12,3|2|1|1|1|1|1|1|1,3,princN10,0,0,,-11.0,-0.0
12,3|2|1|1|1|1|1|1|1,3,princN12,0,0,,-2.75,-0.0
12,3|2|1|1|1|1|1|1|1,3,fakedeg,0,0,,-11.0,0.0
12,3|2|1|1|1|1|1|1|1,4,princN3,0,1,,,
12,3|2|1|1|1|1|1|1|1,4,princN9,0,1,,,
12,3|2|1|1|1|1|1|1|1,4,princN10,0,1,,,
12,3|2|1|1|1|1|1|1|1,4,princN12,0,1,,,
12,3|2|1|1|1|1|1|1|1,4,fakedeg,0,1,,,
12,3|1|1|1|1|1|1|1|1|1,2,princN3,0,1,,,
12,3|1|1|1|1|1|1|1|1|1,2,princN10,0,0,0,1.0,-0.0
12,3|1|1|1|1|1|1|1|1|1,2,princN11,0,0,0,1.0,-0.0
12,3|1|1|1|1|1|1|1|1|1,2,princN12,0,0,,0.142857,0.0
12,3|1|1|1|1|1|1|1|1|1,2,fakedeg,0,0,0,1.0,-0.0
12,3|1|1|1|1|1|1|1|1|1,3,princN3,0,1,,,
12,3|1|1|1|1|1|1|1|1|1,3,princN10,0,0,,10.0,-0.0
12,3|1|1|1|1|1|1|1|1|1,3,princN11,0,0,,10.0,-0.0
12,3|1|1|1|1|1|1|1|1|1,3,princN12,0,0,,10.0,-0.0
12,3|1|1|1|1|1|1|1|1|1,3,fakedeg,0,0,,10.0,-0.0
12,3|1|1|1|1|1|1|1|1|1,4,princN3,0,1,,,
12,3|1|1|1|1|1|1|1|1|1,4,princN10,0,0,,-5.0,-30.0
12,3|1|1|1|1|1|1|1|1|1,4,princN11,0,0,,-5.0,-30.0
12,3|1|1|1|1|1|1|1|1|1,4,princN12,0,0,,-5.0,-30.0
12,3|1|1|1|1|1|1|1|1|1,4,fakedeg,0,0,,-5.0,-30.0
12,2|2|2|2|2|2,2,princN2,0,1,,,
12,2|2|2|2|2|2,2,princN6,0,0,,20.0,-0.0
12,2|2|2|2|2|2,2,princN7,0,0,,5.0,0.0
12,2|2|2|2|2|2,2,princN12,0,0,,0.05,0.0
12,2|2|2|2|2|2,2,fakedeg,0,0,0,1.0,0.0
12,2|2|2|2|2|2,3,princN2,0,1,,,
12,2|2|2|2|2|2,3,princN6,0,0,,18.0,-0.0
12,2|2|2|2|2|2,3,princN7,0,0,,18.0,-0.0
12,2|2|2|2|2|2,3,princN12,0,0,,0.5,-0.0
12,2|2|2|2|2|2,3,fakedeg,0,0,,3.0,-0.0
12,2|2|2|2|2|2,4,princN2,0,1,,,
12,2|2|2|2|2|2,4,princN6,0,0,,-16.0,-16.0
12,2|2|2|2|2|2,4,princN7,0,1,,,
12,2|2|2|2|2|2,4,princN12,0,1,,,
12,2|2|2|2|2|2,4,fakedeg,0,1,,,
12,2|2|2|2|2|1|1,2,princN2,0,1,,,
12,2|2|2|2|2|1|1,2,princN7,0,0,,5.0,0.0
12,2|2|2|2|2|1|1,2,princN8,0,0,,2.5,0.0
12,2|2|2|2|2|1|1,2,princN12,0,0,,0.066667,0.0
12,2|2|2|2|2|1|1,2,fakedeg,0,0,0,1.0,0.0
12,2|2|2|2|2|1|1,3,princN2,0,1,,,
12,2|2|2|2|2|1|1,3,princN7,0,1,,,
12,2|2|2|2|2|1|1,3,princN8,0,1,,,
12,2|2|2|2|2|1|1,3,princN12,0,1,,,
12,2|2|2|2|2|1|1,3,fakedeg,0,1,,,
12,2|2|2|2|2|1|1,4,princN2,0,1,,,
12,2|2|2|2|2|1|1,4,princN7,0,0,,39.0,36.0
12,2|2|2|2|2|1|1,4,princN8,0,0,,19.5,18.0
12,2|2|2|2|2|1|1,4,princN12,0,0,,4.333333,4.0
12,2|2|2|2|2|1|1,4,fakedeg,0,0,,13.0,12.0
12,2|2|2|2|1|1|1|1,2,princN2,0,1,,,
12,2|2|2|2|1|1|1|1,2,princN8,0,0,,2.5,-0.0
12,2|2|2|2|1|1|1|1,2,princN9,0,0,,1.5,0.0
12,2|2|2|2|1|1|1|1,2,princN12,0,0,,0.066667,0.0
12,2|2|2|2|1|1|1|1,2,fakedeg,0,0,0,1.0,0.0
12,2|2|2|2|1|1|1|1,3,princN2,0,1,,,
12,2|2|2|2|1|1|1|1,3,princN8,0,0,,-22.0,0.0
12,2|2|2|2|1|1|1|1,3,princN9,0,0,,-14.666667,-0.0
12,2|2|2|2|1|1|1|1,3,princN12,0,0,,-2.75,-0.0
12,2|2|2|2|1|1|1|1,3,fakedeg,0,0,,-11.0,0.0
12,2|2|2|2|1|1|1|1,4,princN2,0,1,,,
12,2|2|2|2|1|1|1|1,4,princN8,0,0,,-17.5,-25.0
12,2|2|2|2|1|1|1|1,4,princN9,0,0,,-17.5,-25.0
12,2|2|2|2|1|1|1|1,4,princN12,0,0,,-3.888889,-5.555556
12,2|2|2|2|1|1|1|1,4,fakedeg,0,0,,-11.666667,-16.666667
12,2|2|2|1|1|1|1|1|1,2,princN2,0,1,,,
12,2|2|2|1|1|1|1|1|1,2,princN9,0,0,,1.5,0.0
12,2|2|2|1|1|1|1|1|1,2,princN10,0,0,,1.2,0.0
12,2|2|2|1|1|1|1|1|1,2,princN12,0,0,,0.166667,0.0
12,2|2|2|1|1|1|1|1|1,2,fakedeg,0,0,0,1.0,0.0
12,2|2|2|1|1|1|1|1|1,3,princN2,0,1,,,
12,2|2|2|1|1|1|1|1|1,3,princN9,0,0,,10.333333,-0.0
12,2|2|2|1|1|1|1|1|1,3,princN10,0,0,,10.333333,-0.0
12,2|2|2|1|1|1|1|1|1,3,princN12,0,0,,1.9375,-0.0
12,2|2|2|1|1|1|1|1|1,3,fakedeg,0,0,,7.75,-0.0
12,2|2|2|1|1|1|1|1|1,4,princN2,0,1,,,
12,2|2|2|1|1|1|1|1|1,4,princN9,0,1,,,
12,2|2|2|1|1|1|1|1|1,4,princN10,0,0,,16.0,40.0
12,2|2|2|1|1|1|1|1|1,4,princN12,0,1,,,
12,2|2|2|1|1|1|1|1|1,4,fakedeg,0,1,,,
12,2|2|1|1|1|1|1|1|1|1,2,princN2,0,1,,,
12,2|2|1|1|1|1|1|1|1|1,2,princN10,0,0,,1.2,-0.0
12,2|2|1|1|1|1|1|1|1|1,2,princN11,0,0,0,1.0,0.0
12,2|2|1|1|1|1|1|1|1|1,2,princN12,0,0,,0.166667,0.0
12,2|2|1|1|1|1|1|1|1|1,2,fakedeg,0,0,0,1.0,-0.0
12,2|2|1|1|1|1|1|1|1|1,3,princN2,0,1,,,
12,2|2|1|1|1|1|1|1|1|1,3,princN10,0,1,,,
12,2|2|1|1|1|1|1|1|1|1,3,princN11,0,1,,,
12,2|2|1|1|1|1|1|1|1|1,3,princN12,0,1,,,
12,2|2|1|1|1|1|1|1|1|1,3,fakedeg,0,1,,,
12,2|2|1|1|1|1|1|1|1|1,4,princN2,0,1,,,
12,2|2|1|1|1|1|1|1|1|1,4,princN10,0,0,,0.0,-24.0
12,2|2|1|1|1|1|1|1|1|1,4,princN11,0,1,,,
12,2|2|1|1|1|1|1|1|1|1,4,princN12,0,1,,,
12,2|2|1|1|1|1|1|1|1|1,4,fakedeg,0,1,,,
12,2|1|1|1|1|1|1|1|1|1|1,2,princN2,0,1,,,
12,2|1|1|1|1|1|1|1|1|1|1,2,princN11,0,0,0,1.0,0.0
12,2|1|1|1|1|1|1|1|1|1|1,2,princN12,0,0,0,1.0,0.0
12,2|1|1|1|1|1|1|1|1|1|1,2,fakedeg,0,0,0,1.0,0.0
12,2|1|1|1|1|1|1|1|1|1|1,3,princN2,0,1,,,
12,2|1|1|1|1|1|1|1|1|1|1,3,princN11,0,0,,-5.0,0.0
12,2|1|1|1|1|1|1|1|1|1|1,3,princN12,0,0,,-5.0,-0.0
12,2|1|1|1|1|1|1|1|1|1|1,3,fakedeg,0,0,,-5.0,0.0
12,2|1|1|1|1|1|1|1|1|1|1,4,princN2,0,1,,,
12,2|1|1|1|1|1|1|1|1|1|1,4,princN11,0,0,,-5.0,6.0
12,2|1|1|1|1|1|1|1|1|1|1,4,princN12,0,0,,-5.0,6.0
12,2|1|1|1|1|1|1|1|1|1|1,4,fakedeg,0,0,,-5.0,6.0
12,1|1|1|1|1|1|1|1|1|1|1|1,2,princN1,0,1,,,
12,1|1|1|1|1|1|1|1|1|1|1|1,2,princN12,0,0,0,1.0,0.0
12,1|1|1|1|1|1|1|1|1|1|1|1,2,princN13,0,0,0,1.0,0.0
12,1|1|1|1|1|1|1|1|1|1|1|1,2,fakedeg,0,0,0,1.0,0.0
12,1|1|1|1|1|1|1|1|1|1|1|1,3,princN1,0,1,,,
12,1|1|1|1|1|1|1|1|1|1|1|1,3,princN12,0,0,0,1.0,0.0
12,1|1|1|1|1|1|1|1|1|1|1|1,3,princN13,0,0,0,1.0,0.0
12,1|1|1|1|1|1|1|1|1|1|1|1,3,fakedeg,0,0,0,1.0,0.0
12,1|1|1|1|1|1|1|1|1|1|1|1,4,princN1,0,1,,,
12,1|1|1|1|1|1|1|1|1|1|1|1,4,princN12,0,0,0,1.0,0.0
12,1|1|1|1|1|1|1|1|1|1|1|1,4,princN13,0,0,0,1.0,0.0
12,1|1|1|1|1|1|1|1|1|1|1|1,4,fakedeg,0,0,0,1.0,0.0
13,13,2,princN1,0,0,0,1.0,0.0
13,13,2,princN2,0,1,,,
13,13,2,princN13,0,0,,0.001082,0.0
13,13,2,fakedeg,0,0,0,1.0,0.0
13,13,3,princN1,0,0,0,1.0,0.0
13,13,3,princN2,0,0,,0.5,-0.866025
13,13,3,princN13,0,0,,0.014286,-0.0
13,13,3,fakedeg,0,0,0,1.0,0.0
13,13,4,princN1,0,0,0,1.0,0.0
13,13,4,princN2,0,0,,0.5,-0.5
13,13,4,princN13,0,0,,0.05,-0.0
13,13,4,fakedeg,0,0,0,1.0,0.0
13,12|1,2,princN2,1,1,0,,
13,12|1,2,princN3,1,1,0,,
13,12|1,2,princN12,1,1,0,,
13,12|1,2,princN13,1,1,0,,
13,12|1,2,fakedeg,1,1,0,,
13,12|1,3,princN2,0,1,,,
13,12|1,3,princN3,0,1,,,
13,12|1,3,princN12,0,1,,,
13,12|1,3,princN13,0,1,,,
13,12|1,3,fakedeg,0,1,,,
13,12|1,4,princN2,0,1,,,
13,12|1,4,princN3,0,1,,,
13,12|1,4,princN12,0,1,,,
13,12|1,4,princN13,0,1,,,
13,12|1,4,fakedeg,0,1,,,
13,11|2,2,princN2,0,1,,,
13,11|2,2,princN3,0,0,0,1.0,0.0
13,11|2,2,princN11,0,0,,0.004762,0.0
13,11|2,2,princN13,0,0,,0.002165,-0.0
13,11|2,2,fakedeg,0,0,0,1.0,0.0
13,11|2,3,princN2,0,0,,-10.0,17.320508
13,11|2,3,princN3,0,1,,,
13,11|2,3,princN11,0,0,,-0.285714,0.494872
13,11|2,3,princN13,0,0,,-0.571429,-0.0
13,11|2,3,fakedeg,0,0,,-20.0,-0.0
13,11|2,4,princN2,0,0,,12.5,17.5
13,11|2,4,princN3,0,0,,30.0,5.0
13,11|2,4,princN11,0,0,,3.0,0.5
13,11|2,4,princN13,0,0,,-0.5,3.0
13,11|2,4,fakedeg,0,0,,-5.0,30.0
13,11|1|1,2,princN3,0,0,0,1.0,0.0
13,11|1|1,2,princN4,0,1,,,
13,11|1|1,2,princN11,0,0,,0.004762,0.0
13,11|1|1,2,princN13,0,0,,0.002165,0.0
13,11|1|1,2,fakedeg,0,0,0,1.0,0.0
13,11|1|1,3,princN3,0,1,,,
13,11|1|1,3,princN4,0,1,,,
13,11|1|1,3,princN11,0,1,,,
13,11|1|1,3,princN13,0,1,,,
13,11|1|1,3,fakedeg,0,1,,,
13,11|1|1,4,princN3,0,1,,,
13,11|1|1,4,princN4,0,1,,,
13,11|1|1,4,princN11,0,1,,,
13,11|1|1,4,princN13,0,1,,,
13,11|1|1,4,fakedeg,0,1,,,
13,10|3,2,princN2,1,1,0,,
13,10|3,2,princN3,1,1,0,,
13,10|3,2,princN10,1,1,0,,
13,10|3,2,princN13,1,1,0,,
13,10|3,2,fakedeg,1,1,0,,
13,10|3,3,princN2,0,0,,23.0,-39.837169
13,10|3,3,princN3,0,1,,,
13,10|3,3,princN10,0,0,,0.766667,-0.0
13,10|3,3,princN13,0,0,,0.328571,0.0
13,10|3,3,fakedeg,0,0,,11.5,0.0
13,10|3,4,princN2,0,1,,,
13,10|3,4,princN3,0,1,,,
13,10|3,4,princN10,0,1,,,
13,10|3,4,princN13,0,1,,,
13,10|3,4,fakedeg,0,1,,,
13,10|2|1,2,princN3,0,0,0,1.0,-0.0
13,10|2|1,2,princN4,0,1,,,
13,10|2|1,2,princN10,0,1,,,
13,10|2|1,2,princN13,0,0,,0.002165,-0.0
13,10|2|1,2,fakedeg,0,0,0,1.0,-0.0
13,10|2|1,3,princN3,0,1,,,
13,10|2|1,3,princN4,0,0,,-23.0,0.0
13,10|2|1,3,princN10,0,0,,-1.533333,-0.0
13,10|2|1,3,princN13,0,0,,-0.657143,-0.0
13,10|2|1,3,fakedeg,0,0,,-23.0,-0.0
13,10|2|1,4,princN3,0,0,,-134.0,85.0
13,10|2|1,4,princN4,0,1,,,
13,10|2|1,4,princN10,0,0,,-27.375,-6.125
13,10|2|1,4,princN13,0,0,,-8.5,-13.4
13,10|2|1,4,fakedeg,0,0,,-85.0,-134.0
13,10|1|1|1,2,princN4,1,1,0,,
13,10|1|1|1,2,princN5,1,1,0,,
13,10|1|1|1,2,princN10,1,1,0,,
13,10|1|1|1,2,princN13,1,1,0,,
13,10|1|1|1,2,fakedeg,1,1,0,,
13,10|1|1|1,3,princN4,0,0,,5.5,0.0
13,10|1|1|1,3,princN5,0,0,,2.75,-4.76314
13,10|1|1|1,3,princN10,0,0,,0.366667,-0.0
13,10|1|1|1,3,princN13,0,0,,0.157143,0.0
13,10|1|1|1,3,fakedeg,0,0,,5.5,0.0
13,10|1|1|1,4,princN4,0,1,,,
13,10|1|1|1,4,princN5,0,1,,,
13,10|1|1|1,4,princN10,0,1,,,
13,10|1|1|1,4,princN13,0,1,,,
13,10|1|1|1,4,fakedeg,0,1,,,
13,9|4,2,princN2,0,1,,,
13,9|4,2,princN3,0,0,,3.0,0.0
13,9|4,2,princN9,0,0,,0.021429,0.0
13,9|4,2,princN13,0,0,,0.003401,-0.0
13,9|4,2,fakedeg,0,0,0,1.0,0.0
13,9|4,3,princN2,0,1,,,
13,9|4,3,princN3,0,1,,,
13,9|4,3,princN9,0,1,,,
13,9|4,3,princN13,0,1,,,
13,9|4,3,fakedeg,0,1,,,
13,9|4,4,princN2,0,0,,-70.5,-19.5
13,9|4,4,princN3,0,0,,-90.0,51.0
13,9|4,4,princN9,0,0,,-4.25,-7.5
13,9|4,4,princN13,0,0,,-1.7,-3.0
13,9|4,4,fakedeg,0,0,,-17.0,-30.0
13,9|3|1,2,princN3,0,0,,3.0,-0.0
13,9|3|1,2,princN4,0,1,,,
13,9|3|1,2,princN9,0,0,,0.021429,0.0
13,9|3|1,2,princN13,0,0,,0.003401,0.0
13,9|3|1,2,fakedeg,0,0,0,1.0,-0.0
13,9|3|1,3,princN3,0,1,,,
13,9|3|1,3,princN4,0,1,,,
13,9|3|1,3,princN9,0,1,,,
13,9|3|1,3,princN13,0,1,,,
13,9|3|1,3,fakedeg,0,1,,,
13,9|3|1,4,princN3,0,0,,210.0,-285.0
13,9|3|1,4,princN4,0,1,,,
13,9|3|1,4,princN9,0,0,,23.75,17.5
13,9|3|1,4,princN13,0,0,,9.5,7.0
13,9|3|1,4,fakedeg,0,0,,95.0,70.0
13,9|2|2,2,princN3,0,0,,6.0,-0.0
13,9|2|2,2,princN4,0,1,,,
13,9|2|2,2,princN9,0,0,,0.026786,0.0
13,9|2|2,2,princN13,0,0,,0.003968,-0.0
13,9|2|2,2,fakedeg,0,0,0,1.0,0.0
13,9|2|2,3,princN3,0,1,,,
13,9|2|2,3,princN4,0,1,,,
13,9|2|2,3,princN9,0,1,,,
13,9|2|2,3,princN13,0,1,,,
13,9|2|2,3,fakedeg,0,1,,,
13,9|2|2,4,princN3,0,1,,,
13,9|2|2,4,princN4,0,1,,,
13,9|2|2,4,princN9,0,1,,,
13,9|2|2,4,princN13,0,1,,,
13,9|2|2,4,fakedeg,0,1,,,
13,9|2|1|1,2,princN4,0,1,,,
13,9|2|1|1,2,princN5,0,0,0,1.0,0.0
13,9|2|1|1,2,princN9,0,0,,0.035714,0.0
13,9|2|1|1,2,princN13,0,0,,0.004762,0.0
13,9|2|1|1,2,fakedeg,0,0,0,1.0,0.0
13,9|2|1|1,3,princN4,0,0,,-125.0,-0.0
13,9|2|1|1,3,princN5,0,0,,-62.5,108.253175
13,9|2|1|1,3,princN9,0,1,,,
13,9|2|1|1,3,princN13,0,0,,-3.571429,0.0
13,9|2|1|1,3,fakedeg,0,0,,-125.0,-0.0
13,9|2|1|1,4,princN4,0,1,,,
13,9|2|1|1,4,princN5,0,0,,-215.0,-60.0
13,9|2|1|1,4,princN9,0,0,,-53.75,-15.0
13,9|2|1|1,4,princN13,0,0,,-21.5,-6.0
13,9|2|1|1,4,fakedeg,0,0,,-215.0,-60.0
13,9|1|1|1|1,2,princN5,0,0,0,1.0,0.0
13,9|1|1|1|1,2,princN6,0,1,,,
13,9|1|1|1|1,2,princN9,0,0,,0.035714,0.0
13,9|1|1|1|1,2,princN13,0,0,,0.004762,-0.0
13,9|1|1|1|1,2,fakedeg,0,0,0,1.0,0.0
13,9|1|1|1|1,3,princN5,0,1,,,
13,9|1|1|1|1,3,princN6,0,1,,,
13,9|1|1|1|1,3,princN9,0,1,,,
13,9|1|1|1|1,3,princN13,0,1,,,
13,9|1|1|1|1,3,fakedeg,0,1,,,
13,9|1|1|1|1,4,princN5,0,0,,65.0,0.0
13,9|1|1|1|1,4,princN6,0,0,,32.5,-32.5
13,9|1|1|1|1,4,princN9,0,0,,16.25,0.0
13,9|1|1|1|1,4,princN13,0,0,,6.5,-0.0
13,9|1|1|1|1,4,fakedeg,0,0,,65.0,0.0
13,8|5,2,princN2,1,1,0,,
13,8|5,2,princN3,1,1,0,,
13,8|5,2,princN8,1,1,0,,
13,8|5,2,princN13,1,1,0,,
13,8|5,2,fakedeg,1,1,0,,
13,8|5,3,princN2,0,0,,-43.0,74.478185
13,8|5,3,princN3,0,1,,,
13,8|5,3,princN8,0,0,,-1.433333,2.482606
13,8|5,3,princN13,0,0,,-0.86,-0.0
13,8|5,3,fakedeg,0,0,,-21.5,-0.0
13,8|5,4,princN2,0,1,,,
13,8|5,4,princN3,0,1,,,
13,8|5,4,princN8,0,1,,,
13,8|5,4,princN13,0,1,,,
13,8|5,4,fakedeg,0,1,,,
13,8|4|1,2,princN3,0,0,,3.0,-0.0
13,8|4|1,2,princN4,0,1,,,
13,8|4|1,2,princN8,0,1,,,
13,8|4|1,2,princN13,0,0,,0.003401,-0.0
13,8|4|1,2,fakedeg,0,0,0,1.0,-0.0
13,8|4|1,3,princN3,0,1,,,
13,8|4|1,3,princN4,0,1,,,
13,8|4|1,3,princN8,0,1,,,
13,8|4|1,3,princN13,0,1,,,
13,8|4|1,3,fakedeg,0,1,,,
13,8|4|1,4,princN3,0,1,,,
13,8|4|1,4,princN4,0,1,,,
13,8|4|1,4,princN8,0,1,,,
13,8|4|1,4,princN13,0,1,,,
13,8|4|1,4,fakedeg,0,1,,,
13,8|3|2,2,princN3,1,1,0,,
13,8|3|2,2,princN4,1,1,0,,
13,8|3|2,2,princN8,1,1,0,,
13,8|3|2,2,princN13,1,1,0,,
13,8|3|2,2,fakedeg,1,1,0,,
13,8|3|2,3,princN3,0,1,,,
13,8|3|2,3,princN4,0,1,,,
13,8|3|2,3,princN8,0,1,,,
13,8|3|2,3,princN13,0,1,,,
13,8|3|2,3,fakedeg,0,1,,,
13,8|3|2,4,princN3,0,1,,,
13,8|3|2,4,princN4,0,1,,,
13,8|3|2,4,princN8,0,1,,,
13,8|3|2,4,princN13,0,1,,,
13,8|3|2,4,fakedeg,0,1,,,
13,8|3|1|1,2,princN4,1,1,0,,
13,8|3|1|1,2,princN5,1,1,0,,
13,8|3|1|1,2,princN8,1,1,0,,
13,8|3|1|1,2,princN13,1,1,0,,
13,8|3|1|1,2,fakedeg,1,1,0,,
13,8|3|1|1,3,princN4,0,1,,,
13,8|3|1|1,3,princN5,0,1,,,
13,8|3|1|1,3,princN8,0,1,,,
13,8|3|1|1,3,princN13,0,1,,,
13,8|3|1|1,3,fakedeg,0,1,,,
13,8|3|1|1,4,princN4,0,1,,,
13,8|3|1|1,4,princN5,0,1,,,
13,8|3|1|1,4,princN8,0,1,,,
13,8|3|1|1,4,princN13,0,1,,,
13,8|3|1|1,4,fakedeg,0,1,,,
13,8|2|2|1,2,princN4,1,1,0,,
13,8|2|2|1,2,princN5,1,1,0,,
13,8|2|2|1,2,princN8,1,1,0,,
13,8|2|2|1,2,princN13,1,1,0,,
13,8|2|2|1,2,fakedeg,1,1,0,,
13,8|2|2|1,3,princN4,0,0,,274.0,0.0
13,8|2|2|1,3,princN5,0,0,,34.25,-59.32274
13,8|2|2|1,3,princN8,0,0,,6.85,-11.864548
13,8|2|2|1,3,princN13,0,0,,3.425,-0.0
13,8|2|2|1,3,fakedeg,0,0,,68.5,0.0
13,8|2|2|1,4,princN4,0,1,,,
13,8|2|2|1,4,princN5,0,1,,,
13,8|2|2|1,4,princN8,0,1,,,
13,8|2|2|1,4,princN13,0,1,,,
13,8|2|2|1,4,fakedeg,0,1,,,
13,8|2|1|1|1,2,princN5,0,0,0,1.0,-0.0
13,8|2|1|1|1,2,princN6,0,1,,,
13,8|2|1|1|1,2,princN8,0,1,,,
13,8|2|1|1|1,2,princN13,0,0,,0.004762,0.0
13,8|2|1|1|1,2,fakedeg,0,0,0,1.0,-0.0
13,8|2|1|1|1,3,princN5,0,0,,-28.0,48.497423
13,8|2|1|1|1,3,princN6,0,1,,,
13,8|2|1|1|1,3,princN8,0,0,,-5.6,9.699485
13,8|2|1|1|1,3,princN13,0,0,,-3.733333,0.0
13,8|2|1|1|1,3,fakedeg,0,0,,-56.0,-0.0
13,8|2|1|1|1,4,princN5,0,0,,-751.0,376.0
13,8|2|1|1|1,4,princN6,0,0,,-187.5,563.5
13,8|2|1|1|1,4,princN8,0,1,,,
13,8|2|1|1|1,4,princN13,0,0,,-75.1,37.6
13,8|2|1|1|1,4,fakedeg,0,0,,-751.0,376.0
13,8|1|1|1|1|1,2,princN6,1,1,0,,
13,8|1|1|1|1|1,2,princN7,1,1,0,,
13,8|1|1|1|1|1,2,princN8,1,1,0,,
13,8|1|1|1|1|1,2,princN13,1,1,0,,
13,8|1|1|1|1|1,2,fakedeg,1,1,0,,
13,8|1|1|1|1|1,3,princN6,0,1,,,
13,8|1|1|1|1|1,3,princN7,0,1,,,
13,8|1|1|1|1|1,3,princN8,0,1,,,
13,8|1|1|1|1|1,3,princN13,0,1,,,
13,8|1|1|1|1|1,3,fakedeg,0,1,,,
13,8|1|1|1|1|1,4,princN6,0,1,,,
13,8|1|1|1|1|1,4,princN7,0,1,,,
13,8|1|1|1|1|1,4,princN8,0,1,,,
13,8|1|1|1|1|1,4,princN13,0,1,,,
13,8|1|1|1|1|1,4,fakedeg,0,1,,,
13,7|6,2,princN2,0,1,,,
13,7|6,2,princN3,0,0,,5.0,0.0
13,7|6,2,princN7,0,0,,0.1,0.0
13,7|6,2,princN13,0,0,,0.004252,-0.0
13,7|6,2,fakedeg,0,0,0,1.0,0.0
13,7|6,3,princN2,0,0,,30.0,-51.961524
13,7|6,3,princN3,0,1,,,
13,7|6,3,princN7,0,0,,3.333333,-0.0
13,7|6,3,princN13,0,0,,0.4,-0.0
13,7|6,3,fakedeg,0,0,,10.0,0.0
13,7|6,4,princN2,0,0,,53.5,-1.5
13,7|6,4,princN3,0,0,,52.0,-55.0
13,7|6,4,princN7,0,0,,8.666667,-9.166667
13,7|6,4,princN13,0,0,,2.291667,2.166667
13,7|6,4,fakedeg,0,0,,18.333333,17.333333
13,7|5|1,2,princN3,0,0,,5.0,-0.0
13,7|5|1,2,princN4,0,1,,,
13,7|5|1,2,princN7,0,0,,0.1,0.0
13,7|5|1,2,princN13,0,0,,0.004252,0.0
13,7|5|1,2,fakedeg,0,0,0,1.0,-0.0
13,7|5|1,3,princN3,0,1,,,
13,7|5|1,3,princN4,0,0,,-286.0,-0.0
13,7|5|1,3,princN7,0,0,,-47.666667,-0.0
13,7|5|1,3,princN13,0,0,,-5.72,-0.0
13,7|5|1,3,fakedeg,0,0,,-143.0,-0.0
13,7|5|1,4,princN3,0,1,,,
13,7|5|1,4,princN4,0,1,,,
13,7|5|1,4,princN7,0,1,,,
13,7|5|1,4,princN13,0,1,,,
13,7|5|1,4,fakedeg,0,1,,,
13,7|4|2,2,princN3,0,0,,15.0,-0.0
13,7|4|2,2,princN4,0,1,,,
13,7|4|2,2,princN7,0,0,,0.166667,-0.0
13,7|4|2,2,princN13,0,0,,0.005669,-0.0
13,7|4|2,2,fakedeg,0,0,0,1.0,0.0
13,7|4|2,3,princN3,0,1,,,
13,7|4|2,3,princN4,0,1,,,
13,7|4|2,3,princN7,0,1,,,
13,7|4|2,3,princN13,0,1,,,
13,7|4|2,3,fakedeg,0,1,,,
13,7|4|2,4,princN3,0,1,,,
13,7|4|2,4,princN4,0,1,,,
13,7|4|2,4,princN7,0,1,,,
13,7|4|2,4,princN13,0,1,,,
13,7|4|2,4,fakedeg,0,1,,,
13,7|4|1|1,2,princN4,0,1,,,
13,7|4|1|1,2,princN5,0,0,,2.0,0.0
13,7|4|1|1,2,princN7,0,0,,0.25,0.0
13,7|4|1|1,2,princN13,0,0,,0.006803,0.0
13,7|4|1|1,2,fakedeg,0,0,0,1.0,0.0
13,7|4|1|1,3,princN4,0,0,,164.0,0.0
13,7|4|1|1,3,princN5,0,0,,82.0,-142.028166
13,7|4|1|1,3,princN7,0,0,,27.333333,0.0
13,7|4|1|1,3,princN13,0,0,,3.28,-0.0
13,7|4|1|1,3,fakedeg,0,0,,82.0,0.0
13,7|4|1|1,4,princN4,0,1,,,
13,7|4|1|1,4,princN5,0,1,,,
13,7|4|1|1,4,princN7,0,1,,,
13,7|4|1|1,4,princN13,0,1,,,
13,7|4|1|1,4,fakedeg,0,1,,,
13,7|3|3,2,princN3,0,0,,15.0,-0.0
13,7|3|3,2,princN4,0,1,,,
13,7|3|3,2,princN7,0,0,,0.166667,0.0
13,7|3|3,2,princN13,0,0,,0.005669,0.0
13,7|3|3,2,fakedeg,0,0,0,1.0,0.0
13,7|3|3,3,princN3,0,1,,,
13,7|3|3,3,princN4,0,0,,145.0,0.0
13,7|3|3,3,princN7,0,0,,18.125,-0.0
13,7|3|3,3,princN13,0,0,,1.8125,-0.0
13,7|3|3,3,fakedeg,0,0,,36.25,0.0
13,7|3|3,4,princN3,0,0,,190.0,495.0
13,7|3|3,4,princN4,0,1,,,
13,7|3|3,4,princN7,0,0,,31.666667,82.5
13,7|3|3,4,princN13,0,0,,-27.5,10.555556
13,7|3|3,4,fakedeg,0,0,,-165.0,63.333333
13,7|3|2|1,2,princN4,1,1,0,,
13,7|3|2|1,2,princN5,1,1,0,,
13,7|3|2|1,2,princN7,1,1,0,,
13,7|3|2|1,2,princN13,1,1,0,,
13,7|3|2|1,2,fakedeg,1,1,0,,
13,7|3|2|1,3,princN4,0,0,,-272.0,0.0
13,7|3|2|1,3,princN5,0,0,,-68.0,117.779455
13,7|3|2|1,3,princN7,0,0,,-34.0,-0.0
13,7|3|2|1,3,princN13,0,0,,-3.4,-0.0
13,7|3|2|1,3,fakedeg,0,0,,-68.0,0.0
13,7|3|2|1,4,princN4,0,1,,,
13,7|3|2|1,4,princN5,0,1,,,
13,7|3|2|1,4,princN7,0,1,,,
13,7|3|2|1,4,princN13,0,1,,,
13,7|3|2|1,4,fakedeg,0,1,,,
13,7|3|1|1|1,2,princN5,0,0,,2.0,-0.0
13,7|3|1|1|1,2,princN6,0,1,,,
13,7|3|1|1|1,2,princN7,0,0,,0.25,-0.0
13,7|3|1|1|1,2,princN13,0,0,,0.006803,-0.0
13,7|3|1|1|1,2,fakedeg,0,0,0,1.0,-0.0
13,7|3|1|1|1,3,princN5,0,0,,70.0,-121.243557
13,7|3|1|1|1,3,princN6,0,1,,,
13,7|3|1|1|1,3,princN7,0,0,,70.0,0.0
13,7|3|1|1|1,3,princN13,0,0,,4.666667,-0.0
13,7|3|1|1|1,3,fakedeg,0,0,,70.0,0.0
13,7|3|1|1|1,4,princN5,0,1,,,
13,7|3|1|1|1,4,princN6,0,1,,,
13,7|3|1|1|1,4,princN7,0,1,,,
13,7|3|1|1|1,4,princN13,0,1,,,
13,7|3|1|1|1,4,fakedeg,0,1,,,
13,7|2|2|2,2,princN4,0,1,,,
13,7|2|2|2,2,princN5,0,0,,3.0,0.0
13,7|2|2|2,2,princN7,0,0,,0.333333,0.0
13,7|2|2|2,2,princN13,0,0,,0.007937,-0.0
13,7|2|2|2,2,fakedeg,0,0,0,1.0,0.0
13,7|2|2|2,3,princN4,0,0,,130.0,0.0
13,7|2|2|2,3,princN5,0,0,,65.0,-112.583302
13,7|2|2|2,3,princN7,0,0,,16.25,0.0
13,7|2|2|2,3,princN13,0,0,,1.625,-0.0
13,7|2|2|2,3,fakedeg,0,0,,32.5,0.0
13,7|2|2|2,4,princN4,0,1,,,
13,7|2|2|2,4,princN5,0,1,,,
13,7|2|2|2,4,princN7,0,1,,,
13,7|2|2|2,4,princN13,0,1,,,
13,7|2|2|2,4,fakedeg,0,1,,,
13,7|2|2|1|1,2,princN5,0,0,,3.0,-0.0
13,7|2|2|1|1,2,princN6,0,1,,,
13,7|2|2|1|1,2,princN7,0,0,,0.333333,0.0
13,7|2|2|1|1,2,princN13,0,0,,0.007937,0.0
13,7|2|2|1|1,2,fakedeg,0,0,0,1.0,0.0
13,7|2|2|1|1,3,princN5,0,1,,,
13,7|2|2|1|1,3,princN6,0,1,,,
13,7|2|2|1|1,3,princN7,0,1,,,
13,7|2|2|1|1,3,princN13,0,1,,,
13,7|2|2|1|1,3,fakedeg,0,1,,,
13,7|2|2|1|1,4,princN5,0,0,,855.0,-1332.0
13,7|2|2|1|1,4,princN6,0,0,,-79.5,-364.5
13,7|2|2|1|1,4,princN7,0,0,,-444.0,-285.0
13,7|2|2|1|1,4,princN13,0,0,,47.5,-74.0
13,7|2|2|1|1,4,fakedeg,0,0,,285.0,-444.0
13,7|2|1|1|1|1,2,princN6,0,1,,,
13,7|2|1|1|1|1,2,princN7,0,0,0,1.0,-0.0
13,7|2|1|1|1|1,2,princN13,0,0,,0.011905,-0.0
13,7|2|1|1|1|1,2,fakedeg,0,0,0,1.0,0.0
13,7|2|1|1|1|1,3,princN6,0,1,,,
13,7|2|1|1|1|1,3,princN7,0,0,,-65.0,-0.0
13,7|2|1|1|1|1,3,princN13,0,0,,-4.333333,-0.0
13,7|2|1|1|1|1,3,fakedeg,0,0,,-65.0,0.0
13,7|2|1|1|1|1,4,princN6,0,0,,162.5,367.5
13,7|2|1|1|1|1,4,princN7,0,0,,530.0,205.0
13,7|2|1|1|1|1,4,princN13,0,0,,-51.25,132.5
13,7|2|1|1|1|1,4,fakedeg,0,0,,-205.0,530.0
13,7|1|1|1|1|1|1,2,princN7,0,0,0,1.0,0.0
13,7|1|1|1|1|1|1,2,princN8,0,1,,,
13,7|1|1|1|1|1|1,2,princN13,0,0,,0.011905,0.0
13,7|1|1|1|1|1|1,2,fakedeg,0,0,0,1.0,0.0
13,7|1|1|1|1|1|1,3,princN7,0,0,,7.0,-0.0
13,7|1|1|1|1|1|1,3,princN8,0,0,,3.5,-6.062178
13,7|1|1|1|1|1|1,3,princN13,0,0,,0.466667,0.0
13,7|1|1|1|1|1|1,3,fakedeg,0,0,,7.0,-0.0
13,7|1|1|1|1|1|1,4,princN7,0,1,,,
13,7|1|1|1|1|1|1,4,princN8,0,1,,,
13,7|1|1|1|1|1|1,4,princN13,0,1,,,
13,7|1|1|1|1|1|1,4,fakedeg,0,1,,,
13,6|6|1,2,princN3,0,0,,5.0,-0.0
13,6|6|1,2,princN4,0,1,,,
13,6|6|1,2,princN6,0,1,,,
13,6|6|1,2,princN13,0,0,,0.004252,-0.0
13,6|6|1,2,fakedeg,0,0,0,1.0,-0.0
13,6|6|1,3,princN3,0,1,,,
13,6|6|1,3,princN4,0,1,,,
13,6|6|1,3,princN6,0,1,,,
13,6|6|1,3,princN13,0,1,,,
13,6|6|1,3,fakedeg,0,1,,,
13,6|6|1,4,princN3,0,0,,-36.0,201.0
13,6|6|1,4,princN4,0,1,,,
13,6|6|1,4,princN6,0,0,,-59.25,41.25
13,6|6|1,4,princN13,0,0,,-8.375,-1.5
13,6|6|1,4,fakedeg,0,0,,-67.0,-12.0
13,6|5|2,2,princN3,1,1,0,,
13,6|5|2,2,princN4,1,1,0,,
13,6|5|2,2,princN6,1,1,0,,
13,6|5|2,2,princN13,1,1,0,,
13,6|5|2,2,fakedeg,1,1,0,,
13,6|5|2,3,princN3,0,1,,,
13,6|5|2,3,princN4,0,1,,,
13,6|5|2,3,princN6,0,1,,,
13,6|5|2,3,princN13,0,1,,,
13,6|5|2,3,fakedeg,0,1,,,
13,6|5|2,4,princN3,0,1,,,
13,6|5|2,4,princN4,0,1,,,
13,6|5|2,4,princN6,0,1,,,
13,6|5|2,4,princN13,0,1,,,
13,6|5|2,4,fakedeg,0,1,,,
13,6|5|1|1,2,princN4,1,1,0,,
13,6|5|1|1,2,princN5,1,1,0,,
13,6|5|1|1,2,princN6,1,1,0,,
13,6|5|1|1,2,princN13,1,1,0,,
13,6|5|1|1,2,fakedeg,1,1,0,,
13,6|5|1|1,3,princN4,0,0,,-205.0,0.0
13,6|5|1|1,3,princN5,0,0,,-102.5,177.535208
13,6|5|1|1,3,princN6,0,1,,,
13,6|5|1|1,3,princN13,0,0,,-4.1,-0.0
13,6|5|1|1,3,fakedeg,0,0,,-102.5,0.0
13,6|5|1|1,4,princN4,0,1,,,
13,6|5|1|1,4,princN5,0,1,,,
13,6|5|1|1,4,princN6,0,1,,,
13,6|5|1|1,4,princN13,0,1,,,
13,6|5|1|1,4,fakedeg,0,1,,,
13,6|4|3,2,princN3,0,0,,15.0,-0.0
13,6|4|3,2,princN4,0,1,,,
13,6|4|3,2,princN6,0,1,,,
13,6|4|3,2,princN13,0,0,,0.005669,-0.0
13,6|4|3,2,fakedeg,0,0,0,1.0,-0.0
13,6|4|3,3,princN3,0,1,,,
13,6|4|3,3,princN4,0,1,,,
13,6|4|3,3,princN6,0,1,,,
13,6|4|3,3,princN13,0,1,,,
13,6|4|3,3,fakedeg,0,1,,,
13,6|4|3,4,princN3,0,0,,-390.0,-705.0
13,6|4|3,4,princN4,0,1,,,
13,6|4|3,4,princN6,0,0,,78.75,-273.75
13,6|4|3,4,princN13,0,0,,39.166667,-21.666667
13,6|4|3,4,fakedeg,0,0,,235.0,-130.0
13,6|4|2|1,2,princN4,1,1,0,,
13,6|4|2|1,2,princN5,1,1,0,,
13,6|4|2|1,2,princN6,1,1,0,,
13,6|4|2|1,2,princN13,1,1,0,,
13,6|4|2|1,2,fakedeg,1,1,0,,
13,6|4|2|1,3,princN4,0,1,,,
13,6|4|2|1,3,princN5,0,1,,,
13,6|4|2|1,3,princN6,0,1,,,
13,6|4|2|1,3,princN13,0,1,,,
13,6|4|2|1,3,fakedeg,0,1,,,
13,6|4|2|1,4,princN4,0,1,,,
13,6|4|2|1,4,princN5,0,1,,,
13,6|4|2|1,4,princN6,0,1,,,
13,6|4|2|1,4,princN13,0,1,,,
13,6|4|2|1,4,fakedeg,0,1,,,
13,6|4|1|1|1,2,princN5,0,0,,2.0,-0.0
13,6|4|1|1|1,2,princN6,0,1,,,
13,6|4|1|1|1,2,princN13,0,0,,0.006803,0.0
13,6|4|1|1|1,2,fakedeg,0,0,0,1.0,-0.0
13,6|4|1|1|1,3,princN5,0,1,,,
13,6|4|1|1|1,3,princN6,0,1,,,
13,6|4|1|1|1,3,princN13,0,1,,,
13,6|4|1|1|1,3,fakedeg,0,1,,,
13,6|4|1|1|1,4,princN5,0,1,,,
13,6|4|1|1|1,4,princN6,0,1,,,
13,6|4|1|1|1,4,princN13,0,1,,,
13,6|4|1|1|1,4,fakedeg,0,1,,,
13,6|3|3|1,2,princN4,1,1,0,,
13,6|3|3|1,2,princN5,1,1,0,,
13,6|3|3|1,2,princN6,1,1,0,,
13,6|3|3|1,2,princN13,1,1,0,,
13,6|3|3|1,2,fakedeg,1,1,0,,
13,6|3|3|1,3,princN4,0,0,,730.0,-0.0
13,6|3|3|1,3,princN5,0,0,,182.5,-316.099272
13,6|3|3|1,3,princN6,0,1,,,
13,6|3|3|1,3,princN13,0,0,,9.125,0.0
13,6|3|3|1,3,fakedeg,0,0,,182.5,-0.0
13,6|3|3|1,4,princN4,0,1,,,
13,6|3|3|1,4,princN5,0,1,,,
13,6|3|3|1,4,princN6,0,1,,,
13,6|3|3|1,4,princN13,0,1,,,
13,6|3|3|1,4,fakedeg,0,1,,,
13,6|3|2|2,2,princN4,1,1,0,,
13,6|3|2|2,2,princN5,1,1,0,,
13,6|3|2|2,2,princN6,1,1,0,,
13,6|3|2|2,2,princN13,1,1,0,,
13,6|3|2|2,2,fakedeg,1,1,0,,
13,6|3|2|2,3,princN4,0,1,,,
13,6|3|2|2,3,princN5,0,1,,,
13,6|3|2|2,3,princN6,0,1,,,
13,6|3|2|2,3,princN13,0,1,,,
13,6|3|2|2,3,fakedeg,0,1,,,
13,6|3|2|2,4,princN4,0,1,,,
13,6|3|2|2,4,princN5,0,1,,,
13,6|3|2|2,4,princN6,0,1,,,
13,6|3|2|2,4,princN13,0,1,,,
13,6|3|2|2,4,fakedeg,0,1,,,
13,6|3|2|1|1,2,princN5,1,1,0,,
13,6|3|2|1|1,2,princN6,1,1,0,,
13,6|3|2|1|1,2,princN13,1,1,0,,
13,6|3|2|1|1,2,fakedeg,1,1,0,,
13,6|3|2|1|1,3,princN5,0,1,,,
13,6|3|2|1|1,3,princN6,0,1,,,
13,6|3|2|1|1,3,princN13,0,1,,,
13,6|3|2|1|1,3,fakedeg,0,1,,,
13,6|3|2|1|1,4,princN5,0,1,,,
13,6|3|2|1|1,4,princN6,0,1,,,
13,6|3|2|1|1,4,princN13,0,1,,,
13,6|3|2|1|1,4,fakedeg,0,1,,,
13,6|3|1|1|1|1,2,princN6,1,1,0,,
13,6|3|1|1|1|1,2,princN7,1,1,0,,
13,6|3|1|1|1|1,2,princN13,1,1,0,,
13,6|3|1|1|1|1,2,fakedeg,1,1,0,,
13,6|3|1|1|1|1,3,princN6,0,1,,,
13,6|3|1|1|1|1,3,princN7,0,1,,,
13,6|3|1|1|1|1,3,princN13,0,1,,,
13,6|3|1|1|1|1,3,fakedeg,0,1,,,
13,6|3|1|1|1|1,4,princN6,0,1,,,
13,6|3|1|1|1|1,4,princN7,0,1,,,
13,6|3|1|1|1|1,4,princN13,0,1,,,
13,6|3|1|1|1|1,4,fakedeg,0,1,,,
13,6|2|2|2|1,2,princN5,0,0,,3.0,-0.0
13,6|2|2|2|1,2,princN6,0,1,,,
13,6|2|2|2|1,2,princN13,0,0,,0.007937,-0.0
13,6|2|2|2|1,2,fakedeg,0,0,0,1.0,-0.0
13,6|2|2|2|1,3,princN5,0,1,,,
13,6|2|2|2|1,3,princN6,0,1,,,
13,6|2|2|2|1,3,princN13,0,1,,,
13,6|2|2|2|1,3,fakedeg,0,1,,,
13,6|2|2|2|1,4,princN5,0,0,,-9.0,1620.0
13,6|2|2|2|1,4,princN6,0,0,,805.5,814.5
13,6|2|2|2|1,4,princN13,0,0,,-0.5,90.0
13,6|2|2|2|1,4,fakedeg,0,0,,-3.0,540.0
13,6|2|2|1|1|1,2,princN6,1,1,0,,
13,6|2|2|1|1|1,2,princN7,1,1,0,,
13,6|2|2|1|1|1,2,princN13,1,1,0,,
13,6|2|2|1|1|1,2,fakedeg,1,1,0,,
13,6|2|2|1|1|1,3,princN6,0,1,,,
13,6|2|2|1|1|1,3,princN7,0,1,,,
13,6|2|2|1|1|1,3,princN13,0,1,,,
13,6|2|2|1|1|1,3,fakedeg,0,1,,,
13,6|2|2|1|1|1,4,princN6,0,1,,,
13,6|2|2|1|1|1,4,princN7,0,1,,,
13,6|2|2|1|1|1,4,princN13,0,1,,,
13,6|2|2|1|1|1,4,fakedeg,0,1,,,
13,6|2|1|1|1|1|1,2,princN6,0,1,,,
13,6|2|1|1|1|1|1,2,princN7,0,0,0,1.0,-0.0
13,6|2|1|1|1|1|1,2,princN8,0,1,,,
13,6|2|1|1|1|1|1,2,princN13,0,0,,0.011905,-0.0
13,6|2|1|1|1|1|1,2,fakedeg,0,0,0,1.0,-0.0
13,6|2|1|1|1|1|1,3,princN6,0,1,,,
13,6|2|1|1|1|1|1,3,princN7,0,0,,-65.0,-0.0
13,6|2|1|1|1|1|1,3,princN8,0,0,,-32.5,56.291651
13,6|2|1|1|1|1|1,3,princN13,0,0,,-4.333333,-0.0
13,6|2|1|1|1|1|1,3,fakedeg,0,0,,-65.0,-0.0
13,6|2|1|1|1|1|1,4,princN6,0,1,,,
13,6|2|1|1|1|1|1,4,princN7,0,0,,-530.0,205.0
13,6|2|1|1|1|1|1,4,princN8,0,1,,,
13,6|2|1|1|1|1|1,4,princN13,0,0,,-51.25,-132.5
13,6|2|1|1|1|1|1,4,fakedeg,0,0,,-205.0,-530.0
13,6|1|1|1|1|1|1|1,2,princN6,1,1,0,,
13,6|1|1|1|1|1|1|1,2,princN8,1,1,0,,
13,6|1|1|1|1|1|1|1,2,princN9,1,1,0,,
13,6|1|1|1|1|1|1|1,2,princN13,1,1,0,,
13,6|1|1|1|1|1|1|1,2,fakedeg,1,1,0,,
13,6|1|1|1|1|1|1|1,3,princN6,0,1,,,
13,6|1|1|1|1|1|1|1,3,princN8,0,1,,,
13,6|1|1|1|1|1|1|1,3,princN9,0,1,,,
13,6|1|1|1|1|1|1|1,3,princN13,0,1,,,
13,6|1|1|1|1|1|1|1,3,fakedeg,0,1,,,
13,6|1|1|1|1|1|1|1,4,princN6,0,1,,,
13,6|1|1|1|1|1|1|1,4,princN8,0,1,,,
13,6|1|1|1|1|1|1|1,4,princN9,0,1,,,
13,6|1|1|1|1|1|1|1,4,princN13,0,1,,,
13,6|1|1|1|1|1|1|1,4,fakedeg,0,1,,,
13,5|5|3,2,princN3,0,0,,20.0,-0.0
13,5|5|3,2,princN4,0,1,,,
13,5|5|3,2,princN5,0,0,,1.25,-0.0
13,5|5|3,2,princN13,0,0,,0.006378,0.0
13,5|5|3,2,fakedeg,0,0,0,1.0,-0.0
13,5|5|3,3,princN3,0,1,,,
13,5|5|3,3,princN4,0,0,,-264.0,0.0
13,5|5|3,3,princN5,0,0,,-44.0,76.210236
13,5|5|3,3,princN13,0,0,,-2.64,-0.0
13,5|5|3,3,fakedeg,0,0,,-44.0,-0.0
13,5|5|3,4,princN3,0,1,,,
13,5|5|3,4,princN4,0,1,,,
13,5|5|3,4,princN5,0,1,,,
13,5|5|3,4,princN13,0,1,,,
13,5|5|3,4,fakedeg,0,1,,,
13,5|5|2|1,2,princN4,1,1,0,,
13,5|5|2|1,2,princN5,1,1,0,,
13,5|5|2|1,2,princN13,1,1,0,,
13,5|5|2|1,2,fakedeg,1,1,0,,
13,5|5|2|1,3,princN4,0,0,,294.0,-0.0
13,5|5|2|1,3,princN5,0,0,,49.0,-84.87049
13,5|5|2|1,3,princN13,0,0,,2.94,-0.0
13,5|5|2|1,3,fakedeg,0,0,,49.0,-0.0
13,5|5|2|1,4,princN4,0,1,,,
13,5|5|2|1,4,princN5,0,1,,,
13,5|5|2|1,4,princN13,0,1,,,
13,5|5|2|1,4,fakedeg,0,1,,,
13,5|5|1|1|1,2,princN5,0,0,,2.5,-0.0
13,5|5|1|1|1,2,princN6,0,1,,,
13,5|5|1|1|1,2,princN13,0,0,,0.007653,-0.0
13,5|5|1|1|1,2,fakedeg,0,0,0,1.0,-0.0
13,5|5|1|1|1,3,princN5,0,0,,-37.25,64.518893
13,5|5|1|1|1,3,princN6,0,1,,,
13,5|5|1|1|1,3,princN13,0,0,,-2.98,-0.0
13,5|5|1|1|1,3,fakedeg,0,0,,-37.25,0.0
13,5|5|1|1|1,4,princN5,0,0,,217.5,-340.0
13,5|5|1|1|1,4,princN6,0,0,,-61.25,-278.75
13,5|5|1|1|1,4,princN13,0,0,,18.125,-28.333333
13,5|5|1|1|1,4,fakedeg,0,0,,145.0,-226.666667
13,5|4|4,2,princN3,0,0,,30.0,-0.0
13,5|4|4,2,princN4,0,1,,,
13,5|4|4,2,princN5,0,0,,1.666667,0.0
13,5|4|4,2,princN13,0,0,,0.007289,-0.0
13,5|4|4,2,fakedeg,0,0,0,1.0,0.0
13,5|4|4,3,princN3,0,1,,,
13,5|4|4,3,princN4,0,1,,,
13,5|4|4,3,princN5,0,1,,,
13,5|4|4,3,princN13,0,1,,,
13,5|4|4,3,fakedeg,0,1,,,
13,5|4|4,4,princN3,0,0,,168.0,210.0
13,5|4|4,4,princN4,0,1,,,
13,5|4|4,4,princN5,0,0,,-105.0,84.0
13,5|4|4,4,princN13,0,0,,-5.833333,4.666667
13,5|4|4,4,fakedeg,0,0,,-35.0,28.0
13,5|4|3|1,2,princN4,0,1,,,
13,5|4|3|1,2,princN5,0,0,,5.0,-0.0
13,5|4|3|1,2,princN13,0,0,,0.010204,0.0
13,5|4|3|1,2,fakedeg,0,0,0,1.0,0.0
13,5|4|3|1,3,princN4,0,0,,-984.0,0.0
13,5|4|3|1,3,princN5,0,0,,-164.0,284.056332
13,5|4|3|1,3,princN13,0,0,,-9.84,-0.0
13,5|4|3|1,3,fakedeg,0,0,,-164.0,-0.0
13,5|4|3|1,4,princN4,0,1,,,
13,5|4|3|1,4,princN5,0,0,,845.0,-1570.0
13,5|4|3|1,4,princN13,0,0,,46.944444,-87.222222
13,5|4|3|1,4,fakedeg,0,0,,281.666667,-523.333333
13,5|4|2|2,2,princN4,0,1,,,
13,5|4|2|2,2,princN5,0,0,,5.0,0.0
13,5|4|2|2,2,princN13,0,0,,0.010204,-0.0
13,5|4|2|2,2,fakedeg,0,0,0,1.0,0.0
13,5|4|2|2,3,princN4,0,1,,,
13,5|4|2|2,3,princN5,0,1,,,
13,5|4|2|2,3,princN13,0,1,,,
13,5|4|2|2,3,fakedeg,0,1,,,
13,5|4|2|2,4,princN4,0,1,,,
13,5|4|2|2,4,princN5,0,1,,,
13,5|4|2|2,4,princN13,0,1,,,
13,5|4|2|2,4,fakedeg,0,1,,,
13,5|4|2|1|1,2,princN5,0,0,,5.0,-0.0
13,5|4|2|1|1,2,princN6,0,1,,,
13,5|4|2|1|1,2,princN13,0,0,,0.010204,0.0
13,5|4|2|1|1,2,fakedeg,0,0,0,1.0,0.0
13,5|4|2|1|1,3,princN5,0,1,,,
13,5|4|2|1|1,3,princN6,0,1,,,
13,5|4|2|1|1,3,princN13,0,1,,,
13,5|4|2|1|1,3,fakedeg,0,1,,,
13,5|4|2|1|1,4,princN5,0,0,,-315.0,1530.0
13,5|4|2|1|1,4,princN6,0,0,,303.75,461.25
13,5|4|2|1|1,4,princN13,0,0,,-17.5,85.0
13,5|4|2|1|1,4,fakedeg,0,0,,-105.0,510.0
13,5|4|1|1|1|1,2,princN5,0,1,,,
13,5|4|1|1|1|1,2,princN6,0,1,,,
13,5|4|1|1|1|1,2,princN7,0,0,,1.5,-0.0
13,5|4|1|1|1|1,2,princN13,0,0,,0.015306,-0.0
13,5|4|1|1|1|1,2,fakedeg,0,0,0,1.0,0.0
13,5|4|1|1|1|1,3,princN5,0,1,,,
13,5|4|1|1|1|1,3,princN6,0,1,,,
13,5|4|1|1|1|1,3,princN7,0,1,,,
13,5|4|1|1|1|1,3,princN13,0,1,,,
13,5|4|1|1|1|1,3,fakedeg,0,1,,,
13,5|4|1|1|1|1,4,princN5,0,1,,,
13,5|4|1|1|1|1,4,princN6,0,0,,-407.25,-402.75
13,5|4|1|1|1|1,4,princN7,0,0,,-810.0,4.5
13,5|4|1|1|1|1,4,princN13,0,0,,-0.75,-135.0
13,5|4|1|1|1|1,4,fakedeg,0,0,,-3.0,-540.0
13,5|3|3|2,2,princN4,0,1,,,
13,5|3|3|2,2,princN5,0,0,,5.0,-0.0
13,5|3|3|2,2,princN13,0,0,,0.010204,0.0
13,5|3|3|2,2,fakedeg,0,0,0,1.0,0.0
13,5|3|3|2,3,princN4,0,1,,,
13,5|3|3|2,3,princN5,0,1,,,
13,5|3|3|2,3,princN13,0,1,,,
13,5|3|3|2,3,fakedeg,0,1,,,
13,5|3|3|2,4,princN4,0,1,,,
13,5|3|3|2,4,princN5,0,0,,-99.0,1386.0
13,5|3|3|2,4,princN13,0,0,,-5.5,77.0
13,5|3|3|2,4,fakedeg,0,0,,-33.0,462.0
13,5|3|3|1|1,2,princN5,0,0,,5.0,-0.0
13,5|3|3|1|1,2,princN6,0,1,,,
13,5|3|3|1|1,2,princN13,0,0,,0.010204,-0.0
13,5|3|3|1|1,2,fakedeg,0,0,0,1.0,-0.0
13,5|3|3|1|1,3,princN5,0,0,,466.0,-807.135676
13,5|3|3|1|1,3,princN6,0,1,,,
13,5|3|3|1|1,3,princN13,0,0,,46.6,-0.0
13,5|3|3|1|1,3,fakedeg,0,0,,466.0,-0.0
13,5|3|3|1|1,4,princN5,0,1,,,
13,5|3|3|1|1,4,princN6,0,1,,,
13,5|3|3|1|1,4,princN13,0,1,,,
13,5|3|3|1|1,4,fakedeg,0,1,,,
13,5|3|2|2|1,2,princN5,0,0,,5.0,-0.0
13,5|3|2|2|1,2,princN6,0,1,,,
13,5|3|2|2|1,2,princN13,0,0,,0.010204,0.0
13,5|3|2|2|1,2,fakedeg,0,0,0,1.0,-0.0
13,5|3|2|2|1,3,princN5,0,1,,,
13,5|3|2|2|1,3,princN6,0,1,,,
13,5|3|2|2|1,3,princN13,0,1,,,
13,5|3|2|2|1,3,fakedeg,0,1,,,
13,5|3|2|2|1,4,princN5,0,0,,-315.0,-1530.0
13,5|3|2|2|1,4,princN6,0,0,,-922.5,-607.5
13,5|3|2|2|1,4,princN13,0,0,,-17.5,-85.0
13,5|3|2|2|1,4,fakedeg,0,0,,-105.0,-510.0
13,5|3|2|1|1|1,2,princN5,1,1,0,,
13,5|3|2|1|1|1,2,princN6,1,1,0,,
13,5|3|2|1|1|1,2,princN7,1,1,0,,
13,5|3|2|1|1|1,2,princN13,1,1,0,,
13,5|3|2|1|1|1,2,fakedeg,1,1,0,,
13,5|3|2|1|1|1,3,princN5,0,1,,,
13,5|3|2|1|1|1,3,princN6,0,1,,,
13,5|3|2|1|1|1,3,princN7,0,1,,,
13,5|3|2|1|1|1,3,princN13,0,1,,,
13,5|3|2|1|1|1,3,fakedeg,0,1,,,
13,5|3|2|1|1|1,4,princN5,0,1,,,
13,5|3|2|1|1|1,4,princN6,0,1,,,
13,5|3|2|1|1|1,4,princN7,0,1,,,
13,5|3|2|1|1|1,4,princN13,0,1,,,
13,5|3|2|1|1|1,4,fakedeg,0,1,,,
13,5|3|1|1|1|1|1,2,princN5,0,1,,,
13,5|3|1|1|1|1|1,2,princN7,0,0,,1.5,-0.0
13,5|3|1|1|1|1|1,2,princN8,0,1,,,
13,5|3|1|1|1|1|1,2,princN13,0,0,,0.015306,0.0
13,5|3|1|1|1|1|1,2,fakedeg,0,0,0,1.0,-0.0
13,5|3|1|1|1|1|1,3,princN5,0,1,,,
13,5|3|1|1|1|1|1,3,princN7,0,1,,,
13,5|3|1|1|1|1|1,3,princN8,0,1,,,
13,5|3|1|1|1|1|1,3,princN13,0,1,,,
13,5|3|1|1|1|1|1,3,fakedeg,0,1,,,
13,5|3|1|1|1|1|1,4,princN5,0,1,,,
13,5|3|1|1|1|1|1,4,princN7,0,0,,666.0,-427.5
13,5|3|1|1|1|1|1,4,princN8,0,1,,,
13,5|3|1|1|1|1|1,4,princN13,0,0,,71.25,111.0
13,5|3|1|1|1|1|1,4,fakedeg,0,0,,285.0,444.0
13,5|2|2|2|2,2,princN5,0,0,,15.0,0.0
13,5|2|2|2|2,2,princN6,0,1,,,
13,5|2|2|2|2,2,princN13,0,0,,0.014286,-0.0
13,5|2|2|2|2,2,fakedeg,0,0,0,1.0,0.0
13,5|2|2|2|2,3,princN5,0,0,,-74.5,129.037785
13,5|2|2|2|2,3,princN6,0,1,,,
13,5|2|2|2|2,3,princN13,0,0,,-3.725,-0.0
13,5|2|2|2|2,3,fakedeg,0,0,,-37.25,-0.0
13,5|2|2|2|2,4,princN5,0,0,,435.0,680.0
13,5|2|2|2|2,4,princN6,0,0,,557.5,122.5
13,5|2|2|2|2,4,princN13,0,0,,24.166667,37.777778
13,5|2|2|2|2,4,fakedeg,0,0,,145.0,226.666667
13,5|2|2|2|1|1,2,princN5,0,1,,,
13,5|2|2|2|1|1,2,princN6,0,1,,,
13,5|2|2|2|1|1,2,princN7,0,0,,2.0,0.0
13,5|2|2|2|1|1,2,princN13,0,0,,0.017857,0.0
13,5|2|2|2|1|1,2,fakedeg,0,0,0,1.0,0.0
13,5|2|2|2|1|1,3,princN5,0,1,,,
13,5|2|2|2|1|1,3,princN6,0,1,,,
13,5|2|2|2|1|1,3,princN7,0,1,,,
13,5|2|2|2|1|1,3,princN13,0,1,,,
13,5|2|2|2|1|1,3,fakedeg,0,1,,,
13,5|2|2|2|1|1,4,princN5,0,1,,,
13,5|2|2|2|1|1,4,princN6,0,1,,,
13,5|2|2|2|1|1,4,princN7,0,1,,,
13,5|2|2|2|1|1,4,princN13,0,1,,,
13,5|2|2|2|1|1,4,fakedeg,0,1,,,
13,5|2|2|1|1|1|1,2,princN5,0,1,,,
13,5|2|2|1|1|1|1,2,princN7,0,0,,2.0,-0.0
13,5|2|2|1|1|1|1,2,princN8,0,1,,,
13,5|2|2|1|1|1|1,2,princN13,0,0,,0.017857,-0.0
13,5|2|2|1|1|1|1,2,fakedeg,0,0,0,1.0,0.0
13,5|2|2|1|1|1|1,3,princN5,0,1,,,
13,5|2|2|1|1|1|1,3,princN7,0,0,,140.0,-0.0
13,5|2|2|1|1|1|1,3,princN8,0,0,,35.0,-60.621778
13,5|2|2|1|1|1|1,3,princN13,0,0,,7.0,0.0
13,5|2|2|1|1|1|1,3,fakedeg,0,0,,70.0,-0.0
13,5|2|2|1|1|1|1,4,princN5,0,1,,,
13,5|2|2|1|1|1|1,4,princN7,0,1,,,
13,5|2|2|1|1|1|1,4,princN8,0,1,,,
13,5|2|2|1|1|1|1,4,princN13,0,1,,,
13,5|2|2|1|1|1|1,4,fakedeg,0,1,,,
13,5|2|1|1|1|1|1|1,2,princN5,0,1,,,
13,5|2|1|1|1|1|1|1,2,princN8,0,1,,,
13,5|2|1|1|1|1|1|1,2,princN9,0,0,0,1.0,0.0
13,5|2|1|1|1|1|1|1,2,princN13,0,0,,0.035714,0.0
13,5|2|1|1|1|1|1|1,2,fakedeg,0,0,0,1.0,0.0
13,5|2|1|1|1|1|1|1,3,princN5,0,1,,,
13,5|2|1|1|1|1|1|1,3,princN8,0,0,,-28.0,48.497423
13,5|2|1|1|1|1|1|1,3,princN9,0,1,,,
13,5|2|1|1|1|1|1|1,3,princN13,0,0,,-11.2,-0.0
13,5|2|1|1|1|1|1|1,3,fakedeg,0,0,,-56.0,-0.0
13,5|2|1|1|1|1|1|1,4,princN5,0,1,,,
13,5|2|1|1|1|1|1|1,4,princN8,0,1,,,
13,5|2|1|1|1|1|1|1,4,princN9,0,0,,-751.0,-376.0
13,5|2|1|1|1|1|1|1,4,princN13,0,0,,-187.75,-94.0
13,5|2|1|1|1|1|1|1,4,fakedeg,0,0,,-751.0,-376.0
13,5|1|1|1|1|1|1|1|1,2,princN5,0,1,,,
13,5|1|1|1|1|1|1|1|1,2,princN9,0,0,0,1.0,0.0
13,5|1|1|1|1|1|1|1|1,2,princN10,0,1,,,
13,5|1|1|1|1|1|1|1|1,2,princN13,0,0,,0.035714,0.0
13,5|1|1|1|1|1|1|1|1,2,fakedeg,0,0,0,1.0,0.0
13,5|1|1|1|1|1|1|1|1,3,princN5,0,1,,,
13,5|1|1|1|1|1|1|1|1,3,princN9,0,1,,,
13,5|1|1|1|1|1|1|1|1,3,princN10,0,1,,,
13,5|1|1|1|1|1|1|1|1,3,princN13,0,1,,,
13,5|1|1|1|1|1|1|1|1,3,fakedeg,0,1,,,
13,5|1|1|1|1|1|1|1|1,4,princN5,0,1,,,
13,5|1|1|1|1|1|1|1|1,4,princN9,0,0,,65.0,0.0
13,5|1|1|1|1|1|1|1|1,4,princN10,0,0,,32.5,-32.5
13,5|1|1|1|1|1|1|1|1,4,princN13,0,0,,16.25,-0.0
13,5|1|1|1|1|1|1|1|1,4,fakedeg,0,0,,65.0,0.0
13,4|4|4|1,2,princN4,1,1,0,,
13,4|4|4|1,2,princN5,1,1,0,,
13,4|4|4|1,2,princN13,1,1,0,,
13,4|4|4|1,2,fakedeg,1,1,0,,
13,4|4|4|1,3,princN4,0,0,,114.0,-0.0
13,4|4|4|1,3,princN5,0,0,,28.5,-49.363448
13,4|4|4|1,3,princN13,0,0,,1.14,-0.0
13,4|4|4|1,3,fakedeg,0,0,,19.0,0.0
13,4|4|4|1,4,princN4,0,1,,,
13,4|4|4|1,4,princN5,0,1,,,
13,4|4|4|1,4,princN13,0,1,,,
13,4|4|4|1,4,fakedeg,0,1,,,
13,4|4|3|2,2,princN4,0,1,,,
13,4|4|3|2,2,princN5,0,0,,5.0,-0.0
13,4|4|3|2,2,princN13,0,0,,0.010204,-0.0
13,4|4|3|2,2,fakedeg,0,0,0,1.0,-0.0
13,4|4|3|2,3,princN4,0,0,,-570.0,0.0
13,4|4|3|2,3,princN5,0,0,,-285.0,493.63448
13,4|4|3|2,3,princN13,0,0,,-5.7,0.0
13,4|4|3|2,3,fakedeg,0,0,,-95.0,-0.0
13,4|4|3|2,4,princN4,0,1,,,
13,4|4|3|2,4,princN5,0,1,,,
13,4|4|3|2,4,princN13,0,1,,,
13,4|4|3|2,4,fakedeg,0,1,,,
13,4|4|3|1|1,2,princN4,0,1,,,
13,4|4|3|1|1,2,princN5,0,0,,5.0,-0.0
13,4|4|3|1|1,2,princN6,0,1,,,
13,4|4|3|1|1,2,princN13,0,0,,0.010204,0.0
13,4|4|3|1|1,2,fakedeg,0,0,0,1.0,-0.0
13,4|4|3|1|1,3,princN4,0,1,,,
13,4|4|3|1|1,3,princN5,0,1,,,
13,4|4|3|1|1,3,princN6,0,1,,,
13,4|4|3|1|1,3,princN13,0,1,,,
13,4|4|3|1|1,3,fakedeg,0,1,,,
13,4|4|3|1|1,4,princN4,0,1,,,
13,4|4|3|1|1,4,princN5,0,0,,-99.0,-1386.0
13,4|4|3|1|1,4,princN6,0,0,,-371.25,-321.75
13,4|4|3|1|1,4,princN13,0,0,,-5.5,-77.0
13,4|4|3|1|1,4,fakedeg,0,0,,-33.0,-462.0
13,4|4|2|2|1,2,princN4,0,1,,,
13,4|4|2|2|1,2,princN5,0,0,,5.0,-0.0
13,4|4|2|2|1,2,princN6,0,1,,,
13,4|4|2|2|1,2,princN13,0,0,,0.010204,-0.0
13,4|4|2|2|1,2,fakedeg,0,0,0,1.0,-0.0
13,4|4|2|2|1,3,princN4,0,1,,,
13,4|4|2|2|1,3,princN5,0,1,,,
13,4|4|2|2|1,3,princN6,0,1,,,
13,4|4|2|2|1,3,princN13,0,1,,,
13,4|4|2|2|1,3,fakedeg,0,1,,,
13,4|4|2|2|1,4,princN4,0,1,,,
13,4|4|2|2|1,4,princN5,0,1,,,
13,4|4|2|2|1,4,princN6,0,1,,,
13,4|4|2|2|1,4,princN13,0,1,,,
13,4|4|2|2|1,4,fakedeg,0,1,,,
13,4|4|2|1|1|1,2,princN4,1,1,0,,
13,4|4|2|1|1|1,2,princN6,1,1,0,,
13,4|4|2|1|1|1,2,princN7,1,1,0,,
13,4|4|2|1|1|1,2,princN13,1,1,0,,
13,4|4|2|1|1|1,2,fakedeg,1,1,0,,
13,4|4|2|1|1|1,3,princN4,0,1,,,
13,4|4|2|1|1|1,3,princN6,0,1,,,
13,4|4|2|1|1|1,3,princN7,0,1,,,
13,4|4|2|1|1|1,3,princN13,0,1,,,
13,4|4|2|1|1|1,3,fakedeg,0,1,,,
13,4|4|2|1|1|1,4,princN4,0,1,,,
13,4|4|2|1|1|1,4,princN6,0,1,,,
13,4|4|2|1|1|1,4,princN7,0,1,,,
13,4|4|2|1|1|1,4,princN13,0,1,,,
13,4|4|2|1|1|1,4,fakedeg,0,1,,,
13,4|4|1|1|1|1|1,2,princN4,0,1,,,
13,4|4|1|1|1|1|1,2,princN7,0,0,,1.5,-0.0
13,4|4|1|1|1|1|1,2,princN8,0,1,,,
13,4|4|1|1|1|1|1,2,princN13,0,0,,0.015306,-0.0
13,4|4|1|1|1|1|1,2,fakedeg,0,0,0,1.0,-0.0
13,4|4|1|1|1|1|1,3,princN4,0,1,,,
13,4|4|1|1|1|1|1,3,princN7,0,0,,43.333333,-0.0
13,4|4|1|1|1|1|1,3,princN8,0,0,,21.666667,-37.527767
13,4|4|1|1|1|1|1,3,princN13,0,0,,2.6,-0.0
13,4|4|1|1|1|1|1,3,fakedeg,0,0,,32.5,-0.0
13,4|4|1|1|1|1|1,4,princN4,0,1,,,
13,4|4|1|1|1|1|1,4,princN7,0,1,,,
13,4|4|1|1|1|1|1,4,princN8,0,1,,,
13,4|4|1|1|1|1|1,4,princN13,0,1,,,
13,4|4|1|1|1|1|1,4,fakedeg,0,1,,,
13,4|3|3|3,2,princN4,1,1,0,,
13,4|3|3|3,2,princN5,1,1,0,,
13,4|3|3|3,2,princN13,1,1,0,,
13,4|3|3|3,2,fakedeg,1,1,0,,
13,4|3|3|3,3,princN4,0,0,,228.0,-0.0
13,4|3|3|3,3,princN5,0,0,,57.0,-98.726896
13,4|3|3|3,3,princN13,0,0,,1.425,-0.0
13,4|3|3|3,3,fakedeg,0,0,,19.0,-0.0
13,4|3|3|3,4,princN4,0,1,,,
13,4|3|3|3,4,princN5,0,1,,,
13,4|3|3|3,4,princN13,0,1,,,
13,4|3|3|3,4,fakedeg,0,1,,,
13,4|3|3|2|1,2,princN4,0,1,,,
13,4|3|3|2|1,2,princN5,0,0,,5.0,-0.0
13,4|3|3|2|1,2,princN6,0,1,,,
13,4|3|3|2|1,2,princN13,0,0,,0.010204,0.0
13,4|3|3|2|1,2,fakedeg,0,0,0,1.0,-0.0
13,4|3|3|2|1,3,princN4,0,1,,,
13,4|3|3|2|1,3,princN5,0,0,,-492.0,852.168997
13,4|3|3|2|1,3,princN6,0,1,,,
13,4|3|3|2|1,3,princN13,0,0,,-16.4,-0.0
13,4|3|3|2|1,3,fakedeg,0,0,,-164.0,-0.0
13,4|3|3|2|1,4,princN4,0,1,,,
13,4|3|3|2|1,4,princN5,0,0,,845.0,1570.0
13,4|3|3|2|1,4,princN6,0,0,,1207.5,362.5
13,4|3|3|2|1,4,princN13,0,0,,46.944444,87.222222
13,4|3|3|2|1,4,fakedeg,0,0,,281.666667,523.333333
13,4|3|3|1|1|1,2,princN4,1,1,0,,
13,4|3|3|1|1|1,2,princN6,1,1,0,,
13,4|3|3|1|1|1,2,princN7,1,1,0,,
13,4|3|3|1|1|1,2,princN13,1,1,0,,
13,4|3|3|1|1|1,2,fakedeg,1,1,0,,
13,4|3|3|1|1|1,3,princN4,0,1,,,
13,4|3|3|1|1|1,3,princN6,0,1,,,
13,4|3|3|1|1|1,3,princN7,0,0,,365.0,-0.0
13,4|3|3|1|1|1,3,princN13,0,0,,18.25,0.0
13,4|3|3|1|1|1,3,fakedeg,0,0,,182.5,-0.0
13,4|3|3|1|1|1,4,princN4,0,1,,,
13,4|3|3|1|1|1,4,princN6,0,1,,,
13,4|3|3|1|1|1,4,princN7,0,1,,,
13,4|3|3|1|1|1,4,princN13,0,1,,,
13,4|3|3|1|1|1,4,fakedeg,0,1,,,
13,4|3|2|2|2,2,princN4,1,1,0,,
13,4|3|2|2|2,2,princN5,1,1,0,,
13,4|3|2|2|2,2,princN6,1,1,0,,
13,4|3|2|2|2,2,princN13,1,1,0,,
13,4|3|2|2|2,2,fakedeg,1,1,0,,
13,4|3|2|2|2,3,princN4,0,1,,,
13,4|3|2|2|2,3,princN5,0,0,,147.0,-254.611469
13,4|3|2|2|2,3,princN6,0,1,,,
13,4|3|2|2|2,3,princN13,0,0,,4.9,-0.0
13,4|3|2|2|2,3,fakedeg,0,0,,49.0,-0.0
13,4|3|2|2|2,4,princN4,0,1,,,
13,4|3|2|2|2,4,princN5,0,1,,,
13,4|3|2|2|2,4,princN6,0,1,,,
13,4|3|2|2|2,4,princN13,0,1,,,
13,4|3|2|2|2,4,fakedeg,0,1,,,
13,4|3|2|2|1|1,2,princN4,1,1,0,,
13,4|3|2|2|1|1,2,princN6,1,1,0,,
13,4|3|2|2|1|1,2,princN7,1,1,0,,
13,4|3|2|2|1|1,2,princN13,1,1,0,,
13,4|3|2|2|1|1,2,fakedeg,1,1,0,,
13,4|3|2|2|1|1,3,princN4,0,1,,,
13,4|3|2|2|1|1,3,princN6,0,1,,,
13,4|3|2|2|1|1,3,princN7,0,1,,,
13,4|3|2|2|1|1,3,princN13,0,1,,,
13,4|3|2|2|1|1,3,fakedeg,0,1,,,
13,4|3|2|2|1|1,4,princN4,0,1,,,
13,4|3|2|2|1|1,4,princN6,0,1,,,
13,4|3|2|2|1|1,4,princN7,0,1,,,
13,4|3|2|2|1|1,4,princN13,0,1,,,
13,4|3|2|2|1|1,4,fakedeg,0,1,,,
13,4|3|2|1|1|1|1,2,princN4,1,1,0,,
13,4|3|2|1|1|1|1,2,princN7,1,1,0,,
13,4|3|2|1|1|1|1,2,princN8,1,1,0,,
13,4|3|2|1|1|1|1,2,princN13,1,1,0,,
13,4|3|2|1|1|1|1,2,fakedeg,1,1,0,,
13,4|3|2|1|1|1|1,3,princN4,0,1,,,
13,4|3|2|1|1|1|1,3,princN7,0,0,,-136.0,-0.0
13,4|3|2|1|1|1|1,3,princN8,0,0,,-45.333333,78.519637
13,4|3|2|1|1|1|1,3,princN13,0,0,,-6.8,-0.0
13,4|3|2|1|1|1|1,3,fakedeg,0,0,,-68.0,0.0
13,4|3|2|1|1|1|1,4,princN4,0,1,,,
13,4|3|2|1|1|1|1,4,princN7,0,1,,,
13,4|3|2|1|1|1|1,4,princN8,0,1,,,
13,4|3|2|1|1|1|1,4,princN13,0,1,,,
13,4|3|2|1|1|1|1,4,fakedeg,0,1,,,
13,4|3|1|1|1|1|1|1,2,princN4,1,1,0,,
13,4|3|1|1|1|1|1|1,2,princN8,1,1,0,,
13,4|3|1|1|1|1|1|1,2,princN9,1,1,0,,
13,4|3|1|1|1|1|1|1,2,princN13,1,1,0,,
13,4|3|1|1|1|1|1|1,2,fakedeg,1,1,0,,
13,4|3|1|1|1|1|1|1,3,princN4,0,1,,,
13,4|3|1|1|1|1|1|1,3,princN8,0,0,,45.666667,-79.096987
13,4|3|1|1|1|1|1|1,3,princN9,0,1,,,
13,4|3|1|1|1|1|1|1,3,princN13,0,0,,13.7,-0.0
13,4|3|1|1|1|1|1|1,3,fakedeg,0,0,,68.5,-0.0
13,4|3|1|1|1|1|1|1,4,princN4,0,1,,,
13,4|3|1|1|1|1|1|1,4,princN8,0,1,,,
13,4|3|1|1|1|1|1|1,4,princN9,0,1,,,
13,4|3|1|1|1|1|1|1,4,princN13,0,1,,,
13,4|3|1|1|1|1|1|1,4,fakedeg,0,1,,,
13,4|2|2|2|2|1,2,princN4,1,1,0,,
13,4|2|2|2|2|1,2,princN6,1,1,0,,
13,4|2|2|2|2|1,2,princN7,1,1,0,,
13,4|2|2|2|2|1,2,princN13,1,1,0,,
13,4|2|2|2|2|1,2,fakedeg,1,1,0,,
13,4|2|2|2|2|1,3,princN4,0,1,,,
13,4|2|2|2|2|1,3,princN6,0,1,,,
13,4|2|2|2|2|1,3,princN7,0,0,,-205.0,-0.0
13,4|2|2|2|2|1,3,princN13,0,0,,-10.25,-0.0
13,4|2|2|2|2|1,3,fakedeg,0,0,,-102.5,-0.0
13,4|2|2|2|2|1,4,princN4,0,1,,,
13,4|2|2|2|2|1,4,princN6,0,1,,,
13,4|2|2|2|2|1,4,princN7,0,1,,,
13,4|2|2|2|2|1,4,princN13,0,1,,,
13,4|2|2|2|2|1,4,fakedeg,0,1,,,
13,4|2|2|2|1|1|1,2,princN4,0,1,,,
13,4|2|2|2|1|1|1,2,princN7,0,0,,2.0,-0.0
13,4|2|2|2|1|1|1,2,princN8,0,1,,,
13,4|2|2|2|1|1|1,2,princN13,0,0,,0.017857,0.0
13,4|2|2|2|1|1|1,2,fakedeg,0,0,0,1.0,-0.0
13,4|2|2|2|1|1|1,3,princN4,0,1,,,
13,4|2|2|2|1|1|1,3,princN7,0,0,,164.0,-0.0
13,4|2|2|2|1|1|1,3,princN8,0,0,,82.0,-142.028166
13,4|2|2|2|1|1|1,3,princN13,0,0,,8.2,-0.0
13,4|2|2|2|1|1|1,3,fakedeg,0,0,,82.0,-0.0
13,4|2|2|2|1|1|1,4,princN4,0,1,,,
13,4|2|2|2|1|1|1,4,princN7,0,1,,,
13,4|2|2|2|1|1|1,4,princN8,0,1,,,
13,4|2|2|2|1|1|1,4,princN13,0,1,,,
13,4|2|2|2|1|1|1,4,fakedeg,0,1,,,
13,4|2|2|1|1|1|1|1,2,princN4,1,1,0,,
13,4|2|2|1|1|1|1|1,2,princN8,1,1,0,,
13,4|2|2|1|1|1|1|1,2,princN9,1,1,0,,
13,4|2|2|1|1|1|1|1,2,princN13,1,1,0,,
13,4|2|2|1|1|1|1|1,2,fakedeg,1,1,0,,
13,4|2|2|1|1|1|1|1,3,princN4,0,1,,,
13,4|2|2|1|1|1|1|1,3,princN8,0,1,,,
13,4|2|2|1|1|1|1|1,3,princN9,0,1,,,
13,4|2|2|1|1|1|1|1,3,princN13,0,1,,,
13,4|2|2|1|1|1|1|1,3,fakedeg,0,1,,,
13,4|2|2|1|1|1|1|1,4,princN4,0,1,,,
13,4|2|2|1|1|1|1|1,4,princN8,0,1,,,
13,4|2|2|1|1|1|1|1,4,princN9,0,1,,,
13,4|2|2|1|1|1|1|1,4,princN13,0,1,,,
13,4|2|2|1|1|1|1|1,4,fakedeg,0,1,,,
13,4|2|1|1|1|1|1|1|1,2,princN4,0,1,,,
13,4|2|1|1|1|1|1|1|1,2,princN9,0,0,0,1.0,-0.0
13,4|2|1|1|1|1|1|1|1,2,princN10,0,1,,,
13,4|2|1|1|1|1|1|1|1,2,princN13,0,0,,0.035714,0.0
13,4|2|1|1|1|1|1|1|1,2,fakedeg,0,0,0,1.0,-0.0
13,4|2|1|1|1|1|1|1|1,3,princN4,0,1,,,
13,4|2|1|1|1|1|1|1|1,3,princN9,0,1,,,
13,4|2|1|1|1|1|1|1|1,3,princN10,0,0,,-125.0,-0.0
13,4|2|1|1|1|1|1|1|1,3,princN13,0,0,,-25.0,-0.0
13,4|2|1|1|1|1|1|1|1,3,fakedeg,0,0,,-125.0,0.0
13,4|2|1|1|1|1|1|1|1,4,princN4,0,1,,,
13,4|2|1|1|1|1|1|1|1,4,princN9,0,0,,-215.0,60.0
13,4|2|1|1|1|1|1|1|1,4,princN10,0,0,,-77.5,137.5
13,4|2|1|1|1|1|1|1|1,4,princN13,0,0,,-53.75,15.0
13,4|2|1|1|1|1|1|1|1,4,fakedeg,0,0,,-215.0,60.0
13,4|1|1|1|1|1|1|1|1|1,2,princN4,1,1,0,,
13,4|1|1|1|1|1|1|1|1|1,2,princN10,1,1,0,,
13,4|1|1|1|1|1|1|1|1|1,2,princN11,1,1,0,,
13,4|1|1|1|1|1|1|1|1|1,2,princN13,1,1,0,,
13,4|1|1|1|1|1|1|1|1|1,2,fakedeg,1,1,0,,
13,4|1|1|1|1|1|1|1|1|1,3,princN4,0,1,,,
13,4|1|1|1|1|1|1|1|1|1,3,princN10,0,0,,5.5,-0.0
13,4|1|1|1|1|1|1|1|1|1,3,princN11,0,0,,2.75,-4.76314
13,4|1|1|1|1|1|1|1|1|1,3,princN13,0,0,,1.1,-0.0
13,4|1|1|1|1|1|1|1|1|1,3,fakedeg,0,0,,5.5,-0.0
13,4|1|1|1|1|1|1|1|1|1,4,princN4,0,1,,,
13,4|1|1|1|1|1|1|1|1|1,4,princN10,0,1,,,
13,4|1|1|1|1|1|1|1|1|1,4,princN11,0,1,,,
13,4|1|1|1|1|1|1|1|1|1,4,princN13,0,1,,,
13,4|1|1|1|1|1|1|1|1|1,4,fakedeg,0,1,,,
13,3|3|3|3|1,2,princN3,0,1,,,
13,3|3|3|3|1,2,princN5,0,0,,10.0,-0.0
13,3|3|3|3|1,2,princN6,0,1,,,
13,3|3|3|3|1,2,princN13,0,0,,0.013605,-0.0
13,3|3|3|3|1,2,fakedeg,0,0,0,1.0,-0.0
13,3|3|3|3|1,3,princN3,0,1,,,
13,3|3|3|3|1,3,princN5,0,1,,,
13,3|3|3|3|1,3,princN6,0,1,,,
13,3|3|3|3|1,3,princN13,0,1,,,
13,3|3|3|3|1,3,fakedeg,0,1,,,
13,3|3|3|3|1,4,princN3,0,1,,,
13,3|3|3|3|1,4,princN5,0,0,,-210.0,-168.0
13,3|3|3|3|1,4,princN6,0,0,,-94.5,10.5
13,3|3|3|3|1,4,princN13,0,0,,-7.777778,-6.222222
13,3|3|3|3|1,4,fakedeg,0,0,,-35.0,-28.0
13,3|3|3|2|2,2,princN3,0,1,,,
13,3|3|3|2|2,2,princN5,0,0,,20.0,-0.0
13,3|3|3|2|2,2,princN6,0,1,,,
13,3|3|3|2|2,2,princN13,0,0,,0.016327,0.0
13,3|3|3|2|2,2,fakedeg,0,0,0,1.0,0.0
13,3|3|3|2|2,3,princN3,0,1,,,
13,3|3|3|2|2,3,princN5,0,0,,-132.0,228.630707
13,3|3|3|2|2,3,princN6,0,1,,,
13,3|3|3|2|2,3,princN13,0,0,,-4.4,-0.0
13,3|3|3|2|2,3,fakedeg,0,0,,-44.0,-0.0
13,3|3|3|2|2,4,princN3,0,1,,,
13,3|3|3|2|2,4,princN5,0,1,,,
13,3|3|3|2|2,4,princN6,0,1,,,
13,3|3|3|2|2,4,princN13,0,1,,,
13,3|3|3|2|2,4,fakedeg,0,1,,,
13,3|3|3|2|1|1,2,princN3,0,1,,,
13,3|3|3|2|1|1,2,princN6,0,1,,,
13,3|3|3|2|1|1,2,princN7,0,0,,2.5,-0.0
13,3|3|3|2|1|1,2,princN13,0,0,,0.020408,-0.0
13,3|3|3|2|1|1,2,fakedeg,0,0,0,1.0,0.0
13,3|3|3|2|1|1,3,princN3,0,1,,,
13,3|3|3|2|1|1,3,princN6,0,1,,,
13,3|3|3|2|1|1,3,princN7,0,1,,,
13,3|3|3|2|1|1,3,princN13,0,1,,,
13,3|3|3|2|1|1,3,fakedeg,0,1,,,
13,3|3|3|2|1|1,4,princN3,0,1,,,
13,3|3|3|2|1|1,4,princN6,0,0,,547.5,-157.5
13,3|3|3|2|1|1,4,princN7,0,0,,195.0,-352.5
13,3|3|3|2|1|1,4,princN13,0,0,,78.333333,43.333333
13,3|3|3|2|1|1,4,fakedeg,0,0,,235.0,130.0
13,3|3|3|1|1|1|1,2,princN3,0,1,,,
13,3|3|3|1|1|1|1,2,princN7,0,0,,2.5,-0.0
13,3|3|3|1|1|1|1,2,princN8,0,1,,,
13,3|3|3|1|1|1|1,2,princN13,0,0,,0.020408,0.0
13,3|3|3|1|1|1|1,2,fakedeg,0,0,0,1.0,-0.0
13,3|3|3|1|1|1|1,3,princN3,0,1,,,
13,3|3|3|1|1|1|1,3,princN7,0,0,,72.5,-0.0
13,3|3|3|1|1|1|1,3,princN8,0,0,,24.166667,-41.857895
13,3|3|3|1|1|1|1,3,princN13,0,0,,3.625,-0.0
13,3|3|3|1|1|1|1,3,fakedeg,0,0,,36.25,-0.0
13,3|3|3|1|1|1|1,4,princN3,0,1,,,
13,3|3|3|1|1|1|1,4,princN7,0,0,,-95.0,247.5
13,3|3|3|1|1|1|1,4,princN8,0,1,,,
13,3|3|3|1|1|1|1,4,princN13,0,0,,-55.0,-21.111111
13,3|3|3|1|1|1|1,4,fakedeg,0,0,,-165.0,-63.333333
13,3|3|2|2|2|1,2,princN3,1,1,0,,
13,3|3|2|2|2|1,2,princN6,1,1,0,,
13,3|3|2|2|2|1,2,princN7,1,1,0,,
13,3|3|2|2|2|1,2,princN13,1,1,0,,
13,3|3|2|2|2|1,2,fakedeg,1,1,0,,
13,3|3|2|2|2|1,3,princN3,0,1,,,
13,3|3|2|2|2|1,3,princN6,0,1,,,
13,3|3|2|2|2|1,3,princN7,0,1,,,
13,3|3|2|2|2|1,3,princN13,0,1,,,
13,3|3|2|2|2|1,3,fakedeg,0,1,,,
13,3|3|2|2|2|1,4,princN3,0,1,,,
13,3|3|2|2|2|1,4,princN6,0,1,,,
13,3|3|2|2|2|1,4,princN7,0,1,,,
13,3|3|2|2|2|1,4,princN13,0,1,,,
13,3|3|2|2|2|1,4,fakedeg,0,1,,,
13,3|3|2|2|1|1|1,2,princN3,0,1,,,
13,3|3|2|2|1|1|1,2,princN7,0,0,,2.5,-0.0
13,3|3|2|2|1|1|1,2,princN8,0,1,,,
13,3|3|2|2|1|1|1,2,princN13,0,0,,0.020408,-0.0
13,3|3|2|2|1|1|1,2,fakedeg,0,0,0,1.0,-0.0
13,3|3|2|2|1|1|1,3,princN3,0,1,,,
13,3|3|2|2|1|1|1,3,princN7,0,1,,,
13,3|3|2|2|1|1|1,3,princN8,0,1,,,
13,3|3|2|2|1|1|1,3,princN13,0,1,,,
13,3|3|2|2|1|1|1,3,fakedeg,0,1,,,
13,3|3|2|2|1|1|1,4,princN3,0,1,,,
13,3|3|2|2|1|1|1,4,princN7,0,1,,,
13,3|3|2|2|1|1|1,4,princN8,0,1,,,
13,3|3|2|2|1|1|1,4,princN13,0,1,,,
13,3|3|2|2|1|1|1,4,fakedeg,0,1,,,
13,3|3|2|1|1|1|1|1,2,princN3,1,1,0,,
13,3|3|2|1|1|1|1|1,2,princN8,1,1,0,,
13,3|3|2|1|1|1|1|1,2,princN9,1,1,0,,
13,3|3|2|1|1|1|1|1,2,princN13,1,1,0,,
13,3|3|2|1|1|1|1|1,2,fakedeg,1,1,0,,
13,3|3|2|1|1|1|1|1,3,princN3,0,1,,,
13,3|3|2|1|1|1|1|1,3,princN8,0,1,,,
13,3|3|2|1|1|1|1|1,3,princN9,0,1,,,
13,3|3|2|1|1|1|1|1,3,princN13,0,1,,,
13,3|3|2|1|1|1|1|1,3,fakedeg,0,1,,,
13,3|3|2|1|1|1|1|1,4,princN3,0,1,,,
13,3|3|2|1|1|1|1|1,4,princN8,0,1,,,
13,3|3|2|1|1|1|1|1,4,princN9,0,1,,,
13,3|3|2|1|1|1|1|1,4,princN13,0,1,,,
13,3|3|2|1|1|1|1|1,4,fakedeg,0,1,,,
13,3|3|1|1|1|1|1|1|1,2,princN3,0,1,,,
13,3|3|1|1|1|1|1|1|1,2,princN9,0,0,,1.2,-0.0
13,3|3|1|1|1|1|1|1|1,2,princN10,0,1,,,
13,3|3|1|1|1|1|1|1|1,2,princN13,0,0,,0.040816,-0.0
13,3|3|1|1|1|1|1|1|1,2,fakedeg,0,0,0,1.0,-0.0
13,3|3|1|1|1|1|1|1|1,3,princN3,0,1,,,
13,3|3|1|1|1|1|1|1|1,3,princN9,0,1,,,
13,3|3|1|1|1|1|1|1|1,3,princN10,0,1,,,
13,3|3|1|1|1|1|1|1|1,3,princN13,0,1,,,
13,3|3|1|1|1|1|1|1|1,3,fakedeg,0,1,,,
13,3|3|1|1|1|1|1|1|1,4,princN3,0,1,,,
13,3|3|1|1|1|1|1|1|1,4,princN9,0,1,,,
13,3|3|1|1|1|1|1|1|1,4,princN10,0,1,,,
13,3|3|1|1|1|1|1|1|1,4,princN13,0,1,,,
13,3|3|1|1|1|1|1|1|1,4,fakedeg,0,1,,,
13,3|2|2|2|2|2,2,princN3,0,1,,,
13,3|2|2|2|2|2,2,princN6,0,1,,,
13,3|2|2|2|2|2,2,princN7,0,0,,5.0,0.0
13,3|2|2|2|2|2,2,princN13,0,0,,0.028571,-0.0
13,3|2|2|2|2|2,2,fakedeg,0,0,0,1.0,0.0
13,3|2|2|2|2|2,3,princN3,0,1,,,
13,3|2|2|2|2|2,3,princN6,0,1,,,
13,3|2|2|2|2|2,3,princN7,0,1,,,
13,3|2|2|2|2|2,3,princN13,0,1,,,
13,3|2|2|2|2|2,3,fakedeg,0,1,,,
13,3|2|2|2|2|2,4,princN3,0,1,,,
13,3|2|2|2|2|2,4,princN6,0,0,,-82.5,118.5
13,3|2|2|2|2|2,4,princN7,0,0,,36.0,201.0
13,3|2|2|2|2|2,4,princN13,0,0,,-22.333333,4.0
13,3|2|2|2|2|2,4,fakedeg,0,0,,-67.0,12.0
13,3|2|2|2|2|1|1,2,princN3,0,1,,,
13,3|2|2|2|2|1|1,2,princN7,0,0,,5.0,0.0
13,3|2|2|2|2|1|1,2,princN8,0,1,,,
13,3|2|2|2|2|1|1,2,princN13,0,0,,0.028571,0.0
13,3|2|2|2|2|1|1,2,fakedeg,0,0,0,1.0,0.0
13,3|2|2|2|2|1|1,3,princN3,0,1,,,
13,3|2|2|2|2|1|1,3,princN7,0,0,,-286.0,0.0
13,3|2|2|2|2|1|1,3,princN8,0,0,,-143.0,247.683265
13,3|2|2|2|2|1|1,3,princN13,0,0,,-14.3,-0.0
13,3|2|2|2|2|1|1,3,fakedeg,0,0,,-143.0,-0.0
13,3|2|2|2|2|1|1,4,princN3,0,1,,,
13,3|2|2|2|2|1|1,4,princN7,0,1,,,
13,3|2|2|2|2|1|1,4,princN8,0,1,,,
13,3|2|2|2|2|1|1,4,princN13,0,1,,,
13,3|2|2|2|2|1|1,4,fakedeg,0,1,,,
13,3|2|2|2|1|1|1|1,2,princN3,0,1,,,
13,3|2|2|2|1|1|1|1,2,princN8,0,1,,,
13,3|2|2|2|1|1|1|1,2,princN9,0,0,,1.5,0.0
13,3|2|2|2|1|1|1|1,2,princN13,0,0,,0.047619,-0.0
13,3|2|2|2|1|1|1|1,2,fakedeg,0,0,0,1.0,0.0
13,3|2|2|2|1|1|1|1,3,princN3,0,1,,,
13,3|2|2|2|1|1|1|1,3,princN8,0,1,,,
13,3|2|2|2|1|1|1|1,3,princN9,0,1,,,
13,3|2|2|2|1|1|1|1,3,princN13,0,1,,,
13,3|2|2|2|1|1|1|1,3,fakedeg,0,1,,,
13,3|2|2|2|1|1|1|1,4,princN3,0,1,,,
13,3|2|2|2|1|1|1|1,4,princN8,0,1,,,
13,3|2|2|2|1|1|1|1,4,princN9,0,1,,,
13,3|2|2|2|1|1|1|1,4,princN13,0,1,,,
13,3|2|2|2|1|1|1|1,4,fakedeg,0,1,,,
13,3|2|2|1|1|1|1|1|1,2,princN3,0,1,,,
13,3|2|2|1|1|1|1|1|1,2,princN9,0,0,,1.5,-0.0
13,3|2|2|1|1|1|1|1|1,2,princN10,0,1,,,
13,3|2|2|1|1|1|1|1|1,2,princN13,0,0,,0.047619,0.0
13,3|2|2|1|1|1|1|1|1,2,fakedeg,0,0,0,1.0,0.0
13,3|2|2|1|1|1|1|1|1,3,princN3,0,1,,,
13,3|2|2|1|1|1|1|1|1,3,princN9,0,1,,,
13,3|2|2|1|1|1|1|1|1,3,princN10,0,1,,,
13,3|2|2|1|1|1|1|1|1,3,princN13,0,1,,,
13,3|2|2|1|1|1|1|1|1,3,fakedeg,0,1,,,
13,3|2|2|1|1|1|1|1|1,4,princN3,0,1,,,
13,3|2|2|1|1|1|1|1|1,4,princN9,0,0,,142.5,-105.0
13,3|2|2|1|1|1|1|1|1,4,princN10,0,0,,12.5,-82.5
13,3|2|2|1|1|1|1|1|1,4,princN13,0,0,,31.666667,-23.333333
13,3|2|2|1|1|1|1|1|1,4,fakedeg,0,0,,95.0,-70.0
13,3|2|1|1|1|1|1|1|1|1,2,princN3,0,1,,,
13,3|2|1|1|1|1|1|1|1|1,2,princN10,0,1,,,
13,3|2|1|1|1|1|1|1|1|1,2,princN11,0,0,0,1.0,0.0
13,3|2|1|1|1|1|1|1|1|1,2,princN13,0,0,,0.142857,-0.0
13,3|2|1|1|1|1|1|1|1|1,2,fakedeg,0,0,0,1.0,0.0
13,3|2|1|1|1|1|1|1|1|1,3,princN3,0,1,,,
13,3|2|1|1|1|1|1|1|1|1,3,princN10,0,0,,-23.0,0.0
13,3|2|1|1|1|1|1|1|1|1,3,princN11,0,0,,-11.5,19.918584
13,3|2|1|1|1|1|1|1|1|1,3,princN13,0,0,,-4.6,-0.0
13,3|2|1|1|1|1|1|1|1|1,3,fakedeg,0,0,,-23.0,0.0
13,3|2|1|1|1|1|1|1|1|1,4,princN3,0,1,,,
13,3|2|1|1|1|1|1|1|1|1,4,princN10,0,0,,24.5,109.5
13,3|2|1|1|1|1|1|1|1|1,4,princN11,0,0,,134.0,85.0
13,3|2|1|1|1|1|1|1|1|1,4,princN13,0,0,,-85.0,134.0
13,3|2|1|1|1|1|1|1|1|1,4,fakedeg,0,0,,-85.0,134.0
13,3|1|1|1|1|1|1|1|1|1|1,2,princN3,0,1,,,
13,3|1|1|1|1|1|1|1|1|1|1,2,princN11,0,0,0,1.0,-0.0
13,3|1|1|1|1|1|1|1|1|1|1,2,princN12,0,1,,,
13,3|1|1|1|1|1|1|1|1|1|1,2,princN13,0,0,,0.142857,0.0
13,3|1|1|1|1|1|1|1|1|1|1,2,fakedeg,0,0,0,1.0,-0.0
13,3|1|1|1|1|1|1|1|1|1|1,3,princN3,0,1,,,
13,3|1|1|1|1|1|1|1|1|1|1,3,princN11,0,1,,,
13,3|1|1|1|1|1|1|1|1|1|1,3,princN12,0,1,,,
13,3|1|1|1|1|1|1|1|1|1|1,3,princN13,0,1,,,
13,3|1|1|1|1|1|1|1|1|1|1,3,fakedeg,0,1,,,
13,3|1|1|1|1|1|1|1|1|1|1,4,princN3,0,1,,,
13,3|1|1|1|1|1|1|1|1|1|1,4,princN11,0,1,,,
13,3|1|1|1|1|1|1|1|1|1|1,4,princN12,0,1,,,
13,3|1|1|1|1|1|1|1|1|1|1,4,princN13,0,1,,,
13,3|1|1|1|1|1|1|1|1|1|1,4,fakedeg,0,1,,,
13,2|2|2|2|2|2|1,2,princN2,0,1,,,
13,2|2|2|2|2|2|1,2,princN7,0,0,,5.0,-0.0
13,2|2|2|2|2|2|1,2,princN8,0,1,,,
13,2|2|2|2|2|2|1,2,princN13,0,0,,0.028571,-0.0
13,2|2|2|2|2|2|1,2,fakedeg,0,0,0,1.0,-0.0
13,2|2|2|2|2|2|1,3,princN2,0,1,,,
13,2|2|2|2|2|2|1,3,princN7,0,0,,60.0,-0.0
13,2|2|2|2|2|2|1,3,princN8,0,0,,10.0,-17.320508
13,2|2|2|2|2|2|1,3,princN13,0,0,,1.666667,0.0
13,2|2|2|2|2|2|1,3,fakedeg,0,0,,10.0,-0.0
13,2|2|2|2|2|2|1,4,princN2,0,1,,,
13,2|2|2|2|2|2|1,4,princN7,0,0,,-52.0,-55.0
13,2|2|2|2|2|2|1,4,princN8,0,1,,,
13,2|2|2|2|2|2|1,4,princN13,0,0,,6.111111,-5.777778
13,2|2|2|2|2|2|1,4,fakedeg,0,0,,18.333333,-17.333333
13,2|2|2|2|2|1|1|1,2,princN2,1,1,0,,
13,2|2|2|2|2|1|1|1,2,princN8,1,1,0,,
13,2|2|2|2|2|1|1|1,2,princN9,1,1,0,,
13,2|2|2|2|2|1|1|1,2,princN13,1,1,0,,
13,2|2|2|2|2|1|1|1,2,fakedeg,1,1,0,,
13,2|2|2|2|2|1|1|1,3,princN2,0,1,,,
13,2|2|2|2|2|1|1|1,3,princN8,0,0,,-21.5,37.239092
13,2|2|2|2|2|1|1|1,3,princN9,0,1,,,
13,2|2|2|2|2|1|1|1,3,princN13,0,0,,-5.375,-0.0
13,2|2|2|2|2|1|1|1,3,fakedeg,0,0,,-21.5,0.0
13,2|2|2|2|2|1|1|1,4,princN2,0,1,,,
13,2|2|2|2|2|1|1|1,4,princN8,0,1,,,
13,2|2|2|2|2|1|1|1,4,princN9,0,1,,,
13,2|2|2|2|2|1|1|1,4,princN13,0,1,,,
13,2|2|2|2|2|1|1|1,4,fakedeg,0,1,,,
13,2|2|2|2|1|1|1|1|1,2,princN2,0,1,,,
13,2|2|2|2|1|1|1|1|1,2,princN9,0,0,,1.5,-0.0
13,2|2|2|2|1|1|1|1|1,2,princN10,0,1,,,
13,2|2|2|2|1|1|1|1|1,2,princN13,0,0,,0.047619,-0.0
13,2|2|2|2|1|1|1|1|1,2,fakedeg,0,0,0,1.0,-0.0
13,2|2|2|2|1|1|1|1|1,3,princN2,0,1,,,
13,2|2|2|2|1|1|1|1|1,3,princN9,0,1,,,
13,2|2|2|2|1|1|1|1|1,3,princN10,0,1,,,
13,2|2|2|2|1|1|1|1|1,3,princN13,0,1,,,
13,2|2|2|2|1|1|1|1|1,3,fakedeg,0,1,,,
13,2|2|2|2|1|1|1|1|1,4,princN2,0,1,,,
13,2|2|2|2|1|1|1|1|1,4,princN9,0,0,,-25.5,45.0
13,2|2|2|2|1|1|1|1|1,4,princN10,0,0,,9.75,35.25
13,2|2|2|2|1|1|1|1|1,4,princN13,0,0,,-5.666667,10.0
13,2|2|2|2|1|1|1|1|1,4,fakedeg,0,0,,-17.0,30.0
13,2|2|2|1|1|1|1|1|1|1,2,princN2,1,1,0,,
13,2|2|2|1|1|1|1|1|1|1,2,princN10,1,1,0,,
13,2|2|2|1|1|1|1|1|1|1,2,princN11,1,1,0,,
13,2|2|2|1|1|1|1|1|1|1,2,princN13,1,1,0,,
13,2|2|2|1|1|1|1|1|1|1,2,fakedeg,1,1,0,,
13,2|2|2|1|1|1|1|1|1|1,3,princN2,0,1,,,
13,2|2|2|1|1|1|1|1|1|1,3,princN10,0,0,,15.333333,-0.0
13,2|2|2|1|1|1|1|1|1|1,3,princN11,0,0,,5.75,-9.959292
13,2|2|2|1|1|1|1|1|1|1,3,princN13,0,0,,2.875,0.0
13,2|2|2|1|1|1|1|1|1|1,3,fakedeg,0,0,,11.5,-0.0
13,2|2|2|1|1|1|1|1|1|1,4,princN2,0,1,,,
13,2|2|2|1|1|1|1|1|1|1,4,princN10,0,1,,,
13,2|2|2|1|1|1|1|1|1|1,4,princN11,0,1,,,
13,2|2|2|1|1|1|1|1|1|1,4,princN13,0,1,,,
13,2|2|2|1|1|1|1|1|1|1,4,fakedeg,0,1,,,
13,2|2|1|1|1|1|1|1|1|1|1,2,princN2,0,1,,,
13,2|2|1|1|1|1|1|1|1|1|1,2,princN11,0,0,0,1.0,-0.0
13,2|2|1|1|1|1|1|1|1|1|1,2,princN12,0,1,,,
13,2|2|1|1|1|1|1|1|1|1|1,2,princN13,0,0,,0.142857,-0.0
13,2|2|1|1|1|1|1|1|1|1|1,2,fakedeg,0,0,0,1.0,-0.0
13,2|2|1|1|1|1|1|1|1|1|1,3,princN2,0,1,,,
13,2|2|1|1|1|1|1|1|1|1|1,3,princN11,0,0,,-10.0,17.320508
13,2|2|1|1|1|1|1|1|1|1|1,3,princN12,0,1,,,
13,2|2|1|1|1|1|1|1|1|1|1,3,princN13,0,0,,-20.0,-0.0
13,2|2|1|1|1|1|1|1|1|1|1,3,fakedeg,0,0,,-20.0,0.0
13,2|2|1|1|1|1|1|1|1|1|1,4,princN2,0,1,,,
13,2|2|1|1|1|1|1|1|1|1|1,4,princN11,0,0,,-30.0,5.0
13,2|2|1|1|1|1|1|1|1|1|1,4,princN12,0,1,,,
13,2|2|1|1|1|1|1|1|1|1|1,4,princN13,0,0,,-5.0,-30.0
13,2|2|1|1|1|1|1|1|1|1|1,4,fakedeg,0,0,,-5.0,-30.0
13,2|1|1|1|1|1|1|1|1|1|1|1,2,princN2,1,1,0,,
13,2|1|1|1|1|1|1|1|1|1|1|1,2,princN12,1,1,0,,
13,2|1|1|1|1|1|1|1|1|1|1|1,2,princN13,1,1,0,,
13,2|1|1|1|1|1|1|1|1|1|1|1,2,fakedeg,1,1,0,,
13,2|1|1|1|1|1|1|1|1|1|1|1,3,princN2,0,1,,,
13,2|1|1|1|1|1|1|1|1|1|1|1,3,princN12,0,1,,,
13,2|1|1|1|1|1|1|1|1|1|1|1,3,princN13,0,1,,,
13,2|1|1|1|1|1|1|1|1|1|1|1,3,fakedeg,0,1,,,
13,2|1|1|1|1|1|1|1|1|1|1|1,4,princN2,0,1,,,
13,2|1|1|1|1|1|1|1|1|1|1|1,4,princN12,0,1,,,
13,2|1|1|1|1|1|1|1|1|1|1|1,4,princN13,0,1,,,
13,2|1|1|1|1|1|1|1|1|1|1|1,4,fakedeg,0,1,,,
13,1|1|1|1|1|1|1|1|1|1|1|1|1,2,princN1,0,1,,,
13,1|1|1|1|1|1|1|1|1|1|1|1|1,2,princN13,0,0,0,1.0,0.0
13,1|1|1|1|1|1|1|1|1|1|1|1|1,2,princN14,0,1,,,
13,1|1|1|1|1|1|1|1|1|1|1|1|1,2,fakedeg,0,0,0,1.0,0.0
13,1|1|1|1|1|1|1|1|1|1|1|1|1,3,princN1,0,1,,,
13,1|1|1|1|1|1|1|1|1|1|1|1|1,3,princN13,0,0,0,1.0,0.0
13,1|1|1|1|1|1|1|1|1|1|1|1|1,3,princN14,0,0,,0.5,-0.866025
13,1|1|1|1|1|1|1|1|1|1|1|1|1,3,fakedeg,0,0,0,1.0,0.0
13,1|1|1|1|1|1|1|1|1|1|1|1|1,4,princN1,0,1,,,
13,1|1|1|1|1|1|1|1|1|1|1|1|1,4,princN13,0,0,0,1.0,0.0
13,1|1|1|1|1|1|1|1|1|1|1|1|1,4,princN14,0,0,,0.5,-0.5
13,1|1|1|1|1|1|1|1|1|1|1|1|1,4,fakedeg,0,0,0,1.0,0.0
14,14,2,princN1,0,0,0,1.0,0.0
14,14,2,princN2,0,0,0,1.0,0.0
14,14,2,princN14,0,0,,0.000583,0.0
14,14,2,fakedeg,0,0,0,1.0,0.0
14,14,3,princN1,0,0,0,1.0,0.0
14,14,3,princN2,0,1,,,
14,14,3,princN14,0,1,,,
14,14,3,fakedeg,0,0,0,1.0,0.0
14,14,4,princN1,0,0,0,1.0,0.0
14,14,4,princN2,0,0,3,0.0,-1.0
14,14,4,princN14,0,0,,-0.0,-0.05
14,14,4,fakedeg,0,0,0,1.0,0.0
14,13|1,2,princN2,0,0,0,1.0,-0.0
14,13|1,2,princN3,0,0,0,1.0,-0.0
14,13|1,2,princN13,0,0,,0.001263,0.0
14,13|1,2,princN14,0,0,,0.000583,0.0
14,13|1,2,fakedeg,0,0,0,1.0,-0.0
14,13|1,3,princN2,0,0,,-2.0,-5.196152
14,13|1,3,princN3,0,1,,,
14,13|1,3,princN13,0,1,,,
14,13|1,3,princN14,0,0,,-0.028571,-0.074231
14,13|1,3,fakedeg,0,0,,-2.0,-5.196152
14,13|1,4,princN2,0,0,,7.0,-6.0
14,13|1,4,princN3,0,0,,-6.0,-7.0
14,13|1,4,princN13,0,1,,,
14,13|1,4,princN14,0,0,,0.35,-0.3
14,13|1,4,fakedeg,0,0,,7.0,-6.0
14,12|2,2,princN2,0,0,,7.0,-0.0
14,12|2,2,princN3,0,0,0,1.0,0.0
14,12|2,2,princN12,0,0,,0.002525,-0.0
14,12|2,2,princN14,0,0,,0.001082,-0.0
14,12|2,2,fakedeg,0,0,0,1.0,-0.0
14,12|2,3,princN2,0,0,,5.5,18.186533
14,12|2,3,princN3,0,1,,,
14,12|2,3,princN12,0,1,,,
14,12|2,3,princN14,0,0,,0.078571,0.259808
14,12|2,3,fakedeg,0,0,,5.5,18.186533
14,12|2,4,princN2,0,0,,-35.0,0.0
14,12|2,4,princN3,0,0,,0.0,35.0
14,12|2,4,princN12,0,1,,,
14,12|2,4,princN14,0,0,,-1.75,-0.0
14,12|2,4,fakedeg,0,0,,-35.0,-0.0
14,12|1|1,2,princN3,0,0,0,1.0,0.0
14,12|1|1,2,princN4,0,0,0,1.0,0.0
14,12|1|1,2,princN12,0,0,,0.00303,0.0
14,12|1|1,2,princN14,0,0,,0.001263,0.0
14,12|1|1,2,fakedeg,0,0,0,1.0,0.0
14,12|1|1,3,princN3,0,1,,,
14,12|1|1,3,princN4,0,1,,,
14,12|1|1,3,princN12,0,1,,,
14,12|1|1,3,princN14,0,1,,,
14,12|1|1,3,fakedeg,0,1,,,
14,12|1|1,4,princN3,0,1,,,
14,12|1|1,4,princN4,0,1,,,
14,12|1|1,4,princN12,0,1,,,
14,12|1|1,4,princN14,0,1,,,
14,12|1|1,4,fakedeg,0,1,,,
14,11|3,2,princN2,0,0,,7.0,-0.0
14,11|3,2,princN3,0,0,,3.5,-0.0
14,11|3,2,princN11,0,0,,0.005556,0.0
14,11|3,2,princN14,0,0,,0.001082,0.0
14,11|3,2,fakedeg,0,0,0,1.0,-0.0
14,11|3,3,princN2,0,1,,,
14,11|3,3,princN3,0,1,,,
14,11|3,3,princN11,0,1,,,
14,11|3,3,princN14,0,1,,,
14,11|3,3,fakedeg,0,0,,14.5,4.330127
14,11|3,4,princN2,0,0,,-70.0,-35.0
14,11|3,4,princN3,0,1,,,
14,11|3,4,princN11,0,1,,,
14,11|3,4,princN14,0,0,,-3.5,-1.75
14,11|3,4,fakedeg,0,0,,35.0,-70.0
14,11|2|1,2,princN3,1,1,0,,
14,11|2|1,2,princN4,1,1,0,,
14,11|2|1,2,princN11,1,1,0,,
14,11|2|1,2,princN14,1,1,0,,
14,11|2|1,2,fakedeg,1,1,0,,
14,11|2|1,3,princN3,0,1,,,
14,11|2|1,3,princN4,0,0,,-14.75,-6.495191
14,11|2|1,3,princN11,0,1,,,
14,11|2|1,3,princN14,0,1,,,
14,11|2|1,3,fakedeg,0,0,,-14.75,-6.495191
14,11|2|1,4,princN3,0,1,,,
14,11|2|1,4,princN4,0,1,,,
14,11|2|1,4,princN11,0,1,,,
14,11|2|1,4,princN14,0,1,,,
14,11|2|1,4,fakedeg,0,1,,,
14,11|1|1|1,2,princN4,0,0,0,1.0,-0.0
14,11|1|1|1,2,princN5,0,0,0,1.0,-0.0
14,11|1|1|1,2,princN11,0,0,,0.008333,-0.0
14,11|1|1|1,2,princN14,0,0,,0.001263,-0.0
14,11|1|1|1,2,fakedeg,0,0,0,1.0,-0.0
14,11|1|1|1,3,princN4,0,0,,3.625,3.247595
14,11|1|1|1,3,princN5,0,1,,,
14,11|1|1|1,3,princN11,0,1,,,
14,11|1|1|1,3,princN14,0,1,,,
14,11|1|1|1,3,fakedeg,0,0,,3.625,3.247595
14,11|1|1|1,4,princN4,0,1,,,
14,11|1|1|1,4,princN5,0,1,,,
14,11|1|1|1,4,princN11,0,1,,,
14,11|1|1|1,4,princN14,0,1,,,
14,11|1|1|1,4,fakedeg,0,1,,,
14,10|4,2,princN2,0,0,,21.0,-0.0
14,10|4,2,princN3,0,0,,3.5,-0.0
14,10|4,2,princN10,0,0,,0.011111,-0.0
14,10|4,2,princN14,0,0,,0.001623,-0.0
14,10|4,2,fakedeg,0,0,0,1.0,-0.0
14,10|4,3,princN2,0,0,,-14.0,-77.942286
14,10|4,3,princN3,0,1,,,
14,10|4,3,princN10,0,1,,,
14,10|4,3,princN14,0,0,,-0.08,-0.445384
14,10|4,3,fakedeg,0,0,,-3.5,-19.485572
14,10|4,4,princN2,0,0,,98.0,91.0
14,10|4,4,princN3,0,1,,,
14,10|4,4,princN10,0,0,,5.444444,5.055556
14,10|4,4,princN14,0,0,,2.45,2.275
14,10|4,4,fakedeg,0,0,,-30.333333,32.666667
14,10|3|1,2,princN3,0,0,,3.5,0.0
14,10|3|1,2,princN4,0,0,,3.5,0.0
14,10|3|1,2,princN10,0,0,,0.016667,0.0
14,10|3|1,2,princN14,0,0,,0.002165,0.0
14,10|3|1,2,fakedeg,0,0,0,1.0,0.0
14,10|3|1,3,princN3,0,1,,,
14,10|3|1,3,princN4,0,0,,154.0,77.942286
14,10|3|1,3,princN10,0,0,,10.266667,5.196152
14,10|3|1,3,princN14,0,1,,,
14,10|3|1,3,fakedeg,0,0,,154.0,77.942286
14,10|3|1,4,princN3,0,1,,,
14,10|3|1,4,princN4,0,1,,,
14,10|3|1,4,princN10,0,0,,-21.0,-54.25
14,10|3|1,4,princN14,0,0,,-8.4,-21.7
14,10|3|1,4,fakedeg,0,0,,217.0,-84.0
14,10|2|2,2,princN3,0,0,,7.0,0.0
14,10|2|2,2,princN4,0,0,,3.5,0.0
14,10|2|2,2,princN10,0,0,,0.016667,0.0
14,10|2|2,2,princN14,0,0,,0.002165,-0.0
14,10|2|2,2,fakedeg,0,0,0,1.0,0.0
14,10|2|2,3,princN3,0,1,,,
14,10|2|2,3,princN4,0,1,,,
14,10|2|2,3,princN10,0,1,,,
14,10|2|2,3,princN14,0,0,,0.071429,1.014487
14,10|2|2,3,fakedeg,0,0,,2.5,35.507042
14,10|2|2,4,princN3,0,0,,350.0,-35.0
14,10|2|2,4,princN4,0,1,,,
14,10|2|2,4,princN10,0,0,,8.75,87.5
14,10|2|2,4,princN14,0,0,,3.5,35.0
14,10|2|2,4,fakedeg,0,0,,35.0,350.0
14,10|2|1|1,2,princN4,0,0,,3.5,-0.0
14,10|2|1|1,2,princN5,0,0,0,1.0,0.0
14,10|2|1|1,2,princN10,0,0,,0.016667,0.0
14,10|2|1|1,2,princN14,0,0,,0.002165,0.0
14,10|2|1|1,2,fakedeg,0,0,0,1.0,-0.0
14,10|2|1|1,3,princN4,0,1,,,
14,10|2|1|1,3,princN5,0,1,,,
14,10|2|1|1,3,princN10,0,1,,,
14,10|2|1|1,3,princN14,0,1,,,
14,10|2|1|1,3,fakedeg,0,1,,,
14,10|2|1|1,4,princN4,0,1,,,
14,10|2|1|1,4,princN5,0,0,,-203.0,-0.0
14,10|2|1|1,4,princN10,0,0,,0.0,50.75
14,10|2|1|1,4,princN14,0,0,,0.0,20.3
14,10|2|1|1,4,fakedeg,0,0,,-203.0,-0.0
14,10|1|1|1|1,2,princN5,0,0,0,1.0,0.0
14,10|1|1|1|1,2,princN6,0,0,0,1.0,0.0
14,10|1|1|1|1,2,princN10,0,0,,0.027778,0.0
14,10|1|1|1|1,2,princN14,0,0,,0.00303,-0.0
14,10|1|1|1|1,2,fakedeg,0,0,0,1.0,0.0
14,10|1|1|1|1,3,princN5,0,0,,2.125,-5.845671
14,10|1|1|1|1,3,princN6,0,1,,,
14,10|1|1|1|1,3,princN10,0,1,,,
14,10|1|1|1|1,3,princN14,0,0,,0.060714,-0.167019
14,10|1|1|1|1,3,fakedeg,0,0,,2.125,-5.845671
14,10|1|1|1|1,4,princN5,0,0,,88.333333,23.333333
14,10|1|1|1|1,4,princN6,0,0,,23.333333,-88.333333
14,10|1|1|1|1,4,princN10,0,0,,5.833333,-22.083333
14,10|1|1|1|1,4,princN14,0,0,,2.333333,-8.833333
14,10|1|1|1|1,4,fakedeg,0,0,,88.333333,23.333333
14,9|5,2,princN2,0,0,,21.0,-0.0
14,9|5,2,princN3,0,0,,7.0,-0.0
14,9|5,2,princN9,0,0,,0.025,0.0
14,9|5,2,princN14,0,0,,0.001623,0.0
14,9|5,2,fakedeg,0,0,0,1.0,-0.0
14,9|5,3,princN2,0,0,,14.5,101.324972
14,9|5,3,princN3,0,1,,,
14,9|5,3,princN9,0,1,,,
14,9|5,3,princN14,0,0,,0.082857,0.579
14,9|5,3,fakedeg,0,0,,3.625,25.331243
14,9|5,4,princN2,0,0,,91.0,140.0
14,9|5,4,princN3,0,0,,140.0,-91.0
14,9|5,4,princN9,0,1,,,
14,9|5,4,princN14,0,0,,2.275,3.5
14,9|5,4,fakedeg,0,0,,30.333333,46.666667
14,9|4|1,2,princN3,1,1,0,,
14,9|4|1,2,princN4,1,1,0,,
14,9|4|1,2,princN9,1,1,0,,
14,9|4|1,2,princN14,1,1,0,,
14,9|4|1,2,fakedeg,1,1,0,,
14,9|4|1,3,princN3,0,1,,,
14,9|4|1,3,princN4,0,1,,,
14,9|4|1,3,princN9,0,1,,,
14,9|4|1,3,princN14,0,1,,,
14,9|4|1,3,fakedeg,0,1,,,
14,9|4|1,4,princN3,0,1,,,
14,9|4|1,4,princN4,0,1,,,
14,9|4|1,4,princN9,0,1,,,
14,9|4|1,4,princN14,0,1,,,
14,9|4|1,4,fakedeg,0,1,,,
14,9|3|2,2,princN3,0,0,,21.0,-0.0
14,9|3|2,2,princN4,0,0,,3.5,-0.0
14,9|3|2,2,princN9,0,0,,0.0375,0.0
14,9|3|2,2,princN14,0,0,,0.002165,0.0
14,9|3|2,2,fakedeg,0,0,0,1.0,-0.0
14,9|3|2,3,princN3,0,1,,,
14,9|3|2,3,princN4,0,1,,,
14,9|3|2,3,princN9,0,1,,,
14,9|3|2,3,princN14,0,1,,,
14,9|3|2,3,fakedeg,0,1,,,
14,9|3|2,4,princN3,0,0,,-966.0,-273.0
14,9|3|2,4,princN4,0,1,,,
14,9|3|2,4,princN9,0,1,,,
14,9|3|2,4,princN14,0,0,,9.1,-32.2
14,9|3|2,4,fakedeg,0,0,,91.0,-322.0
14,9|3|1|1,2,princN4,0,0,,3.5,-0.0
14,9|3|1|1,2,princN5,0,0,,2.333333,-0.0
14,9|3|1|1,2,princN9,0,0,,0.05,-0.0
14,9|3|1|1,2,princN14,0,0,,0.002165,-0.0
14,9|3|1|1,2,fakedeg,0,0,0,1.0,-0.0
14,9|3|1|1,3,princN4,0,0,,-258.5,-210.444173
14,9|3|1|1,3,princN5,0,1,,,
14,9|3|1|1,3,princN9,0,1,,,
14,9|3|1|1,3,princN14,0,1,,,
14,9|3|1|1,3,fakedeg,0,0,,-258.5,-210.444173
14,9|3|1|1,4,princN4,0,1,,,
14,9|3|1|1,4,princN5,0,0,,1309.0,504.0
14,9|3|1|1,4,princN9,0,0,,327.25,126.0
14,9|3|1|1,4,princN14,0,0,,50.4,-130.9
14,9|3|1|1,4,fakedeg,0,0,,1309.0,504.0
14,9|2|2|1,2,princN4,0,0,,3.5,-0.0
14,9|2|2|1,2,princN5,0,0,,3.5,-0.0
14,9|2|2|1,2,princN9,0,0,,0.0625,-0.0
14,9|2|2|1,2,princN14,0,0,,0.002165,0.0
14,9|2|2|1,2,fakedeg,0,0,0,1.0,-0.0
14,9|2|2|1,3,princN4,0,1,,,
14,9|2|2|1,3,princN5,0,0,,10.0,-91.798693
14,9|2|2|1,3,princN9,0,1,,,
14,9|2|2|1,3,princN14,0,0,,0.285714,-2.62282
14,9|2|2|1,3,fakedeg,0,0,,10.0,-91.798693
14,9|2|2|1,4,princN4,0,1,,,
14,9|2|2|1,4,princN5,0,1,,,
14,9|2|2|1,4,princN9,0,1,,,
14,9|2|2|1,4,princN14,0,0,,-38.5,51.8
14,9|2|2|1,4,fakedeg,0,0,,-385.0,518.0
14,9|2|1|1|1,2,princN5,1,1,0,,
14,9|2|1|1|1,2,princN6,1,1,0,,
14,9|2|1|1|1,2,princN9,1,1,0,,
14,9|2|1|1|1,2,princN14,1,1,0,,
14,9|2|1|1|1,2,fakedeg,1,1,0,,
14,9|2|1|1|1,3,princN5,0,0,,-12.5,38.971143
14,9|2|1|1|1,3,princN6,0,1,,,
14,9|2|1|1|1,3,princN9,0,1,,,
14,9|2|1|1|1,3,princN14,0,0,,-0.357143,1.113461
14,9|2|1|1|1,3,fakedeg,0,0,,-12.5,38.971143
14,9|2|1|1|1,4,princN5,0,1,,,
14,9|2|1|1|1,4,princN6,0,1,,,
14,9|2|1|1|1,4,princN9,0,1,,,
14,9|2|1|1|1,4,princN14,0,1,,,
14,9|2|1|1|1,4,fakedeg,0,1,,,
14,9|1|1|1|1|1,2,princN6,0,0,0,1.0,-0.0
14,9|1|1|1|1|1,2,princN7,0,0,0,1.0,-0.0
14,9|1|1|1|1|1,2,princN9,0,0,,0.125,-0.0
14,9|1|1|1|1|1,2,princN14,0,0,,0.00303,0.0
14,9|1|1|1|1|1,2,fakedeg,0,0,0,1.0,-0.0
14,9|1|1|1|1|1,3,princN6,0,1,,,
14,9|1|1|1|1|1,3,princN7,0,1,,,
14,9|1|1|1|1|1,3,princN9,0,1,,,
14,9|1|1|1|1|1,3,princN14,0,1,,,
14,9|1|1|1|1|1,3,fakedeg,0,1,,,
14,9|1|1|1|1|1,4,princN6,0,0,,133.0,-68.0
14,9|1|1|1|1|1,4,princN7,0,0,,-68.0,-133.0
14,9|1|1|1|1|1,4,princN9,0,1,,,
14,9|1|1|1|1|1,4,princN14,0,0,,13.3,-6.8
14,9|1|1|1|1|1,4,fakedeg,0,0,,133.0,-68.0
14,8|6,2,princN2,0,0,,35.0,-0.0
14,8|6,2,princN3,0,0,,7.0,-0.0
14,8|6,2,princN8,0,0,,0.05,0.0
14,8|6,2,princN14,0,0,,0.001984,-0.0
14,8|6,2,fakedeg,0,0,0,1.0,-0.0
14,8|6,3,princN2,0,1,,,
14,8|6,3,princN3,0,1,,,
14,8|6,3,princN8,0,1,,,
14,8|6,3,princN14,0,1,,,
14,8|6,3,fakedeg,0,0,,41.5,18.186533
14,8|6,4,princN2,0,0,,-63.0,-126.0
14,8|6,4,princN3,0,0,,-126.0,63.0
14,8|6,4,princN8,0,1,,,
14,8|6,4,princN14,0,0,,-1.575,-3.15
14,8|6,4,fakedeg,0,0,,-21.0,-42.0
14,8|5|1,2,princN3,0,0,,7.0,0.0
14,8|5|1,2,princN4,0,0,,7.0,0.0
14,8|5|1,2,princN8,0,0,,0.1,0.0
14,8|5|1,2,princN14,0,0,,0.002976,0.0
14,8|5|1,2,fakedeg,0,0,0,1.0,0.0
14,8|5|1,3,princN3,0,1,,,
14,8|5|1,3,princN4,0,0,,-106.0,-64.08588
14,8|5|1,3,princN8,0,1,,,
14,8|5|1,3,princN14,0,1,,,
14,8|5|1,3,fakedeg,0,0,,-53.0,-32.04294
14,8|5|1,4,princN3,0,1,,,
14,8|5|1,4,princN4,0,1,,,
14,8|5|1,4,princN8,0,1,,,
14,8|5|1,4,princN14,0,1,,,
14,8|5|1,4,fakedeg,0,1,,,
14,8|4|2,2,princN3,0,0,,21.0,-0.0
14,8|4|2,2,princN4,0,0,,7.0,-0.0
14,8|4|2,2,princN8,0,0,,0.1,0.0
14,8|4|2,2,princN14,0,0,,0.002976,-0.0
14,8|4|2,2,fakedeg,0,0,0,1.0,0.0
14,8|4|2,3,princN3,0,1,,,
14,8|4|2,3,princN4,0,1,,,
14,8|4|2,3,princN8,0,1,,,
14,8|4|2,3,princN14,0,1,,,
14,8|4|2,3,fakedeg,0,1,,,
14,8|4|2,4,princN3,0,1,,,
14,8|4|2,4,princN4,0,1,,,
14,8|4|2,4,princN8,0,1,,,
14,8|4|2,4,princN14,0,1,,,
14,8|4|2,4,fakedeg,0,1,,,
14,8|4|1|1,2,princN4,0,0,,7.0,-0.0
14,8|4|1|1,2,princN5,0,0,,2.333333,-0.0
14,8|4|1|1,2,princN8,0,0,,0.1,0.0
14,8|4|1|1,2,princN14,0,0,,0.002976,0.0
14,8|4|1|1,2,fakedeg,0,0,0,1.0,-0.0
14,8|4|1|1,3,princN4,0,0,,147.5,125.573684
14,8|4|1|1,3,princN5,0,1,,,
14,8|4|1|1,3,princN8,0,1,,,
14,8|4|1|1,3,princN14,0,1,,,
14,8|4|1|1,3,fakedeg,0,0,,73.75,62.786842
14,8|4|1|1,4,princN4,0,1,,,
14,8|4|1|1,4,princN5,0,1,,,
14,8|4|1|1,4,princN8,0,1,,,
14,8|4|1|1,4,princN14,0,1,,,
14,8|4|1|1,4,fakedeg,0,1,,,
14,8|3|3,2,princN3,0,0,,21.0,0.0
14,8|3|3,2,princN4,0,0,,10.5,0.0
14,8|3|3,2,princN8,0,0,,0.125,0.0
14,8|3|3,2,princN14,0,0,,0.003401,0.0
14,8|3|3,2,fakedeg,0,0,0,1.0,0.0
14,8|3|3,3,princN3,0,1,,,
14,8|3|3,3,princN4,0,0,,136.75,100.025934
14,8|3|3,3,princN8,0,1,,,
14,8|3|3,3,princN14,0,1,,,
14,8|3|3,3,fakedeg,0,0,,34.1875,25.006484
14,8|3|3,4,princN3,0,0,,630.0,595.0
14,8|3|3,4,princN4,0,1,,,
14,8|3|3,4,princN8,0,1,,,
14,8|3|3,4,princN14,0,0,,-19.833333,21.0
14,8|3|3,4,fakedeg,0,0,,-198.333333,210.0
14,8|3|2|1,2,princN4,1,1,0,,
14,8|3|2|1,2,princN5,1,1,0,,
14,8|3|2|1,2,princN8,1,1,0,,
14,8|3|2|1,2,princN14,1,1,0,,
14,8|3|2|1,2,fakedeg,1,1,0,,
14,8|3|2|1,3,princN4,0,0,,-350.0,-301.376841
14,8|3|2|1,3,princN5,0,1,,,
14,8|3|2|1,3,princN8,0,1,,,
14,8|3|2|1,3,princN14,0,1,,,
14,8|3|2|1,3,fakedeg,0,0,,-87.5,-75.34421
14,8|3|2|1,4,princN4,0,1,,,
14,8|3|2|1,4,princN5,0,1,,,
14,8|3|2|1,4,princN8,0,1,,,
14,8|3|2|1,4,princN14,0,1,,,
14,8|3|2|1,4,fakedeg,0,1,,,
14,8|3|1|1|1,2,princN5,0,0,,2.333333,0.0
14,8|3|1|1|1,2,princN6,0,0,,2.333333,0.0
14,8|3|1|1|1,2,princN8,0,0,,0.25,0.0
14,8|3|1|1|1,2,princN14,0,0,,0.004762,-0.0
14,8|3|1|1|1,2,fakedeg,0,0,0,1.0,0.0
14,8|3|1|1|1,3,princN5,0,1,,,
14,8|3|1|1|1,3,princN6,0,1,,,
14,8|3|1|1|1,3,princN8,0,1,,,
14,8|3|1|1|1,3,princN14,0,1,,,
14,8|3|1|1|1,3,fakedeg,0,0,,100.0,117.779455
14,8|3|1|1|1,4,princN5,0,0,,-1225.0,-2450.0
14,8|3|1|1|1,4,princN6,0,0,,-2450.0,1225.0
14,8|3|1|1|1,4,princN8,0,1,,,
14,8|3|1|1|1,4,princN14,0,0,,-245.0,122.5
14,8|3|1|1|1,4,fakedeg,0,0,,-1225.0,-2450.0
14,8|2|2|2,2,princN4,0,0,,21.0,-0.0
14,8|2|2|2,2,princN5,0,0,,3.5,0.0
14,8|2|2|2,2,princN8,0,0,,0.166667,0.0
14,8|2|2|2,2,princN14,0,0,,0.003968,-0.0
14,8|2|2|2,2,fakedeg,0,0,0,1.0,0.0
14,8|2|2|2,3,princN4,0,0,,73.0,60.621778
14,8|2|2|2,3,princN5,0,1,,,
14,8|2|2|2,3,princN8,0,1,,,
14,8|2|2|2,3,princN14,0,1,,,
14,8|2|2|2,3,fakedeg,0,0,,18.25,15.155445
14,8|2|2|2,4,princN4,0,1,,,
14,8|2|2|2,4,princN5,0,1,,,
14,8|2|2|2,4,princN8,0,1,,,
14,8|2|2|2,4,princN14,0,1,,,
14,8|2|2|2,4,fakedeg,0,1,,,
14,8|2|2|1|1,2,princN5,0,0,,3.5,0.0
14,8|2|2|1|1,2,princN6,0,0,,2.333333,0.0
14,8|2|2|1|1,2,princN8,0,0,,0.25,0.0
14,8|2|2|1|1,2,princN14,0,0,,0.004762,0.0
14,8|2|2|1|1,2,fakedeg,0,0,0,1.0,0.0
14,8|2|2|1|1,3,princN5,0,0,,136.0,-410.496041
14,8|2|2|1|1,3,princN6,0,1,,,
14,8|2|2|1|1,3,princN8,0,0,,27.2,-82.099208
14,8|2|2|1|1,3,princN14,0,0,,3.885714,-11.728458
14,8|2|2|1|1,3,fakedeg,0,0,,136.0,-410.496041
14,8|2|2|1|1,4,princN5,0,1,,,
14,8|2|2|1|1,4,princN6,0,0,,1309.0,-252.0
14,8|2|2|1|1,4,princN8,0,1,,,
14,8|2|2|1|1,4,princN14,0,0,,130.9,-25.2
14,8|2|2|1|1,4,fakedeg,0,0,,1309.0,-252.0
14,8|2|1|1|1|1,2,princN6,0,0,,2.333333,-0.0
14,8|2|1|1|1|1,2,princN7,0,0,0,1.0,-0.0
14,8|2|1|1|1|1,2,princN8,0,0,,0.25,0.0
14,8|2|1|1|1|1,2,princN14,0,0,,0.004762,-0.0
14,8|2|1|1|1|1,2,fakedeg,0,0,0,1.0,-0.0
14,8|2|1|1|1|1,3,princN6,0,1,,,
14,8|2|1|1|1|1,3,princN7,0,0,,-19.25,-27.2798
14,8|2|1|1|1|1,3,princN8,0,1,,,
14,8|2|1|1|1|1,3,princN14,0,1,,,
14,8|2|1|1|1|1,3,fakedeg,0,0,,-19.25,-27.2798
14,8|2|1|1|1|1,4,princN6,0,0,,-641.666667,-0.0
14,8|2|1|1|1|1,4,princN7,0,0,,-0.0,641.666667
14,8|2|1|1|1|1,4,princN8,0,1,,,
14,8|2|1|1|1|1,4,princN14,0,0,,-64.166667,0.0
14,8|2|1|1|1|1,4,fakedeg,0,0,,-641.666667,-0.0
14,8|1|1|1|1|1|1,2,princN7,0,0,0,1.0,0.0
14,8|1|1|1|1|1|1,2,princN8,0,0,0,1.0,0.0
14,8|1|1|1|1|1|1,2,princN14,0,0,,0.008333,0.0
14,8|1|1|1|1|1|1,2,fakedeg,0,0,0,1.0,0.0
14,8|1|1|1|1|1|1,3,princN7,0,0,,4.0,5.196152
14,8|1|1|1|1|1|1,3,princN8,0,1,,,
14,8|1|1|1|1|1|1,3,princN14,0,1,,,
14,8|1|1|1|1|1|1,3,fakedeg,0,0,,4.0,5.196152
14,8|1|1|1|1|1|1,4,princN7,0,1,,,
14,8|1|1|1|1|1|1,4,princN8,0,1,,,
14,8|1|1|1|1|1|1,4,princN14,0,1,,,
14,8|1|1|1|1|1|1,4,fakedeg,0,1,,,
14,7|7,2,princN2,0,0,,35.0,-0.0
14,7|7,2,princN3,0,0,,8.75,-0.0
14,7|7,2,princN7,0,0,,0.116667,-0.0
14,7|7,2,princN14,0,0,,0.001984,0.0
14,7|7,2,fakedeg,0,0,0,1.0,-0.0
14,7|7,3,princN2,0,0,,-3.0,-36.373067
14,7|7,3,princN3,0,1,,,
14,7|7,3,princN7,0,1,,,
14,7|7,3,princN14,0,0,,-0.013333,-0.161658
14,7|7,3,fakedeg,0,0,,-0.5,-6.062178
14,7|7,4,princN2,0,0,,-20.0,-55.0
14,7|7,4,princN3,0,1,,,
14,7|7,4,princN7,0,1,,,
14,7|7,4,princN14,0,0,,-0.5,-1.375
14,7|7,4,fakedeg,0,0,,18.333333,-6.666667
14,7|6|1,2,princN3,1,1,0,,
14,7|6|1,2,princN4,1,1,0,,
14,7|6|1,2,princN7,1,1,0,,
14,7|6|1,2,princN14,1,1,0,,
14,7|6|1,2,fakedeg,1,1,0,,
14,7|6|1,3,princN3,0,1,,,
14,7|6|1,3,princN4,0,0,,110.0,72.746134
14,7|6|1,3,princN7,0,0,,18.333333,12.124356
14,7|6|1,3,princN14,0,1,,,
14,7|6|1,3,fakedeg,0,0,,55.0,36.373067
14,7|6|1,4,princN3,0,1,,,
14,7|6|1,4,princN4,0,1,,,
14,7|6|1,4,princN7,0,1,,,
14,7|6|1,4,princN14,0,1,,,
14,7|6|1,4,fakedeg,0,1,,,
14,7|5|2,2,princN3,0,0,,35.0,-0.0
14,7|5|2,2,princN4,0,0,,7.0,-0.0
14,7|5|2,2,princN7,0,0,,0.233333,0.0
14,7|5|2,2,princN14,0,0,,0.002976,0.0
14,7|5|2,2,fakedeg,0,0,0,1.0,-0.0
14,7|5|2,3,princN3,0,1,,,
14,7|5|2,3,princN4,0,1,,,
14,7|5|2,3,princN7,0,1,,,
14,7|5|2,3,princN14,0,0,,-1.43,13.458035
14,7|5|2,3,fakedeg,0,0,,-35.75,336.450869
14,7|5|2,4,princN3,0,1,,,
14,7|5|2,4,princN4,0,1,,,
14,7|5|2,4,princN7,0,1,,,
14,7|5|2,4,princN14,0,1,,,
14,7|5|2,4,fakedeg,0,1,,,
14,7|5|1|1,2,princN4,0,0,,7.0,-0.0
14,7|5|1|1,2,princN5,0,0,,3.5,-0.0
14,7|5|1|1,2,princN7,0,0,,0.35,-0.0
14,7|5|1|1,2,princN14,0,0,,0.002976,-0.0
14,7|5|1|1,2,fakedeg,0,0,0,1.0,-0.0
14,7|5|1|1,3,princN4,0,1,,,
14,7|5|1|1,3,princN5,0,1,,,
14,7|5|1|1,3,princN7,0,1,,,
14,7|5|1|1,3,princN14,0,1,,,
14,7|5|1|1,3,fakedeg,0,1,,,
14,7|5|1|1,4,princN4,0,1,,,
14,7|5|1|1,4,princN5,0,1,,,
14,7|5|1|1,4,princN7,0,1,,,
14,7|5|1|1,4,princN14,0,1,,,
14,7|5|1|1,4,fakedeg,0,1,,,
14,7|4|3,2,princN3,1,1,0,,
14,7|4|3,2,princN4,1,1,0,,
14,7|4|3,2,princN7,1,1,0,,
14,7|4|3,2,princN14,1,1,0,,
14,7|4|3,2,fakedeg,1,1,0,,
14,7|4|3,3,princN3,0,1,,,
14,7|4|3,3,princN4,0,1,,,
14,7|4|3,3,princN7,0,1,,,
14,7|4|3,3,princN14,0,0,,0.535,-3.455441
14,7|4|3,3,fakedeg,0,0,,13.375,-86.386034
14,7|4|3,4,princN3,0,1,,,
14,7|4|3,4,princN4,0,1,,,
14,7|4|3,4,princN7,0,1,,,
14,7|4|3,4,princN14,0,1,,,
14,7|4|3,4,fakedeg,0,1,,,
14,7|4|2|1,2,princN4,0,0,,7.0,-0.0
14,7|4|2|1,2,princN5,0,0,,7.0,-0.0
14,7|4|2|1,2,princN7,0,0,,0.583333,0.0
14,7|4|2|1,2,princN14,0,0,,0.002976,0.0
14,7|4|2|1,2,fakedeg,0,0,0,1.0,-0.0
14,7|4|2|1,3,princN4,0,1,,,
14,7|4|2|1,3,princN5,0,0,,-118.0,504.026785
14,7|4|2|1,3,princN7,0,1,,,
14,7|4|2|1,3,princN14,0,0,,-2.36,10.080536
14,7|4|2|1,3,fakedeg,0,0,,-59.0,252.013393
14,7|4|2|1,4,princN4,0,1,,,
14,7|4|2|1,4,princN5,0,1,,,
14,7|4|2|1,4,princN7,0,1,,,
14,7|4|2|1,4,princN14,0,1,,,
14,7|4|2|1,4,fakedeg,0,1,,,
14,7|4|1|1|1,2,princN5,1,1,0,,
14,7|4|1|1|1,2,princN6,1,1,0,,
14,7|4|1|1|1,2,princN7,1,1,0,,
14,7|4|1|1|1,2,princN14,1,1,0,,
14,7|4|1|1|1,2,fakedeg,1,1,0,,
14,7|4|1|1|1,3,princN5,0,0,,44.0,-117.779455
14,7|4|1|1|1,3,princN6,0,1,,,
14,7|4|1|1|1,3,princN7,0,1,,,
14,7|4|1|1|1,3,princN14,0,0,,0.88,-2.355589
14,7|4|1|1|1,3,fakedeg,0,0,,22.0,-58.889727
14,7|4|1|1|1,4,princN5,0,1,,,
14,7|4|1|1|1,4,princN6,0,1,,,
14,7|4|1|1|1,4,princN7,0,1,,,
14,7|4|1|1|1,4,princN14,0,1,,,
14,7|4|1|1|1,4,fakedeg,0,1,,,
14,7|3|3|1,2,princN4,0,0,,10.5,-0.0
14,7|3|3|1,2,princN5,0,0,,7.0,-0.0
14,7|3|3|1,2,princN7,0,0,,0.583333,-0.0
14,7|3|3|1,2,princN14,0,0,,0.003401,-0.0
14,7|3|3|1,2,fakedeg,0,0,0,1.0,-0.0
14,7|3|3|1,3,princN4,0,1,,,
14,7|3|3|1,3,princN5,0,1,,,
14,7|3|3|1,3,princN7,0,1,,,
14,7|3|3|1,3,princN14,0,1,,,
14,7|3|3|1,3,fakedeg,0,1,,,
14,7|3|3|1,4,princN4,0,1,,,
14,7|3|3|1,4,princN5,0,0,,-525.0,-2940.0
14,7|3|3|1,4,princN7,0,1,,,
14,7|3|3|1,4,princN14,0,0,,-98.0,17.5
14,7|3|3|1,4,fakedeg,0,0,,-175.0,-980.0
14,7|3|2|2,2,princN4,0,0,,21.0,-0.0
14,7|3|2|2,2,princN5,0,0,,7.0,-0.0
14,7|3|2|2,2,princN7,0,0,,0.583333,0.0
14,7|3|2|2,2,princN14,0,0,,0.003968,0.0
14,7|3|2|2,2,fakedeg,0,0,0,1.0,-0.0
14,7|3|2|2,3,princN4,0,0,,-674.0,-665.10751
14,7|3|2|2,3,princN5,0,1,,,
14,7|3|2|2,3,princN7,0,0,,-84.25,-83.138439
14,7|3|2|2,3,princN14,0,1,,,
14,7|3|2|2,3,fakedeg,0,0,,-168.5,-166.276878
14,7|3|2|2,4,princN4,0,1,,,
14,7|3|2|2,4,princN5,0,1,,,
14,7|3|2|2,4,princN7,0,1,,,
14,7|3|2|2,4,princN14,0,1,,,
14,7|3|2|2,4,fakedeg,0,1,,,
14,7|3|2|1|1,2,princN5,0,0,,7.0,-0.0
14,7|3|2|1|1,2,princN6,0,0,,2.333333,-0.0
14,7|3|2|1|1,2,princN7,0,0,,0.583333,-0.0
14,7|3|2|1|1,2,princN14,0,0,,0.004762,-0.0
14,7|3|2|1|1,2,fakedeg,0,0,0,1.0,-0.0
14,7|3|2|1|1,3,princN5,0,0,,-167.5,437.342829
14,7|3|2|1|1,3,princN6,0,1,,,
14,7|3|2|1|1,3,princN7,0,1,,,
14,7|3|2|1|1,3,princN14,0,0,,-3.35,8.746857
14,7|3|2|1|1,3,fakedeg,0,0,,-83.75,218.671414
14,7|3|2|1|1,4,princN5,0,0,,-595.0,6650.0
14,7|3|2|1|1,4,princN6,0,0,,2216.666667,198.333333
14,7|3|2|1|1,4,princN7,0,1,,,
14,7|3|2|1|1,4,princN14,0,0,,221.666667,19.833333
14,7|3|2|1|1,4,fakedeg,0,0,,-198.333333,2216.666667
14,7|3|1|1|1|1,2,princN6,0,0,,2.333333,-0.0
14,7|3|1|1|1|1,2,princN7,0,0,,1.75,-0.0
14,7|3|1|1|1|1,2,princN14,0,0,,0.004762,0.0
14,7|3|1|1|1|1,2,fakedeg,0,0,0,1.0,-0.0
14,7|3|1|1|1|1,3,princN6,0,1,,,
14,7|3|1|1|1|1,3,princN7,0,0,,100.0,147.224319
14,7|3|1|1|1|1,3,princN14,0,1,,,
14,7|3|1|1|1|1,3,fakedeg,0,0,,100.0,147.224319
14,7|3|1|1|1|1,4,princN6,0,0,,-1810.0,-515.0
14,7|3|1|1|1|1,4,princN7,0,1,,,
14,7|3|1|1|1|1,4,princN14,0,0,,-181.0,-51.5
14,7|3|1|1|1|1,4,fakedeg,0,0,,515.0,-1810.0
14,7|2|2|2|1,2,princN5,1,1,0,,
14,7|2|2|2|1,2,princN6,1,1,0,,
14,7|2|2|2|1,2,princN7,1,1,0,,
14,7|2|2|2|1,2,princN14,1,1,0,,
14,7|2|2|2|1,2,fakedeg,1,1,0,,
14,7|2|2|2|1,3,princN5,0,0,,103.0,-275.396078
14,7|2|2|2|1,3,princN6,0,1,,,
14,7|2|2|2|1,3,princN7,0,1,,,
14,7|2|2|2|1,3,princN14,0,0,,1.2875,-3.442451
14,7|2|2|2|1,3,fakedeg,0,0,,25.75,-68.84902
14,7|2|2|2|1,4,princN5,0,1,,,
14,7|2|2|2|1,4,princN6,0,1,,,
14,7|2|2|2|1,4,princN7,0,1,,,
14,7|2|2|2|1,4,princN14,0,1,,,
14,7|2|2|2|1,4,fakedeg,0,1,,,
14,7|2|2|1|1|1,2,princN6,0,0,,2.333333,-0.0
14,7|2|2|1|1|1,2,princN7,0,0,,2.333333,-0.0
14,7|2|2|1|1|1,2,princN14,0,0,,0.004762,-0.0
14,7|2|2|1|1|1,2,fakedeg,0,0,0,1.0,-0.0
14,7|2|2|1|1|1,3,princN6,0,1,,,
14,7|2|2|1|1|1,3,princN7,0,1,,,
14,7|2|2|1|1|1,3,princN14,0,0,,-5.533333,10.276835
14,7|2|2|1|1|1,3,fakedeg,0,0,,-83.0,154.152522
14,7|2|2|1|1|1,4,princN6,0,0,,3185.0,1960.0
14,7|2|2|1|1|1,4,princN7,0,0,,1960.0,-3185.0
14,7|2|2|1|1|1,4,princN14,0,0,,318.5,196.0
14,7|2|2|1|1|1,4,fakedeg,0,0,,3185.0,1960.0
14,7|2|1|1|1|1|1,2,princN7,1,1,0,,
14,7|2|1|1|1|1|1,2,princN8,1,1,0,,
14,7|2|1|1|1|1|1,2,princN14,1,1,0,,
14,7|2|1|1|1|1|1,2,fakedeg,1,1,0,,
14,7|2|1|1|1|1|1,3,princN7,0,1,,,
14,7|2|1|1|1|1|1,3,princN8,0,1,,,
14,7|2|1|1|1|1|1,3,princN14,0,1,,,
14,7|2|1|1|1|1|1,3,fakedeg,0,1,,,
14,7|2|1|1|1|1|1,4,princN7,0,1,,,
14,7|2|1|1|1|1|1,4,princN8,0,1,,,
14,7|2|1|1|1|1|1,4,princN14,0,1,,,
14,7|2|1|1|1|1|1,4,fakedeg,0,1,,,
14,7|1|1|1|1|1|1|1,2,princN7,0,1,,,
14,7|1|1|1|1|1|1|1,2,princN8,0,0,0,1.0,-0.0
14,7|1|1|1|1|1|1|1,2,princN9,0,0,0,1.0,-0.0
14,7|1|1|1|1|1|1|1,2,princN14,0,0,,0.008333,-0.0
14,7|1|1|1|1|1|1|1,2,fakedeg,0,0,0,1.0,-0.0
14,7|1|1|1|1|1|1|1,3,princN7,0,1,,,
14,7|1|1|1|1|1|1|1,3,princN8,0,0,,4.0,-5.196152
14,7|1|1|1|1|1|1|1,3,princN9,0,1,,,
14,7|1|1|1|1|1|1|1,3,princN14,0,0,,0.266667,-0.34641
14,7|1|1|1|1|1|1|1,3,fakedeg,0,0,,4.0,-5.196152
14,7|1|1|1|1|1|1|1,4,princN7,0,1,,,
14,7|1|1|1|1|1|1|1,4,princN8,0,1,,,
14,7|1|1|1|1|1|1|1,4,princN9,0,1,,,
14,7|1|1|1|1|1|1|1,4,princN14,0,1,,,
14,7|1|1|1|1|1|1|1,4,fakedeg,0,1,,,
14,6|6|2,2,princN3,0,0,,35.0,-0.0
14,6|6|2,2,princN4,0,0,,8.75,-0.0
14,6|6|2,2,princN6,0,0,,0.7,-0.0
14,6|6|2,2,princN14,0,0,,0.003307,-0.0
14,6|6|2,2,fakedeg,0,0,0,1.0,-0.0
14,6|6|2,3,princN3,0,1,,,
14,6|6|2,3,princN4,0,1,,,
14,6|6|2,3,princN6,0,1,,,
14,6|6|2,3,princN14,0,1,,,
14,6|6|2,3,fakedeg,0,1,,,
14,6|6|2,4,princN3,0,0,,510.0,435.0
14,6|6|2,4,princN4,0,1,,,
14,6|6|2,4,princN6,0,0,,-217.5,255.0
14,6|6|2,4,princN14,0,0,,-18.125,21.25
14,6|6|2,4,fakedeg,0,0,,-145.0,170.0
14,6|6|1|1,2,princN4,0,0,,8.75,-0.0
14,6|6|1|1,2,princN5,0,0,,3.5,-0.0
14,6|6|1|1,2,princN6,0,0,,0.7,-0.0
14,6|6|1|1,2,princN14,0,0,,0.003307,0.0
14,6|6|1|1,2,fakedeg,0,0,0,1.0,-0.0
14,6|6|1|1,3,princN4,0,0,,-97.0,-98.726896
14,6|6|1|1,3,princN5,0,1,,,
14,6|6|1|1,3,princN6,0,1,,,
14,6|6|1|1,3,princN14,0,1,,,
14,6|6|1|1,3,fakedeg,0,0,,-48.5,-49.363448
14,6|6|1|1,4,princN4,0,1,,,
14,6|6|1|1,4,princN5,0,0,,-290.5,-308.0
14,6|6|1|1,4,princN6,0,0,,-308.0,290.5
14,6|6|1|1,4,princN14,0,0,,-25.666667,24.208333
14,6|6|1|1,4,fakedeg,0,0,,-193.666667,-205.333333
14,6|5|3,2,princN3,0,0,,35.0,0.0
14,6|5|3,2,princN4,0,0,,17.5,0.0
14,6|5|3,2,princN6,0,0,,1.166667,0.0
14,6|5|3,2,princN14,0,0,,0.004252,0.0
14,6|5|3,2,fakedeg,0,0,0,1.0,0.0
14,6|5|3,3,princN3,0,1,,,
14,6|5|3,3,princN4,0,1,,,
14,6|5|3,3,princN6,0,1,,,
14,6|5|3,3,princN14,0,0,,-0.83,4.10496
14,6|5|3,3,fakedeg,0,0,,-20.75,102.62401
14,6|5|3,4,princN3,0,0,,-700.0,-1155.0
14,6|5|3,4,princN4,0,1,,,
14,6|5|3,4,princN6,0,0,,577.5,-350.0
14,6|5|3,4,princN14,0,0,,48.125,-29.166667
14,6|5|3,4,fakedeg,0,0,,385.0,-233.333333
14,6|5|2|1,2,princN4,1,1,0,,
14,6|5|2|1,2,princN5,1,1,0,,
14,6|5|2|1,2,princN6,1,1,0,,
14,6|5|2|1,2,princN14,1,1,0,,
14,6|5|2|1,2,fakedeg,1,1,0,,
14,6|5|2|1,3,princN4,0,1,,,
14,6|5|2|1,3,princN5,0,0,,95.0,-316.965298
14,6|5|2|1,3,princN6,0,1,,,
14,6|5|2|1,3,princN14,0,0,,1.9,-6.339306
14,6|5|2|1,3,fakedeg,0,0,,47.5,-158.482649
14,6|5|2|1,4,princN4,0,1,,,
14,6|5|2|1,4,princN5,0,1,,,
14,6|5|2|1,4,princN6,0,1,,,
14,6|5|2|1,4,princN14,0,1,,,
14,6|5|2|1,4,fakedeg,0,1,,,
14,6|5|1|1|1,2,princN5,0,0,,3.5,0.0
14,6|5|1|1|1,2,princN6,0,0,,3.5,-0.0
14,6|5|1|1|1,2,princN14,0,0,,0.005952,-0.0
14,6|5|1|1|1,2,fakedeg,0,0,0,1.0,0.0
14,6|5|1|1|1,3,princN5,0,0,,-44.5,97.860871
14,6|5|1|1|1,3,princN6,0,1,,,
14,6|5|1|1|1,3,princN14,0,0,,-0.89,1.957217
14,6|5|1|1|1,3,fakedeg,0,0,,-22.25,48.930435
14,6|5|1|1|1,4,princN5,0,0,,199.5,1330.0
14,6|5|1|1|1,4,princN6,0,0,,1330.0,-199.5
14,6|5|1|1|1,4,princN14,0,0,,110.833333,-16.625
14,6|5|1|1|1,4,fakedeg,0,0,,133.0,886.666667
14,6|4|4,2,princN3,0,0,,52.5,-0.0
14,6|4|4,2,princN4,0,0,,17.5,-0.0
14,6|4|4,2,princN6,0,0,,1.166667,0.0
14,6|4|4,2,princN14,0,0,,0.004252,-0.0
14,6|4|4,2,fakedeg,0,0,0,1.0,0.0
14,6|4|4,3,princN3,0,1,,,
14,6|4|4,3,princN4,0,1,,,
14,6|4|4,3,princN6,0,1,,,
14,6|4|4,3,princN14,0,1,,,
14,6|4|4,3,fakedeg,0,1,,,
14,6|4|4,4,princN3,0,1,,,
14,6|4|4,4,princN4,0,1,,,
14,6|4|4,4,princN6,0,0,,-315.0,157.5
14,6|4|4,4,princN14,0,0,,-26.25,13.125
14,6|4|4,4,fakedeg,0,0,,-105.0,-210.0
14,6|4|3|1,2,princN4,0,0,,17.5,-0.0
14,6|4|3|1,2,princN5,0,0,,7.0,-0.0
14,6|4|3|1,2,princN6,0,0,,1.166667,0.0
14,6|4|3|1,2,princN14,0,0,,0.004252,0.0
14,6|4|3|1,2,fakedeg,0,0,0,1.0,-0.0
14,6|4|3|1,3,princN4,0,1,,,
14,6|4|3|1,3,princN5,0,0,,-542.5,1623.797632
14,6|4|3|1,3,princN6,0,1,,,
14,6|4|3|1,3,princN14,0,0,,-10.85,32.475953
14,6|4|3|1,3,fakedeg,0,0,,-271.25,811.898816
14,6|4|3|1,4,princN4,0,1,,,
14,6|4|3|1,4,princN5,0,0,,105.0,2310.0
14,6|4|3|1,4,princN6,0,0,,1155.0,-52.5
14,6|4|3|1,4,princN14,0,0,,96.25,-4.375
14,6|4|3|1,4,fakedeg,0,0,,35.0,770.0
14,6|4|2|2,2,princN4,0,0,,35.0,-0.0
14,6|4|2|2,2,princN5,0,0,,7.0,-0.0
14,6|4|2|2,2,princN6,0,0,,1.75,-0.0
14,6|4|2|2,2,princN14,0,0,,0.00496,-0.0
14,6|4|2|2,2,fakedeg,0,0,0,1.0,-0.0
14,6|4|2|2,3,princN4,0,1,,,
14,6|4|2|2,3,princN5,0,1,,,
14,6|4|2|2,3,princN6,0,1,,,
14,6|4|2|2,3,princN14,0,1,,,
14,6|4|2|2,3,fakedeg,0,1,,,
14,6|4|2|2,4,princN4,0,1,,,
14,6|4|2|2,4,princN5,0,1,,,
14,6|4|2|2,4,princN6,0,1,,,
14,6|4|2|2,4,princN14,0,1,,,
14,6|4|2|2,4,fakedeg,0,1,,,
14,6|4|2|1|1,2,princN5,0,0,,7.0,0.0
14,6|4|2|1|1,2,princN6,0,0,,3.5,0.0
14,6|4|2|1|1,2,princN14,0,0,,0.005952,0.0
14,6|4|2|1|1,2,fakedeg,0,0,0,1.0,0.0
14,6|4|2|1|1,3,princN5,0,1,,,
14,6|4|2|1|1,3,princN6,0,1,,,
14,6|4|2|1|1,3,princN14,0,1,,,
14,6|4|2|1|1,3,fakedeg,0,1,,,
14,6|4|2|1|1,4,princN5,0,0,,963.0,-3924.0
14,6|4|2|1|1,4,princN6,0,0,,-1962.0,-481.5
14,6|4|2|1|1,4,princN14,0,0,,-163.5,-40.125
14,6|4|2|1|1,4,fakedeg,0,0,,321.0,-1308.0
14,6|4|1|1|1|1,2,princN6,0,0,,3.5,-0.0
14,6|4|1|1|1|1,2,princN7,0,0,,1.75,-0.0
14,6|4|1|1|1|1,2,princN14,0,0,,0.005952,-0.0
14,6|4|1|1|1|1,2,fakedeg,0,0,0,1.0,-0.0
14,6|4|1|1|1|1,3,princN6,0,1,,,
14,6|4|1|1|1|1,3,princN7,0,1,,,
14,6|4|1|1|1|1,3,princN14,0,1,,,
14,6|4|1|1|1|1,3,fakedeg,0,1,,,
14,6|4|1|1|1|1,4,princN6,0,0,,1890.0,892.5
14,6|4|1|1|1|1,4,princN7,0,1,,,
14,6|4|1|1|1|1,4,princN14,0,0,,157.5,74.375
14,6|4|1|1|1|1,4,fakedeg,0,0,,-595.0,1260.0
14,6|3|3|2,2,princN4,0,0,,52.5,-0.0
14,6|3|3|2,2,princN5,0,0,,7.0,0.0
14,6|3|3|2,2,princN6,0,0,,2.333333,0.0
14,6|3|3|2,2,princN14,0,0,,0.005669,0.0
14,6|3|3|2,2,fakedeg,0,0,0,1.0,0.0
14,6|3|3|2,3,princN4,0,0,,701.5,870.355531
14,6|3|3|2,3,princN5,0,1,,,
14,6|3|3|2,3,princN6,0,1,,,
14,6|3|3|2,3,princN14,0,1,,,
14,6|3|3|2,3,fakedeg,0,0,,175.375,217.588883
14,6|3|3|2,4,princN4,0,1,,,
14,6|3|3|2,4,princN5,0,0,,1295.0,-3080.0
14,6|3|3|2,4,princN6,0,0,,-3080.0,-1295.0
14,6|3|3|2,4,princN14,0,0,,-171.111111,-71.944444
14,6|3|3|2,4,fakedeg,0,0,,431.666667,-1026.666667
14,6|3|3|1|1,2,princN5,0,0,,7.0,0.0
14,6|3|3|1|1,2,princN6,0,0,,4.666667,0.0
14,6|3|3|1|1,2,princN14,0,0,,0.006803,-0.0
14,6|3|3|1|1,2,fakedeg,0,0,0,1.0,0.0
14,6|3|3|1|1,3,princN5,0,0,,200.0,-422.620397
14,6|3|3|1|1,3,princN6,0,1,,,
14,6|3|3|1|1,3,princN14,0,0,,4.0,-8.452408
14,6|3|3|1|1,3,fakedeg,0,0,,100.0,-211.310199
14,6|3|3|1|1,4,princN5,0,1,,,
14,6|3|3|1|1,4,princN6,0,1,,,
14,6|3|3|1|1,4,princN14,0,1,,,
14,6|3|3|1|1,4,fakedeg,0,1,,,
14,6|3|2|2|1,2,princN5,0,0,,7.0,0.0
14,6|3|2|2|1,2,princN6,0,0,,7.0,0.0
14,6|3|2|2|1,2,princN14,0,0,,0.007937,0.0
14,6|3|2|2|1,2,fakedeg,0,0,0,1.0,0.0
14,6|3|2|2|1,3,princN5,0,1,,,
14,6|3|2|2|1,3,princN6,0,1,,,
14,6|3|2|2|1,3,princN14,0,1,,,
14,6|3|2|2|1,3,fakedeg,0,1,,,
14,6|3|2|2|1,4,princN5,0,0,,-4599.0,5838.0
14,6|3|2|2|1,4,princN6,0,0,,5838.0,4599.0
14,6|3|2|2|1,4,princN14,0,0,,324.333333,255.5
14,6|3|2|2|1,4,fakedeg,0,0,,-1533.0,1946.0
14,6|3|2|1|1|1,2,princN6,1,1,0,,
14,6|3|2|1|1|1,2,princN7,1,1,0,,
14,6|3|2|1|1|1,2,princN14,1,1,0,,
14,6|3|2|1|1|1,2,fakedeg,1,1,0,,
14,6|3|2|1|1|1,3,princN6,0,1,,,
14,6|3|2|1|1|1,3,princN7,0,1,,,
14,6|3|2|1|1|1,3,princN14,0,1,,,
14,6|3|2|1|1|1,3,fakedeg,0,1,,,
14,6|3|2|1|1|1,4,princN6,0,1,,,
14,6|3|2|1|1|1,4,princN7,0,1,,,
14,6|3|2|1|1|1,4,princN14,0,1,,,
14,6|3|2|1|1|1,4,fakedeg,0,1,,,
14,6|3|1|1|1|1|1,2,princN6,0,1,,,
14,6|3|1|1|1|1|1,2,princN7,0,0,,1.75,0.0
14,6|3|1|1|1|1|1,2,princN8,0,0,,1.75,0.0
14,6|3|1|1|1|1|1,2,princN14,0,0,,0.011905,0.0
14,6|3|1|1|1|1|1,2,fakedeg,0,0,0,1.0,0.0
14,6|3|1|1|1|1|1,3,princN6,0,1,,,
14,6|3|1|1|1|1|1,3,princN7,0,0,,-83.0,-154.152522
14,6|3|1|1|1|1|1,3,princN8,0,1,,,
14,6|3|1|1|1|1|1,3,princN14,0,1,,,
14,6|3|1|1|1|1|1,3,fakedeg,0,0,,-83.0,-154.152522
14,6|3|1|1|1|1|1,4,princN6,0,1,,,
14,6|3|1|1|1|1|1,4,princN7,0,1,,,
14,6|3|1|1|1|1|1,4,princN8,0,1,,,
14,6|3|1|1|1|1|1,4,princN14,0,0,,-490.0,-796.25
14,6|3|1|1|1|1|1,4,fakedeg,0,0,,3185.0,-1960.0
14,6|2|2|2|2,2,princN5,0,0,,21.0,0.0
14,6|2|2|2|2,2,princN6,0,0,,7.0,0.0
14,6|2|2|2|2,2,princN14,0,0,,0.007937,-0.0
14,6|2|2|2|2,2,fakedeg,0,0,0,1.0,0.0
14,6|2|2|2|2,3,princN5,0,0,,-83.75,180.566297
14,6|2|2|2|2,3,princN6,0,1,,,
14,6|2|2|2|2,3,princN14,0,0,,-1.046875,2.257079
14,6|2|2|2|2,3,fakedeg,0,0,,-20.9375,45.141574
14,6|2|2|2|2,4,princN5,0,0,,805.0,-462.0
14,6|2|2|2|2,4,princN6,0,0,,-462.0,-805.0
14,6|2|2|2|2,4,princN14,0,0,,-25.666667,-44.722222
14,6|2|2|2|2,4,fakedeg,0,0,,268.333333,-154.0
14,6|2|2|2|1|1,2,princN6,0,0,,7.0,0.0
14,6|2|2|2|1|1,2,princN7,0,0,,2.333333,0.0
14,6|2|2|2|1|1,2,princN14,0,0,,0.007937,0.0
14,6|2|2|2|1|1,2,fakedeg,0,0,0,1.0,0.0
14,6|2|2|2|1|1,3,princN6,0,1,,,
14,6|2|2|2|1|1,3,princN7,0,1,,,
14,6|2|2|2|1|1,3,princN14,0,1,,,
14,6|2|2|2|1|1,3,fakedeg,0,1,,,
14,6|2|2|2|1|1,4,princN6,0,0,,-1785.0,-3780.0
14,6|2|2|2|1|1,4,princN7,0,0,,-1260.0,595.0
14,6|2|2|2|1|1,4,princN14,0,0,,-99.166667,-210.0
14,6|2|2|2|1|1,4,fakedeg,0,0,,-595.0,-1260.0
14,6|2|2|1|1|1|1,2,princN6,0,1,,,
14,6|2|2|1|1|1|1,2,princN7,0,0,,2.333333,0.0
14,6|2|2|1|1|1|1,2,princN8,0,0,,1.75,0.0
14,6|2|2|1|1|1|1,2,princN14,0,0,,0.011905,-0.0
14,6|2|2|1|1|1|1,2,fakedeg,0,0,0,1.0,0.0
14,6|2|2|1|1|1|1,3,princN6,0,1,,,
14,6|2|2|1|1|1|1,3,princN7,0,1,,,
14,6|2|2|1|1|1|1,3,princN8,0,0,,100.0,-147.224319
14,6|2|2|1|1|1|1,3,princN14,0,0,,6.666667,-9.814955
14,6|2|2|1|1|1|1,3,fakedeg,0,0,,100.0,-147.224319
14,6|2|2|1|1|1|1,4,princN6,0,1,,,
14,6|2|2|1|1|1|1,4,princN7,0,0,,1810.0,-515.0
14,6|2|2|1|1|1|1,4,princN8,0,1,,,
14,6|2|2|1|1|1|1,4,princN14,0,0,,128.75,452.5
14,6|2|2|1|1|1|1,4,fakedeg,0,0,,515.0,1810.0
14,6|2|1|1|1|1|1|1,2,princN6,0,1,,,
14,6|2|1|1|1|1|1|1,2,princN8,0,0,,1.75,-0.0
14,6|2|1|1|1|1|1|1,2,princN9,0,0,0,1.0,-0.0
14,6|2|1|1|1|1|1|1,2,princN14,0,0,,0.011905,0.0
14,6|2|1|1|1|1|1|1,2,fakedeg,0,0,0,1.0,0.0
14,6|2|1|1|1|1|1|1,3,princN6,0,1,,,
14,6|2|1|1|1|1|1|1,3,princN8,0,0,,-19.25,27.2798
14,6|2|1|1|1|1|1|1,3,princN9,0,1,,,
14,6|2|1|1|1|1|1|1,3,princN14,0,0,,-1.283333,1.818653
14,6|2|1|1|1|1|1|1,3,fakedeg,0,0,,-19.25,27.2798
14,6|2|1|1|1|1|1|1,4,princN6,0,1,,,
14,6|2|1|1|1|1|1|1,4,princN8,0,1,,,
14,6|2|1|1|1|1|1|1,4,princN9,0,0,,-641.666667,0.0
14,6|2|1|1|1|1|1|1,4,princN14,0,0,,-0.0,160.416667
14,6|2|1|1|1|1|1|1,4,fakedeg,0,0,,-641.666667,0.0
14,6|1|1|1|1|1|1|1|1,2,princN6,0,1,,,
14,6|1|1|1|1|1|1|1|1,2,princN9,0,0,0,1.0,0.0
14,6|1|1|1|1|1|1|1|1,2,princN10,0,0,0,1.0,0.0
14,6|1|1|1|1|1|1|1|1,2,princN14,0,0,,0.027778,-0.0
14,6|1|1|1|1|1|1|1|1,2,fakedeg,0,0,0,1.0,0.0
14,6|1|1|1|1|1|1|1|1,3,princN6,0,1,,,
14,6|1|1|1|1|1|1|1|1,3,princN9,0,1,,,
14,6|1|1|1|1|1|1|1|1,3,princN10,0,1,,,
14,6|1|1|1|1|1|1|1|1,3,princN14,0,1,,,
14,6|1|1|1|1|1|1|1|1,3,fakedeg,0,1,,,
14,6|1|1|1|1|1|1|1|1,4,princN6,0,1,,,
14,6|1|1|1|1|1|1|1|1,4,princN9,0,0,,133.0,68.0
14,6|1|1|1|1|1|1|1|1,4,princN10,0,0,,68.0,-133.0
14,6|1|1|1|1|1|1|1|1,4,princN14,0,0,,17.0,-33.25
14,6|1|1|1|1|1|1|1|1,4,fakedeg,0,0,,133.0,68.0
14,5|5|4,2,princN3,0,0,,70.0,-0.0
14,5|5|4,2,princN4,0,0,,17.5,-0.0
14,5|5|4,2,princN5,0,0,,2.916667,-0.0
14,5|5|4,2,princN14,0,0,,0.004252,0.0
14,5|5|4,2,fakedeg,0,0,0,1.0,0.0
14,5|5|4,3,princN3,0,1,,,
14,5|5|4,3,princN4,0,0,,-169.5,-163.678801
14,5|5|4,3,princN5,0,1,,,
14,5|5|4,3,princN14,0,1,,,
14,5|5|4,3,fakedeg,0,0,,-28.25,-27.2798
14,5|5|4,4,princN3,0,0,,168.0,434.0
14,5|5|4,4,princN4,0,1,,,
14,5|5|4,4,princN5,0,1,,,
14,5|5|4,4,princN14,0,0,,-9.041667,3.5
14,5|5|4,4,fakedeg,0,0,,-72.333333,28.0
14,5|5|3|1,2,princN4,0,0,,17.5,-0.0
14,5|5|3|1,2,princN5,0,0,,8.75,-0.0
14,5|5|3|1,2,princN14,0,0,,0.004252,-0.0
14,5|5|3|1,2,fakedeg,0,0,0,1.0,-0.0
14,5|5|3|1,3,princN4,0,1,,,
14,5|5|3|1,3,princN5,0,1,,,
14,5|5|3|1,3,princN14,0,1,,,
14,5|5|3|1,3,fakedeg,0,1,,,
14,5|5|3|1,4,princN4,0,1,,,
14,5|5|3|1,4,princN5,0,1,,,
14,5|5|3|1,4,princN14,0,0,,97.125,3.5
14,5|5|3|1,4,fakedeg,0,0,,777.0,28.0
14,5|5|2|2,2,princN4,0,0,,35.0,-0.0
14,5|5|2|2,2,princN5,0,0,,8.75,-0.0
14,5|5|2|2,2,princN14,0,0,,0.00496,0.0
14,5|5|2|2,2,fakedeg,0,0,0,1.0,-0.0
14,5|5|2|2,3,princN4,0,0,,217.5,285.788383
14,5|5|2|2,3,princN5,0,1,,,
14,5|5|2|2,3,princN14,0,1,,,
14,5|5|2|2,3,fakedeg,0,0,,36.25,47.631397
14,5|5|2|2,4,princN4,0,1,,,
14,5|5|2|2,4,princN5,0,1,,,
14,5|5|2|2,4,princN14,0,1,,,
14,5|5|2|2,4,fakedeg,0,1,,,
14,5|5|2|1|1,2,princN5,0,0,,8.75,-0.0
14,5|5|2|1|1,2,princN6,0,0,,3.5,-0.0
14,5|5|2|1|1,2,princN14,0,0,,0.005952,-0.0
14,5|5|2|1|1,2,fakedeg,0,0,0,1.0,-0.0
14,5|5|2|1|1,3,princN5,0,0,,257.0,-475.447947
14,5|5|2|1|1,3,princN6,0,1,,,
14,5|5|2|1|1,3,princN14,0,0,,5.14,-9.508959
14,5|5|2|1|1,3,fakedeg,0,0,,128.5,-237.723973
14,5|5|2|1|1,4,princN5,0,1,,,
14,5|5|2|1|1,4,princN6,0,0,,-1767.5,-595.0
14,5|5|2|1|1,4,princN14,0,0,,-147.291667,-49.583333
14,5|5|2|1|1,4,fakedeg,0,0,,-1178.333333,-396.666667
14,5|5|1|1|1|1,2,princN5,0,1,,,
14,5|5|1|1|1|1,2,princN6,0,0,,3.5,-0.0
14,5|5|1|1|1|1,2,princN7,0,0,,2.1,-0.0
14,5|5|1|1|1|1,2,princN14,0,0,,0.005952,0.0
14,5|5|1|1|1|1,2,fakedeg,0,0,0,1.0,-0.0
14,5|5|1|1|1|1,3,princN5,0,1,,,
14,5|5|1|1|1|1,3,princN6,0,1,,,
14,5|5|1|1|1|1,3,princN7,0,0,,-27.916667,-60.188766
14,5|5|1|1|1|1,3,princN14,0,1,,,
14,5|5|1|1|1|1,3,fakedeg,0,0,,-20.9375,-45.141574
14,5|5|1|1|1|1,4,princN5,0,1,,,
14,5|5|1|1|1|1,4,princN6,0,0,,402.5,231.0
14,5|5|1|1|1|1,4,princN7,0,0,,231.0,-402.5
14,5|5|1|1|1|1,4,princN14,0,0,,33.541667,19.25
14,5|5|1|1|1|1,4,fakedeg,0,0,,268.333333,154.0
14,5|4|4|1,2,princN4,0,0,,17.5,-0.0
14,5|4|4|1,2,princN5,0,0,,11.666667,-0.0
14,5|4|4|1,2,princN14,0,0,,0.004252,0.0
14,5|4|4|1,2,fakedeg,0,0,0,1.0,-0.0
14,5|4|4|1,3,princN4,0,0,,442.5,553.390233
14,5|4|4|1,3,princN5,0,1,,,
14,5|4|4|1,3,princN14,0,1,,,
14,5|4|4|1,3,fakedeg,0,0,,73.75,92.231706
14,5|4|4|1,4,princN4,0,1,,,
14,5|4|4|1,4,princN5,0,0,,189.0,-1582.0
14,5|4|4|1,4,princN14,0,0,,-65.916667,-7.875
14,5|4|4|1,4,fakedeg,0,0,,63.0,-527.333333
14,5|4|3|2,2,princN4,1,1,0,,
14,5|4|3|2,2,princN5,1,1,0,,
14,5|4|3|2,2,princN14,1,1,0,,
14,5|4|3|2,2,fakedeg,1,1,0,,
14,5|4|3|2,3,princN4,0,0,,-448.5,-641.724824
14,5|4|3|2,3,princN5,0,1,,,
14,5|4|3|2,3,princN14,0,1,,,
14,5|4|3|2,3,fakedeg,0,0,,-74.75,-106.954137
14,5|4|3|2,4,princN4,0,1,,,
14,5|4|3|2,4,princN5,0,1,,,
14,5|4|3|2,4,princN14,0,1,,,
14,5|4|3|2,4,fakedeg,0,1,,,
14,5|4|3|1|1,2,princN5,1,1,0,,
14,5|4|3|1|1,2,princN6,1,1,0,,
14,5|4|3|1|1,2,princN14,1,1,0,,
14,5|4|3|1|1,2,fakedeg,1,1,0,,
14,5|4|3|1|1,3,princN5,0,0,,-475.0,857.36515
14,5|4|3|1|1,3,princN6,0,1,,,
14,5|4|3|1|1,3,princN14,0,0,,-9.5,17.147303
14,5|4|3|1|1,3,fakedeg,0,0,,-237.5,428.682575
14,5|4|3|1|1,4,princN5,0,1,,,
14,5|4|3|1|1,4,princN6,0,1,,,
14,5|4|3|1|1,4,princN14,0,1,,,
14,5|4|3|1|1,4,fakedeg,0,1,,,
14,5|4|2|2|1,2,princN5,1,1,0,,
14,5|4|2|2|1,2,princN6,1,1,0,,
14,5|4|2|2|1,2,princN14,1,1,0,,
14,5|4|2|2|1,2,fakedeg,1,1,0,,
14,5|4|2|2|1,3,princN5,0,1,,,
14,5|4|2|2|1,3,princN6,0,1,,,
14,5|4|2|2|1,3,princN14,0,1,,,
14,5|4|2|2|1,3,fakedeg,0,1,,,
14,5|4|2|2|1,4,princN5,0,1,,,
14,5|4|2|2|1,4,princN6,0,1,,,
14,5|4|2|2|1,4,princN14,0,1,,,
14,5|4|2|2|1,4,fakedeg,0,1,,,
14,5|4|2|1|1|1,2,princN5,0,1,,,
14,5|4|2|1|1|1,2,princN6,0,0,,3.5,-0.0
14,5|4|2|1|1|1,2,princN7,0,0,,3.5,-0.0
14,5|4|2|1|1|1,2,princN14,0,0,,0.005952,-0.0
14,5|4|2|1|1|1,2,fakedeg,0,0,0,1.0,-0.0
14,5|4|2|1|1|1,3,princN5,0,1,,,
14,5|4|2|1|1|1,3,princN6,0,1,,,
14,5|4|2|1|1|1,3,princN7,0,1,,,
14,5|4|2|1|1|1,3,princN14,0,1,,,
14,5|4|2|1|1|1,3,fakedeg,0,1,,,
14,5|4|2|1|1|1,4,princN5,0,1,,,
14,5|4|2|1|1|1,4,princN6,0,0,,-2299.5,-2919.0
14,5|4|2|1|1|1,4,princN7,0,0,,-2919.0,2299.5
14,5|4|2|1|1|1,4,princN14,0,0,,-191.625,-243.25
14,5|4|2|1|1|1,4,fakedeg,0,0,,-1533.0,-1946.0
14,5|4|1|1|1|1|1,2,princN5,1,1,0,,
14,5|4|1|1|1|1|1,2,princN7,1,1,0,,
14,5|4|1|1|1|1|1,2,princN8,1,1,0,,
14,5|4|1|1|1|1|1,2,princN14,1,1,0,,
14,5|4|1|1|1|1|1,2,fakedeg,1,1,0,,
14,5|4|1|1|1|1|1,3,princN5,0,1,,,
14,5|4|1|1|1|1|1,3,princN7,0,0,,34.333333,91.798693
14,5|4|1|1|1|1|1,3,princN8,0,1,,,
14,5|4|1|1|1|1|1,3,princN14,0,1,,,
14,5|4|1|1|1|1|1,3,fakedeg,0,0,,25.75,68.84902
14,5|4|1|1|1|1|1,4,princN5,0,1,,,
14,5|4|1|1|1|1|1,4,princN7,0,1,,,
14,5|4|1|1|1|1|1,4,princN8,0,1,,,
14,5|4|1|1|1|1|1,4,princN14,0,1,,,
14,5|4|1|1|1|1|1,4,fakedeg,0,1,,,
14,5|3|3|3,2,princN4,0,0,,52.5,-0.0
14,5|3|3|3,2,princN5,0,0,,17.5,-0.0
14,5|3|3|3,2,princN14,0,0,,0.005669,-0.0
14,5|3|3|3,2,fakedeg,0,0,0,1.0,-0.0
14,5|3|3|3,3,princN4,0,0,,246.0,410.496041
14,5|3|3|3,3,princN5,0,1,,,
14,5|3|3|3,3,princN14,0,1,,,
14,5|3|3|3,3,fakedeg,0,0,,20.5,34.208003
14,5|3|3|3,4,princN4,0,1,,,
14,5|3|3|3,4,princN5,0,1,,,
14,5|3|3|3,4,princN14,0,0,,-40.833333,-50.555556
14,5|3|3|3,4,fakedeg,0,0,,-245.0,-303.333333
14,5|3|3|2|1,2,princN5,1,1,0,,
14,5|3|3|2|1,2,princN6,1,1,0,,
14,5|3|3|2|1,2,princN14,1,1,0,,
14,5|3|3|2|1,2,fakedeg,1,1,0,,
14,5|3|3|2|1,3,princN5,0,1,,,
14,5|3|3|2|1,3,princN6,0,1,,,
14,5|3|3|2|1,3,princN14,0,1,,,
14,5|3|3|2|1,3,fakedeg,0,0,,-237.5,-428.682575
14,5|3|3|2|1,4,princN5,0,1,,,
14,5|3|3|2|1,4,princN6,0,1,,,
14,5|3|3|2|1,4,princN14,0,1,,,
14,5|3|3|2|1,4,fakedeg,0,1,,,
14,5|3|3|1|1|1,2,princN5,0,1,,,
14,5|3|3|1|1|1,2,princN6,0,0,,4.666667,-0.0
14,5|3|3|1|1|1,2,princN7,0,0,,3.5,-0.0
14,5|3|3|1|1|1,2,princN14,0,0,,0.006803,0.0
14,5|3|3|1|1|1,2,fakedeg,0,0,0,1.0,-0.0
14,5|3|3|1|1|1,3,princN5,0,1,,,
14,5|3|3|1|1|1,3,princN6,0,1,,,
14,5|3|3|1|1|1,3,princN7,0,0,,200.0,422.620397
14,5|3|3|1|1|1,3,princN14,0,1,,,
14,5|3|3|1|1|1,3,fakedeg,0,0,,100.0,211.310199
14,5|3|3|1|1|1,4,princN5,0,1,,,
14,5|3|3|1|1|1,4,princN6,0,1,,,
14,5|3|3|1|1|1,4,princN7,0,1,,,
14,5|3|3|1|1|1,4,princN14,0,1,,,
14,5|3|3|1|1|1,4,fakedeg,0,1,,,
14,5|3|2|2|2,2,princN5,0,0,,35.0,-0.0
14,5|3|2|2|2,2,princN6,0,0,,7.0,-0.0
14,5|3|2|2|2,2,princN14,0,0,,0.007937,0.0
14,5|3|2|2|2,2,fakedeg,0,0,0,1.0,0.0
14,5|3|2|2|2,3,princN5,0,1,,,
14,5|3|2|2|2,3,princN6,0,1,,,
14,5|3|2|2|2,3,princN14,0,1,,,
14,5|3|2|2|2,3,fakedeg,0,0,,128.5,237.723973
14,5|3|2|2|2,4,princN5,0,0,,-3535.0,1190.0
14,5|3|2|2|2,4,princN6,0,0,,1190.0,3535.0
14,5|3|2|2|2,4,princN14,0,0,,66.111111,196.388889
14,5|3|2|2|2,4,fakedeg,0,0,,-1178.333333,396.666667
14,5|3|2|2|1|1,2,princN5,0,1,,,
14,5|3|2|2|1|1,2,princN6,0,0,,7.0,-0.0
14,5|3|2|2|1|1,2,princN7,0,0,,3.5,-0.0
14,5|3|2|2|1|1,2,princN14,0,0,,0.007937,-0.0
14,5|3|2|2|1|1,2,fakedeg,0,0,0,1.0,-0.0
14,5|3|2|2|1|1,3,princN5,0,1,,,
14,5|3|2|2|1|1,3,princN6,0,1,,,
14,5|3|2|2|1|1,3,princN7,0,1,,,
14,5|3|2|2|1|1,3,princN14,0,1,,,
14,5|3|2|2|1|1,3,fakedeg,0,1,,,
14,5|3|2|2|1|1,4,princN5,0,1,,,
14,5|3|2|2|1|1,4,princN6,0,0,,963.0,3924.0
14,5|3|2|2|1|1,4,princN7,0,0,,1962.0,-481.5
14,5|3|2|2|1|1,4,princN14,0,0,,53.5,218.0
14,5|3|2|2|1|1,4,fakedeg,0,0,,321.0,1308.0
14,5|3|2|1|1|1|1,2,princN5,0,1,,,
14,5|3|2|1|1|1|1,2,princN7,0,0,,3.5,0.0
14,5|3|2|1|1|1|1,2,princN8,0,0,,1.75,0.0
14,5|3|2|1|1|1|1,2,princN14,0,0,,0.011905,0.0
14,5|3|2|1|1|1|1,2,fakedeg,0,0,0,1.0,0.0
14,5|3|2|1|1|1|1,3,princN5,0,1,,,
14,5|3|2|1|1|1|1,3,princN7,0,0,,-167.5,-437.342829
14,5|3|2|1|1|1|1,3,princN8,0,1,,,
14,5|3|2|1|1|1|1,3,princN14,0,1,,,
14,5|3|2|1|1|1|1,3,fakedeg,0,0,,-83.75,-218.671414
14,5|3|2|1|1|1|1,4,princN5,0,1,,,
14,5|3|2|1|1|1|1,4,princN7,0,0,,-3325.0,297.5
14,5|3|2|1|1|1|1,4,princN8,0,1,,,
14,5|3|2|1|1|1|1,4,princN14,0,0,,-49.583333,-554.166667
14,5|3|2|1|1|1|1,4,fakedeg,0,0,,-198.333333,-2216.666667
14,5|3|1|1|1|1|1|1,2,princN5,0,1,,,
14,5|3|1|1|1|1|1|1,2,princN8,0,0,,1.75,-0.0
14,5|3|1|1|1|1|1|1,2,princN9,0,0,,1.4,-0.0
14,5|3|1|1|1|1|1|1,2,princN14,0,0,,0.011905,-0.0
14,5|3|1|1|1|1|1|1,2,fakedeg,0,0,0,1.0,-0.0
14,5|3|1|1|1|1|1|1,3,princN5,0,1,,,
14,5|3|1|1|1|1|1|1,3,princN8,0,1,,,
14,5|3|1|1|1|1|1|1,3,princN9,0,1,,,
14,5|3|1|1|1|1|1|1,3,princN14,0,1,,,
14,5|3|1|1|1|1|1|1,3,fakedeg,0,0,,136.0,410.496041
14,5|3|1|1|1|1|1|1,4,princN5,0,1,,,
14,5|3|1|1|1|1|1|1,4,princN8,0,1,,,
14,5|3|1|1|1|1|1|1,4,princN9,0,0,,1309.0,252.0
14,5|3|1|1|1|1|1|1,4,princN14,0,0,,63.0,-327.25
14,5|3|1|1|1|1|1|1,4,fakedeg,0,0,,1309.0,252.0
14,5|2|2|2|2|1,2,princN5,0,1,,,
14,5|2|2|2|2|1,2,princN6,0,0,,7.0,-0.0
14,5|2|2|2|2|1,2,princN7,0,0,,7.0,0.0
14,5|2|2|2|2|1,2,princN14,0,0,,0.007937,0.0
14,5|2|2|2|2|1,2,fakedeg,0,0,0,1.0,-0.0
14,5|2|2|2|2|1,3,princN5,0,1,,,
14,5|2|2|2|2|1,3,princN6,0,1,,,
14,5|2|2|2|2|1,3,princN7,0,0,,-44.5,-97.860871
14,5|2|2|2|2|1,3,princN14,0,1,,,
14,5|2|2|2|2|1,3,fakedeg,0,0,,-22.25,-48.930435
14,5|2|2|2|2|1,4,princN5,0,1,,,
14,5|2|2|2|2|1,4,princN6,0,0,,399.0,-2660.0
14,5|2|2|2|2|1,4,princN7,0,0,,-2660.0,-399.0
14,5|2|2|2|2|1,4,princN14,0,0,,22.166667,-147.777778
14,5|2|2|2|2|1,4,fakedeg,0,0,,133.0,-886.666667
14,5|2|2|2|1|1|1,2,princN5,1,1,0,,
14,5|2|2|2|1|1|1,2,princN7,1,1,0,,
14,5|2|2|2|1|1|1,2,princN8,1,1,0,,
14,5|2|2|2|1|1|1,2,princN14,1,1,0,,
14,5|2|2|2|1|1|1,2,fakedeg,1,1,0,,
14,5|2|2|2|1|1|1,3,princN5,0,1,,,
14,5|2|2|2|1|1|1,3,princN7,0,0,,44.0,117.779455
14,5|2|2|2|1|1|1,3,princN8,0,1,,,
14,5|2|2|2|1|1|1,3,princN14,0,1,,,
14,5|2|2|2|1|1|1,3,fakedeg,0,0,,22.0,58.889727
14,5|2|2|2|1|1|1,4,princN5,0,1,,,
14,5|2|2|2|1|1|1,4,princN7,0,1,,,
14,5|2|2|2|1|1|1,4,princN8,0,1,,,
14,5|2|2|2|1|1|1,4,princN14,0,1,,,
14,5|2|2|2|1|1|1,4,fakedeg,0,1,,,
14,5|2|2|1|1|1|1|1,2,princN5,0,1,,,
14,5|2|2|1|1|1|1|1,2,princN8,0,0,,1.75,-0.0
14,5|2|2|1|1|1|1|1,2,princN9,0,0,,1.75,-0.0
14,5|2|2|1|1|1|1|1,2,princN14,0,0,,0.011905,0.0
14,5|2|2|1|1|1|1|1,2,fakedeg,0,0,0,1.0,-0.0
14,5|2|2|1|1|1|1|1,3,princN5,0,1,,,
14,5|2|2|1|1|1|1|1,3,princN8,0,0,,100.0,-117.779455
14,5|2|2|1|1|1|1|1,3,princN9,0,1,,,
14,5|2|2|1|1|1|1|1,3,princN14,0,0,,6.666667,-7.851964
14,5|2|2|1|1|1|1|1,3,fakedeg,0,0,,100.0,-117.779455
14,5|2|2|1|1|1|1|1,4,princN5,0,1,,,
14,5|2|2|1|1|1|1|1,4,princN8,0,1,,,
14,5|2|2|1|1|1|1|1,4,princN9,0,1,,,
14,5|2|2|1|1|1|1|1,4,princN14,0,0,,-306.25,612.5
14,5|2|2|1|1|1|1|1,4,fakedeg,0,0,,-1225.0,2450.0
14,5|2|1|1|1|1|1|1|1,2,princN5,1,1,0,,
14,5|2|1|1|1|1|1|1|1,2,princN9,1,1,0,,
14,5|2|1|1|1|1|1|1|1,2,princN10,1,1,0,,
14,5|2|1|1|1|1|1|1|1,2,princN14,1,1,0,,
14,5|2|1|1|1|1|1|1|1,2,fakedeg,1,1,0,,
14,5|2|1|1|1|1|1|1|1,3,princN5,0,1,,,
14,5|2|1|1|1|1|1|1|1,3,princN9,0,1,,,
14,5|2|1|1|1|1|1|1|1,3,princN10,0,0,,-12.5,-38.971143
14,5|2|1|1|1|1|1|1|1,3,princN14,0,1,,,
14,5|2|1|1|1|1|1|1|1,3,fakedeg,0,0,,-12.5,-38.971143
14,5|2|1|1|1|1|1|1|1,4,princN5,0,1,,,
14,5|2|1|1|1|1|1|1|1,4,princN9,0,1,,,
14,5|2|1|1|1|1|1|1|1,4,princN10,0,1,,,
14,5|2|1|1|1|1|1|1|1,4,princN14,0,1,,,
14,5|2|1|1|1|1|1|1|1,4,fakedeg,0,1,,,
14,5|1|1|1|1|1|1|1|1|1,2,princN5,0,1,,,
14,5|1|1|1|1|1|1|1|1|1,2,princN10,0,0,0,1.0,-0.0
14,5|1|1|1|1|1|1|1|1|1,2,princN11,0,0,0,1.0,-0.0
14,5|1|1|1|1|1|1|1|1|1,2,princN14,0,0,,0.027778,0.0
14,5|1|1|1|1|1|1|1|1|1,2,fakedeg,0,0,0,1.0,-0.0
14,5|1|1|1|1|1|1|1|1|1,3,princN5,0,1,,,
14,5|1|1|1|1|1|1|1|1|1,3,princN10,0,0,,2.125,5.845671
14,5|1|1|1|1|1|1|1|1|1,3,princN11,0,1,,,
14,5|1|1|1|1|1|1|1|1|1,3,princN14,0,1,,,
14,5|1|1|1|1|1|1|1|1|1,3,fakedeg,0,0,,2.125,5.845671
14,5|1|1|1|1|1|1|1|1|1,4,princN5,0,1,,,
14,5|1|1|1|1|1|1|1|1|1,4,princN10,0,0,,88.333333,-23.333333
14,5|1|1|1|1|1|1|1|1|1,4,princN11,0,0,,-23.333333,-88.333333
14,5|1|1|1|1|1|1|1|1|1,4,princN14,0,0,,22.083333,-5.833333
14,5|1|1|1|1|1|1|1|1|1,4,fakedeg,0,0,,88.333333,-23.333333
14,4|4|4|2,2,princN4,0,0,,70.0,-0.0
14,4|4|4|2,2,princN5,0,0,,11.666667,-0.0
14,4|4|4|2,2,princN14,0,0,,0.006378,-0.0
14,4|4|4|2,2,fakedeg,0,0,0,1.0,0.0
14,4|4|4|2,3,princN4,0,0,,213.0,337.749907
14,4|4|4|2,3,princN5,0,1,,,
14,4|4|4|2,3,princN14,0,1,,,
14,4|4|4|2,3,fakedeg,0,0,,35.5,56.291651
14,4|4|4|2,4,princN4,0,1,,,
14,4|4|4|2,4,princN5,0,1,,,
14,4|4|4|2,4,princN14,0,1,,,
14,4|4|4|2,4,fakedeg,0,1,,,
14,4|4|4|1|1,2,princN4,0,1,,,
14,4|4|4|1|1,2,princN5,0,0,,11.666667,0.0
14,4|4|4|1|1,2,princN6,0,0,,5.833333,0.0
14,4|4|4|1|1,2,princN14,0,0,,0.007653,0.0
14,4|4|4|1|1,2,fakedeg,0,0,0,1.0,0.0
14,4|4|4|1|1,3,princN4,0,1,,,
14,4|4|4|1|1,3,princN5,0,0,,61.5,-102.62401
14,4|4|4|1|1,3,princN6,0,1,,,
14,4|4|4|1|1,3,princN14,0,0,,0.984,-1.641984
14,4|4|4|1|1,3,fakedeg,0,0,,20.5,-34.208003
14,4|4|4|1|1,4,princN4,0,1,,,
14,4|4|4|1|1,4,princN5,0,0,,-735.0,910.0
14,4|4|4|1|1,4,princN6,0,0,,455.0,367.5
14,4|4|4|1|1,4,princN14,0,0,,37.916667,30.625
14,4|4|4|1|1,4,fakedeg,0,0,,-245.0,303.333333
14,4|4|3|3,2,princN4,0,0,,70.0,-0.0
14,4|4|3|3,2,princN5,0,0,,17.5,-0.0
14,4|4|3|3,2,princN14,0,0,,0.006378,0.0
14,4|4|3|3,2,fakedeg,0,0,0,1.0,-0.0
14,4|4|3|3,3,princN4,0,1,,,
14,4|4|3|3,3,princN5,0,0,,213.0,-337.749907
14,4|4|3|3,3,princN14,0,0,,2.13,-3.377499
14,4|4|3|3,3,fakedeg,0,0,,35.5,-56.291651
14,4|4|3|3,4,princN4,0,1,,,
14,4|4|3|3,4,princN5,0,1,,,
14,4|4|3|3,4,princN14,0,1,,,
14,4|4|3|3,4,fakedeg,0,1,,,
14,4|4|3|2|1,2,princN4,1,1,0,,
14,4|4|3|2|1,2,princN5,1,1,0,,
14,4|4|3|2|1,2,princN6,1,1,0,,
14,4|4|3|2|1,2,princN14,1,1,0,,
14,4|4|3|2|1,2,fakedeg,1,1,0,,
14,4|4|3|2|1,3,princN4,0,1,,,
14,4|4|3|2|1,3,princN5,0,0,,-448.5,641.724824
14,4|4|3|2|1,3,princN6,0,1,,,
14,4|4|3|2|1,3,princN14,0,0,,-4.485,6.417248
14,4|4|3|2|1,3,fakedeg,0,0,,-74.75,106.954137
14,4|4|3|2|1,4,princN4,0,1,,,
14,4|4|3|2|1,4,princN5,0,1,,,
14,4|4|3|2|1,4,princN6,0,1,,,
14,4|4|3|2|1,4,princN14,0,1,,,
14,4|4|3|2|1,4,fakedeg,0,1,,,
14,4|4|3|1|1|1,2,princN4,0,1,,,
14,4|4|3|1|1|1,2,princN6,0,0,,5.833333,-0.0
14,4|4|3|1|1|1,2,princN7,0,0,,3.5,-0.0
14,4|4|3|1|1|1,2,princN14,0,0,,0.007653,-0.0
14,4|4|3|1|1|1,2,fakedeg,0,0,0,1.0,-0.0
14,4|4|3|1|1|1,3,princN4,0,1,,,
14,4|4|3|1|1|1,3,princN6,0,1,,,
14,4|4|3|1|1|1,3,princN7,0,1,,,
14,4|4|3|1|1|1,3,princN14,0,0,,14.03,-17.407111
14,4|4|3|1|1|1,3,fakedeg,0,0,,175.375,-217.588883
14,4|4|3|1|1|1,4,princN4,0,1,,,
14,4|4|3|1|1|1,4,princN6,0,0,,647.5,1540.0
14,4|4|3|1|1|1,4,princN7,0,0,,1540.0,-647.5
14,4|4|3|1|1|1,4,princN14,0,0,,53.958333,128.333333
14,4|4|3|1|1|1,4,fakedeg,0,0,,431.666667,1026.666667
14,4|4|2|2|2,2,princN4,0,1,,,
14,4|4|2|2|2,2,princN5,0,0,,35.0,-0.0
14,4|4|2|2|2,2,princN6,0,0,,8.75,-0.0
14,4|4|2|2|2,2,princN14,0,0,,0.008929,-0.0
14,4|4|2|2|2,2,fakedeg,0,0,0,1.0,0.0
14,4|4|2|2|2,3,princN4,0,1,,,
14,4|4|2|2|2,3,princN5,0,0,,217.5,-285.788383
14,4|4|2|2|2,3,princN6,0,1,,,
14,4|4|2|2|2,3,princN14,0,0,,2.175,-2.857884
14,4|4|2|2|2,3,fakedeg,0,0,,36.25,-47.631397
14,4|4|2|2|2,4,princN4,0,1,,,
14,4|4|2|2|2,4,princN5,0,1,,,
14,4|4|2|2|2,4,princN6,0,1,,,
14,4|4|2|2|2,4,princN14,0,1,,,
14,4|4|2|2|2,4,fakedeg,0,1,,,
14,4|4|2|2|1|1,2,princN4,0,1,,,
14,4|4|2|2|1|1,2,princN6,0,0,,8.75,-0.0
14,4|4|2|2|1|1,2,princN7,0,0,,3.5,-0.0
14,4|4|2|2|1|1,2,princN14,0,0,,0.008929,0.0
14,4|4|2|2|1|1,2,fakedeg,0,0,0,1.0,0.0
14,4|4|2|2|1|1,3,princN4,0,1,,,
14,4|4|2|2|1|1,3,princN6,0,1,,,
14,4|4|2|2|1|1,3,princN7,0,1,,,
14,4|4|2|2|1|1,3,princN14,0,1,,,
14,4|4|2|2|1|1,3,fakedeg,0,1,,,
14,4|4|2|2|1|1,4,princN4,0,1,,,
14,4|4|2|2|1|1,4,princN6,0,1,,,
14,4|4|2|2|1|1,4,princN7,0,1,,,
14,4|4|2|2|1|1,4,princN14,0,1,,,
14,4|4|2|2|1|1,4,fakedeg,0,1,,,
14,4|4|2|1|1|1|1,2,princN4,0,1,,,
14,4|4|2|1|1|1|1,2,princN7,0,0,,3.5,0.0
14,4|4|2|1|1|1|1,2,princN8,0,0,,2.1,0.0
14,4|4|2|1|1|1|1,2,princN14,0,0,,0.013393,-0.0
14,4|4|2|1|1|1|1,2,fakedeg,0,0,0,1.0,0.0
14,4|4|2|1|1|1|1,3,princN4,0,1,,,
14,4|4|2|1|1|1|1,3,princN7,0,1,,,
14,4|4|2|1|1|1|1,3,princN8,0,0,,-224.666667,221.702503
14,4|4|2|1|1|1|1,3,princN14,0,0,,-13.48,13.30215
14,4|4|2|1|1|1|1,3,fakedeg,0,0,,-168.5,166.276878
14,4|4|2|1|1|1|1,4,princN4,0,1,,,
14,4|4|2|1|1|1|1,4,princN7,0,1,,,
14,4|4|2|1|1|1|1,4,princN8,0,1,,,
14,4|4|2|1|1|1|1,4,princN14,0,1,,,
14,4|4|2|1|1|1|1,4,fakedeg,0,1,,,
14,4|4|1|1|1|1|1|1,2,princN4,0,1,,,
14,4|4|1|1|1|1|1|1,2,princN8,0,0,,2.1,-0.0
14,4|4|1|1|1|1|1|1,2,princN9,0,0,,1.4,-0.0
14,4|4|1|1|1|1|1|1,2,princN14,0,0,,0.013393,0.0
14,4|4|1|1|1|1|1|1,2,fakedeg,0,0,0,1.0,-0.0
14,4|4|1|1|1|1|1|1,3,princN4,0,1,,,
14,4|4|1|1|1|1|1|1,3,princN8,0,0,,24.333333,-20.207259
14,4|4|1|1|1|1|1|1,3,princN9,0,1,,,
14,4|4|1|1|1|1|1|1,3,princN14,0,0,,1.46,-1.212436
14,4|4|1|1|1|1|1|1,3,fakedeg,0,0,,18.25,-15.155445
14,4|4|1|1|1|1|1|1,4,princN4,0,1,,,
14,4|4|1|1|1|1|1|1,4,princN8,0,1,,,
14,4|4|1|1|1|1|1|1,4,princN9,0,1,,,
14,4|4|1|1|1|1|1|1,4,princN14,0,1,,,
14,4|4|1|1|1|1|1|1,4,fakedeg,0,1,,,
14,4|3|3|3|1,2,princN4,0,1,,,
14,4|3|3|3|1,2,princN5,0,0,,17.5,0.0
14,4|3|3|3|1,2,princN6,0,0,,11.666667,0.0
14,4|3|3|3|1,2,princN14,0,0,,0.010204,-0.0
14,4|3|3|3|1,2,fakedeg,0,0,0,1.0,0.0
14,4|3|3|3|1,3,princN4,0,1,,,
14,4|3|3|3|1,3,princN5,0,0,,442.5,-553.390233
14,4|3|3|3|1,3,princN6,0,1,,,
14,4|3|3|3|1,3,princN14,0,0,,4.425,-5.533902
14,4|3|3|3|1,3,fakedeg,0,0,,73.75,-92.231706
14,4|3|3|3|1,4,princN4,0,1,,,
14,4|3|3|3|1,4,princN5,0,1,,,
14,4|3|3|3|1,4,princN6,0,0,,189.0,1582.0
14,4|3|3|3|1,4,princN14,0,0,,10.5,87.888889
14,4|3|3|3|1,4,fakedeg,0,0,,63.0,527.333333
14,4|3|3|2|2,2,princN4,0,1,,,
14,4|3|3|2|2,2,princN5,0,0,,35.0,0.0
14,4|3|3|2|2,2,princN6,0,0,,11.666667,0.0
14,4|3|3|2|2,2,princN14,0,0,,0.010204,0.0
14,4|3|3|2|2,2,fakedeg,0,0,0,1.0,0.0
14,4|3|3|2|2,3,princN4,0,1,,,
14,4|3|3|2|2,3,princN5,0,1,,,
14,4|3|3|2|2,3,princN6,0,1,,,
14,4|3|3|2|2,3,princN14,0,1,,,
14,4|3|3|2|2,3,fakedeg,0,1,,,
14,4|3|3|2|2,4,princN4,0,1,,,
14,4|3|3|2|2,4,princN5,0,0,,2331.0,-84.0
14,4|3|3|2|2,4,princN6,0,0,,-84.0,-2331.0
14,4|3|3|2|2,4,princN14,0,0,,-4.666667,-129.5
14,4|3|3|2|2,4,fakedeg,0,0,,777.0,-28.0
14,4|3|3|2|1|1,2,princN4,0,1,,,
14,4|3|3|2|1|1,2,princN6,0,0,,11.666667,-0.0
14,4|3|3|2|1|1,2,princN7,0,0,,3.5,-0.0
14,4|3|3|2|1|1,2,princN14,0,0,,0.010204,-0.0
14,4|3|3|2|1|1,2,fakedeg,0,0,0,1.0,0.0
14,4|3|3|2|1|1,3,princN4,0,1,,,
14,4|3|3|2|1|1,3,princN6,0,1,,,
14,4|3|3|2|1|1,3,princN7,0,0,,-542.5,-1623.797632
14,4|3|3|2|1|1,3,princN14,0,1,,,
14,4|3|3|2|1|1,3,fakedeg,0,0,,-271.25,-811.898816
14,4|3|3|2|1|1,4,princN4,0,1,,,
14,4|3|3|2|1|1,4,princN6,0,0,,105.0,-2310.0
14,4|3|3|2|1|1,4,princN7,0,0,,-1155.0,-52.5
14,4|3|3|2|1|1,4,princN14,0,0,,5.833333,-128.333333
14,4|3|3|2|1|1,4,fakedeg,0,0,,35.0,-770.0
14,4|3|3|1|1|1|1,2,princN4,0,1,,,
14,4|3|3|1|1|1|1,2,princN7,0,0,,3.5,0.0
14,4|3|3|1|1|1|1,2,princN8,0,0,,2.625,0.0
14,4|3|3|1|1|1|1,2,princN14,0,0,,0.015306,0.0
14,4|3|3|1|1|1|1,2,fakedeg,0,0,0,1.0,0.0
14,4|3|3|1|1|1|1,3,princN4,0,1,,,
14,4|3|3|1|1|1|1,3,princN7,0,1,,,
14,4|3|3|1|1|1|1,3,princN8,0,1,,,
14,4|3|3|1|1|1|1,3,princN14,0,1,,,
14,4|3|3|1|1|1|1,3,fakedeg,0,1,,,
14,4|3|3|1|1|1|1,4,princN4,0,1,,,
14,4|3|3|1|1|1|1,4,princN7,0,0,,1470.0,262.5
14,4|3|3|1|1|1|1,4,princN8,0,1,,,
14,4|3|3|1|1|1|1,4,princN14,0,0,,-43.75,245.0
14,4|3|3|1|1|1|1,4,fakedeg,0,0,,-175.0,980.0
14,4|3|2|2|2|1,2,princN4,1,1,0,,
14,4|3|2|2|2|1,2,princN6,1,1,0,,
14,4|3|2|2|2|1,2,princN7,1,1,0,,
14,4|3|2|2|2|1,2,princN14,1,1,0,,
14,4|3|2|2|2|1,2,fakedeg,1,1,0,,
14,4|3|2|2|2|1,3,princN4,0,1,,,
14,4|3|2|2|2|1,3,princN6,0,1,,,
14,4|3|2|2|2|1,3,princN7,0,0,,95.0,316.965298
14,4|3|2|2|2|1,3,princN14,0,1,,,
14,4|3|2|2|2|1,3,fakedeg,0,0,,47.5,158.482649
14,4|3|2|2|2|1,4,princN4,0,1,,,
14,4|3|2|2|2|1,4,princN6,0,1,,,
14,4|3|2|2|2|1,4,princN7,0,1,,,
14,4|3|2|2|2|1,4,princN14,0,1,,,
14,4|3|2|2|2|1,4,fakedeg,0,1,,,
14,4|3|2|2|1|1|1,2,princN4,0,1,,,
14,4|3|2|2|1|1|1,2,princN7,0,0,,3.5,-0.0
14,4|3|2|2|1|1|1,2,princN8,0,0,,3.5,0.0
14,4|3|2|2|1|1|1,2,princN14,0,0,,0.017857,-0.0
14,4|3|2|2|1|1|1,2,fakedeg,0,0,0,1.0,0.0
14,4|3|2|2|1|1|1,3,princN4,0,1,,,
14,4|3|2|2|1|1|1,3,princN7,0,0,,-118.0,-504.026785
14,4|3|2|2|1|1|1,3,princN8,0,1,,,
14,4|3|2|2|1|1|1,3,princN14,0,1,,,
14,4|3|2|2|1|1|1,3,fakedeg,0,0,,-59.0,-252.013393
14,4|3|2|2|1|1|1,4,princN4,0,1,,,
14,4|3|2|2|1|1|1,4,princN7,0,1,,,
14,4|3|2|2|1|1|1,4,princN8,0,1,,,
14,4|3|2|2|1|1|1,4,princN14,0,1,,,
14,4|3|2|2|1|1|1,4,fakedeg,0,1,,,
14,4|3|2|1|1|1|1|1,2,princN4,1,1,0,,
14,4|3|2|1|1|1|1|1,2,princN8,1,1,0,,
14,4|3|2|1|1|1|1|1,2,princN9,1,1,0,,
14,4|3|2|1|1|1|1|1,2,princN14,1,1,0,,
14,4|3|2|1|1|1|1|1,2,fakedeg,1,1,0,,
14,4|3|2|1|1|1|1|1,3,princN4,0,1,,,
14,4|3|2|1|1|1|1|1,3,princN8,0,0,,-116.666667,100.458947
14,4|3|2|1|1|1|1|1,3,princN9,0,1,,,
14,4|3|2|1|1|1|1|1,3,princN14,0,0,,-7.0,6.027537
14,4|3|2|1|1|1|1|1,3,fakedeg,0,0,,-87.5,75.34421
14,4|3|2|1|1|1|1|1,4,princN4,0,1,,,
14,4|3|2|1|1|1|1|1,4,princN8,0,1,,,
14,4|3|2|1|1|1|1|1,4,princN9,0,1,,,
14,4|3|2|1|1|1|1|1,4,princN14,0,1,,,
14,4|3|2|1|1|1|1|1,4,fakedeg,0,1,,,
14,4|3|1|1|1|1|1|1|1,2,princN4,0,1,,,
14,4|3|1|1|1|1|1|1|1,2,princN9,0,0,,1.4,0.0
14,4|3|1|1|1|1|1|1|1,2,princN10,0,0,,1.4,0.0
14,4|3|1|1|1|1|1|1|1,2,princN14,0,0,,0.035714,-0.0
14,4|3|1|1|1|1|1|1|1,2,fakedeg,0,0,0,1.0,0.0
14,4|3|1|1|1|1|1|1|1,3,princN4,0,1,,,
14,4|3|1|1|1|1|1|1|1,3,princN9,0,1,,,
14,4|3|1|1|1|1|1|1|1,3,princN10,0,0,,10.0,91.798693
14,4|3|1|1|1|1|1|1|1,3,princN14,0,1,,,
14,4|3|1|1|1|1|1|1|1,3,fakedeg,0,0,,10.0,91.798693
14,4|3|1|1|1|1|1|1|1,4,princN4,0,1,,,
14,4|3|1|1|1|1|1|1|1,4,princN9,0,0,,-385.0,-518.0
14,4|3|1|1|1|1|1|1|1,4,princN10,0,0,,-518.0,385.0
14,4|3|1|1|1|1|1|1|1,4,princN14,0,0,,-129.5,96.25
14,4|3|1|1|1|1|1|1|1,4,fakedeg,0,0,,-385.0,-518.0
14,4|2|2|2|2|2,2,princN4,0,1,,,
14,4|2|2|2|2|2,2,princN6,0,0,,35.0,-0.0
14,4|2|2|2|2|2,2,princN7,0,0,,7.0,0.0
14,4|2|2|2|2|2,2,princN14,0,0,,0.014286,-0.0
14,4|2|2|2|2|2,2,fakedeg,0,0,0,1.0,0.0
14,4|2|2|2|2|2,3,princN4,0,1,,,
14,4|2|2|2|2|2,3,princN6,0,1,,,
14,4|2|2|2|2|2,3,princN7,0,1,,,
14,4|2|2|2|2|2,3,princN14,0,0,,-4.85,4.936345
14,4|2|2|2|2|2,3,fakedeg,0,0,,-48.5,49.363448
14,4|2|2|2|2|2,4,princN4,0,1,,,
14,4|2|2|2|2|2,4,princN6,0,0,,-581.0,616.0
14,4|2|2|2|2|2,4,princN7,0,0,,616.0,581.0
14,4|2|2|2|2|2,4,princN14,0,0,,-32.277778,34.222222
14,4|2|2|2|2|2,4,fakedeg,0,0,,-193.666667,205.333333
14,4|2|2|2|2|1|1,2,princN4,0,1,,,
14,4|2|2|2|2|1|1,2,princN7,0,0,,7.0,0.0
14,4|2|2|2|2|1|1,2,princN8,0,0,,3.5,0.0
14,4|2|2|2|2|1|1,2,princN14,0,0,,0.017857,0.0
14,4|2|2|2|2|1|1,2,fakedeg,0,0,0,1.0,0.0
14,4|2|2|2|2|1|1,3,princN4,0,1,,,
14,4|2|2|2|2|1|1,3,princN7,0,1,,,
14,4|2|2|2|2|1|1,3,princN8,0,1,,,
14,4|2|2|2|2|1|1,3,princN14,0,1,,,
14,4|2|2|2|2|1|1,3,fakedeg,0,1,,,
14,4|2|2|2|2|1|1,4,princN4,0,1,,,
14,4|2|2|2|2|1|1,4,princN7,0,1,,,
14,4|2|2|2|2|1|1,4,princN8,0,1,,,
14,4|2|2|2|2|1|1,4,princN14,0,1,,,
14,4|2|2|2|2|1|1,4,fakedeg,0,1,,,
14,4|2|2|2|1|1|1|1,2,princN4,0,1,,,
14,4|2|2|2|1|1|1|1,2,princN8,0,0,,3.5,-0.0
14,4|2|2|2|1|1|1|1,2,princN9,0,0,,1.75,0.0
14,4|2|2|2|1|1|1|1,2,princN14,0,0,,0.017857,-0.0
14,4|2|2|2|1|1|1|1,2,fakedeg,0,0,0,1.0,0.0
14,4|2|2|2|1|1|1|1,3,princN4,0,1,,,
14,4|2|2|2|1|1|1|1,3,princN8,0,0,,147.5,-125.573684
14,4|2|2|2|1|1|1|1,3,princN9,0,1,,,
14,4|2|2|2|1|1|1|1,3,princN14,0,0,,7.375,-6.278684
14,4|2|2|2|1|1|1|1,3,fakedeg,0,0,,73.75,-62.786842
14,4|2|2|2|1|1|1|1,4,princN4,0,1,,,
14,4|2|2|2|1|1|1|1,4,princN8,0,1,,,
14,4|2|2|2|1|1|1|1,4,princN9,0,1,,,
14,4|2|2|2|1|1|1|1,4,princN14,0,1,,,
14,4|2|2|2|1|1|1|1,4,fakedeg,0,1,,,
14,4|2|2|1|1|1|1|1|1,2,princN4,0,1,,,
14,4|2|2|1|1|1|1|1|1,2,princN9,0,0,,1.75,0.0
14,4|2|2|1|1|1|1|1|1,2,princN10,0,0,,1.4,0.0
14,4|2|2|1|1|1|1|1|1,2,princN14,0,0,,0.035714,0.0
14,4|2|2|1|1|1|1|1|1,2,fakedeg,0,0,0,1.0,0.0
14,4|2|2|1|1|1|1|1|1,3,princN4,0,1,,,
14,4|2|2|1|1|1|1|1|1,3,princN9,0,1,,,
14,4|2|2|1|1|1|1|1|1,3,princN10,0,1,,,
14,4|2|2|1|1|1|1|1|1,3,princN14,0,0,,-51.7,42.088835
14,4|2|2|1|1|1|1|1|1,3,fakedeg,0,0,,-258.5,210.444173
14,4|2|2|1|1|1|1|1|1,4,princN4,0,1,,,
14,4|2|2|1|1|1|1|1|1,4,princN9,0,1,,,
14,4|2|2|1|1|1|1|1|1,4,princN10,0,0,,1309.0,-504.0
14,4|2|2|1|1|1|1|1|1,4,princN14,0,0,,327.25,-126.0
14,4|2|2|1|1|1|1|1|1,4,fakedeg,0,0,,1309.0,-504.0
14,4|2|1|1|1|1|1|1|1|1,2,princN4,0,1,,,
14,4|2|1|1|1|1|1|1|1|1,2,princN10,0,0,,1.4,-0.0
14,4|2|1|1|1|1|1|1|1|1,2,princN11,0,0,0,1.0,-0.0
14,4|2|1|1|1|1|1|1|1|1,2,princN14,0,0,,0.035714,-0.0
14,4|2|1|1|1|1|1|1|1|1,2,fakedeg,0,0,0,1.0,-0.0
14,4|2|1|1|1|1|1|1|1|1,3,princN4,0,1,,,
14,4|2|1|1|1|1|1|1|1|1,3,princN10,0,1,,,
14,4|2|1|1|1|1|1|1|1|1,3,princN11,0,1,,,
14,4|2|1|1|1|1|1|1|1|1,3,princN14,0,1,,,
14,4|2|1|1|1|1|1|1|1|1,3,fakedeg,0,1,,,
14,4|2|1|1|1|1|1|1|1|1,4,princN4,0,1,,,
14,4|2|1|1|1|1|1|1|1|1,4,princN10,0,0,,-203.0,0.0
14,4|2|1|1|1|1|1|1|1|1,4,princN11,0,0,,-0.0,203.0
14,4|2|1|1|1|1|1|1|1|1,4,princN14,0,0,,-50.75,-0.0
14,4|2|1|1|1|1|1|1|1|1,4,fakedeg,0,0,,-203.0,0.0
14,4|1|1|1|1|1|1|1|1|1|1,2,princN4,0,1,,,
14,4|1|1|1|1|1|1|1|1|1|1,2,princN11,0,0,0,1.0,0.0
14,4|1|1|1|1|1|1|1|1|1|1,2,princN12,0,0,0,1.0,0.0
14,4|1|1|1|1|1|1|1|1|1|1,2,princN14,0,0,,0.125,0.0
14,4|1|1|1|1|1|1|1|1|1|1,2,fakedeg,0,0,0,1.0,0.0
14,4|1|1|1|1|1|1|1|1|1|1,3,princN4,0,1,,,
14,4|1|1|1|1|1|1|1|1|1|1,3,princN11,0,0,,3.625,-3.247595
14,4|1|1|1|1|1|1|1|1|1|1,3,princN12,0,1,,,
14,4|1|1|1|1|1|1|1|1|1|1,3,princN14,0,0,,0.725,-0.649519
14,4|1|1|1|1|1|1|1|1|1|1,3,fakedeg,0,0,,3.625,-3.247595
14,4|1|1|1|1|1|1|1|1|1|1,4,princN4,0,1,,,
14,4|1|1|1|1|1|1|1|1|1|1,4,princN11,0,1,,,
14,4|1|1|1|1|1|1|1|1|1|1,4,princN12,0,1,,,
14,4|1|1|1|1|1|1|1|1|1|1,4,princN14,0,1,,,
14,4|1|1|1|1|1|1|1|1|1|1,4,fakedeg,0,1,,,
14,3|3|3|3|2,2,princN3,0,1,,,
14,3|3|3|3|2,2,princN5,0,0,,70.0,-0.0
14,3|3|3|3|2,2,princN6,0,0,,11.666667,-0.0
14,3|3|3|3|2,2,princN14,0,0,,0.010204,-0.0
14,3|3|3|3|2,2,fakedeg,0,0,0,1.0,-0.0
14,3|3|3|3|2,3,princN3,0,1,,,
14,3|3|3|3|2,3,princN5,0,0,,-169.5,163.678801
14,3|3|3|3|2,3,princN6,0,1,,,
14,3|3|3|3|2,3,princN14,0,0,,-1.695,1.636788
14,3|3|3|3|2,3,fakedeg,0,0,,-28.25,27.2798
14,3|3|3|3|2,4,princN3,0,1,,,
14,3|3|3|3|2,4,princN5,0,0,,-434.0,-168.0
14,3|3|3|3|2,4,princN6,0,0,,-84.0,217.0
14,3|3|3|3|2,4,princN14,0,0,,-4.666667,12.055556
14,3|3|3|3|2,4,fakedeg,0,0,,-72.333333,-28.0
14,3|3|3|3|1|1,2,princN3,0,1,,,
14,3|3|3|3|1|1,2,princN6,0,0,,11.666667,-0.0
14,3|3|3|3|1|1,2,princN7,0,0,,5.833333,-0.0
14,3|3|3|3|1|1,2,princN14,0,0,,0.010204,0.0
14,3|3|3|3|1|1,2,fakedeg,0,0,0,1.0,-0.0
14,3|3|3|3|1|1,3,princN3,0,1,,,
14,3|3|3|3|1|1,3,princN6,0,1,,,
14,3|3|3|3|1|1,3,princN7,0,1,,,
14,3|3|3|3|1|1,3,princN14,0,1,,,
14,3|3|3|3|1|1,3,fakedeg,0,1,,,
14,3|3|3|3|1|1,4,princN3,0,1,,,
14,3|3|3|3|1|1,4,princN6,0,0,,-315.0,630.0
14,3|3|3|3|1|1,4,princN7,0,0,,315.0,157.5
14,3|3|3|3|1|1,4,princN14,0,0,,-17.5,35.0
14,3|3|3|3|1|1,4,fakedeg,0,0,,-105.0,210.0
14,3|3|3|2|2|1,2,princN3,0,1,,,
14,3|3|3|2|2|1,2,princN6,0,0,,11.666667,-0.0
14,3|3|3|2|2|1,2,princN7,0,0,,8.75,-0.0
14,3|3|3|2|2|1,2,princN14,0,0,,0.010204,-0.0
14,3|3|3|2|2|1,2,fakedeg,0,0,0,1.0,-0.0
14,3|3|3|2|2|1,3,princN3,0,1,,,
14,3|3|3|2|2|1,3,princN6,0,1,,,
14,3|3|3|2|2|1,3,princN7,0,0,,-41.5,-205.248021
14,3|3|3|2|2|1,3,princN14,0,1,,,
14,3|3|3|2|2|1,3,fakedeg,0,0,,-20.75,-102.62401
14,3|3|3|2|2|1,4,princN3,0,1,,,
14,3|3|3|2|2|1,4,princN6,0,0,,700.0,-1155.0
14,3|3|3|2|2|1,4,princN7,0,1,,,
14,3|3|3|2|2|1,4,princN14,0,0,,38.888889,-64.166667
14,3|3|3|2|2|1,4,fakedeg,0,0,,385.0,233.333333
14,3|3|3|2|1|1|1,2,princN3,1,1,0,,
14,3|3|3|2|1|1|1,2,princN7,1,1,0,,
14,3|3|3|2|1|1|1,2,princN8,1,1,0,,
14,3|3|3|2|1|1|1,2,princN14,1,1,0,,
14,3|3|3|2|1|1|1,2,fakedeg,1,1,0,,
14,3|3|3|2|1|1|1,3,princN3,0,1,,,
14,3|3|3|2|1|1|1,3,princN7,0,0,,26.75,172.772068
14,3|3|3|2|1|1|1,3,princN8,0,1,,,
14,3|3|3|2|1|1|1,3,princN14,0,1,,,
14,3|3|3|2|1|1|1,3,fakedeg,0,0,,13.375,86.386034
14,3|3|3|2|1|1|1,4,princN3,0,1,,,
14,3|3|3|2|1|1|1,4,princN7,0,1,,,
14,3|3|3|2|1|1|1,4,princN8,0,1,,,
14,3|3|3|2|1|1|1,4,princN14,0,1,,,
14,3|3|3|2|1|1|1,4,fakedeg,0,1,,,
14,3|3|3|1|1|1|1|1,2,princN3,0,1,,,
14,3|3|3|1|1|1|1|1,2,princN8,0,0,,2.625,-0.0
14,3|3|3|1|1|1|1|1,2,princN9,0,0,,2.1,-0.0
14,3|3|3|1|1|1|1|1,2,princN14,0,0,,0.015306,-0.0
14,3|3|3|1|1|1|1|1,2,fakedeg,0,0,0,1.0,-0.0
14,3|3|3|1|1|1|1|1,3,princN3,0,1,,,
14,3|3|3|1|1|1|1|1,3,princN8,0,0,,45.583333,-33.341978
14,3|3|3|1|1|1|1|1,3,princN9,0,1,,,
14,3|3|3|1|1|1|1|1,3,princN14,0,0,,2.735,-2.000519
14,3|3|3|1|1|1|1|1,3,fakedeg,0,0,,34.1875,-25.006484
14,3|3|3|1|1|1|1|1,4,princN3,0,1,,,
14,3|3|3|1|1|1|1|1,4,princN8,0,1,,,
14,3|3|3|1|1|1|1|1,4,princN9,0,0,,-297.5,-315.0
14,3|3|3|1|1|1|1|1,4,princN14,0,0,,-52.5,49.583333
14,3|3|3|1|1|1|1|1,4,fakedeg,0,0,,-198.333333,-210.0
14,3|3|2|2|2|2,2,princN3,0,1,,,
14,3|3|2|2|2|2,2,princN6,0,0,,35.0,-0.0
14,3|3|2|2|2|2,2,princN7,0,0,,8.75,-0.0
14,3|3|2|2|2|2,2,princN14,0,0,,0.014286,0.0
14,3|3|2|2|2|2,2,fakedeg,0,0,0,1.0,0.0
14,3|3|2|2|2|2,3,princN3,0,1,,,
14,3|3|2|2|2|2,3,princN6,0,1,,,
14,3|3|2|2|2|2,3,princN7,0,1,,,
14,3|3|2|2|2|2,3,princN14,0,1,,,
14,3|3|2|2|2|2,3,fakedeg,0,1,,,
14,3|3|2|2|2|2,4,princN3,0,1,,,
14,3|3|2|2|2|2,4,princN6,0,0,,-510.0,435.0
14,3|3|2|2|2|2,4,princN7,0,1,,,
14,3|3|2|2|2|2,4,princN14,0,0,,-28.333333,24.166667
14,3|3|2|2|2|2,4,fakedeg,0,0,,-145.0,-170.0
14,3|3|2|2|2|1|1,2,princN3,0,1,,,
14,3|3|2|2|2|1|1,2,princN7,0,0,,8.75,-0.0
14,3|3|2|2|2|1|1,2,princN8,0,0,,3.5,0.0
14,3|3|2|2|2|1|1,2,princN14,0,0,,0.017857,-0.0
14,3|3|2|2|2|1|1,2,fakedeg,0,0,0,1.0,0.0
14,3|3|2|2|2|1|1,3,princN3,0,1,,,
14,3|3|2|2|2|1|1,3,princN7,0,0,,-71.5,-672.901739
14,3|3|2|2|2|1|1,3,princN8,0,1,,,
14,3|3|2|2|2|1|1,3,princN14,0,1,,,
14,3|3|2|2|2|1|1,3,fakedeg,0,0,,-35.75,-336.450869
14,3|3|2|2|2|1|1,4,princN3,0,1,,,
14,3|3|2|2|2|1|1,4,princN7,0,1,,,
14,3|3|2|2|2|1|1,4,princN8,0,1,,,
14,3|3|2|2|2|1|1,4,princN14,0,1,,,
14,3|3|2|2|2|1|1,4,fakedeg,0,1,,,
14,3|3|2|2|1|1|1|1,2,princN3,0,1,,,
14,3|3|2|2|1|1|1|1,2,princN8,0,0,,3.5,-0.0
14,3|3|2|2|1|1|1|1,2,princN9,0,0,,2.1,-0.0
14,3|3|2|2|1|1|1|1,2,princN14,0,0,,0.017857,0.0
14,3|3|2|2|1|1|1|1,2,fakedeg,0,0,0,1.0,-0.0
14,3|3|2|2|1|1|1|1,3,princN3,0,1,,,
14,3|3|2|2|1|1|1|1,3,princN8,0,1,,,
14,3|3|2|2|1|1|1|1,3,princN9,0,1,,,
14,3|3|2|2|1|1|1|1,3,princN14,0,1,,,
14,3|3|2|2|1|1|1|1,3,fakedeg,0,1,,,
14,3|3|2|2|1|1|1|1,4,princN3,0,1,,,
14,3|3|2|2|1|1|1|1,4,princN8,0,1,,,
14,3|3|2|2|1|1|1|1,4,princN9,0,1,,,
14,3|3|2|2|1|1|1|1,4,princN14,0,1,,,
14,3|3|2|2|1|1|1|1,4,fakedeg,0,1,,,
14,3|3|2|1|1|1|1|1|1,2,princN3,0,1,,,
14,3|3|2|1|1|1|1|1|1,2,princN9,0,0,,2.1,0.0
14,3|3|2|1|1|1|1|1|1,2,princN10,0,0,,1.4,0.0
14,3|3|2|1|1|1|1|1|1,2,princN14,0,0,,0.035714,-0.0
14,3|3|2|1|1|1|1|1|1,2,fakedeg,0,0,0,1.0,0.0
14,3|3|2|1|1|1|1|1|1,3,princN3,0,1,,,
14,3|3|2|1|1|1|1|1|1,3,princN9,0,1,,,
14,3|3|2|1|1|1|1|1|1,3,princN10,0,1,,,
14,3|3|2|1|1|1|1|1|1,3,princN14,0,1,,,
14,3|3|2|1|1|1|1|1|1,3,fakedeg,0,1,,,
14,3|3|2|1|1|1|1|1|1,4,princN3,0,1,,,
14,3|3|2|1|1|1|1|1|1,4,princN9,0,0,,136.5,483.0
14,3|3|2|1|1|1|1|1|1,4,princN10,0,0,,322.0,-91.0
14,3|3|2|1|1|1|1|1|1,4,princN14,0,0,,80.5,-22.75
14,3|3|2|1|1|1|1|1|1,4,fakedeg,0,0,,91.0,322.0
14,3|3|1|1|1|1|1|1|1|1,2,princN3,0,1,,,
14,3|3|1|1|1|1|1|1|1|1,2,princN10,0,0,,1.4,-0.0
14,3|3|1|1|1|1|1|1|1|1,2,princN11,0,0,,1.166667,-0.0
14,3|3|1|1|1|1|1|1|1|1,2,princN14,0,0,,0.035714,0.0
14,3|3|1|1|1|1|1|1|1|1,2,fakedeg,0,0,0,1.0,-0.0
14,3|3|1|1|1|1|1|1|1|1,3,princN3,0,1,,,
14,3|3|1|1|1|1|1|1|1|1,3,princN10,0,0,,2.5,-35.507042
14,3|3|1|1|1|1|1|1|1|1,3,princN11,0,1,,,
14,3|3|1|1|1|1|1|1|1|1,3,princN14,0,1,,,
14,3|3|1|1|1|1|1|1|1|1,3,fakedeg,0,0,,2.5,-35.507042
14,3|3|1|1|1|1|1|1|1|1,4,princN3,0,1,,,
14,3|3|1|1|1|1|1|1|1|1,4,princN10,0,0,,-350.0,-35.0
14,3|3|1|1|1|1|1|1|1|1,4,princN11,0,1,,,
14,3|3|1|1|1|1|1|1|1|1,4,princN14,0,0,,-87.5,-8.75
14,3|3|1|1|1|1|1|1|1|1,4,fakedeg,0,0,,35.0,-350.0
14,3|2|2|2|2|2|1,2,princN3,1,1,0,,
14,3|2|2|2|2|2|1,2,princN7,1,1,0,,
14,3|2|2|2|2|2|1,2,princN8,1,1,0,,
14,3|2|2|2|2|2|1,2,princN14,1,1,0,,
14,3|2|2|2|2|2|1,2,fakedeg,1,1,0,,
14,3|2|2|2|2|2|1,3,princN3,0,1,,,
14,3|2|2|2|2|2|1,3,princN7,0,1,,,
14,3|2|2|2|2|2|1,3,princN8,0,0,,110.0,-72.746134
14,3|2|2|2|2|2|1,3,princN14,0,0,,5.5,-3.637307
14,3|2|2|2|2|2|1,3,fakedeg,0,0,,55.0,-36.373067
14,3|2|2|2|2|2|1,4,princN3,0,1,,,
14,3|2|2|2|2|2|1,4,princN7,0,1,,,
14,3|2|2|2|2|2|1,4,princN8,0,1,,,
14,3|2|2|2|2|2|1,4,princN14,0,1,,,
14,3|2|2|2|2|2|1,4,fakedeg,0,1,,,
14,3|2|2|2|2|1|1|1,2,princN3,0,1,,,
14,3|2|2|2|2|1|1|1,2,princN8,0,0,,3.5,-0.0
14,3|2|2|2|2|1|1|1,2,princN9,0,0,,3.5,-0.0
14,3|2|2|2|2|1|1|1,2,princN14,0,0,,0.017857,-0.0
14,3|2|2|2|2|1|1|1,2,fakedeg,0,0,0,1.0,-0.0
14,3|2|2|2|2|1|1|1,3,princN3,0,1,,,
14,3|2|2|2|2|1|1|1,3,princN8,0,0,,-106.0,64.08588
14,3|2|2|2|2|1|1|1,3,princN9,0,1,,,
14,3|2|2|2|2|1|1|1,3,princN14,0,0,,-5.3,3.204294
14,3|2|2|2|2|1|1|1,3,fakedeg,0,0,,-53.0,32.04294
14,3|2|2|2|2|1|1|1,4,princN3,0,1,,,
14,3|2|2|2|2|1|1|1,4,princN8,0,1,,,
14,3|2|2|2|2|1|1|1,4,princN9,0,1,,,
14,3|2|2|2|2|1|1|1,4,princN14,0,1,,,
14,3|2|2|2|2|1|1|1,4,fakedeg,0,1,,,
14,3|2|2|2|1|1|1|1|1,2,princN3,1,1,0,,
14,3|2|2|2|1|1|1|1|1,2,princN9,1,1,0,,
14,3|2|2|2|1|1|1|1|1,2,princN10,1,1,0,,
14,3|2|2|2|1|1|1|1|1,2,princN14,1,1,0,,
14,3|2|2|2|1|1|1|1|1,2,fakedeg,1,1,0,,
14,3|2|2|2|1|1|1|1|1,3,princN3,0,1,,,
14,3|2|2|2|1|1|1|1|1,3,princN9,0,1,,,
14,3|2|2|2|1|1|1|1|1,3,princN10,0,1,,,
14,3|2|2|2|1|1|1|1|1,3,princN14,0,1,,,
14,3|2|2|2|1|1|1|1|1,3,fakedeg,0,1,,,
14,3|2|2|2|1|1|1|1|1,4,princN3,0,1,,,
14,3|2|2|2|1|1|1|1|1,4,princN9,0,1,,,
14,3|2|2|2|1|1|1|1|1,4,princN10,0,1,,,
14,3|2|2|2|1|1|1|1|1,4,princN14,0,1,,,
14,3|2|2|2|1|1|1|1|1,4,fakedeg,0,1,,,
14,3|2|2|1|1|1|1|1|1|1,2,princN3,0,1,,,
14,3|2|2|1|1|1|1|1|1|1,2,princN10,0,0,,1.4,-0.0
14,3|2|2|1|1|1|1|1|1|1,2,princN11,0,0,,1.4,-0.0
14,3|2|2|1|1|1|1|1|1|1,2,princN14,0,0,,0.035714,-0.0
14,3|2|2|1|1|1|1|1|1|1,2,fakedeg,0,0,0,1.0,-0.0
14,3|2|2|1|1|1|1|1|1|1,3,princN3,0,1,,,
14,3|2|2|1|1|1|1|1|1|1,3,princN10,0,1,,,
14,3|2|2|1|1|1|1|1|1|1,3,princN11,0,0,,154.0,-77.942286
14,3|2|2|1|1|1|1|1|1|1,3,princN14,0,0,,30.8,-15.588457
14,3|2|2|1|1|1|1|1|1|1,3,fakedeg,0,0,,154.0,-77.942286
14,3|2|2|1|1|1|1|1|1|1,4,princN3,0,1,,,
14,3|2|2|1|1|1|1|1|1|1,4,princN10,0,0,,217.0,84.0
14,3|2|2|1|1|1|1|1|1|1,4,princN11,0,0,,84.0,-217.0
14,3|2|2|1|1|1|1|1|1|1,4,princN14,0,0,,54.25,21.0
14,3|2|2|1|1|1|1|1|1|1,4,fakedeg,0,0,,217.0,84.0
14,3|2|1|1|1|1|1|1|1|1|1,2,princN3,1,1,0,,
14,3|2|1|1|1|1|1|1|1|1|1,2,princN11,1,1,0,,
14,3|2|1|1|1|1|1|1|1|1|1,2,princN12,1,1,0,,
14,3|2|1|1|1|1|1|1|1|1|1,2,princN14,1,1,0,,
14,3|2|1|1|1|1|1|1|1|1|1,2,fakedeg,1,1,0,,
14,3|2|1|1|1|1|1|1|1|1|1,3,princN3,0,1,,,
14,3|2|1|1|1|1|1|1|1|1|1,3,princN11,0,0,,-14.75,6.495191
14,3|2|1|1|1|1|1|1|1|1|1,3,princN12,0,1,,,
14,3|2|1|1|1|1|1|1|1|1|1,3,princN14,0,0,,-2.95,1.299038
14,3|2|1|1|1|1|1|1|1|1|1,3,fakedeg,0,0,,-14.75,6.495191
14,3|2|1|1|1|1|1|1|1|1|1,4,princN3,0,1,,,
14,3|2|1|1|1|1|1|1|1|1|1,4,princN11,0,1,,,
14,3|2|1|1|1|1|1|1|1|1|1,4,princN12,0,1,,,
14,3|2|1|1|1|1|1|1|1|1|1,4,princN14,0,1,,,
14,3|2|1|1|1|1|1|1|1|1|1,4,fakedeg,0,1,,,
14,3|1|1|1|1|1|1|1|1|1|1|1,2,princN3,0,1,,,
14,3|1|1|1|1|1|1|1|1|1|1|1,2,princN12,0,0,0,1.0,-0.0
14,3|1|1|1|1|1|1|1|1|1|1|1,2,princN13,0,0,0,1.0,-0.0
14,3|1|1|1|1|1|1|1|1|1|1|1,2,princN14,0,0,,0.125,-0.0
14,3|1|1|1|1|1|1|1|1|1|1|1,2,fakedeg,0,0,0,1.0,-0.0
14,3|1|1|1|1|1|1|1|1|1|1|1,3,princN3,0,1,,,
14,3|1|1|1|1|1|1|1|1|1|1|1,3,princN12,0,1,,,
14,3|1|1|1|1|1|1|1|1|1|1|1,3,princN13,0,1,,,
14,3|1|1|1|1|1|1|1|1|1|1|1,3,princN14,0,1,,,
14,3|1|1|1|1|1|1|1|1|1|1|1,3,fakedeg,0,1,,,
14,3|1|1|1|1|1|1|1|1|1|1|1,4,princN3,0,1,,,
14,3|1|1|1|1|1|1|1|1|1|1|1,4,princN12,0,1,,,
14,3|1|1|1|1|1|1|1|1|1|1|1,4,princN13,0,1,,,
14,3|1|1|1|1|1|1|1|1|1|1|1,4,princN14,0,1,,,
14,3|1|1|1|1|1|1|1|1|1|1|1,4,fakedeg,0,1,,,
14,2|2|2|2|2|2|2,2,princN2,0,1,,,
14,2|2|2|2|2|2|2,2,princN7,0,0,,35.0,0.0
14,2|2|2|2|2|2|2,2,princN8,0,0,,8.75,0.0
14,2|2|2|2|2|2|2,2,princN14,0,0,,0.028571,0.0
14,2|2|2|2|2|2|2,2,fakedeg,0,0,0,1.0,0.0
14,2|2|2|2|2|2|2,3,princN2,0,1,,,
14,2|2|2|2|2|2|2,3,princN7,0,0,,-3.0,36.373067
14,2|2|2|2|2|2|2,3,princN8,0,1,,,
14,2|2|2|2|2|2|2,3,princN14,0,1,,,
14,2|2|2|2|2|2|2,3,fakedeg,0,0,,-0.5,6.062178
14,2|2|2|2|2|2|2,4,princN2,0,1,,,
14,2|2|2|2|2|2|2,4,princN7,0,0,,20.0,-55.0
14,2|2|2|2|2|2|2,4,princN8,0,1,,,
14,2|2|2|2|2|2|2,4,princN14,0,0,,6.111111,2.222222
14,2|2|2|2|2|2|2,4,fakedeg,0,0,,18.333333,6.666667
14,2|2|2|2|2|2|1|1,2,princN2,0,1,,,
14,2|2|2|2|2|2|1|1,2,princN8,0,0,,8.75,-0.0
14,2|2|2|2|2|2|1|1,2,princN9,0,0,,3.5,0.0
14,2|2|2|2|2|2|1|1,2,princN14,0,0,,0.028571,0.0
14,2|2|2|2|2|2|1|1,2,fakedeg,0,0,0,1.0,0.0
14,2|2|2|2|2|2|1|1,3,princN2,0,1,,,
14,2|2|2|2|2|2|1|1,3,princN8,0,0,,83.0,-36.373067
14,2|2|2|2|2|2|1|1,3,princN9,0,1,,,
14,2|2|2|2|2|2|1|1,3,princN14,0,0,,4.15,-1.818653
14,2|2|2|2|2|2|1|1,3,fakedeg,0,0,,41.5,-18.186533
14,2|2|2|2|2|2|1|1,4,princN2,0,1,,,
14,2|2|2|2|2|2|1|1,4,princN8,0,1,,,
14,2|2|2|2|2|2|1|1,4,princN9,0,0,,-31.5,63.0
14,2|2|2|2|2|2|1|1,4,princN14,0,0,,14.0,7.0
14,2|2|2|2|2|2|1|1,4,fakedeg,0,0,,-21.0,42.0
14,2|2|2|2|2|1|1|1|1,2,princN2,0,1,,,
14,2|2|2|2|2|1|1|1|1,2,princN9,0,0,,3.5,0.0
14,2|2|2|2|2|1|1|1|1,2,princN10,0,0,,2.1,0.0
14,2|2|2|2|2|1|1|1|1,2,princN14,0,0,,0.047619,0.0
14,2|2|2|2|2|1|1|1|1,2,fakedeg,0,0,0,1.0,0.0
14,2|2|2|2|2|1|1|1|1,3,princN2,0,1,,,
14,2|2|2|2|2|1|1|1|1,3,princN9,0,1,,,
14,2|2|2|2|2|1|1|1|1,3,princN10,0,0,,4.833333,-33.774991
14,2|2|2|2|2|1|1|1|1,3,princN14,0,1,,,
14,2|2|2|2|2|1|1|1|1,3,fakedeg,0,0,,3.625,-25.331243
14,2|2|2|2|2|1|1|1|1,4,princN2,0,1,,,
14,2|2|2|2|2|1|1|1|1,4,princN9,0,0,,45.5,-70.0
14,2|2|2|2|2|1|1|1|1,4,princN10,0,0,,-70.0,-45.5
14,2|2|2|2|2|1|1|1|1,4,princN14,0,0,,-15.555556,-10.111111
14,2|2|2|2|2|1|1|1|1,4,fakedeg,0,0,,30.333333,-46.666667
14,2|2|2|2|1|1|1|1|1|1,2,princN2,0,1,,,
14,2|2|2|2|1|1|1|1|1|1,2,princN10,0,0,,2.1,-0.0
14,2|2|2|2|1|1|1|1|1|1,2,princN11,0,0,,1.4,0.0
14,2|2|2|2|1|1|1|1|1|1,2,princN14,0,0,,0.047619,0.0
14,2|2|2|2|1|1|1|1|1|1,2,fakedeg,0,0,0,1.0,0.0
14,2|2|2|2|1|1|1|1|1|1,3,princN2,0,1,,,
14,2|2|2|2|1|1|1|1|1|1,3,princN10,0,0,,-4.666667,25.980762
14,2|2|2|2|1|1|1|1|1|1,3,princN11,0,1,,,
14,2|2|2|2|1|1|1|1|1|1,3,princN14,0,1,,,
14,2|2|2|2|1|1|1|1|1|1,3,fakedeg,0,0,,-3.5,19.485572
14,2|2|2|2|1|1|1|1|1|1,4,princN2,0,1,,,
14,2|2|2|2|1|1|1|1|1|1,4,princN10,0,0,,-45.5,-49.0
14,2|2|2|2|1|1|1|1|1|1,4,princN11,0,0,,-32.666667,30.333333
14,2|2|2|2|1|1|1|1|1|1,4,princN14,0,0,,-10.111111,-10.888889
14,2|2|2|2|1|1|1|1|1|1,4,fakedeg,0,0,,-30.333333,-32.666667
14,2|2|2|1|1|1|1|1|1|1|1,2,princN2,0,1,,,
14,2|2|2|1|1|1|1|1|1|1|1,2,princN11,0,0,,1.4,0.0
14,2|2|2|1|1|1|1|1|1|1|1,2,princN12,0,0,,1.166667,0.0
14,2|2|2|1|1|1|1|1|1|1|1,2,princN14,0,0,,0.142857,0.0
14,2|2|2|1|1|1|1|1|1|1|1,2,fakedeg,0,0,0,1.0,0.0
14,2|2|2|1|1|1|1|1|1|1|1,3,princN2,0,1,,,
14,2|2|2|1|1|1|1|1|1|1|1,3,princN11,0,0,,14.5,-4.330127
14,2|2|2|1|1|1|1|1|1|1|1,3,princN12,0,1,,,
14,2|2|2|1|1|1|1|1|1|1|1,3,princN14,0,0,,2.9,-0.866025
14,2|2|2|1|1|1|1|1|1|1|1,3,fakedeg,0,0,,14.5,-4.330127
14,2|2|2|1|1|1|1|1|1|1|1,4,princN2,0,1,,,
14,2|2|2|1|1|1|1|1|1|1|1,4,princN11,0,0,,70.0,-35.0
14,2|2|2|1|1|1|1|1|1|1|1,4,princN12,0,1,,,
14,2|2|2|1|1|1|1|1|1|1|1,4,princN14,0,0,,35.0,70.0
14,2|2|2|1|1|1|1|1|1|1|1,4,fakedeg,0,0,,35.0,70.0
14,2|2|1|1|1|1|1|1|1|1|1|1,2,princN2,0,1,,,
14,2|2|1|1|1|1|1|1|1|1|1|1,2,princN12,0,0,,1.166667,-0.0
14,2|2|1|1|1|1|1|1|1|1|1|1,2,princN13,0,0,0,1.0,0.0
14,2|2|1|1|1|1|1|1|1|1|1|1,2,princN14,0,0,,0.142857,0.0
14,2|2|1|1|1|1|1|1|1|1|1|1,2,fakedeg,0,0,0,1.0,0.0
14,2|2|1|1|1|1|1|1|1|1|1|1,3,princN2,0,1,,,
14,2|2|1|1|1|1|1|1|1|1|1|1,3,princN12,0,1,,,
14,2|2|1|1|1|1|1|1|1|1|1|1,3,princN13,0,0,,5.5,-18.186533
14,2|2|1|1|1|1|1|1|1|1|1|1,3,princN14,0,1,,,
14,2|2|1|1|1|1|1|1|1|1|1|1,3,fakedeg,0,0,,5.5,-18.186533
14,2|2|1|1|1|1|1|1|1|1|1|1,4,princN2,0,1,,,
14,2|2|1|1|1|1|1|1|1|1|1|1,4,princN12,0,1,,,
14,2|2|1|1|1|1|1|1|1|1|1|1,4,princN13,0,0,,-35.0,-0.0
14,2|2|1|1|1|1|1|1|1|1|1|1,4,princN14,0,0,,-0.0,35.0
14,2|2|1|1|1|1|1|1|1|1|1|1,4,fakedeg,0,0,,-35.0,0.0
14,2|1|1|1|1|1|1|1|1|1|1|1|1,2,princN2,0,1,,,
14,2|1|1|1|1|1|1|1|1|1|1|1|1,2,princN13,0,0,0,1.0,0.0
14,2|1|1|1|1|1|1|1|1|1|1|1|1,2,princN14,0,0,0,1.0,0.0
14,2|1|1|1|1|1|1|1|1|1|1|1|1,2,fakedeg,0,0,0,1.0,0.0
14,2|1|1|1|1|1|1|1|1|1|1|1|1,3,princN2,0,1,,,
14,2|1|1|1|1|1|1|1|1|1|1|1|1,3,princN13,0,0,,-2.0,5.196152
14,2|1|1|1|1|1|1|1|1|1|1|1|1,3,princN14,0,1,,,
14,2|1|1|1|1|1|1|1|1|1|1|1|1,3,fakedeg,0,0,,-2.0,5.196152
14,2|1|1|1|1|1|1|1|1|1|1|1|1,4,princN2,0,1,,,
14,2|1|1|1|1|1|1|1|1|1|1|1|1,4,princN13,0,0,,7.0,6.0
14,2|1|1|1|1|1|1|1|1|1|1|1|1,4,princN14,0,0,,6.0,-7.0
14,2|1|1|1|1|1|1|1|1|1|1|1|1,4,fakedeg,0,0,,7.0,6.0
14,1|1|1|1|1|1|1|1|1|1|1|1|1|1,2,princN1,0,1,,,
14,1|1|1|1|1|1|1|1|1|1|1|1|1|1,2,princN14,0,0,0,1.0,0.0
14,1|1|1|1|1|1|1|1|1|1|1|1|1|1,2,princN15,0,0,0,1.0,0.0
14,1|1|1|1|1|1|1|1|1|1|1|1|1|1,2,fakedeg,0,0,0,1.0,0.0
14,1|1|1|1|1|1|1|1|1|1|1|1|1|1,3,princN1,0,1,,,
14,1|1|1|1|1|1|1|1|1|1|1|1|1|1,3,princN14,0,0,0,1.0,0.0
14,1|1|1|1|1|1|1|1|1|1|1|1|1|1,3,princN15,0,1,,,
14,1|1|1|1|1|1|1|1|1|1|1|1|1|1,3,fakedeg,0,0,0,1.0,0.0
14,1|1|1|1|1|1|1|1|1|1|1|1|1|1,4,princN1,0,1,,,
14,1|1|1|1|1|1|1|1|1|1|1|1|1|1,4,princN14,0,0,0,1.0,0.0
14,1|1|1|1|1|1|1|1|1|1|1|1|1|1,4,princN15,0,0,3,0.0,-1.0
14,1|1|1|1|1|1|1|1|1|1|1|1|1|1,4,fakedeg,0,0,0,1.0,0.0
